TimeStamp,Delta_TP9,Delta_AF7,Delta_AF8,Delta_TP10,Theta_TP9,Theta_AF7,Theta_AF8,Theta_TP10,Alpha_TP9,Alpha_AF7,Alpha_AF8,Alpha_TP10,Beta_TP9,Beta_AF7,Beta_AF8,Beta_TP10,Gamma_TP9,Gamma_AF7,Gamma_AF8,Gamma_TP10,RAW_TP9,RAW_AF7,RAW_AF8,RAW_TP10,Accelerometer_X,Accelerometer_Y,Accelerometer_Z,Gyro_X,Gyro_Y,Gyro_Z,HeadBandOn,HSI_TP9,HSI_AF7,HSI_AF8,HSI_TP10,Battery,Heart_Rate,Elements
2026-07-22 18:13:11.361,0.3508,0.5636,0.3786,0.3803,0.3732,0.2826,0.3656,0.3337,0.1327,0.0746,0.1423,0.1027,0.1082,0.0678,0.0985,0.1391,0.0351,0.0113,0.015,0.0442,3298.7912,3169.4505,3339.0842,3283.4799,0.082,-0.1519,0.9941,-1.3982,0.1047,0.7776,1,1,4,1,1,27.0,58.3,
2026-07-22 18:13:12.411,0.3504,0.5741,0.3825,0.3855,0.3799,0.2701,0.3551,0.3414,0.1258,0.0709,0.1457,0.1013,0.1059,0.0725,0.1012,0.1308,0.0381,0.0124,0.0156,0.0411,3272.6007,3321.7582,3329.011,3258.0952,0.0473,-0.2339,0.9835,-6.8712,1.8169,6.273,1,1,1,1,1,27.0,58.2,
2026-07-22 18:13:13.442,0.3483,0.5757,0.3837,0.383,0.3815,0.2598,0.3512,0.3441,0.1268,0.0639,0.1486,0.1012,0.1036,0.0864,0.1011,0.1291,0.0398,0.0143,0.0154,0.0425,3336.2637,4213.0403,3333.8462,3370.1099,0.0006,-0.2641,0.955,-1.2486,-0.9122,2.7066,1,1,4,1,1,27.0,59.0,
2026-07-22 18:13:14.442,0.3643,0.5279,0.3862,0.3734,0.3782,0.2739,0.3447,0.361,0.1217,0.088,0.1515,0.0992,0.0983,0.0943,0.1021,0.1242,0.0375,0.0159,0.0155,0.0422,3331.8315,2939.7802,3332.2344,3340.293,0.0083,-0.2863,0.9617,-0.157,0.314,0.172,1,1,4,1,1,27.0,60.5,
2026-07-22 18:13:15.460,0.3626,0.5234,0.3924,0.3677,0.376,0.2757,0.3467,0.3733,0.1248,0.0903,0.1462,0.0951,0.0984,0.0948,0.0996,0.1195,0.0382,0.0158,0.015,0.0443,3276.2271,710.3663,3347.9487,3459.9634,0.1616,-0.3997,0.8961,-16.7181,-10.976,20.4939,1,1,4,1,1,27.0,64.0,
2026-07-22 18:13:16.485,0.372,0.5713,0.383,0.3957,0.3762,0.2762,0.3454,0.3511,0.124,0.0731,0.1458,0.103,0.0958,0.0685,0.1082,0.1141,0.0321,0.0109,0.0175,0.0362,3372.5275,2459.4872,3297.9853,3386.2271,-0.1138,-0.4408,0.9029,-9.0843,-1.144,-2.2729,1,1,4,1,1,27.0,64.8,
2026-07-22 18:13:17.512,0.5212,0.6307,0.345,0.4542,0.3239,0.2485,0.3357,0.3476,0.0748,0.0642,0.1565,0.0873,0.0639,0.0503,0.1363,0.0908,0.0161,0.0063,0.0265,0.0201,3190.8059,1.6117,2641.6117,3030.4396,-0.1359,-0.3038,0.8479,56.7714,-2.8487,20.1649,1,4,4,1,2,27.0,64.8,
2026-07-22 18:13:18.513,0.5395,0.5545,0.4279,0.4582,0.2826,0.3058,0.2908,0.3186,0.1012,0.0838,0.1603,0.0925,0.0651,0.0495,0.1014,0.107,0.0115,0.0065,0.0197,0.0236,2834.6154,2570.696,3345.1282,3378.1685,-0.6661,-0.5941,0.8678,-28.4717,-41.5112,13.0994,1,4,4,2,1,27.0,64.1,
2026-07-22 18:13:19.556,0.3549,0.5389,0.6078,0.4274,0.5211,0.3143,0.212,0.3278,0.0635,0.09,0.0943,0.1,0.0524,0.0502,0.0747,0.1203,0.0082,0.0066,0.0112,0.0245,3092.4908,6601.2088,2906.7399,3390.6593,0.0798,-0.2343,0.9478,4.359,-2.3253,-28.6586,1,4,4,2,1,27.0,62.7,
2026-07-22 18:13:20.594,0.3716,0.5508,0.6315,0.4019,0.484,0.3069,0.2028,0.3306,0.0814,0.0873,0.0886,0.1145,0.0542,0.0485,0.0673,0.1296,0.0087,0.0064,0.0098,0.0233,3808.0952,1731.7949,4076.4469,3225.4579,0.1269,0.1339,1.0043,-5.7347,73.6017,96.2639,1,4,4,4,2,27.0,61.5,
2026-07-22 18:13:21.644,0.4479,0.5694,0.6342,0.3743,0.4096,0.2844,0.2089,0.3396,0.0813,0.0837,0.0828,0.1347,0.0532,0.0547,0.0646,0.1296,0.0079,0.0078,0.0096,0.0217,2882.5641,2974.0293,3533.2967,2283.8095,-0.9556,-0.1662,0.0541,-11.3722,11.7236,-16.1424,0,4,4,4,4,27.0,62.6,
2026-07-22 18:13:22.699,0.4816,0.5852,0.5693,0.1875,0.3264,0.2756,0.2786,0.4861,0.1062,0.0781,0.0797,0.193,0.0766,0.0537,0.0621,0.1227,0.0093,0.0074,0.0102,0.0107,6601.2088,3547.8022,4568.8278,1792.6374,-0.9898,-0.1522,0.0513,-5.5927,-2.1683,7.7908,0,4,4,4,4,27.0,63.4,
2026-07-22 18:13:23.712,0.5077,0.5845,0.59,0.4241,0.3288,0.2769,0.2485,0.4014,0.0782,0.0779,0.0948,0.0958,0.0769,0.0534,0.0581,0.0719,0.0084,0.0073,0.0085,0.0067,18.9377,6601.2088,2973.6264,3098.5348,-0.9697,-0.1177,0.0185,-11.0432,-13.2115,0.2916,0,4,4,4,4,27.0,45.0,
2026-07-22 18:13:24.746,0.5272,0.5681,0.5193,0.5204,0.3254,0.2754,0.2642,0.3352,0.0727,0.088,0.1392,0.0784,0.0663,0.0598,0.0698,0.0593,0.0082,0.0086,0.0075,0.0067,6122.5275,6601.2088,1.6117,5103.9194,-1.0095,-0.2442,-0.0302,1.3832,-7.3048,5.4132,0,4,4,4,4,27.0,45.0,
2026-07-22 18:13:25.813,0.591,0.532,0.456,0.5836,0.2645,0.3032,0.304,0.2923,0.0735,0.0939,0.1332,0.0739,0.0637,0.0617,0.0915,0.0449,0.0073,0.0092,0.0153,0.0053,1252.3077,1696.337,2091.2088,1825.6777,-0.2479,-0.6042,0.68,-15.3648,13.2414,-68.9586,0,4,4,4,4,27.0,45.0,
2026-07-22 18:13:26.831,0.5765,0.4987,0.4504,0.5549,0.2724,0.3263,0.3157,0.2938,0.0844,0.0998,0.1295,0.0815,0.0596,0.0657,0.091,0.0625,0.0071,0.0095,0.0135,0.0072,2578.7546,6440.4396,4001.5018,3693.2601,-0.0964,-0.8104,0.5482,-6.5422,15.1555,-2.5346,0,4,4,4,4,27.0,56.0,
2026-07-22 18:13:27.924,0.5577,0.4883,0.4972,0.5466,0.2772,0.3103,0.302,0.2915,0.0954,0.1054,0.1121,0.0891,0.0619,0.0871,0.0769,0.065,0.0078,0.0089,0.0118,0.0078,5742.1612,4435.4579,4663.9194,4990.293,-0.2772,-0.8102,0.7787,31.9783,-55.1863,78.5663,0,4,4,4,4,27.0,54.5,
2026-07-22 18:13:28.948,0.549,0.5034,0.5032,0.5451,0.2845,0.2967,0.3051,0.29,0.0953,0.1019,0.1082,0.0911,0.0628,0.0898,0.0726,0.0657,0.0084,0.0081,0.011,0.0081,2619.0476,6601.2088,2353.1136,1480.3663,0.1506,-0.0132,1.0148,-2.8262,-17.1593,-55.5302,0,4,4,4,4,27.0,52.9,
2026-07-22 18:13:30.019,0.5432,0.5001,0.5036,0.5391,0.2875,0.2996,0.3056,0.2885,0.0981,0.1034,0.1081,0.0932,0.0627,0.0896,0.0719,0.0694,0.0084,0.0073,0.0108,0.0098,2139.9634,2300.7326,2820.5128,2614.6154,0.0917,-0.1072,0.9716,-3.3571,0.815,-1.4954,0,4,4,4,4,27.0,51.8,
2026-07-22 18:13:31.013,0.5421,0.5067,0.5029,0.5665,0.2919,0.2933,0.3058,0.2691,0.0977,0.1042,0.1086,0.0871,0.0599,0.0886,0.0719,0.0669,0.0084,0.0073,0.0108,0.0104,3173.8828,2260.4396,2623.0769,2382.9304,0.2643,-0.0301,1.0074,21.0323,-46.102,5.2039,1,2,4,4,4,27.0,,
2026-07-22 18:13:32.013,0.5519,0.5046,0.4984,0.5628,0.2745,0.2882,0.3102,0.2515,0.1099,0.1046,0.108,0.0997,0.0554,0.0943,0.0724,0.0743,0.0083,0.0083,0.011,0.0117,3499.4505,3841.5385,3275.8242,3481.3187,0.343,-0.0582,0.9141,-3.4244,-1.0094,6.116,1,2,4,4,4,27.0,45.0,
2026-07-22 18:13:33.013,0.5192,0.5,0.5131,0.5165,0.2873,0.2906,0.3091,0.2712,0.1243,0.0983,0.0956,0.1128,0.0602,0.1009,0.0705,0.086,0.009,0.0103,0.0116,0.0135,3416.044,1651.2088,3314.1026,3393.4799,0.2671,-0.0882,0.9307,-3.8506,5.1366,-1.8617,1,2,4,4,2,27.0,45.0,
2026-07-22 18:13:34.053,0.4254,0.5301,0.5699,0.406,0.3618,0.258,0.304,0.3048,0.1416,0.0927,0.0763,0.1422,0.0608,0.1088,0.0447,0.1266,0.0104,0.0104,0.0051,0.0205,3256.0806,3622.3443,3307.6557,3398.315,0.2733,-0.0799,0.965,-1.2337,-0.1495,1.5103,1,1,4,1,1,27.0,45.0,
2026-07-22 18:13:35.107,0.3516,0.5435,0.6454,0.4171,0.3955,0.2343,0.2736,0.2994,0.1513,0.0895,0.0533,0.1522,0.0858,0.1217,0.0231,0.1097,0.0159,0.011,0.0047,0.0217,3372.1245,4014.7985,2714.1392,3274.2125,0.2382,-0.165,0.95,-8.0974,21.3837,23.3501,1,1,4,1,1,27.0,45.0,
2026-07-22 18:13:36.154,0.4269,0.6182,0.5598,0.4086,0.3641,0.2129,0.3206,0.319,0.129,0.064,0.0802,0.1346,0.0673,0.0923,0.0347,0.1136,0.0127,0.0127,0.0048,0.0242,1845.0183,1672.967,4220.293,3171.8681,-0.8621,0.0136,0.5609,-45.0552,57.5565,2.3701,0,4,4,4,4,27.0,45.0,
2026-07-22 18:13:37.198,0.4046,0.5518,0.517,0.305,0.3697,0.2258,0.2812,0.3756,0.1437,0.0698,0.1314,0.159,0.0712,0.1362,0.0591,0.131,0.0108,0.0165,0.0114,0.0294,3663.4432,3543.37,3262.9304,3686.8132,-0.9827,-0.132,-0.0334,-0.8972,5.4581,1.1066,0,4,4,4,4,27.0,65.0,
2026-07-22 18:13:38.242,0.427,0.464,0.6691,0.3453,0.3927,0.2682,0.1881,0.429,0.1067,0.1054,0.0914,0.1409,0.0677,0.1442,0.0452,0.0686,0.0058,0.0183,0.0063,0.0161,4088.1319,1.6117,5318.6813,3669.0842,-0.9668,-0.051,0.0082,-2.4225,-9.2114,-1.8617,0,4,4,4,4,27.0,49.1,
2026-07-22 18:13:39.252,0.5054,0.3626,0.6038,0.352,0.3479,0.3704,0.2005,0.4258,0.0853,0.1133,0.1315,0.1433,0.0568,0.1374,0.0558,0.0633,0.0046,0.0163,0.0085,0.0157,2691.5751,0.0,30.2198,4467.2894,-0.9856,-0.1303,-0.0666,-0.0822,3.8281,6.4076,0,4,4,4,4,27.0,45.0,
2026-07-22 18:13:40.343,0.3932,0.3518,0.315,0.437,0.4452,0.3244,0.3981,0.3659,0.0904,0.1512,0.2056,0.1245,0.065,0.1537,0.0669,0.0589,0.0061,0.0189,0.0144,0.0137,3978.9377,1299.0476,4810.5861,3293.1502,-1.0114,-0.1472,0.0536,-0.7402,6.9011,2.7814,0,4,4,4,4,27.0,45.0,
2026-07-22 18:13:41.556,0.4107,0.3325,0.2834,0.4392,0.4347,0.3589,0.3975,0.3523,0.0862,0.1456,0.2165,0.1316,0.0624,0.1443,0.085,0.0632,0.0061,0.0187,0.0177,0.0137,3172.674,1762.0147,3383.0037,3154.5421,-0.9717,-0.1196,-0.0351,-0.8897,-1.772,0.6206,1,4,4,4,2,27.0,45.0,
2026-07-22 18:13:42.606,0.4139,0.3278,0.2866,0.4403,0.4321,0.3762,0.3939,0.3499,0.0864,0.1399,0.2171,0.1313,0.0616,0.1368,0.0847,0.0643,0.0061,0.0193,0.0177,0.0141,2955.0916,1958.2418,3356.8132,3036.0806,-0.9796,-0.127,-0.0584,-0.6056,2.1159,-0.4935,1,2,4,2,1,27.0,50.0,
2026-07-22 18:13:44.209,0.4139,0.3232,0.2867,0.4398,0.4322,0.377,0.3937,0.3497,0.0863,0.1421,0.2171,0.132,0.0616,0.1375,0.0848,0.0644,0.006,0.0202,0.0177,0.0142,3140.0366,5808.6447,3357.619,3326.1905,-0.9784,-0.1412,-0.0179,-0.8224,-0.9421,-0.2019,1,2,4,1,1,27.0,53.1,
2026-07-22 18:13:45.418,0.4175,0.3332,0.2868,0.4493,0.4317,0.3794,0.3936,0.3469,0.0835,0.1398,0.2169,0.1269,0.0615,0.1278,0.085,0.0629,0.0059,0.0198,0.0177,0.0141,3125.9341,1826.0806,3662.2344,3169.4505,-0.9864,-0.1199,-0.0364,-1.0767,1.3982,1.9215,1,1,4,2,1,27.0,54.2,
2026-07-22 18:13:46.332,0.4099,0.3424,0.2642,0.5519,0.4431,0.3794,0.4061,0.2217,0.0798,0.1325,0.2239,0.1231,0.0605,0.1257,0.0873,0.0898,0.0067,0.02,0.0185,0.0135,3370.5128,0.0,3424.1026,3438.2051,-0.9807,-0.1376,-0.032,-0.8897,0.0972,0.4037,1,1,4,2,1,27.0,74.1,
2026-07-22 18:13:47.716,0.3878,0.3681,0.2448,0.5347,0.4662,0.3844,0.4232,0.2416,0.082,0.1191,0.2205,0.1226,0.0567,0.1058,0.092,0.0868,0.0073,0.0226,0.0195,0.0143,3542.967,4709.0476,3425.3114,3561.5018,-0.9811,-0.1477,-0.0294,-1.3458,0.2617,0.0822,1,1,4,1,1,27.0,74.8,
2026-07-22 18:13:49.716,0.5896,0.3971,0.3652,0.3364,0.256,0.4266,0.2921,0.2744,0.0902,0.0816,0.2318,0.1915,0.0531,0.0693,0.0896,0.1634,0.0111,0.0254,0.0213,0.0343,3335.0549,697.8755,3240.3663,3385.4212,-0.9762,-0.1409,-0.0394,-0.957,0.2168,0.2243,1,1,4,4,1,27.0,74.9,
2026-07-22 18:13:50.757,0.3858,0.4346,0.3641,0.2709,0.361,0.3645,0.3589,0.3495,0.1412,0.0889,0.1494,0.1962,0.0947,0.0788,0.1124,0.1489,0.0173,0.0332,0.0152,0.0345,3385.4212,4055.8974,3463.9927,3386.63,-0.9777,-0.1405,-0.0393,-1.0243,0.0374,0.2766,1,1,4,4,1,27.0,74.0,
2026-07-22 18:13:51.289,0.3383,0.4557,0.3536,0.2567,0.3728,0.338,0.3713,0.3632,0.1617,0.0893,0.1473,0.2054,0.1086,0.083,0.113,0.1441,0.0187,0.034,0.0148,0.0306,3297.5824,2231.4286,3433.7729,3401.5385,-0.9743,-0.1396,-0.0447,-0.9122,0.0374,0.1122,1,1,4,2,1,27.0,70.3,
2026-07-22 18:13:52.848,0.2961,0.4368,0.356,0.2779,0.3529,0.3608,0.3773,0.3348,0.1952,0.0663,0.1429,0.2017,0.1334,0.0924,0.1092,0.1548,0.0224,0.0438,0.0146,0.0309,3275.0183,2107.326,3380.1832,3597.3626,-0.9781,-0.1452,-0.0425,-0.9795,-0.1869,0.2916,1,2,4,1,2,27.0,68.3,
2026-07-22 18:13:53.890,0.2756,0.4279,0.3457,0.3746,0.3604,0.3212,0.3729,0.2967,0.2057,0.0701,0.1425,0.1637,0.1353,0.1211,0.1228,0.138,0.0229,0.0597,0.0162,0.027,3363.663,6601.2088,3225.0549,3397.5092,-0.9766,-0.1353,-0.049,-0.7477,0.1122,0.9047,1,1,4,1,2,27.0,66.6,
2026-07-22 18:13:54.937,0.2744,0.3762,0.3039,0.4343,0.3644,0.2861,0.3706,0.255,0.1984,0.0816,0.1483,0.1464,0.1393,0.1659,0.1539,0.1379,0.0235,0.0902,0.0233,0.0264,3366.8864,534.6886,3373.3333,3270.1832,-0.9766,-0.1434,-0.0417,-1.0393,-0.2991,0.2393,1,1,4,1,1,27.0,65.9,
2026-07-22 18:13:56.005,0.2813,0.2421,0.2854,0.4357,0.3567,0.2548,0.3726,0.251,0.1943,0.1075,0.1526,0.1472,0.1441,0.259,0.1645,0.1388,0.0235,0.1366,0.0248,0.0273,3415.2381,6405.3846,3424.9084,3447.0696,-0.9772,-0.1411,-0.0428,-1.0767,-0.0374,0.3738,1,1,4,1,1,27.0,65.2,
2026-07-22 18:13:56.549,0.2893,0.2011,0.2839,0.4333,0.3627,0.2382,0.3734,0.2618,0.1869,0.1004,0.1532,0.1547,0.1386,0.3048,0.1647,0.1253,0.0225,0.1555,0.0248,0.025,3318.9377,1655.641,3395.0916,3374.5421,-0.9762,-0.1415,-0.0421,-1.0168,0.0673,0.2617,1,1,4,1,1,27.0,64.7,
2026-07-22 18:13:58.148,0.2966,0.1896,0.2737,0.3999,0.3644,0.1953,0.3766,0.2822,0.1801,0.0954,0.1519,0.1739,0.1367,0.3419,0.1716,0.1215,0.0222,0.1778,0.0262,0.0226,3614.6886,4134.4689,3303.2234,3339.8901,-0.9755,-0.1437,-0.0465,-0.8224,0.2019,0.3439,1,1,4,1,1,27.0,64.2,
2026-07-22 18:13:59.224,0.2849,0.1662,0.1853,0.3962,0.3733,0.1738,0.3096,0.2887,0.1801,0.1034,0.1579,0.1738,0.1397,0.3746,0.2935,0.119,0.022,0.1819,0.0537,0.0224,3360.8425,1320.4029,3361.6484,3384.2125,-0.9801,-0.1443,-0.0519,-1.0468,0.0598,0.3365,1,1,4,1,1,27.0,63.7,
2026-07-22 18:14:00.304,0.2891,0.1061,0.104,0.3962,0.4084,0.1331,0.2464,0.2935,0.1596,0.1097,0.1919,0.1731,0.124,0.433,0.3831,0.1144,0.019,0.2181,0.0745,0.0229,3195.641,5900.9158,3402.7473,3307.2527,-0.9766,-0.1499,-0.0473,-0.9944,-0.0673,0.2318,1,1,4,1,1,27.0,62.6,
2026-07-22 18:14:01.380,0.2789,0.0971,0.1013,0.4056,0.4331,0.1266,0.2446,0.2932,0.1462,0.1103,0.1939,0.1608,0.1232,0.4404,0.3847,0.1178,0.0186,0.2257,0.0756,0.0227,3326.5934,295.348,3301.6117,3201.2821,-0.9756,-0.1438,-0.0441,-0.9869,0.0523,0.1122,1,1,4,1,1,27.0,61.4,
2026-07-22 18:14:01.936,0.2491,0.0853,0.2464,0.2847,0.4425,0.1155,0.33,0.355,0.1556,0.1095,0.1893,0.2044,0.133,0.4559,0.1769,0.1299,0.0198,0.2337,0.0574,0.0261,3430.5495,6601.2088,3425.7143,3381.3919,-0.9783,-0.1406,-0.046,-1.0168,-0.1271,0.2393,1,1,4,1,1,27.0,60.5,
2026-07-22 18:14:03.572,0.2867,0.0742,0.3234,0.235,0.4171,0.1096,0.3189,0.4046,0.1528,0.108,0.1732,0.2125,0.1214,0.4596,0.1543,0.1242,0.0221,0.2486,0.0302,0.0235,3353.5897,499.2308,3258.0952,3312.4908,-0.9727,-0.147,-0.0539,-0.9645,-0.1271,0.2692,1,1,4,1,1,27.0,60.1,
2026-07-22 18:14:04.675,0.2846,0.0788,0.3316,0.2316,0.4044,0.1211,0.3088,0.3989,0.1621,0.1112,0.1706,0.2205,0.1266,0.4401,0.1571,0.1292,0.0223,0.2488,0.032,0.0198,3304.0293,4233.5897,3438.2051,3262.5275,-0.9775,-0.1454,-0.0511,-1.0094,-0.2692,0.2692,1,1,4,1,1,26.9,60.0,
2026-07-22 18:14:05.783,0.2537,0.0788,0.3936,0.2487,0.3993,0.1121,0.2905,0.3748,0.1811,0.1113,0.143,0.2146,0.1442,0.4478,0.1396,0.1394,0.0217,0.2499,0.0333,0.0225,3570.3663,6601.2088,3353.1868,3380.1832,-0.9765,-0.1461,-0.0504,-0.9421,0.1122,0.2841,1,1,4,1,1,26.9,59.7,
2026-07-22 18:14:06.899,0.2878,0.0633,0.4222,0.2479,0.3512,0.0998,0.2628,0.3685,0.1697,0.104,0.1441,0.2145,0.1666,0.4719,0.1334,0.1462,0.0247,0.2609,0.0374,0.0229,3347.5458,205.0916,3246.4103,3386.2271,-0.9781,-0.1428,-0.0497,-1.1066,-0.015,0.3215,1,1,4,1,1,26.9,59.2,
2026-07-22 18:14:07.472,0.2995,0.0723,0.4326,0.25,0.3307,0.0956,0.2704,0.3729,0.1682,0.0928,0.1142,0.2064,0.1753,0.4707,0.1404,0.1473,0.0262,0.2686,0.0423,0.0235,3356.4103,3907.619,3340.696,3331.0256,-0.9695,-0.1368,-0.0544,-1.0991,-0.4112,0.6953,1,1,4,1,1,26.9,58.1,
2026-07-22 18:14:09.157,0.3002,0.0818,0.4472,0.2555,0.334,0.0971,0.2652,0.3605,0.1661,0.0864,0.1107,0.209,0.173,0.471,0.1324,0.1503,0.0266,0.2636,0.0445,0.0247,3340.293,6601.2088,3387.8388,3341.9048,-0.9733,-0.1393,-0.0588,-0.9496,-0.0,0.9122,1,1,4,1,1,26.9,57.1,
2026-07-22 18:14:10.291,0.3055,0.0988,0.4437,0.2724,0.3329,0.1127,0.27,0.3548,0.1643,0.0819,0.102,0.2043,0.1709,0.4527,0.1377,0.1433,0.0264,0.2539,0.0465,0.0253,3260.1099,3335.8608,3013.5165,3331.4286,-0.9758,-0.1539,-0.0565,-1.144,0.4561,0.1346,1,1,4,1,1,26.9,57.0,
2026-07-22 18:14:11.423,0.3025,0.1405,0.4513,0.2681,0.3389,0.1446,0.2644,0.3213,0.161,0.0814,0.1059,0.2195,0.1722,0.4122,0.1408,0.1622,0.0252,0.2213,0.0377,0.0289,3301.6117,23.7729,3270.1832,3351.5751,-0.9756,-0.148,-0.0477,-1.0168,-0.314,0.3215,1,1,4,1,1,26.9,57.4,
2026-07-22 18:14:12.566,0.3103,0.1477,0.453,0.2286,0.3412,0.1452,0.2624,0.3292,0.1518,0.0872,0.1068,0.2165,0.1715,0.4053,0.1414,0.1927,0.0252,0.2146,0.0363,0.0331,3233.9194,3016.337,3351.5751,3220.2198,-0.9761,-0.1447,-0.0569,-0.957,0.0224,0.2168,1,1,4,1,1,26.9,57.6,
2026-07-22 18:14:13.144,0.3072,0.1553,0.4228,0.2259,0.3167,0.1456,0.2587,0.3374,0.1496,0.0878,0.1156,0.2061,0.1951,0.3996,0.1622,0.1962,0.0315,0.2117,0.0407,0.0344,3419.6703,5719.5971,3606.63,3395.8974,-0.9748,-0.1475,-0.0529,-0.8823,-0.2467,0.1122,1,1,4,1,1,26.9,57.5,
2026-07-22 18:14:14.850,0.2503,0.1694,0.4489,0.2696,0.3655,0.1463,0.2754,0.3211,0.1713,0.0815,0.1062,0.1676,0.1828,0.3925,0.1377,0.2064,0.0301,0.2104,0.0318,0.0353,3331.4286,4974.9817,3351.978,3346.7399,-0.978,-0.1442,-0.0557,-0.9795,-0.1421,0.4337,1,1,4,1,1,26.9,57.1,
2026-07-22 18:14:15.990,0.2388,0.1534,0.4589,0.2825,0.3596,0.1403,0.2817,0.2983,0.1853,0.0844,0.1008,0.1646,0.1836,0.4113,0.1287,0.2182,0.0327,0.2106,0.0299,0.0364,3306.044,1231.3553,4532.1612,3396.3004,-0.9762,-0.1453,-0.0517,-1.0318,-0.2168,0.314,1,1,4,2,1,26.9,56.9,
2026-07-22 18:14:17.128,0.26,0.1454,0.4738,0.2546,0.3484,0.1377,0.3256,0.3223,0.187,0.0876,0.0909,0.1817,0.1739,0.4162,0.0928,0.2059,0.0308,0.213,0.017,0.0356,2908.3516,0.0,3233.1136,2994.1758,-0.9771,-0.1465,-0.0557,-0.8897,0.2019,0.2991,1,1,4,2,1,26.9,57.5,
2026-07-22 18:14:18.266,0.2625,0.1423,0.4797,0.2207,0.3605,0.1358,0.3268,0.3553,0.1875,0.0866,0.0932,0.2031,0.1601,0.4267,0.0859,0.1889,0.0294,0.2086,0.0144,0.0319,3272.1978,4407.6557,3451.0989,3469.6337,-0.9781,-0.1465,-0.0549,-0.9271,0.3365,0.3888,1,1,4,1,1,26.9,58.4,
2026-07-22 18:14:18.857,0.2566,0.1108,0.4941,0.2305,0.3465,0.1188,0.2989,0.3642,0.1978,0.0852,0.0867,0.195,0.168,0.4527,0.1002,0.1786,0.031,0.2325,0.0201,0.0317,3383.8095,6274.8352,3283.4799,3435.7875,-0.9756,-0.1354,-0.0418,-0.3215,-0.8748,-0.2318,1,1,4,1,1,26.9,58.7,
2026-07-22 18:14:20.557,0.256,0.1002,0.4948,0.2772,0.35,0.1135,0.2993,0.372,0.2067,0.0809,0.0863,0.1714,0.1577,0.4572,0.0992,0.1483,0.0297,0.2482,0.0204,0.0312,3267.7656,4460.0366,3289.5238,3243.9927,-0.9809,-0.1494,-0.0538,-1.1215,0.5907,0.1421,1,1,4,1,1,26.9,58.3,
2026-07-22 18:14:21.689,0.2497,0.0932,0.4982,0.2774,0.3587,0.1137,0.3009,0.3655,0.2103,0.0832,0.0864,0.1809,0.1524,0.4499,0.0957,0.1432,0.0289,0.26,0.0189,0.033,3354.7985,1871.2088,3221.4286,3296.7766,-0.9756,-0.1507,-0.0611,-1.1739,-0.1421,-0.0,1,1,4,1,1,26.9,57.4,
2026-07-22 18:14:22.830,0.2693,0.0826,0.4996,0.251,0.3547,0.1095,0.302,0.358,0.2146,0.0873,0.0863,0.2195,0.1348,0.4517,0.0937,0.1373,0.0267,0.2689,0.0184,0.0343,3177.9121,1097.9853,3478.0952,3410.4029,-0.9781,-0.1422,-0.0599,-0.957,-0.0972,0.1122,1,1,4,1,1,26.9,57.0,
2026-07-22 18:14:23.974,0.2615,0.0904,0.4837,0.2314,0.3506,0.122,0.3061,0.3595,0.2261,0.0868,0.0881,0.2358,0.1376,0.4382,0.097,0.1435,0.0242,0.2626,0.0251,0.0299,3437.3993,4822.674,3336.6667,3499.0476,-0.9803,-0.1469,-0.062,-0.9122,0.0299,0.329,1,1,4,1,1,26.9,57.0,
2026-07-22 18:14:24.568,0.2386,0.0911,0.4692,0.2241,0.3564,0.1225,0.2886,0.3566,0.2326,0.0891,0.0913,0.2529,0.1496,0.4366,0.109,0.1389,0.0228,0.2608,0.0419,0.0276,3333.8462,5240.5128,3375.348,3345.9341,-0.9742,-0.1457,-0.0539,-0.8748,0.1047,0.1196,1,1,4,1,1,26.9,58.6,
2026-07-22 18:14:26.322,0.2304,0.0808,0.45,0.2232,0.3401,0.1167,0.2699,0.3511,0.2337,0.0971,0.0926,0.2507,0.172,0.4318,0.1302,0.1467,0.0237,0.2736,0.0573,0.0284,3355.2015,5761.9048,3379.7802,3448.2784,-0.9744,-0.1476,-0.0634,-1.0767,-0.0075,0.2318,1,1,4,1,1,26.9,59.6,
2026-07-22 18:14:27.488,0.213,0.0643,0.3662,0.2214,0.3455,0.1096,0.3049,0.3422,0.2431,0.1087,0.1214,0.2609,0.1751,0.449,0.1376,0.1462,0.0233,0.2685,0.07,0.0293,3380.989,6601.2088,3345.9341,3377.3626,-0.974,-0.147,-0.0491,-1.0916,0.1421,0.4561,1,1,4,1,1,26.9,59.5,
2026-07-22 18:14:28.664,0.1677,0.0636,0.3575,0.1829,0.3518,0.1086,0.3063,0.3382,0.289,0.109,0.1241,0.2992,0.1715,0.4457,0.1405,0.1508,0.02,0.2731,0.0716,0.0288,3326.9963,4988.2784,3329.8168,3316.9231,-0.9789,-0.1479,-0.0573,-1.0318,0.0897,0.2094,1,1,4,1,1,26.9,58.2,
2026-07-22 18:14:29.837,0.1706,0.0652,0.2972,0.1725,0.3415,0.1118,0.3022,0.3424,0.2915,0.1066,0.1375,0.3008,0.1755,0.4516,0.1681,0.1576,0.0208,0.2647,0.0951,0.0268,3285.4945,778.0586,3228.2784,3264.1392,-0.9781,-0.1484,-0.0581,-1.0019,-0.0374,0.3365,1,1,4,1,1,26.9,56.7,
2026-07-22 18:14:30.437,0.1409,0.0667,0.2617,0.166,0.3399,0.1185,0.2992,0.3481,0.2944,0.1086,0.1436,0.2847,0.2002,0.4562,0.1877,0.1757,0.0246,0.25,0.1078,0.0255,3245.2015,2036.8132,3259.707,3301.6117,-0.975,-0.1486,-0.0589,-1.0168,0.015,0.2393,1,1,4,1,1,26.9,56.5,
2026-07-22 18:14:32.200,0.204,0.0676,0.2111,0.1628,0.3108,0.1138,0.2604,0.3463,0.2732,0.1132,0.1872,0.287,0.1871,0.458,0.2389,0.1785,0.025,0.2474,0.1025,0.0254,3358.4249,2410.3297,3253.663,3312.4908,-0.9745,-0.1462,-0.0615,-0.9122,-0.0822,0.7925,1,1,4,1,1,26.9,56.7,
2026-07-22 18:14:33.372,0.2143,0.0668,0.1938,0.1766,0.2848,0.1137,0.2848,0.3278,0.289,0.1108,0.2058,0.2592,0.1848,0.4588,0.2622,0.207,0.0271,0.25,0.0533,0.0294,3269.3773,940.4396,3257.2894,3338.6813,-0.9774,-0.1475,-0.0605,-0.9944,0.3365,0.0822,1,1,4,1,1,26.9,56.3,
2026-07-22 18:14:34.555,0.2181,0.0728,0.1443,0.1827,0.2894,0.1123,0.2562,0.3215,0.296,0.1046,0.2469,0.265,0.1681,0.4566,0.2959,0.1996,0.0285,0.2537,0.0567,0.0312,3261.7216,2986.1172,3206.9231,3314.9084,-0.9772,-0.1477,-0.0593,-1.144,0.2467,0.157,1,1,4,1,1,26.9,55.1,
2026-07-22 18:14:35.752,0.2178,0.0842,0.1986,0.2528,0.2891,0.1144,0.2367,0.329,0.2909,0.095,0.2144,0.2206,0.1726,0.4487,0.2697,0.172,0.0296,0.2577,0.0805,0.0256,3283.4799,618.4982,3252.4542,3254.0659,-0.9773,-0.1438,-0.0582,-0.9944,0.1645,0.2168,1,1,4,1,1,26.9,54.3,
2026-07-22 18:14:36.366,0.24,0.084,0.2042,0.2412,0.2989,0.1113,0.2513,0.3537,0.2484,0.0916,0.2085,0.2157,0.1814,0.4687,0.2574,0.1651,0.0313,0.2445,0.0786,0.0243,3174.6886,2909.1575,3300.4029,3262.1245,-0.9775,-0.149,-0.0613,-0.9496,0.0748,0.3215,1,1,4,1,1,26.9,54.2,
2026-07-22 18:14:38.154,0.2225,0.093,0.2033,0.2444,0.3047,0.1033,0.2608,0.3488,0.2606,0.096,0.2041,0.2152,0.1829,0.4708,0.2587,0.1669,0.0293,0.2368,0.0731,0.0246,3326.5934,4168.7179,3302.8205,3383.0037,-0.9772,-0.1473,-0.0626,-0.957,-0.0673,0.3589,1,1,4,1,1,26.9,54.6,
2026-07-22 18:14:39.344,0.187,0.1106,0.2264,0.2577,0.3415,0.1029,0.2702,0.3634,0.2749,0.0911,0.2026,0.2089,0.1688,0.4498,0.2328,0.1472,0.0278,0.2456,0.0681,0.0228,3316.5201,2292.2711,3250.8425,3308.8645,-0.9715,-0.1452,-0.0591,-0.9869,-0.1645,0.2168,1,1,4,1,1,26.9,55.2,
2026-07-22 18:14:40.528,0.1814,0.1162,0.3342,0.2517,0.3951,0.1077,0.2876,0.3895,0.2532,0.0937,0.1437,0.2084,0.1434,0.4354,0.1802,0.1281,0.0269,0.247,0.0543,0.0224,3288.7179,3116.2637,3263.3333,3302.4176,-0.9781,-0.146,-0.0596,-1.0617,-0.0224,0.3589,1,1,4,1,1,26.9,55.7,
2026-07-22 18:14:41.730,0.1677,0.1141,0.3282,0.2397,0.4236,0.1051,0.3205,0.4136,0.243,0.0947,0.1365,0.208,0.1404,0.4373,0.1723,0.118,0.0253,0.2488,0.0426,0.0208,3298.7912,1185.4212,3264.9451,2548.9377,-0.9741,-0.1429,-0.0585,-0.9795,0.1047,0.2168,1,1,4,1,1,26.9,55.8,
2026-07-22 18:14:42.347,0.157,0.106,0.326,0.2832,0.4242,0.1074,0.3279,0.4128,0.2579,0.1103,0.1358,0.1819,0.1391,0.4349,0.1705,0.1052,0.0217,0.2415,0.0398,0.0169,3353.9927,4482.1978,3310.4762,3451.0989,-0.9717,-0.1497,-0.0586,-1.0168,-0.0748,0.1122,1,1,4,1,1,26.9,55.7,
2026-07-22 18:14:44.167,0.1556,0.1035,0.3282,0.2795,0.4225,0.1019,0.3266,0.4245,0.2684,0.1068,0.1293,0.1833,0.1322,0.4459,0.1735,0.0971,0.0214,0.242,0.0423,0.0156,3337.4725,6601.2088,3366.8864,3347.5458,-0.9771,-0.1478,-0.0578,-1.0767,-0.0449,0.3439,1,1,4,1,1,26.9,55.6,
2026-07-22 18:14:45.391,0.1355,0.1152,0.3227,0.2832,0.4176,0.1093,0.322,0.4214,0.3098,0.1056,0.1332,0.1817,0.1193,0.4299,0.1776,0.0981,0.0178,0.2401,0.0445,0.0157,3342.7106,6601.2088,3342.7106,3302.0147,-0.9732,-0.1406,-0.0625,-1.0542,-0.4411,0.5159,1,1,4,1,1,26.9,55.3,
2026-07-22 18:14:46.622,0.1365,0.0939,0.329,0.2843,0.4317,0.1069,0.3231,0.4246,0.3017,0.0998,0.1303,0.1799,0.1123,0.4435,0.1746,0.0955,0.0178,0.2559,0.0429,0.0156,3393.0769,5843.2967,3392.674,3367.2894,-0.9738,-0.1446,-0.0607,-0.8524,0.0224,-0.0224,1,1,4,1,1,26.9,54.1,
2026-07-22 18:14:47.863,0.103,0.0724,0.2898,0.2891,0.4149,0.1014,0.3341,0.4176,0.3374,0.0991,0.1334,0.1781,0.1259,0.468,0.1992,0.099,0.0188,0.2591,0.0435,0.0162,3370.1099,1225.3114,3293.5531,3414.4322,-0.9766,-0.1469,-0.0627,-0.9496,0.0449,0.1271,1,1,4,1,1,26.9,52.9,
2026-07-22 18:14:48.497,0.0957,0.0673,0.1895,0.2936,0.4283,0.0978,0.303,0.41,0.3376,0.0964,0.1842,0.1775,0.1212,0.4617,0.2583,0.1028,0.0172,0.2768,0.065,0.016,3294.7619,1105.641,3283.0769,3295.1648,-0.972,-0.1447,-0.0571,-0.957,-0.3589,0.4037,1,1,4,1,1,26.9,52.9,
2026-07-22 18:14:50.360,0.1048,0.0733,0.1712,0.3026,0.4202,0.1083,0.2864,0.398,0.3409,0.0881,0.1856,0.1731,0.1171,0.4525,0.2802,0.1094,0.017,0.2778,0.0765,0.0169,3262.9304,5738.9377,3345.1282,3235.5311,-0.9743,-0.1453,-0.0609,-1.0019,-0.3888,0.3065,1,1,4,1,1,26.9,53.5,
2026-07-22 18:14:51.598,0.0989,0.0848,0.3767,0.1546,0.3993,0.108,0.3536,0.4264,0.3517,0.0813,0.1311,0.2452,0.1331,0.4416,0.1147,0.1523,0.017,0.2842,0.0238,0.0215,3299.1941,6601.2088,3360.4396,3260.1099,-0.975,-0.1487,-0.0604,-0.957,-0.2019,0.2393,1,1,4,1,1,26.9,53.6,
2026-07-22 18:14:52.834,0.0953,0.0714,0.3778,0.1437,0.4075,0.1035,0.3548,0.4195,0.3266,0.0855,0.1296,0.2332,0.1514,0.4447,0.1152,0.1793,0.0193,0.295,0.0226,0.0243,3410.8059,2458.6813,3356.8132,3423.6996,-0.9746,-0.1495,-0.0577,-0.9645,-0.1047,0.2243,1,1,4,1,1,26.9,53.6,
2026-07-22 18:14:54.071,0.1063,0.0605,0.3771,0.1311,0.3895,0.0951,0.3546,0.4196,0.3121,0.0932,0.1298,0.242,0.1694,0.4486,0.1159,0.182,0.0227,0.3026,0.0226,0.0253,3313.2967,0.0,3316.9231,3370.9158,-0.9766,-0.1467,-0.0649,-1.0243,-0.2617,0.172,1,1,4,1,1,26.9,54.2,
2026-07-22 18:14:54.704,0.125,0.0669,0.3774,0.1026,0.4112,0.1001,0.3539,0.4253,0.2939,0.0981,0.1299,0.2703,0.152,0.4434,0.1153,0.1774,0.0179,0.2915,0.0235,0.0244,3257.2894,2028.3516,3222.6374,3206.9231,-0.9758,-0.1478,-0.0632,-1.0991,-0.0748,0.0822,1,1,4,1,1,26.9,54.9,
2026-07-22 18:14:56.581,0.1523,0.073,0.3806,0.1146,0.3903,0.1045,0.3486,0.4204,0.2953,0.0956,0.1293,0.2572,0.1457,0.4467,0.1174,0.1877,0.0164,0.2802,0.0241,0.0201,3312.8938,6286.9231,3371.7216,3334.2491,-0.9756,-0.1478,-0.0649,-0.8598,-0.0598,0.7402,1,1,4,1,1,26.8,54.7,
2026-07-22 18:14:57.837,0.1477,0.0716,0.3825,0.1237,0.386,0.1002,0.3486,0.4317,0.3007,0.1032,0.1263,0.2477,0.1484,0.4509,0.1181,0.1795,0.0172,0.274,0.0245,0.0175,3385.8242,2759.6703,3370.9158,3374.1392,-0.9776,-0.15,-0.0651,-0.9645,-0.0598,0.2019,1,1,4,1,1,26.8,54.2,
2026-07-22 18:14:59.095,0.1548,0.0537,0.3539,0.1209,0.3897,0.0915,0.3278,0.4554,0.2916,0.1053,0.1298,0.2452,0.1444,0.4688,0.1521,0.1606,0.0195,0.2807,0.0365,0.0179,3177.9121,0.0,3216.9963,3186.3736,-0.9767,-0.1461,-0.0673,-0.9944,-0.1346,0.486,1,1,4,1,1,26.8,53.9,
2026-07-22 18:15:00.355,0.1698,0.0533,0.1862,0.1372,0.3775,0.0874,0.245,0.4302,0.2886,0.1045,0.1627,0.2517,0.143,0.4732,0.3128,0.1592,0.0211,0.2816,0.0932,0.0218,3375.7509,5826.3736,3317.7289,3344.3223,-0.9757,-0.1474,-0.0637,-0.9421,0.0224,0.2841,1,1,4,1,1,26.8,54.1,
2026-07-22 18:15:00.996,0.1708,0.0584,0.1903,0.16,0.38,0.0929,0.2486,0.4221,0.2847,0.1049,0.1761,0.2441,0.1422,0.4703,0.2958,0.1523,0.0223,0.2734,0.0892,0.0216,3412.0147,6018.9744,3412.8205,3376.5568,-0.9739,-0.1481,-0.0609,-1.0019,-0.2318,0.1495,1,1,4,1,1,26.8,54.5,
2026-07-22 18:15:02.902,0.1788,0.0564,0.1866,0.1766,0.3534,0.0978,0.2303,0.4011,0.2835,0.1067,0.1839,0.2387,0.1585,0.4633,0.3063,0.1603,0.0257,0.2758,0.0929,0.0232,3286.7033,483.1136,3326.5934,3267.7656,-0.977,-0.1467,-0.0624,-1.0767,0.015,0.1495,1,1,4,1,1,26.8,55.0,
2026-07-22 18:15:04.167,0.1147,0.0547,0.1463,0.157,0.332,0.0895,0.2523,0.4197,0.3256,0.098,0.1938,0.2493,0.1911,0.4817,0.3107,0.15,0.0366,0.276,0.0969,0.024,3243.9927,2760.8791,3261.3187,3258.9011,-0.976,-0.1492,-0.0621,-1.1514,0.0972,0.1794,1,1,4,1,1,26.8,55.4,
2026-07-22 18:15:05.433,0.1295,0.0517,0.1238,0.1378,0.324,0.0898,0.3105,0.446,0.3056,0.0965,0.1787,0.2583,0.2022,0.4809,0.2953,0.1316,0.0388,0.2811,0.0916,0.0264,3328.2051,6601.2088,3377.7656,3350.7692,-0.9722,-0.1464,-0.0611,-1.0468,-0.4112,0.1271,1,1,4,1,1,26.8,55.4,
2026-07-22 18:15:06.702,0.1165,0.0557,0.1449,0.1489,0.3157,0.0921,0.3048,0.4255,0.3162,0.0966,0.1708,0.2712,0.2075,0.483,0.2863,0.1277,0.0441,0.2725,0.0932,0.0267,3289.1209,0.0,3247.619,3343.9194,-0.9749,-0.1423,-0.0642,-0.9869,-0.0598,0.4112,1,1,4,1,1,26.8,54.7,
2026-07-22 18:15:07.358,0.1086,0.0552,0.1462,0.1467,0.3237,0.0954,0.3131,0.4236,0.2948,0.0952,0.1647,0.2706,0.2251,0.4825,0.2818,0.132,0.0478,0.2716,0.0943,0.0271,3293.1502,5171.6117,3308.8645,3297.1795,-0.9742,-0.1465,-0.06,-0.9645,-0.3215,0.2916,1,1,4,1,1,26.8,53.9,
2026-07-22 18:15:09.278,0.1144,0.0645,0.1417,0.124,0.3141,0.097,0.2987,0.4353,0.2815,0.0887,0.1703,0.2759,0.2405,0.4644,0.2778,0.137,0.0496,0.2854,0.1115,0.0278,3368.9011,3354.7985,3352.7839,3374.5421,-0.9733,-0.1472,-0.0601,-0.9196,-0.0374,0.157,1,1,4,1,1,26.8,53.5,
2026-07-22 18:15:10.558,0.14,0.075,0.2313,0.2764,0.2858,0.0912,0.2929,0.3781,0.2693,0.0781,0.1283,0.1854,0.256,0.4588,0.251,0.1361,0.049,0.2969,0.0966,0.024,3246.4103,909.8168,3303.2234,3301.2088,-0.9741,-0.1458,-0.0659,-1.0243,-0.0822,0.1645,1,1,4,1,2,26.8,53.7,
2026-07-22 18:15:11.834,0.1546,0.0897,0.2877,0.3349,0.2933,0.0997,0.2982,0.3622,0.2513,0.0776,0.1156,0.1531,0.2502,0.4428,0.2166,0.1277,0.0506,0.2902,0.0818,0.0221,3414.4322,6601.2088,3324.5788,3429.7436,-0.9741,-0.1389,-0.0651,-1.0692,-0.2991,0.4187,1,1,4,1,1,26.8,54.0,
2026-07-22 18:15:13.090,0.1232,0.1029,0.2953,0.3365,0.3085,0.0992,0.2843,0.3591,0.2974,0.0781,0.1209,0.1536,0.2287,0.4373,0.2141,0.1285,0.0422,0.2825,0.0854,0.0222,3295.9707,2266.4835,3297.5824,3356.4103,-0.972,-0.1481,-0.0596,-1.1066,-0.2019,0.0374,1,1,4,1,1,26.8,54.2,
2026-07-22 18:15:13.726,0.2014,0.1035,0.2912,0.3396,0.2959,0.0982,0.3261,0.3562,0.2649,0.0789,0.1642,0.1499,0.2098,0.4337,0.1655,0.132,0.0281,0.2857,0.0531,0.0223,3345.1282,1299.0476,3067.1062,3383.8095,-0.9734,-0.1475,-0.0624,-1.0094,-0.0374,0.2094,1,1,4,1,1,26.8,54.6,
2026-07-22 18:15:15.612,0.2987,0.1075,0.3863,0.3425,0.3399,0.102,0.3407,0.3541,0.1845,0.0788,0.1235,0.1481,0.1532,0.4204,0.1217,0.1328,0.0237,0.2913,0.0278,0.0226,3325.3846,6601.2088,4226.7399,3318.9377,-0.9782,-0.126,-0.0813,-0.5383,0.9421,0.5159,1,1,4,2,1,26.8,55.6,
2026-07-22 18:15:16.865,0.3148,0.1211,0.2048,0.3429,0.4084,0.1164,0.2598,0.3546,0.1587,0.0772,0.3135,0.147,0.1025,0.4074,0.1929,0.133,0.0156,0.2778,0.029,0.0225,3138.4249,6440.0366,3368.9011,3202.4908,-0.9733,-0.1565,-0.0835,-0.9496,-0.5159,0.0822,1,4,4,4,2,26.8,57.5,
2026-07-22 18:15:18.127,0.5527,0.1741,0.209,0.3197,0.3343,0.1408,0.2636,0.3467,0.072,0.081,0.3065,0.1637,0.0331,0.3634,0.1916,0.1441,0.008,0.2407,0.0294,0.0259,3372.5275,58.022,3178.7179,3352.381,-0.9769,-0.1439,-0.0592,-1.8169,-0.5981,0.0897,1,4,4,1,2,26.8,58.7,
2026-07-22 18:15:19.387,0.5825,0.1693,0.2099,0.2791,0.307,0.148,0.2649,0.3135,0.0607,0.122,0.3045,0.1859,0.0387,0.346,0.1909,0.1755,0.0111,0.2148,0.0298,0.046,3386.2271,4636.1172,3358.8278,3385.8242,-0.9705,-0.1464,-0.061,-1.2785,0.2393,0.0299,1,1,4,1,1,26.8,58.3,
2026-07-22 18:15:20.006,0.5798,0.2081,0.2105,0.2735,0.3122,0.1921,0.2655,0.3131,0.0579,0.1435,0.3036,0.1925,0.039,0.2869,0.1906,0.1731,0.0112,0.1694,0.0298,0.0479,3432.5641,5407.7289,3316.1172,3348.7546,-0.9698,-0.1442,-0.0379,-1.1589,-0.4187,0.643,1,1,4,1,1,26.8,58.1,
2026-07-22 18:15:21.837,0.5827,0.2241,0.2106,0.2735,0.3142,0.2019,0.2656,0.3112,0.054,0.1454,0.3035,0.1928,0.0378,0.2715,0.1905,0.1729,0.0113,0.1571,0.0298,0.0495,3405.5678,6051.6117,3351.1722,3394.6886,-0.9724,-0.1526,-0.0491,-0.7925,-0.5533,-0.2991,1,1,4,1,1,26.8,55.5,
2026-07-22 18:15:23.082,0.5928,0.2318,0.2078,0.2734,0.3121,0.2067,0.2637,0.3091,0.0507,0.1486,0.3061,0.1942,0.0333,0.261,0.1924,0.1738,0.0111,0.152,0.03,0.0496,3329.8168,844.1392,3287.5092,3395.4945,-0.9758,-0.1318,-0.0411,-0.9645,-0.5832,0.3813,1,1,4,1,1,26.8,65.7,
2026-07-22 18:15:24.363,0.595,0.2252,0.2,0.2707,0.3111,0.2033,0.2616,0.3089,0.0498,0.1518,0.3124,0.1968,0.0331,0.2672,0.1953,0.1738,0.011,0.1524,0.0308,0.0498,3262.1245,3583.2601,3311.2821,3305.641,-0.9802,-0.1483,-0.0463,-1.1215,0.2692,0.0598,1,1,4,1,1,26.8,66.8,
2026-07-22 18:15:25.660,0.637,0.1902,0.302,0.2647,0.2521,0.1904,0.3548,0.2817,0.0348,0.1669,0.1314,0.2054,0.057,0.2867,0.1583,0.1791,0.0191,0.1657,0.0535,0.0691,3394.6886,6601.2088,3376.9597,3378.5714,-0.9756,-0.1403,-0.048,-0.9645,-0.2991,0.0972,1,1,4,1,1,26.8,66.3,
2026-07-22 18:15:26.343,0.3405,0.1982,0.3626,0.2536,0.3851,0.1971,0.3987,0.3787,0.1295,0.1627,0.128,0.2006,0.1238,0.2828,0.0901,0.1301,0.0211,0.1592,0.0207,0.0369,3273.0037,2214.9084,3285.4945,3295.9707,-0.9756,-0.1473,-0.0425,-1.0468,-0.2467,0.3215,1,1,4,1,1,26.8,64.8,
2026-07-22 18:15:28.323,0.2773,0.1487,0.3501,0.2561,0.3706,0.1503,0.4058,0.3968,0.1822,0.1292,0.1376,0.187,0.1468,0.3573,0.0868,0.1334,0.0232,0.2144,0.0197,0.0267,3337.8755,3312.4908,3381.3919,3335.0549,-0.9753,-0.1418,-0.0463,-0.9795,0.0598,0.3514,1,1,4,1,1,26.8,63.2,
2026-07-22 18:15:29.663,0.2627,0.1065,0.3475,0.233,0.3711,0.1592,0.4041,0.4012,0.1911,0.1226,0.1393,0.1954,0.1523,0.3737,0.0898,0.1421,0.0228,0.238,0.0194,0.0284,3383.0037,5296.5201,3308.4615,3341.9048,-0.9771,-0.1477,-0.0482,-1.0468,0.1047,0.2094,1,1,4,1,1,26.8,60.6,
2026-07-22 18:15:30.984,0.2559,0.0953,0.3502,0.2116,0.3674,0.1537,0.3966,0.3971,0.2015,0.1263,0.1421,0.2144,0.1556,0.38,0.0916,0.1486,0.0196,0.2447,0.0195,0.0283,3320.5495,1444.1026,3298.7912,3270.989,-0.9741,-0.1431,-0.04,-1.0692,-0.1645,0.2542,1,1,4,1,1,26.8,59.2,
2026-07-22 18:15:32.304,0.2557,0.0966,0.3843,0.2267,0.3742,0.154,0.3926,0.4032,0.2167,0.128,0.1303,0.208,0.1359,0.3777,0.0766,0.1363,0.0175,0.2437,0.0161,0.0258,3299.1941,6601.2088,3366.4835,3315.3114,-0.9754,-0.1443,-0.0428,-1.0318,-0.2243,0.1869,1,1,4,1,1,26.8,58.3,
2026-07-22 18:15:33.632,0.2518,0.1195,0.3831,0.2272,0.3698,0.1677,0.3882,0.4017,0.2258,0.1257,0.1321,0.2037,0.1352,0.3605,0.0802,0.1412,0.0174,0.2266,0.0164,0.0262,3273.0037,0.0,3285.8974,3326.5934,-0.9744,-0.1462,-0.0441,-0.9271,-0.0523,0.0224,1,1,4,1,1,26.8,58.7,
2026-07-22 18:15:34.307,0.227,0.1226,0.3635,0.1226,0.3574,0.1688,0.3413,0.3488,0.2345,0.1235,0.1142,0.2513,0.1544,0.3487,0.144,0.233,0.0267,0.2364,0.0371,0.0443,3432.5641,6009.304,3364.8718,3348.3516,-0.9755,-0.1461,-0.0493,-1.0243,0.0598,0.1645,1,1,4,1,1,26.8,59.0,
2026-07-22 18:15:36.299,0.2158,0.1167,0.369,0.1228,0.3636,0.1662,0.3411,0.35,0.2456,0.1181,0.1151,0.2589,0.1479,0.3561,0.1444,0.2272,0.0271,0.2429,0.0305,0.0411,3285.0916,3839.1209,3260.9158,3318.1319,-0.9762,-0.145,-0.0428,-0.9869,-0.1196,0.2393,1,1,4,1,1,26.8,58.3,
2026-07-22 18:15:37.645,0.2213,0.1007,0.375,0.1248,0.3382,0.1352,0.3417,0.3646,0.2666,0.1182,0.115,0.2598,0.146,0.3811,0.1378,0.2185,0.028,0.2646,0.0305,0.0323,3361.6484,0.0,3273.0037,3349.9634,-0.9755,-0.1498,-0.0408,-0.9944,-0.1645,0.2766,1,1,4,1,1,26.8,56.0,
2026-07-22 18:15:38.983,0.235,0.1002,0.3836,0.1443,0.3212,0.1236,0.3363,0.3701,0.27,0.1124,0.1147,0.2517,0.1424,0.388,0.137,0.204,0.0314,0.2757,0.0283,0.0299,3371.3187,6001.2454,3367.6923,3344.3223,-0.9738,-0.1412,-0.043,-1.0168,-0.3888,0.2168,1,1,4,1,1,26.8,55.3,
2026-07-22 18:15:40.315,0.1185,0.0937,0.1894,0.0911,0.3158,0.1174,0.2225,0.3482,0.3044,0.1062,0.1861,0.2768,0.2119,0.3991,0.3288,0.2461,0.0494,0.2838,0.0731,0.0378,3246.0073,1954.6154,3275.0183,3308.0586,-0.9753,-0.1423,-0.0509,-0.9421,-0.4935,0.486,1,1,4,1,1,26.8,55.4,
2026-07-22 18:15:41.013,0.1285,0.0711,0.1945,0.0968,0.3197,0.1063,0.2352,0.3484,0.267,0.1039,0.1708,0.2702,0.2292,0.4135,0.3207,0.2474,0.0555,0.3052,0.0789,0.0372,3386.2271,1238.6081,3334.652,3376.5568,-0.9783,-0.1452,-0.0487,-0.9944,0.0224,0.2991,1,1,4,1,1,26.8,55.9,
2026-07-22 18:15:43.013,0.1321,0.0628,0.2166,0.1038,0.3087,0.1077,0.2269,0.3637,0.2746,0.1123,0.1719,0.2682,0.2337,0.4208,0.2939,0.2266,0.0509,0.2963,0.0907,0.0376,3380.1832,6601.2088,3356.0073,3356.8132,-0.9777,-0.1495,-0.0431,-0.8673,-0.4785,0.3664,1,1,4,1,1,26.8,55.8,
2026-07-22 18:15:44.354,0.1475,0.0583,0.2191,0.1139,0.2999,0.1062,0.2372,0.3627,0.2853,0.1248,0.1686,0.2619,0.2214,0.4161,0.278,0.2191,0.0459,0.2946,0.097,0.0423,3255.2747,520.5861,3249.6337,3303.2234,-0.9713,-0.1423,-0.0469,-0.9645,-0.2168,-0.0299,1,1,4,1,1,26.8,55.2,
2026-07-22 18:15:45.687,0.1453,0.0549,0.2267,0.1112,0.3044,0.0966,0.2597,0.3909,0.3021,0.1297,0.1654,0.2535,0.2027,0.4068,0.2575,0.2042,0.0454,0.3119,0.0908,0.0403,3339.0842,1474.3223,3347.9487,3293.956,-0.9765,-0.1437,-0.0469,-0.972,-0.3813,0.1196,1,1,4,1,1,26.8,54.9,
2026-07-22 18:15:47.020,0.1968,0.0536,0.2074,0.0754,0.3097,0.1024,0.2854,0.4057,0.2645,0.1292,0.1517,0.2729,0.1861,0.4129,0.2582,0.2015,0.043,0.302,0.0973,0.0445,3308.8645,6330.0366,3358.022,3304.8352,-0.9769,-0.1448,-0.0501,-1.0468,-0.0523,0.1645,1,1,4,1,1,26.8,55.4,
2026-07-22 18:15:48.369,0.1811,0.0554,0.1971,0.073,0.3074,0.1076,0.3011,0.404,0.2628,0.1404,0.155,0.2592,0.2084,0.3995,0.2563,0.2235,0.0403,0.297,0.0906,0.0403,3306.8498,672.8938,3268.5714,3354.7985,-0.9732,-0.1476,-0.0447,-1.0094,-0.0897,0.157,1,1,4,1,1,26.8,55.9,
2026-07-22 18:15:49.707,0.183,0.0505,0.192,0.0678,0.3116,0.1021,0.2802,0.4103,0.2578,0.1461,0.1854,0.2665,0.2066,0.3992,0.2538,0.2158,0.0411,0.3021,0.0886,0.0396,3393.8828,2994.1758,3346.337,3360.0366,-0.9789,-0.1449,-0.049,-0.9346,0.0075,0.2692,1,1,4,1,1,26.8,55.6,
2026-07-22 18:15:51.046,0.1663,0.0498,0.19,0.0627,0.3368,0.0965,0.282,0.4204,0.2561,0.1406,0.2015,0.2827,0.1984,0.4134,0.2486,0.1963,0.0425,0.2998,0.0778,0.038,3324.5788,6485.1648,3365.2747,3366.0806,-0.9729,-0.144,-0.0475,-1.0019,-0.0822,0.314,1,1,4,1,1,26.7,55.2,
2026-07-22 18:15:52.379,0.1492,0.0512,0.2051,0.0511,0.3489,0.0932,0.2638,0.4332,0.2745,0.1366,0.1975,0.291,0.1857,0.4073,0.2548,0.1897,0.0417,0.3118,0.0787,0.0349,3343.9194,170.0366,3258.9011,3342.7106,-0.9735,-0.1425,-0.0508,-0.9795,-0.1421,0.2617,1,1,4,1,1,26.7,55.1,
2026-07-22 18:15:53.722,0.1419,0.0528,0.2173,0.0597,0.3754,0.1044,0.2619,0.4333,0.2521,0.1411,0.1953,0.2874,0.1935,0.4183,0.2512,0.1869,0.0371,0.2834,0.0743,0.0328,3405.5678,4743.2967,3358.022,3409.1941,-0.9756,-0.1456,-0.0482,-0.972,-0.2766,0.1495,1,1,4,1,1,26.7,55.1,
2026-07-22 18:15:54.407,0.0988,0.0593,0.2304,0.0543,0.3841,0.1028,0.2772,0.4648,0.2801,0.146,0.1944,0.2786,0.2,0.4114,0.2284,0.1722,0.0369,0.2805,0.0695,0.0301,3219.8168,2344.2491,3272.1978,3306.8498,-0.9808,-0.1508,-0.0515,-1.0542,0.4187,0.157,1,1,4,1,1,26.7,55.4,
2026-07-22 18:15:56.434,0.0898,0.0623,0.2426,0.0634,0.3853,0.1068,0.2743,0.4563,0.3189,0.1445,0.1784,0.3046,0.1717,0.4166,0.2325,0.1482,0.0342,0.2698,0.0722,0.0276,3286.7033,0.0,3284.2857,3331.8315,-0.9757,-0.145,-0.0436,-1.1215,-0.1794,0.0673,1,1,4,1,1,26.7,56.0,
2026-07-22 18:15:57.778,0.088,0.066,0.2418,0.0675,0.3856,0.108,0.3004,0.4761,0.3126,0.1386,0.1522,0.2792,0.1809,0.4126,0.2332,0.1528,0.0329,0.2749,0.0724,0.0244,3391.8681,3686.0073,3365.6777,3367.2894,-0.9824,-0.1479,-0.05,-1.2337,0.1645,0.3738,1,1,4,1,1,26.7,55.8,
2026-07-22 18:15:59.140,0.0855,0.0632,0.2102,0.0708,0.3821,0.1033,0.3088,0.4668,0.3183,0.143,0.1515,0.2958,0.1828,0.3997,0.2502,0.1443,0.0314,0.2908,0.0793,0.0223,3339.4872,6601.2088,3346.337,3318.9377,-0.9781,-0.1429,-0.0546,-1.0841,0.5309,0.2916,1,1,4,1,1,26.7,55.1,
2026-07-22 18:16:00.491,0.0738,0.0655,0.1815,0.0791,0.3853,0.1067,0.3348,0.4607,0.3108,0.145,0.1775,0.3052,0.1956,0.3981,0.2362,0.1313,0.0345,0.2848,0.0699,0.0237,3234.3223,2630.3297,3297.5824,3239.5604,-0.984,-0.1561,-0.0566,-1.1888,-0.2019,0.6206,1,1,4,1,1,26.7,54.9,
2026-07-22 18:16:02.679,0.0838,0.0763,0.1767,0.085,0.3532,0.1094,0.3367,0.4393,0.3412,0.1309,0.1774,0.3165,0.1838,0.3902,0.2397,0.1328,0.038,0.2931,0.0695,0.0264,3253.2601,1190.2564,3308.4615,3170.2564,-0.9764,-0.1489,-0.0447,-0.9496,-0.0822,0.2393,1,1,4,1,1,26.7,55.2,
2026-07-22 18:16:09.245,0.0861,0.0695,0.1889,0.0961,0.305,0.1169,0.2864,0.3764,0.3484,0.1095,0.2107,0.3385,0.2092,0.4294,0.2394,0.1513,0.0513,0.2748,0.0747,0.0377,3310.8791,6284.5055,3318.5348,3323.37,-0.973,-0.1456,-0.0473,-1.0617,0.2393,0.2617,1,1,4,1,1,26.7,59.0,
2026-07-22 18:16:25.160,0.1063,0.0771,0.204,0.1077,0.3235,0.1648,0.2737,0.4236,0.326,0.1607,0.1908,0.2584,0.2008,0.3827,0.2546,0.1711,0.0435,0.2147,0.0768,0.0391,3289.5238,0.0,3274.6154,3362.4542,-0.9717,-0.1431,-0.0473,-0.9421,-0.1346,0.4037,1,1,4,1,1,26.7,54.8,
2026-07-22 18:16:29.257,0.0849,0.0763,0.1906,0.1047,0.3551,0.1632,0.2597,0.419,0.3504,0.1786,0.202,0.2683,0.1778,0.3577,0.2768,0.1767,0.0318,0.2243,0.0708,0.0313,3338.2784,0.0,3275.0183,3304.8352,-0.9779,-0.1476,-0.0515,-1.0617,-0.329,0.3738,1,1,4,1,1,26.7,50.7,
2026-07-22 18:16:37.386,0.0832,0.076,0.1916,0.104,0.3586,0.1629,0.2629,0.4178,0.3592,0.1794,0.2029,0.2679,0.1689,0.3568,0.2713,0.1791,0.0301,0.2248,0.0714,0.0311,3410.8059,4184.4322,3349.5604,3390.2564,-0.9745,-0.1438,-0.0477,-1.0094,-0.0075,0.1346,1,1,4,1,1,26.7,52.2,
2026-07-22 18:16:53.355,0.0675,0.1559,0.1784,0.1537,0.3657,0.236,0.2347,0.3729,0.3588,0.1904,0.2096,0.239,0.1806,0.2604,0.2997,0.2082,0.0275,0.1573,0.0776,0.0262,3369.304,6601.2088,3362.8571,3364.0659,-0.9702,-0.1477,-0.0477,-1.0318,-0.1645,0.1794,1,1,4,1,1,26.6,51.3,
2026-07-22 18:16:57.412,0.0669,0.1555,0.1717,0.1544,0.3654,0.2354,0.2391,0.3718,0.3612,0.1892,0.2092,0.2373,0.1792,0.2628,0.3029,0.2102,0.0273,0.1572,0.0771,0.0263,3247.2161,1020.6227,3269.7802,3327.8022,-0.9738,-0.1373,-0.0461,-1.0468,-0.4187,0.2318,1,1,4,1,1,26.6,49.0,
2026-07-22 18:17:05.586,0.1089,0.0573,0.202,0.1108,0.3054,0.1027,0.3168,0.3458,0.3087,0.1303,0.1674,0.3314,0.2485,0.4031,0.2413,0.1894,0.0284,0.3067,0.0725,0.0226,3341.9048,5738.9377,3395.0916,3363.663,-0.9709,-0.1451,-0.0508,-1.0243,-0.1869,0.2766,1,1,4,1,1,26.6,55.0,
2026-07-22 18:17:25.708,0.1056,0.1476,0.2103,0.1001,0.3388,0.2356,0.3165,0.3807,0.2994,0.1665,0.1839,0.3481,0.2271,0.2604,0.2254,0.1484,0.0291,0.1899,0.064,0.0227,3331.0256,0.0,3380.989,3415.2381,-0.9718,-0.1444,-0.0468,-0.8224,0.0598,0.658,1,1,4,1,1,26.6,53.9,
2026-07-22 18:17:33.880,0.1403,0.1529,0.2278,0.1533,0.3785,0.2441,0.2647,0.365,0.2314,0.1686,0.1873,0.2335,0.2132,0.2505,0.2563,0.2143,0.0366,0.1839,0.0638,0.0338,3362.8571,6601.2088,3380.1832,3373.3333,-0.9796,-0.1454,-0.0464,-1.0318,0.0224,0.2467,1,1,4,1,1,26.6,55.7,
2026-07-22 18:17:54.103,0.1049,0.1322,0.1787,0.0997,0.3253,0.2014,0.2934,0.3732,0.2939,0.1932,0.191,0.2685,0.2462,0.2901,0.2642,0.2282,0.0297,0.183,0.0727,0.0304,3254.8718,1016.9963,3250.8425,3286.3004,-0.9756,-0.1456,-0.0485,-0.9795,-0.1271,0.1495,1,1,4,1,1,26.5,49.9,
2026-07-22 18:18:13.589,0.3151,0.1943,0.2267,0.101,0.3224,0.2488,0.3154,0.3658,0.1946,0.1809,0.1808,0.2841,0.1476,0.2448,0.2095,0.2165,0.0204,0.1312,0.0675,0.0325,3305.641,842.5275,3349.9634,3335.0549,-0.9777,-0.1003,-0.0804,-1.0767,-0.2168,0.2243,1,1,4,1,1,26.5,48.7,
2026-07-22 18:18:37.822,0.4028,0.2302,0.2853,0.1488,0.3177,0.2962,0.2965,0.3721,0.1516,0.1818,0.1593,0.2078,0.1058,0.1929,0.2055,0.2362,0.0221,0.099,0.0534,0.0351,3400.7326,2408.315,3349.1575,3385.4212,-0.976,-0.1132,-0.088,-1.0168,-0.1645,0.2841,1,1,4,1,1,26.4,55.3,
2026-07-22 18:18:41.932,0.5219,0.0476,0.2861,0.1188,0.2354,0.1168,0.227,0.339,0.1199,0.1509,0.1661,0.2793,0.1054,0.4163,0.2574,0.2148,0.0175,0.2683,0.0633,0.0481,3281.4652,6601.2088,3324.1758,3262.9304,-0.9762,-0.1145,-0.0877,-0.9496,0.0598,0.157,1,1,4,1,1,26.4,55.4,
2026-07-22 18:18:46.039,0.2905,0.0487,0.1484,0.1251,0.2677,0.1072,0.289,0.3681,0.2356,0.1357,0.1873,0.2836,0.1753,0.4049,0.2965,0.1886,0.031,0.3035,0.0788,0.0347,3331.0256,6601.2088,3351.1722,3337.8755,-0.975,-0.1149,-0.0849,-1.0094,0.0374,0.157,1,1,4,1,1,26.4,62.0,
2026-07-22 18:18:54.323,0.278,0.0481,0.1464,0.1256,0.2649,0.1049,0.2971,0.3645,0.2427,0.1357,0.1859,0.2826,0.1821,0.4149,0.2937,0.1928,0.0324,0.2965,0.0769,0.0345,3285.4945,6514.1758,3290.7326,3280.2564,-0.9673,-0.1151,-0.0845,-1.0019,-0.1869,0.3589,1,1,4,1,1,26.4,48.2,
2026-07-22 18:19:02.451,0.1115,0.0534,0.1936,0.0539,0.3621,0.1021,0.3209,0.2988,0.2853,0.1653,0.1736,0.3419,0.2018,0.4138,0.2377,0.2798,0.0392,0.2654,0.0742,0.0256,3368.4982,2067.4359,3374.9451,3411.2088,-0.9725,-0.1128,-0.0885,-1.0767,-0.2766,0.2991,1,1,4,1,1,26.4,51.6,
2026-07-22 18:19:10.437,0.2035,0.055,0.4953,0.3183,0.3191,0.13,0.3657,0.3134,0.2293,0.1673,0.1056,0.2153,0.2116,0.377,0.0257,0.1341,0.0365,0.2708,0.0078,0.0189,3223.8462,0.0,3190.4029,3249.6337,-0.9786,-0.1119,-0.087,-0.9645,0.1047,0.5309,1,1,4,1,1,26.4,53.6,
2026-07-22 18:19:18.340,0.3381,0.066,0.2387,0.1804,0.2071,0.1274,0.324,0.3469,0.2936,0.1447,0.1554,0.2498,0.1353,0.3812,0.2128,0.194,0.0259,0.2808,0.0691,0.0288,3331.4286,3638.8645,3359.6337,3281.0623,-0.9651,-0.1118,-0.0957,-1.0019,-0.0598,0.2393,1,1,4,1,1,26.3,45.0,
2026-07-22 18:19:22.325,0.1473,0.0571,0.2138,0.103,0.3065,0.119,0.252,0.4256,0.3436,0.1455,0.1905,0.2989,0.1637,0.4059,0.2721,0.144,0.0389,0.2725,0.0716,0.0285,3287.9121,5034.2125,3256.4835,3314.9084,-0.9794,-0.1143,-0.0967,-0.9346,-0.2991,0.1421,1,1,4,1,1,26.3,50.2,
2026-07-22 18:19:26.564,0.2446,0.0639,0.2505,0.1256,0.3046,0.1237,0.2531,0.419,0.2902,0.1463,0.178,0.304,0.1379,0.3879,0.2567,0.132,0.0226,0.2782,0.0617,0.0195,3239.5604,0.0,3322.5641,3318.9377,-0.9752,-0.1168,-0.089,-0.957,-0.0224,0.1794,1,1,4,1,1,26.3,50.9,
2026-07-22 18:19:34.732,0.5031,0.0736,0.2952,0.1956,0.3328,0.1212,0.2574,0.3409,0.0932,0.1546,0.1447,0.2292,0.0558,0.3693,0.2358,0.178,0.0151,0.2814,0.0669,0.0562,3324.1758,4011.978,3259.304,3339.8901,-0.976,-0.1173,-0.086,-0.8598,-0.3888,0.0972,1,1,4,1,1,26.3,54.2,
2026-07-22 18:19:42.912,0.1658,0.0501,0.3166,0.1463,0.3423,0.1036,0.2085,0.2998,0.241,0.1406,0.1501,0.2378,0.2054,0.4139,0.2532,0.2568,0.0456,0.2918,0.0716,0.0593,3349.1575,2772.1612,3383.0037,3325.7875,-0.9804,-0.116,-0.0948,-0.8075,0.015,0.5981,1,1,4,1,1,26.3,47.9,
2026-07-22 18:19:51.215,0.326,0.0548,0.2277,0.0536,0.2779,0.1121,0.228,0.3668,0.2251,0.141,0.1893,0.3783,0.1438,0.4062,0.2798,0.1725,0.0273,0.2858,0.0752,0.0288,3352.381,1266.4103,3348.7546,3318.1319,-0.9593,-0.1078,-0.1026,-1.0243,-0.2393,0.2393,1,1,4,1,1,26.3,52.7,
2026-07-22 18:19:59.595,0.3318,0.0516,0.3319,0.1079,0.2572,0.1165,0.2723,0.3455,0.216,0.1581,0.1619,0.3099,0.1563,0.4096,0.1846,0.2048,0.0387,0.2642,0.0493,0.032,3382.1978,256.2637,3357.619,3329.011,-0.9689,-0.113,-0.1044,-1.0767,0.1122,0.2991,1,1,4,1,1,26.3,52.1,
2026-07-22 18:20:03.755,0.3657,0.065,0.3071,0.2416,0.2485,0.1164,0.2678,0.3007,0.1949,0.1422,0.1584,0.1872,0.1595,0.389,0.2041,0.1962,0.0313,0.2874,0.0627,0.0742,3382.6007,32.6374,3343.9194,3435.3846,-0.9706,-0.1155,-0.0986,-0.8299,-0.172,0.3215,1,1,4,1,1,26.2,57.7,
2026-07-22 18:20:07.775,0.2605,0.0561,0.2945,0.3139,0.2526,0.116,0.2644,0.3432,0.2128,0.1295,0.1585,0.18,0.213,0.4163,0.2158,0.1234,0.0612,0.2821,0.0668,0.0396,3426.1172,5674.0659,3361.2454,3330.2198,-0.9748,-0.1125,-0.1013,-0.9122,-0.2841,0.2692,1,1,4,1,1,26.2,61.6,
2026-07-22 18:20:15.848,0.2205,0.0408,0.2345,0.3172,0.2966,0.1178,0.2662,0.3517,0.1892,0.1365,0.1843,0.1712,0.2191,0.435,0.2407,0.1261,0.0746,0.2699,0.0742,0.0338,3196.8498,684.5788,3200.4762,3226.2637,-0.9742,-0.1122,-0.0943,-1.0094,0.314,0.1346,1,1,4,1,1,26.2,45.0,
2026-07-22 18:20:24.139,0.4187,0.0629,0.1897,0.1089,0.3015,0.1284,0.2485,0.2606,0.1374,0.1528,0.1764,0.278,0.1131,0.3924,0.2826,0.2219,0.0294,0.2635,0.1028,0.1306,3409.1941,6203.9194,3407.9853,3347.9487,-0.9758,-0.1147,-0.0957,-0.8075,-0.5757,0.0673,1,1,4,1,1,26.2,52.6,
2026-07-22 18:20:32.252,0.2622,0.0486,0.2052,0.0911,0.27,0.1255,0.2967,0.4182,0.2098,0.1681,0.1518,0.2294,0.2075,0.405,0.2603,0.1985,0.0505,0.2527,0.086,0.0628,3312.8938,1010.9524,3304.8352,3337.8755,-0.9758,-0.1157,-0.0935,-1.0767,0.0673,0.1421,1,1,4,1,1,26.2,50.7,
2026-07-22 18:20:40.537,0.1336,0.0665,0.2172,0.1643,0.2893,0.1461,0.2807,0.3857,0.3659,0.1581,0.1656,0.2809,0.1714,0.3843,0.239,0.1467,0.0398,0.245,0.0975,0.0224,3429.7436,6421.0989,3389.0476,3303.6264,-0.976,-0.1147,-0.0911,-0.9271,-0.157,0.0972,1,1,4,1,1,26.2,57.4,
2026-07-22 18:20:44.622,0.0962,0.0454,0.1761,0.1649,0.3434,0.1068,0.307,0.3256,0.277,0.1625,0.152,0.2598,0.2364,0.3967,0.2782,0.2063,0.0471,0.2886,0.0867,0.0434,3451.5018,3032.8571,3384.2125,3373.3333,-0.9772,-0.1157,-0.092,-1.0094,-0.2542,0.2542,1,1,4,1,1,26.2,56.8,
2026-07-22 18:20:48.847,0.0968,0.0455,0.1752,0.1705,0.3461,0.1072,0.3089,0.3267,0.2742,0.1624,0.1524,0.2572,0.2351,0.3957,0.2778,0.2022,0.0479,0.2892,0.0858,0.0433,3343.9194,6601.2088,3330.6227,3337.0696,-0.9787,-0.1148,-0.085,-0.8748,-0.157,0.3589,1,1,4,1,1,26.2,56.3,
2026-07-22 18:20:56.883,0.0553,0.0616,0.1796,0.1454,0.2949,0.1234,0.2967,0.3298,0.3571,0.1034,0.1497,0.2247,0.2571,0.4437,0.2848,0.262,0.0356,0.2679,0.0892,0.038,3230.696,0.0,3227.4725,3297.9853,-0.9798,-0.1171,-0.0769,-0.9645,0.015,-0.0374,1,1,4,1,1,26.2,54.1,
2026-07-22 18:21:04.962,0.3035,0.0656,0.1719,0.1917,0.3549,0.124,0.3179,0.3142,0.182,0.124,0.1649,0.237,0.1347,0.3896,0.2556,0.2158,0.0249,0.2969,0.0898,0.0413,3430.9524,5465.348,3401.9414,3350.3663,-0.9769,-0.1148,-0.0847,-0.9869,-0.0224,0.2019,1,1,4,1,1,26.1,56.0,
2026-07-22 18:21:12.972,0.3836,0.0591,0.2802,0.2336,0.2639,0.1227,0.2671,0.2917,0.1713,0.1396,0.1382,0.201,0.1431,0.3978,0.2463,0.2346,0.0381,0.2808,0.0682,0.0392,3229.0842,5755.4579,3304.8352,3295.5678,-0.9742,-0.1114,-0.0872,-0.9496,-0.2393,0.3963,1,1,4,1,1,26.1,55.6,
2026-07-22 18:21:21.281,0.2102,0.0575,0.2528,0.1367,0.3547,0.1251,0.2793,0.3592,0.2045,0.1578,0.1624,0.2443,0.1886,0.3755,0.2163,0.225,0.042,0.2841,0.0892,0.0348,3294.7619,5666.8132,3277.4359,3347.1429,-0.9753,-0.1122,-0.0993,-1.0617,-0.1495,0.1047,1,1,4,1,1,26.1,53.5,
2026-07-22 18:21:25.420,0.1356,0.0526,0.2347,0.1042,0.3235,0.124,0.2379,0.38,0.2797,0.1364,0.1755,0.2825,0.2131,0.4062,0.2599,0.1989,0.0481,0.2809,0.092,0.0344,3172.674,993.6264,3164.2125,3248.8278,-0.9777,-0.1185,-0.0901,-1.0243,-0.0075,0.1196,1,1,4,1,1,26.1,56.4,
2026-07-22 18:21:29.616,0.135,0.0531,0.2353,0.1026,0.3273,0.1241,0.2353,0.3823,0.2784,0.1365,0.174,0.2832,0.2118,0.4081,0.2614,0.1973,0.0475,0.2782,0.094,0.0345,3248.8278,0.0,3259.304,3329.8168,-0.9796,-0.1115,-0.0844,-1.0916,-0.5309,0.2467,1,1,4,1,1,26.1,54.2,
2026-07-22 18:21:37.769,0.1711,0.0636,0.1779,0.2212,0.3677,0.1385,0.2365,0.2307,0.2626,0.1439,0.1716,0.214,0.174,0.3791,0.3046,0.2334,0.0247,0.2749,0.1094,0.1008,3254.4689,4950.8059,3276.63,3286.7033,-0.9788,-0.1135,-0.093,-0.9346,-0.1047,0.2766,1,1,4,1,1,26.1,59.7,
2026-07-22 18:21:45.983,0.1716,0.0593,0.1989,0.0813,0.3193,0.1214,0.2511,0.3809,0.2737,0.1574,0.159,0.3194,0.1972,0.4056,0.2969,0.187,0.0382,0.2562,0.0941,0.0314,3216.5934,573.7729,3176.3004,3237.9487,-0.9784,-0.1104,-0.0871,-1.0393,-0.0748,0.2467,1,1,4,1,1,26.1,54.2,
2026-07-22 18:21:54.903,0.1681,0.0674,0.166,0.0971,0.2839,0.1285,0.311,0.3684,0.2657,0.1536,0.1737,0.2985,0.2436,0.4082,0.2764,0.2111,0.0388,0.2423,0.0729,0.025,3418.0586,6601.2088,3354.3956,3362.0513,-0.9744,-0.1146,-0.0861,-0.972,-0.0299,-0.1495,1,1,4,1,1,26.0,53.0,
2026-07-22 18:22:05.033,0.1191,0.0396,0.2274,0.0883,0.3215,0.1185,0.2073,0.3247,0.3036,0.1632,0.1519,0.3555,0.2297,0.4047,0.325,0.2104,0.0261,0.274,0.0884,0.021,3453.5165,5704.2857,3373.3333,3363.663,-0.9749,-0.1131,-0.0894,-1.0393,-0.1271,0.2467,1,1,4,1,1,26.0,55.4,
2026-07-22 18:22:14.136,0.1395,0.0701,0.1906,0.0566,0.34,0.1269,0.2916,0.3784,0.3269,0.1471,0.1621,0.3352,0.1693,0.3815,0.2745,0.206,0.0242,0.2743,0.0813,0.0239,3075.9707,5493.5531,3333.4432,3358.8278,-0.976,-0.1185,-0.0907,-1.0916,0.0374,0.2617,1,1,4,1,1,26.0,58.8,
2026-07-22 18:22:18.307,0.5799,0.0565,0.2712,0.244,0.2219,0.121,0.2313,0.1965,0.1061,0.1517,0.1514,0.2607,0.0777,0.3935,0.2625,0.2515,0.0143,0.2773,0.0837,0.0473,3414.8352,6601.2088,3393.0769,3353.1868,-0.9709,-0.1157,-0.0955,-0.9346,-0.1495,0.3664,1,1,4,1,1,26.0,54.8,
2026-07-22 18:22:26.029,0.1726,0.0665,0.2097,0.1651,0.3083,0.1195,0.2033,0.2892,0.2979,0.1301,0.1705,0.3025,0.183,0.4062,0.3232,0.211,0.0381,0.2777,0.0933,0.0321,3421.2821,6601.2088,3378.5714,3335.4579,-0.9754,-0.1171,-0.0892,-0.957,-0.1944,0.2243,1,1,4,1,1,25.9,54.8,
2026-07-22 18:22:34.043,0.0945,0.0528,0.1833,0.1251,0.3294,0.1245,0.306,0.3364,0.3829,0.158,0.1778,0.2998,0.1568,0.4184,0.2518,0.2097,0.0363,0.2463,0.0811,0.029,3355.2015,6601.2088,3314.1026,3332.2344,-0.9767,-0.1151,-0.0832,-1.0168,-0.2019,0.2019,1,1,4,1,1,25.9,51.1,
2026-07-22 18:22:41.912,0.1747,0.0635,0.2161,0.0643,0.2674,0.1249,0.2148,0.3507,0.2968,0.1519,0.1729,0.3598,0.2247,0.3467,0.3037,0.2011,0.0363,0.313,0.0924,0.0241,3386.2271,3489.7802,3385.4212,3384.6154,-0.9755,-0.1153,-0.0854,-0.9421,-0.1196,0.2243,1,1,4,1,1,25.9,51.2,
2026-07-22 18:22:48.789,0.1355,0.0461,0.1961,0.0726,0.2489,0.1208,0.239,0.3057,0.2438,0.1566,0.1906,0.297,0.3305,0.4296,0.2883,0.301,0.0413,0.2468,0.086,0.0237,3244.3956,0.0,3291.9414,3310.8791,-0.9736,-0.1183,-0.0891,-1.0318,0.2019,0.157,1,1,4,1,1,25.9,49.7,
2026-07-22 18:22:52.700,0.1133,0.0546,0.1946,0.0837,0.2522,0.1209,0.2894,0.3138,0.2473,0.1617,0.166,0.2887,0.3391,0.4078,0.2642,0.291,0.048,0.255,0.0858,0.0229,3146.0806,2942.1978,3213.7729,3225.8608,-0.9767,-0.1133,-0.0848,-0.9645,-0.015,0.0598,1,1,4,1,1,25.9,51.6,
2026-07-22 18:23:00.850,0.0854,0.0729,0.1803,0.0605,0.3081,0.1288,0.2138,0.3849,0.3056,0.1492,0.1456,0.347,0.2637,0.4075,0.3532,0.1909,0.0372,0.2416,0.1071,0.0166,3429.7436,5382.3443,3385.0183,3379.3773,-0.9769,-0.1138,-0.0894,-1.114,-0.0523,0.3065,1,1,4,1,1,25.8,50.9,
2026-07-22 18:23:04.957,0.0797,0.0619,0.2148,0.0788,0.3631,0.1271,0.2401,0.4451,0.3276,0.1454,0.1897,0.2663,0.1942,0.4012,0.2664,0.1877,0.0355,0.2644,0.089,0.0221,3234.3223,4332.3077,3264.5421,3254.0659,-0.9746,-0.1109,-0.0839,-1.1215,-0.2168,0.2542,1,1,4,1,1,25.8,54.6,
2026-07-22 18:23:13.198,0.0956,0.0572,0.1966,0.0582,0.3466,0.1192,0.2789,0.3424,0.2827,0.1477,0.186,0.3623,0.2403,0.4053,0.263,0.2166,0.0347,0.2707,0.0756,0.0205,3376.1538,6601.2088,3277.033,3334.652,-0.9744,-0.1154,-0.0859,-1.0841,-0.0748,0.0897,1,1,4,1,1,25.8,54.3,
2026-07-22 18:23:21.074,0.121,0.0658,0.1788,0.0682,0.356,0.1322,0.2759,0.3815,0.2665,0.1452,0.2055,0.2922,0.2262,0.4189,0.2608,0.2373,0.0303,0.2379,0.079,0.0208,3213.7729,4137.6923,3209.7436,3243.9927,-0.9716,-0.1158,-0.0729,-1.0019,-0.3439,0.2019,1,1,4,1,1,25.8,53.8,
2026-07-22 18:23:29.306,0.115,0.0557,0.1704,0.1068,0.3303,0.1212,0.2181,0.3835,0.2389,0.1365,0.2231,0.2236,0.284,0.4034,0.3017,0.2621,0.0318,0.2832,0.0867,0.0241,3436.5934,5351.7216,3362.8571,3337.4725,-0.9774,-0.1192,-0.0775,-1.0542,0.1047,0.172,1,1,4,1,1,25.8,52.4,
2026-07-22 18:23:33.523,0.0581,0.0628,0.1323,0.0663,0.2578,0.1452,0.2342,0.2248,0.2894,0.155,0.2296,0.2881,0.3626,0.3652,0.3054,0.4059,0.0321,0.2717,0.0986,0.0149,3225.0549,4976.9963,3246.4103,3252.0513,-0.9763,-0.1154,-0.075,-0.9795,0.1645,0.0673,1,1,4,1,1,25.8,53.7,
2026-07-22 18:23:41.805,0.0736,0.0639,0.1529,0.0931,0.2548,0.1498,0.22,0.3249,0.2676,0.147,0.1988,0.2972,0.3601,0.3732,0.3221,0.2649,0.0439,0.2661,0.1061,0.02,3156.5568,1421.1355,3187.1795,3245.2015,-0.9787,-0.1166,-0.0721,-0.972,-0.1047,0.4037,1,1,4,1,1,25.8,54.9,
2026-07-22 18:23:50.070,0.078,0.069,0.2244,0.0916,0.3803,0.1274,0.2507,0.3568,0.3267,0.1439,0.154,0.3512,0.1746,0.3795,0.2886,0.1818,0.0404,0.2802,0.0823,0.0186,3250.0366,0.0,3239.1575,3311.2821,-0.9734,-0.1204,-0.0756,-0.8374,-0.4187,0.0224,1,1,4,1,1,25.7,54.6,
2026-07-22 18:23:54.156,0.1051,0.054,0.1865,0.106,0.4113,0.1111,0.3046,0.3931,0.2969,0.1289,0.1739,0.3329,0.1537,0.4076,0.246,0.1472,0.033,0.2985,0.089,0.0207,3171.0623,0.0,3221.4286,3254.0659,-0.9746,-0.122,-0.0731,-0.9944,-0.2467,0.2019,1,1,4,1,1,25.7,55.1,
2026-07-22 18:24:01.928,0.185,0.0733,0.1573,0.0725,0.275,0.1359,0.2723,0.3087,0.2415,0.1312,0.205,0.2788,0.2681,0.4049,0.2796,0.3159,0.0304,0.2547,0.0858,0.0241,3266.9597,0.0,3322.1612,3262.5275,-0.9752,-0.1187,-0.0721,-0.8748,-0.015,0.6206,1,1,4,1,1,25.7,55.9,
2026-07-22 18:24:10.019,0.1015,0.0619,0.187,0.102,0.2882,0.1334,0.2914,0.2754,0.3171,0.1441,0.1634,0.3002,0.261,0.3749,0.2787,0.3021,0.0323,0.2857,0.0796,0.0202,3312.0879,0.0,3307.6557,3333.0403,-0.976,-0.1214,-0.0733,-1.0168,0.2094,0.3065,1,1,4,1,1,25.7,53.8,
2026-07-22 18:24:13.907,0.0771,0.0618,0.1539,0.0825,0.3836,0.1274,0.2654,0.4007,0.255,0.1784,0.1509,0.2806,0.2421,0.3921,0.3339,0.2138,0.0422,0.2404,0.096,0.0224,3289.1209,0.0,3279.0476,3353.1868,-0.9775,-0.1191,-0.0725,-0.9196,-0.1122,0.2692,1,1,4,1,1,25.7,53.7,
2026-07-22 18:24:22.154,0.0783,0.0618,0.1552,0.0778,0.383,0.127,0.2622,0.3961,0.2501,0.179,0.1515,0.281,0.2454,0.3913,0.3355,0.2221,0.0432,0.241,0.0956,0.023,3392.2711,2917.2161,3385.0183,3348.3516,-0.9705,-0.1207,-0.0665,-1.0318,-0.4486,0.157,1,1,4,1,1,25.7,53.5,
2026-07-22 18:24:30.457,0.1033,0.0524,0.1576,0.1105,0.3306,0.125,0.225,0.3591,0.3015,0.1595,0.1962,0.248,0.2325,0.3954,0.3145,0.258,0.032,0.2678,0.1067,0.0244,3459.5604,6166.4469,3390.6593,3383.0037,-0.9799,-0.1193,-0.0602,-0.9122,0.0224,0.2841,1,1,4,1,1,25.7,52.5,
2026-07-22 18:24:38.710,0.224,0.0622,0.1772,0.1858,0.319,0.122,0.2402,0.3747,0.2096,0.1576,0.2217,0.2048,0.2009,0.3883,0.2818,0.1991,0.0466,0.27,0.0791,0.0355,3444.652,5227.619,3436.9963,3428.5348,-0.9769,-0.1226,-0.0592,-0.9944,0.0897,0.157,1,1,4,1,1,25.7,53.9,
2026-07-22 18:24:47.211,0.137,0.0664,0.1675,0.0912,0.2992,0.1336,0.2679,0.3448,0.242,0.1523,0.1725,0.2061,0.2941,0.3711,0.3118,0.3376,0.0277,0.2765,0.0803,0.0203,3412.4176,6601.2088,3364.0659,3306.8498,-0.975,-0.1253,-0.0632,-1.0542,-0.0822,0.2168,1,1,4,1,1,25.6,51.6,
2026-07-22 18:24:51.304,0.1309,0.0831,0.156,0.1356,0.2838,0.1597,0.2192,0.3723,0.2971,0.1242,0.22,0.2431,0.2408,0.3606,0.3079,0.2147,0.0474,0.2724,0.0968,0.0343,3142.4542,0.0,3212.5641,3276.63,-0.9812,-0.1225,-0.0533,-1.0393,-0.0673,0.0822,1,1,4,1,1,25.6,52.8,
2026-07-22 18:24:55.484,0.1351,0.0824,0.1583,0.1371,0.29,0.1597,0.2207,0.3714,0.2896,0.125,0.2174,0.245,0.2374,0.3604,0.3086,0.2127,0.0479,0.2724,0.0951,0.0339,3448.2784,2048.4982,3366.0806,3376.5568,-0.9787,-0.1219,-0.0493,-0.9196,0.0748,0.2841,1,1,4,1,1,25.6,52.7,
2026-07-22 18:25:03.775,0.1401,0.0675,0.1502,0.1747,0.3222,0.1406,0.246,0.3183,0.2453,0.1238,0.192,0.2328,0.2299,0.4018,0.3215,0.2292,0.0624,0.2663,0.0903,0.045,3259.707,5232.8571,3264.1392,3253.663,-0.9753,-0.1251,-0.0524,-0.9869,-0.0299,0.2766,1,1,4,1,1,25.6,53.8,
2026-07-22 18:25:11.971,0.1275,0.062,0.1345,0.0743,0.3368,0.1396,0.2797,0.3028,0.2626,0.1507,0.1744,0.2461,0.2444,0.3989,0.313,0.3589,0.0287,0.2487,0.0984,0.0179,3174.6886,0.0,3227.8755,3288.7179,-0.981,-0.1318,-0.0542,-0.9496,-0.015,0.1346,1,1,4,1,1,25.6,49.9,
2026-07-22 18:25:20.146,0.1074,0.057,0.1077,0.0619,0.373,0.1384,0.2875,0.3894,0.2757,0.1454,0.2731,0.2829,0.2252,0.3839,0.2712,0.2528,0.0187,0.2753,0.0604,0.0129,3223.0403,4888.7546,3229.8901,3226.2637,-0.9758,-0.1268,-0.0481,-1.144,-0.1645,0.0897,1,1,4,1,1,25.6,50.2,
2026-07-22 18:25:28.667,0.1554,0.0643,0.1145,0.0751,0.4258,0.1412,0.2964,0.4179,0.2394,0.1425,0.246,0.2847,0.1595,0.3787,0.2748,0.2132,0.0199,0.2733,0.0683,0.0091,3238.3516,5145.8242,3246.0073,3264.5421,-0.9805,-0.1273,-0.0527,-0.9645,-0.3065,0.1346,1,1,4,1,1,25.5,53.9,
2026-07-22 18:25:37.053,0.198,0.0701,0.2152,0.086,0.2694,0.1333,0.265,0.3699,0.2431,0.1204,0.1765,0.2297,0.2483,0.4201,0.2477,0.272,0.0413,0.2561,0.0955,0.0424,3176.7033,3974.1026,3222.2344,3220.2198,-0.9749,-0.1311,-0.0496,-1.0617,-0.0598,0.0972,1,1,4,1,1,25.5,53.9,
2026-07-22 18:25:41.357,0.1253,0.069,0.1728,0.0659,0.2819,0.1464,0.2545,0.2367,0.24,0.1433,0.1747,0.3114,0.3094,0.3745,0.3074,0.3549,0.0435,0.2667,0.0906,0.0311,3473.2601,6010.5128,3418.0586,3403.956,-0.9813,-0.1287,-0.055,-1.0094,0.157,0.1346,1,1,4,1,1,25.5,52.1,
2026-07-22 18:25:49.656,0.069,0.0679,0.1428,0.0585,0.2993,0.1488,0.2242,0.2153,0.2892,0.1525,0.1835,0.3563,0.3052,0.3927,0.3586,0.3478,0.0375,0.2382,0.0909,0.0221,3312.4908,429.9267,3308.0586,3345.5311,-0.9754,-0.1226,-0.0565,-0.9795,0.0449,0.1495,1,1,4,1,1,25.5,51.2,
2026-07-22 18:25:57.735,0.0694,0.0616,0.1351,0.0497,0.309,0.1335,0.2359,0.3455,0.3516,0.1411,0.194,0.3661,0.2329,0.3907,0.3328,0.2212,0.037,0.2731,0.1023,0.0175,3365.6777,1393.3333,3385.0183,3372.1245,-0.9769,-0.1198,-0.0594,-0.972,-0.0224,0.2318,1,1,4,1,1,25.5,55.0,
2026-07-22 18:26:05.446,0.0345,0.0704,0.1384,0.0529,0.2879,0.1433,0.2856,0.432,0.4018,0.1758,0.1783,0.3201,0.2402,0.3596,0.3136,0.1788,0.0357,0.2509,0.0841,0.0162,3163.8095,3144.4689,3185.9707,3238.3516,-0.9774,-0.1208,-0.0538,-0.972,-0.0523,0.3065,1,1,4,1,1,25.5,52.4,
2026-07-22 18:26:13.610,0.133,0.0554,0.1724,0.1751,0.2746,0.1205,0.1987,0.3437,0.2729,0.1637,0.2217,0.2293,0.2781,0.4043,0.3197,0.2214,0.0414,0.2561,0.0875,0.0306,3389.0476,44.7253,3325.7875,3380.989,-0.9775,-0.1215,-0.0518,-0.9196,-0.172,0.1794,1,1,4,1,1,25.5,51.0,
2026-07-22 18:26:17.750,0.1417,0.0571,0.152,0.1589,0.3295,0.1478,0.2368,0.2794,0.2451,0.1507,0.1815,0.2229,0.2359,0.3908,0.3255,0.2979,0.0477,0.2536,0.1043,0.0409,3403.956,6601.2088,3369.304,3317.326,-0.976,-0.1201,-0.0532,-0.9421,-0.1944,0.2542,1,1,4,1,1,25.4,50.9,
2026-07-22 18:26:26.222,0.123,0.061,0.1478,0.1303,0.297,0.1417,0.244,0.2963,0.2874,0.1828,0.1418,0.2179,0.2439,0.372,0.3627,0.3124,0.0486,0.2425,0.1036,0.0433,3262.1245,0.0,3272.1978,3324.1758,-0.9801,-0.1287,-0.0582,-1.0019,0.2168,0.1495,1,1,4,1,1,25.4,50.7,
2026-07-22 18:26:34.673,0.0701,0.0644,0.2021,0.084,0.2578,0.1438,0.2581,0.2713,0.3735,0.1473,0.1783,0.3222,0.2622,0.3846,0.2842,0.302,0.0363,0.2599,0.0774,0.0205,3416.044,2742.3443,3372.9304,3330.6227,-0.9752,-0.1141,-0.0494,-0.9421,-0.314,0.4262,1,1,4,1,1,25.4,48.3,
2026-07-22 18:26:42.986,0.1398,0.0583,0.1804,0.1079,0.3705,0.1359,0.2602,0.3408,0.2388,0.1408,0.1886,0.279,0.2086,0.4061,0.2835,0.2491,0.0423,0.2588,0.0873,0.0233,3452.3077,6601.2088,3394.6886,3366.4835,-0.9756,-0.1256,-0.0439,-1.0318,0.172,0.0449,1,1,4,1,1,25.4,51.3,
2026-07-22 18:26:47.269,0.0914,0.0681,0.1377,0.0623,0.3581,0.1333,0.2815,0.3316,0.2661,0.1355,0.2699,0.289,0.2601,0.3801,0.252,0.2998,0.0243,0.2831,0.0589,0.0172,3386.2271,1917.9487,3355.6044,3393.8828,-0.9791,-0.1219,-0.0461,-1.0243,0.0523,0.2393,1,1,4,1,1,25.4,54.4,
2026-07-22 18:26:55.309,0.1741,0.0558,0.1726,0.1317,0.3433,0.149,0.3049,0.362,0.1973,0.1363,0.1966,0.2661,0.2343,0.3909,0.2501,0.2113,0.051,0.268,0.0758,0.0288,3171.8681,447.6557,3175.4945,3221.8315,-0.9807,-0.1266,-0.0546,-0.9944,-0.0748,0.0897,1,1,4,1,1,25.4,49.9,
2026-07-22 18:26:59.511,0.1714,0.0521,0.1981,0.1296,0.2717,0.1499,0.2772,0.2599,0.2295,0.1459,0.1802,0.2987,0.2702,0.3949,0.2566,0.2793,0.0572,0.2571,0.0879,0.0325,3241.978,0.0,3194.8352,3219.4139,-0.9795,-0.1235,-0.0522,-0.8374,0.172,0.1421,1,1,4,1,1,25.4,52.7,
2026-07-22 18:27:08.015,0.1073,0.0714,0.15,0.0525,0.2114,0.1457,0.2465,0.2586,0.3085,0.1374,0.2061,0.268,0.3319,0.3928,0.3086,0.4019,0.0409,0.2528,0.0889,0.019,3219.011,0.0,3233.9194,3228.2784,-0.9807,-0.1213,-0.0395,-1.0542,-0.0224,0.0523,1,1,4,1,1,25.3,50.1,
2026-07-22 18:27:16.071,0.1962,0.0444,0.1867,0.2607,0.3161,0.1277,0.3195,0.3387,0.2082,0.1987,0.1677,0.1688,0.2151,0.4007,0.2409,0.1936,0.0644,0.2285,0.0853,0.0382,3304.4322,0.0,3275.8242,3367.6923,-0.9748,-0.1235,-0.0457,-0.9047,0.0449,0.1421,1,1,4,1,1,25.3,56.6,
2026-07-22 18:27:24.294,0.1322,0.0548,0.1758,0.1247,0.3544,0.1314,0.2067,0.3078,0.2458,0.1528,0.2019,0.2403,0.2332,0.3919,0.3224,0.2974,0.0344,0.269,0.0932,0.0298,3210.9524,0.0,3206.5201,3239.9634,-0.98,-0.1191,-0.0438,-1.0243,-0.1047,0.2393,1,1,4,1,1,25.3,50.2,
2026-07-22 18:27:32.673,0.2504,0.0637,0.2091,0.283,0.3812,0.1324,0.2628,0.2977,0.1482,0.1472,0.1987,0.212,0.1708,0.37,0.247,0.1765,0.0495,0.2868,0.0824,0.0309,3203.6996,536.3004,3156.5568,3306.044,-0.9767,-0.1221,-0.0457,-1.0393,-0.1196,0.2692,1,1,4,1,1,25.3,53.6,
2026-07-22 18:27:36.688,0.1172,0.0691,0.1314,0.1,0.3509,0.1453,0.301,0.3164,0.2225,0.1472,0.1541,0.302,0.2716,0.3775,0.3151,0.2552,0.0377,0.261,0.0984,0.0264,3443.0403,6601.2088,3384.6154,3358.8278,-0.9794,-0.1212,-0.0414,-1.0094,0.0523,0.0972,1,1,4,1,1,25.3,48.4,
2026-07-22 18:27:40.725,0.1827,0.0609,0.1438,0.1729,0.4637,0.1532,0.3266,0.4038,0.1696,0.155,0.1697,0.2501,0.1425,0.3879,0.2743,0.1456,0.0416,0.2429,0.0856,0.0276,3477.6923,5992.381,3430.5495,3380.1832,-0.983,-0.122,-0.0458,-1.0468,-0.1495,0.1869,1,1,4,1,1,25.2,54.8,
2026-07-22 18:27:48.666,0.1087,0.0621,0.1653,0.1289,0.3835,0.1541,0.3016,0.3072,0.2684,0.1761,0.1708,0.3183,0.1994,0.3834,0.2625,0.2227,0.0401,0.2243,0.0999,0.023,3420.0733,6316.7399,3436.5934,3374.9451,-0.9766,-0.122,-0.0416,-1.0019,-0.2094,0.2542,1,1,4,1,1,25.2,55.2,
2026-07-22 18:27:56.746,0.1062,0.0677,0.2769,0.1672,0.2979,0.1366,0.2013,0.316,0.2791,0.1514,0.1757,0.2601,0.2786,0.3924,0.2641,0.2326,0.0382,0.2519,0.082,0.0241,3198.4615,4687.2894,3261.7216,3227.8755,-0.9758,-0.1259,-0.0416,-0.8823,-0.1196,0.2243,1,1,4,1,1,25.2,50.6,
2026-07-22 18:28:04.784,0.1378,0.0577,0.1809,0.1034,0.3729,0.1208,0.2764,0.3274,0.19,0.1601,0.1861,0.2635,0.2512,0.4074,0.2658,0.2813,0.0481,0.254,0.0908,0.0245,3190.4029,2536.4469,3197.6557,3245.6044,-0.9822,-0.1241,-0.0447,-0.9645,0.329,0.1047,1,1,4,1,1,25.2,51.7,
2026-07-22 18:28:12.977,0.2186,0.0809,0.1969,0.2962,0.2994,0.1505,0.2657,0.3228,0.2728,0.1356,0.1527,0.1829,0.1674,0.3909,0.3112,0.1749,0.0419,0.2421,0.0736,0.0232,3199.2674,4386.7033,3224.652,3205.3114,-0.9775,-0.121,-0.0396,-1.0393,-0.329,-0.0822,1,1,4,1,1,25.2,50.3,
2026-07-22 18:28:17.085,0.1303,0.059,0.1726,0.256,0.3355,0.132,0.2733,0.311,0.2164,0.1554,0.1846,0.1848,0.245,0.3658,0.2754,0.204,0.0728,0.2879,0.0941,0.0441,3180.7326,0.0,3219.8168,3235.1282,-0.9752,-0.1222,-0.0427,-0.9645,-0.4561,0.1794,1,1,4,1,1,25.2,50.0,
2026-07-22 18:28:21.378,0.1232,0.0656,0.1984,0.1927,0.2822,0.1243,0.2928,0.2861,0.2759,0.1453,0.179,0.2346,0.2603,0.3952,0.2419,0.2523,0.0584,0.2696,0.0879,0.0344,3276.2271,6419.0842,3279.4505,3281.4652,-0.9791,-0.1272,-0.0426,-1.0019,-0.3439,0.2243,1,1,4,1,1,25.1,49.9,
2026-07-22 18:28:29.811,0.1573,0.076,0.1778,0.1111,0.3261,0.1472,0.2941,0.3419,0.2619,0.15,0.187,0.2622,0.2063,0.3778,0.2502,0.2597,0.0483,0.2489,0.0909,0.0251,3398.7179,6601.2088,3355.2015,3330.2198,-0.9785,-0.1232,-0.0504,-1.0841,0.0374,0.0972,1,1,4,1,1,25.1,48.9,
2026-07-22 18:28:38.110,0.1715,0.0594,0.2185,0.1656,0.3315,0.1358,0.3036,0.3355,0.2569,0.1581,0.1651,0.2587,0.2167,0.3999,0.2386,0.2269,0.0234,0.2469,0.0743,0.0133,3094.5055,155.1282,3128.7546,3173.4799,-0.9772,-0.122,-0.0419,-0.9645,0.1271,0.2168,1,1,4,1,1,25.1,47.7,
2026-07-22 18:28:46.675,0.21,0.0713,0.2462,0.225,0.4349,0.147,0.3039,0.4586,0.1597,0.1508,0.158,0.1392,0.1482,0.392,0.2212,0.1502,0.0472,0.2388,0.0707,0.027,3121.5018,3003.4432,3189.1941,3169.4505,-0.9744,-0.125,-0.0378,-1.0243,-0.0598,-0.0374,1,1,4,1,1,25.1,50.3,
2026-07-22 18:28:55.082,0.1206,0.0468,0.2123,0.1482,0.4163,0.1198,0.2534,0.2899,0.2666,0.1444,0.2257,0.3896,0.1802,0.3933,0.2613,0.1646,0.0163,0.2958,0.0473,0.0076,3238.7546,5389.1941,3246.8132,3241.978,-0.9813,-0.1254,-0.0429,-1.1066,0.172,0.0897,1,1,4,1,1,25.1,50.5,
2026-07-22 18:28:59.176,0.1104,0.0675,0.1855,0.1025,0.3379,0.1535,0.3422,0.3171,0.2286,0.1407,0.1528,0.325,0.2825,0.3651,0.2516,0.2395,0.0407,0.2732,0.0679,0.0159,3441.4286,1475.9341,3363.663,3434.5788,-0.9739,-0.121,-0.0439,-0.9271,-0.2019,0.0449,1,1,4,1,1,25.0,49.2,
2026-07-22 18:29:03.535,0.1322,0.0632,0.1467,0.1761,0.3976,0.1422,0.3412,0.4066,0.1989,0.1327,0.1769,0.2318,0.221,0.3932,0.2555,0.1642,0.0503,0.2686,0.0798,0.0212,3263.3333,0.0,3257.6923,3326.9963,-0.975,-0.1255,-0.0436,-0.9496,-0.1421,0.2094,1,1,4,1,1,25.0,50.9,
2026-07-22 18:29:08.084,0.207,0.051,0.166,0.1958,0.2651,0.1434,0.2631,0.3225,0.2002,0.1687,0.164,0.2259,0.2772,0.4093,0.3231,0.2328,0.0504,0.2277,0.0837,0.023,3183.5531,4515.641,3192.0147,3222.6374,-0.9761,-0.1275,-0.0411,-0.957,0.5309,0.1495,1,1,4,1,1,25.0,51.6,
2026-07-22 18:29:16.915,0.217,0.0757,0.1388,0.1791,0.2752,0.1515,0.2315,0.3537,0.2379,0.1625,0.2265,0.2519,0.2172,0.3836,0.3151,0.1778,0.0527,0.2267,0.088,0.0375,3330.6227,6601.2088,3316.9231,3308.4615,-0.9752,-0.1218,-0.0333,-0.9047,-0.0822,-0.1794,1,1,4,1,1,25.0,45.0,
2026-07-22 18:29:25.402,0.2073,0.0538,0.1905,0.1875,0.29,0.1387,0.2734,0.337,0.235,0.1686,0.221,0.2666,0.2326,0.4121,0.237,0.186,0.0352,0.2268,0.0781,0.0229,3136.0073,3030.4396,3181.9414,3190.8059,-0.9763,-0.1243,-0.0367,-1.0542,-0.1421,0.2019,1,1,4,1,1,25.0,50.3,
2026-07-22 18:29:33.843,0.2023,0.0705,0.1978,0.1346,0.3824,0.1453,0.2505,0.419,0.2008,0.1381,0.1699,0.2566,0.1693,0.3773,0.2945,0.1678,0.0452,0.2688,0.0874,0.0221,3367.6923,6601.2088,3384.6154,3275.4212,-0.9785,-0.1285,-0.0424,-0.9869,0.0449,0.2393,1,1,4,1,1,25.0,49.8,
2026-07-22 18:29:42.140,0.0871,0.0673,0.2256,0.0673,0.2782,0.1466,0.249,0.2763,0.3042,0.1349,0.2028,0.3724,0.2743,0.3951,0.2481,0.2548,0.0562,0.2561,0.0746,0.0293,3378.9744,1966.3004,3368.0952,3354.3956,-0.9786,-0.1234,-0.0464,-0.9271,-0.1271,0.2916,1,1,4,1,1,24.9,50.9,
2026-07-22 18:29:46.400,0.1282,0.0748,0.2072,0.1139,0.2467,0.1397,0.2276,0.2575,0.1952,0.1492,0.1395,0.2196,0.3736,0.398,0.3293,0.3693,0.0564,0.2384,0.0964,0.0398,3344.3223,1632.2711,3347.1429,3404.7619,-0.9738,-0.1143,-0.0756,-0.6056,0.7776,-0.0,1,1,4,1,1,24.9,50.6,
2026-07-22 18:29:54.724,0.3645,0.2209,0.2041,0.3083,0.3814,0.2068,0.3344,0.2324,0.1371,0.1038,0.141,0.0975,0.0883,0.2896,0.2174,0.2376,0.0288,0.179,0.1032,0.1242,3881.4286,5230.8425,3495.0183,3449.0842,-0.9805,-0.1136,-0.057,-1.0019,-0.3065,0.1944,1,4,4,1,2,24.9,52.8,
2026-07-22 18:30:02.906,0.439,0.0939,0.2979,0.1778,0.4104,0.1364,0.2392,0.1698,0.0502,0.138,0.1241,0.1499,0.0833,0.3768,0.2246,0.2369,0.0172,0.2549,0.1143,0.2656,3472.0513,6601.2088,3445.0549,3395.0916,-0.9754,-0.1103,-0.0577,-0.9944,-0.157,0.4037,1,1,4,1,1,24.9,64.8,
2026-07-22 18:30:11.350,0.0489,0.0659,0.191,0.0571,0.3283,0.1497,0.2374,0.2901,0.3003,0.1671,0.1743,0.2719,0.2686,0.362,0.2977,0.3281,0.0539,0.2553,0.0996,0.0528,3270.989,0.0,3298.3883,3316.9231,-0.9763,-0.1151,-0.0649,-0.9645,-0.2019,0.2542,1,1,4,1,1,24.9,57.0,
2026-07-22 18:30:19.898,0.3999,0.0657,0.3024,0.0461,0.255,0.1418,0.2518,0.2737,0.1605,0.1476,0.1593,0.3263,0.119,0.3675,0.1969,0.2556,0.0656,0.2774,0.0896,0.0983,3439.011,6601.2088,3408.3883,3302.4176,-0.9784,-0.1141,-0.0654,-0.9346,0.2019,0.6804,1,1,4,1,1,24.8,54.0,
2026-07-22 18:30:24.094,0.138,0.0597,0.1313,0.0825,0.2743,0.1495,0.2992,0.3467,0.2588,0.1267,0.1732,0.2636,0.2522,0.3782,0.31,0.2507,0.0767,0.2858,0.0863,0.0566,3311.685,5537.4725,3343.9194,3281.8681,-0.9751,-0.1172,-0.0486,-0.8748,-0.2243,0.3365,1,1,4,1,1,24.8,50.7,
2026-07-22 18:30:28.362,0.4283,0.0517,0.1366,0.116,0.3707,0.1442,0.2591,0.2284,0.1454,0.1441,0.2194,0.324,0.0471,0.3921,0.3092,0.2955,0.0084,0.2679,0.0757,0.0362,3109.8168,427.9121,3183.5531,3187.9853,-0.9792,-0.1187,-0.0378,-0.9795,-0.0748,0.3514,1,1,4,1,1,24.8,50.0,
2026-07-22 18:30:36.709,0.4331,0.0646,0.1613,0.161,0.3674,0.1549,0.2379,0.2232,0.1439,0.1391,0.2393,0.334,0.0475,0.3922,0.2818,0.2538,0.0081,0.2492,0.0798,0.028,3214.1758,0.0,3259.304,3323.7729,-0.9788,-0.1121,-0.0423,-0.8374,-0.0748,0.5907,1,1,4,1,1,24.8,48.3,
2026-07-22 18:30:45.099,0.1274,0.0568,0.1823,0.1687,0.3274,0.1294,0.3023,0.3317,0.2577,0.149,0.1555,0.2111,0.2344,0.3895,0.2808,0.2505,0.0531,0.2754,0.0791,0.038,3170.6593,0.0,3213.37,3265.348,-0.9769,-0.118,-0.0432,-1.0094,-0.1196,0.2467,1,1,4,1,1,24.8,48.5,
2026-07-22 18:30:53.608,0.1615,0.0709,0.2702,0.1879,0.3358,0.1514,0.2242,0.274,0.2484,0.165,0.1546,0.2471,0.2173,0.3741,0.2748,0.2707,0.037,0.2387,0.0762,0.0203,3513.5531,5993.5897,3416.8498,3399.1209,-0.9799,-0.1204,-0.0368,-0.9795,0.1122,0.1645,1,1,4,1,1,24.7,49.6,
2026-07-22 18:30:57.717,0.106,0.0503,0.1675,0.0828,0.221,0.1415,0.2412,0.2607,0.3591,0.1569,0.2252,0.3585,0.2675,0.3689,0.2857,0.263,0.0464,0.2824,0.0803,0.0351,3258.0952,0.0,3238.7546,3326.9963,-0.9763,-0.1189,-0.0378,-1.0094,-0.2318,0.329,1,1,4,1,1,24.7,45.0,
2026-07-22 18:31:06.231,0.1509,0.056,0.183,0.1572,0.2834,0.1411,0.2176,0.2392,0.2808,0.1714,0.2179,0.3352,0.2328,0.3663,0.3011,0.237,0.0521,0.2651,0.0804,0.0315,3257.6923,5504.0293,3262.5275,3238.3516,-0.978,-0.1187,-0.0335,-1.0019,-0.3589,-0.0,1,1,4,1,1,24.7,49.3,
2026-07-22 18:31:09.562,0.3158,0.1212,0.2884,0.1354,0.3636,0.1801,0.3498,0.3159,0.1546,0.137,0.1215,0.2863,0.1386,0.3165,0.1887,0.2384,0.0274,0.2452,0.0515,0.024,3203.2967,0.0,3193.2234,3231.0989,-0.9762,-0.1251,-0.0401,-0.8897,-0.0897,0.3365,1,1,4,1,1,24.7,47.8,
2026-07-22 18:31:17.526,0.3155,0.1214,0.2868,0.1315,0.3546,0.1823,0.3497,0.305,0.1587,0.1387,0.1221,0.2985,0.1441,0.3132,0.1907,0.2414,0.0271,0.2444,0.0507,0.0236,3109.8168,1382.4542,3121.5018,3163.4066,-0.9754,-0.1172,-0.0321,-0.9869,-0.2692,0.1421,1,1,4,1,1,24.7,49.6,
2026-07-22 18:31:26.028,0.0949,0.0723,0.1522,0.1041,0.3449,0.1474,0.3039,0.3335,0.2624,0.1329,0.1824,0.3276,0.2481,0.388,0.2746,0.2024,0.0497,0.2594,0.087,0.0325,3484.5421,4731.6117,3431.7582,3410.8059,-0.9761,-0.1223,-0.0363,-0.8972,-0.2243,-0.1196,1,1,4,1,1,24.6,48.9,
2026-07-22 18:31:34.421,0.2147,0.0622,0.1524,0.1913,0.3676,0.1332,0.3143,0.3313,0.2137,0.1497,0.196,0.2739,0.1612,0.3759,0.2636,0.1816,0.0429,0.279,0.0736,0.022,3460.3663,2995.7875,3436.1905,3405.5678,-0.9814,-0.1164,-0.0323,-1.0692,0.1346,0.015,1,1,4,1,1,24.6,50.2,
2026-07-22 18:31:42.762,0.1367,0.0663,0.2162,0.1701,0.2822,0.1434,0.2365,0.269,0.2601,0.1535,0.1747,0.2541,0.2833,0.3947,0.2974,0.2872,0.0377,0.2422,0.0752,0.0197,3162.1978,384.3956,3130.7692,3190.8059,-0.9819,-0.1224,-0.0369,-0.9869,-0.0075,0.1271,1,1,4,1,1,24.6,49.0,
2026-07-22 18:31:46.928,0.0826,0.0652,0.1711,0.0551,0.2992,0.1504,0.2614,0.3682,0.278,0.1373,0.2189,0.3041,0.31,0.3588,0.2792,0.2603,0.0302,0.2883,0.0693,0.0123,3451.5018,6601.2088,3408.3883,3376.5568,-0.9748,-0.1196,-0.0396,-1.0094,0.0449,0.2692,1,1,4,1,1,24.6,48.3,
2026-07-22 18:31:51.147,0.1319,0.0714,0.2172,0.1616,0.2866,0.134,0.2706,0.325,0.2531,0.1342,0.1792,0.2434,0.2652,0.3895,0.2377,0.2423,0.0632,0.2709,0.0954,0.0277,3155.348,0.0,3162.1978,3226.6667,-0.9757,-0.1237,-0.0383,-1.114,0.0673,0.2991,1,1,4,1,1,24.6,49.6,
2026-07-22 18:31:59.678,0.1541,0.0608,0.1963,0.2133,0.2541,0.1347,0.2749,0.2924,0.2815,0.1621,0.1919,0.2474,0.2497,0.3785,0.2596,0.2223,0.0606,0.2638,0.0774,0.0246,3468.022,3142.8571,3470.8425,3426.9231,-0.9813,-0.1148,-0.0442,-0.8449,0.2467,0.6729,1,1,4,1,1,24.5,52.0,
2026-07-22 18:32:08.234,0.1566,0.078,0.2027,0.1849,0.4024,0.1417,0.3194,0.3904,0.1626,0.1596,0.1549,0.1923,0.208,0.3909,0.2386,0.1956,0.0704,0.2298,0.0845,0.0368,3489.7802,5097.0696,3386.2271,3414.0293,-0.9773,-0.1203,-0.0366,-1.0468,-0.2168,0.2393,1,1,4,1,1,24.5,50.5,
2026-07-22 18:32:16.485,0.1205,0.0652,0.1399,0.1254,0.3224,0.1314,0.2748,0.338,0.212,0.1535,0.2137,0.2124,0.3062,0.3842,0.2928,0.3042,0.0388,0.2657,0.0788,0.02,3227.4725,0.0,3227.8755,3279.8535,-0.9788,-0.1185,-0.0413,-1.0692,0.1645,0.329,1,1,4,1,1,24.5,50.2,
2026-07-22 18:32:24.868,0.158,0.0542,0.2641,0.1151,0.3742,0.1413,0.2551,0.3335,0.1699,0.1836,0.1613,0.2679,0.2319,0.3945,0.242,0.2555,0.0659,0.2263,0.0775,0.028,3387.033,1879.2674,3383.0037,3394.6886,-0.9844,-0.1209,-0.043,-0.8374,-0.7327,-0.2168,1,1,4,1,1,24.5,50.4,
2026-07-22 18:32:28.972,0.2129,0.1151,0.2975,0.1583,0.2975,0.135,0.2271,0.2706,0.2558,0.1458,0.1755,0.3607,0.1926,0.3683,0.2396,0.1928,0.0411,0.2357,0.0604,0.0176,3132.7839,2906.337,3258.9011,3173.0769,-0.9764,-0.1223,-0.0414,-0.9795,-0.1346,0.0748,1,1,4,1,1,24.4,55.9,
2026-07-22 18:32:33.274,0.1906,0.1104,0.2519,0.1031,0.3188,0.1451,0.2444,0.321,0.2355,0.1536,0.1644,0.3537,0.2135,0.3611,0.2636,0.2075,0.0416,0.2298,0.0758,0.0148,3376.5568,6601.2088,3358.4249,3328.2051,-0.975,-0.12,-0.0375,-0.9346,0.1794,0.0299,1,1,4,1,1,24.4,45.0,
2026-07-22 18:32:41.439,0.3165,0.0605,0.1626,0.1445,0.3244,0.1467,0.3123,0.3935,0.1806,0.1652,0.1704,0.2443,0.1461,0.3784,0.2607,0.1851,0.0324,0.2492,0.094,0.0326,3351.5751,6601.2088,3375.348,3270.1832,-0.9773,-0.1205,-0.0375,-0.972,-0.0075,0.3514,1,1,4,1,1,24.4,49.7,
2026-07-22 18:32:49.955,0.1346,0.092,0.1585,0.085,0.3043,0.138,0.2089,0.3193,0.2156,0.1425,0.1746,0.2261,0.2858,0.3681,0.375,0.3346,0.0597,0.2595,0.083,0.035,3138.4249,0.0,3209.3407,3217.3993,-0.9802,-0.1207,-0.0377,-0.9645,0.1869,0.2019,1,1,4,1,1,24.4,50.3,
2026-07-22 18:32:58.260,0.0928,0.0664,0.1677,0.1223,0.2955,0.1418,0.2662,0.2924,0.2006,0.1525,0.1925,0.1958,0.341,0.3747,0.2786,0.3513,0.0702,0.2646,0.0949,0.0382,3405.9707,3778.6813,3488.1685,3470.4396,-0.979,-0.1223,-0.049,-1.0991,0.2318,0.1495,1,1,4,1,1,24.4,50.9,
2026-07-22 18:33:06.794,0.0343,0.0714,0.1903,0.112,0.3752,0.1423,0.2992,0.3032,0.2958,0.1365,0.1939,0.2622,0.2746,0.3742,0.2555,0.3101,0.0201,0.2756,0.061,0.0125,3505.0916,3177.1062,3368.4982,3424.9084,-0.9754,-0.1227,-0.0338,-0.972,-0.2168,-0.1122,1,1,4,1,1,24.4,50.8,
2026-07-22 18:33:11.097,0.2408,0.0712,0.1649,0.2276,0.2945,0.1371,0.2719,0.3428,0.1564,0.1464,0.1923,0.2024,0.2261,0.382,0.2755,0.1667,0.0823,0.2634,0.0955,0.0604,3481.7216,6601.2088,3432.5641,3362.0513,-0.9772,-0.124,-0.0394,-1.0019,-0.0449,0.1794,1,1,4,1,1,24.3,51.7,
2026-07-22 18:33:15.455,0.1688,0.073,0.1827,0.1603,0.2434,0.1412,0.2904,0.2111,0.2287,0.1443,0.1882,0.2737,0.3002,0.359,0.2536,0.3103,0.0589,0.2825,0.0851,0.0446,3435.3846,3092.4908,3421.2821,3418.8645,-0.9754,-0.1222,-0.0383,-1.0019,-0.4337,0.2991,1,1,4,1,1,24.3,51.3,
2026-07-22 18:33:22.959,0.1538,0.0773,0.1779,0.1038,0.2801,0.1467,0.3464,0.2919,0.2037,0.1336,0.1787,0.2476,0.303,0.3714,0.225,0.3226,0.0594,0.271,0.0721,0.0342,3062.674,832.8571,3084.4322,3113.8462,-0.9779,-0.1168,-0.0381,-0.9496,0.3065,0.1944,1,1,4,1,1,24.3,49.7,
2026-07-22 18:33:31.347,0.3395,0.0639,0.1819,0.3172,0.294,0.1397,0.2926,0.2894,0.2109,0.1466,0.2258,0.2564,0.1163,0.3954,0.2318,0.1166,0.0392,0.2545,0.0679,0.0204,3517.9853,6601.2088,3450.293,3360.0366,-0.979,-0.1248,-0.0438,-1.0767,0.2841,0.3365,1,1,4,1,1,24.3,51.6,
2026-07-22 18:33:39.535,0.0634,0.0688,0.2226,0.0909,0.2325,0.1439,0.2148,0.1942,0.4696,0.1429,0.238,0.4846,0.2101,0.4052,0.2702,0.22,0.0244,0.2392,0.0544,0.0103,3319.7436,573.7729,3257.2894,3356.4103,-0.9734,-0.1171,-0.0375,-0.9944,-0.2318,0.2916,1,1,4,1,1,24.3,50.6,
2026-07-22 18:33:51.152,0.1095,0.0673,0.2167,0.2053,0.3308,0.1461,0.2583,0.249,0.2342,0.1518,0.1875,0.2608,0.2326,0.3834,0.2643,0.2353,0.093,0.2514,0.0731,0.0496,3486.9597,6601.2088,3474.4689,3360.8425,-0.9755,-0.1234,-0.0378,-0.9346,-0.329,0.2692,1,1,4,1,1,24.2,51.3,
2026-07-22 18:34:00.566,0.1336,0.0674,0.1946,0.1615,0.3524,0.1412,0.2845,0.3418,0.2091,0.1428,0.1602,0.2058,0.2209,0.3776,0.2791,0.2577,0.084,0.271,0.0815,0.0332,3155.7509,0.0,3175.0916,3230.293,-0.9772,-0.1249,-0.0348,-1.0767,0.1047,0.3888,1,1,4,1,1,24.2,50.8,
2026-07-22 18:34:08.338,0.336,0.0764,0.208,0.237,0.2859,0.1498,0.2307,0.2028,0.1969,0.1404,0.2315,0.4113,0.149,0.3741,0.2518,0.137,0.0321,0.2592,0.078,0.0119,3426.9231,1757.1795,3363.663,3388.2418,-0.9765,-0.1209,-0.0351,-0.9944,0.0897,0.2393,1,1,4,1,1,24.2,53.1,
2026-07-22 18:34:12.522,0.3557,0.0674,0.2685,0.3815,0.3031,0.1451,0.2819,0.2691,0.2115,0.1324,0.2221,0.2483,0.1182,0.391,0.1905,0.0964,0.0116,0.2641,0.0369,0.0048,3225.0549,4995.5311,3228.2784,3222.6374,-0.9775,-0.1194,-0.0408,-1.0991,-0.2991,0.3439,1,1,4,1,1,24.2,54.1,
2026-07-22 18:34:20.741,0.3426,0.0669,0.2137,0.3641,0.3194,0.135,0.2725,0.2686,0.1965,0.1346,0.2469,0.2388,0.1311,0.3664,0.2207,0.1238,0.0104,0.2971,0.0463,0.0047,3322.1612,409.7802,3334.2491,3324.5788,-0.9786,-0.126,-0.0428,-1.0243,0.0598,0.2766,1,1,4,1,1,24.1,45.0,
2026-07-22 18:34:28.132,0.1366,0.0661,0.2202,0.0932,0.3145,0.1338,0.2942,0.379,0.2113,0.1425,0.1627,0.2653,0.286,0.3569,0.2529,0.2455,0.0516,0.3007,0.0699,0.017,3445.0549,6601.2088,3354.7985,3340.696,-0.9792,-0.1217,-0.0414,-1.0094,-0.1645,0.2467,1,1,4,1,1,24.1,50.3,
2026-07-22 18:34:35.635,0.2423,0.0794,0.2421,0.3431,0.3054,0.1511,0.3253,0.3248,0.2006,0.148,0.1492,0.1689,0.1939,0.3467,0.2145,0.1463,0.0578,0.2748,0.0689,0.017,3533.2967,6155.9707,3512.7473,3422.0879,-0.9803,-0.1198,-0.0382,-1.0243,-0.3065,0.2766,1,1,4,1,1,24.1,50.9,
2026-07-22 18:34:39.927,0.2433,0.0658,0.2089,0.2282,0.3312,0.138,0.2393,0.2307,0.1875,0.1561,0.2049,0.3076,0.1772,0.3897,0.263,0.1842,0.0608,0.2503,0.0838,0.0493,3080.4029,0.0,3177.9121,3122.7106,-0.9788,-0.1213,-0.0363,-0.957,0.1944,0.2094,1,1,4,1,1,24.1,51.8,
2026-07-22 18:34:48.418,0.2957,0.0837,0.2607,0.2788,0.4204,0.1432,0.2503,0.3243,0.1402,0.1303,0.178,0.2283,0.1211,0.3924,0.2512,0.1593,0.0226,0.2504,0.0597,0.0093,3171.0623,0.0,3243.5897,3259.707,-0.9788,-0.1255,-0.041,-1.0991,0.2019,0.2318,1,1,4,1,1,24.1,51.5,
2026-07-22 18:34:56.727,0.2272,0.0627,0.1777,0.2232,0.251,0.1561,0.292,0.3046,0.3566,0.1431,0.1755,0.3545,0.1222,0.3819,0.2763,0.1024,0.043,0.2562,0.0785,0.0152,3555.8608,5786.8864,3485.348,3466.0073,-0.9731,-0.1249,-0.0353,-0.9421,-0.0598,0.2991,1,1,4,1,1,24.1,52.7,
2026-07-22 18:35:00.848,0.2485,0.0674,0.1806,0.1475,0.2934,0.1329,0.2856,0.4284,0.1929,0.1445,0.1555,0.2219,0.1871,0.3685,0.2942,0.17,0.0782,0.2866,0.084,0.0322,3436.5934,6234.9451,3405.5678,3336.2637,-0.9783,-0.1227,-0.0383,-1.0468,-0.2168,0.0822,1,1,4,1,1,24.1,51.2,
2026-07-22 18:35:09.016,0.3463,0.0666,0.2818,0.4081,0.3424,0.1593,0.3937,0.3201,0.1796,0.1879,0.1151,0.1844,0.1069,0.3611,0.1574,0.0777,0.0248,0.2251,0.0519,0.0097,3427.7289,6601.2088,3329.4139,3306.044,-0.9774,-0.1226,-0.038,-1.0393,-0.2841,0.2617,1,1,4,1,1,24.1,52.2,
2026-07-22 18:35:17.366,0.3013,0.0791,0.2738,0.3769,0.3223,0.1629,0.2798,0.3215,0.2034,0.1575,0.2061,0.1864,0.137,0.353,0.1825,0.0991,0.0361,0.2475,0.0578,0.016,3106.9963,3159.3773,3176.7033,3165.4212,-0.9767,-0.122,-0.0336,-1.0393,-0.3365,0.4187,1,1,4,1,1,24.0,45.0,
2026-07-22 18:35:21.853,0.2325,0.0576,0.2029,0.1508,0.274,0.146,0.2708,0.3592,0.2772,0.1395,0.1775,0.2905,0.1549,0.3834,0.2736,0.1663,0.0614,0.2734,0.0752,0.0332,3463.1868,6601.2088,3396.3004,3363.2601,-0.9773,-0.1223,-0.0367,-1.0318,-0.1122,0.1869,1,1,4,1,1,24.0,53.7,
2026-07-22 18:35:26.114,0.1449,0.0748,0.2275,0.1411,0.2336,0.1542,0.2787,0.2841,0.432,0.1355,0.1888,0.3889,0.1538,0.3801,0.2403,0.1671,0.0357,0.2554,0.0647,0.0188,3113.4432,0.0,3160.1832,3209.3407,-0.9791,-0.1208,-0.035,-1.0094,-0.1271,0.329,1,1,4,1,1,24.0,50.9,
2026-07-22 18:35:34.492,0.1256,0.086,0.2519,0.1541,0.3315,0.1571,0.2929,0.3282,0.3104,0.1408,0.1335,0.2666,0.2032,0.3814,0.2555,0.2386,0.0293,0.2347,0.0662,0.0125,3079.1941,1097.5824,3139.6337,3196.4469,-0.9777,-0.1199,-0.0369,-0.815,0.1869,0.0299,1,1,4,1,1,24.0,50.0,
2026-07-22 18:35:42.939,0.1612,0.0652,0.246,0.2417,0.2999,0.1334,0.2386,0.2647,0.2685,0.1412,0.2063,0.3106,0.2079,0.3886,0.2439,0.1524,0.0626,0.2716,0.0652,0.0306,3171.4652,4225.1282,3215.7875,3173.0769,-0.9784,-0.1201,-0.032,-1.0094,-0.0822,0.2841,1,1,4,1,1,24.0,55.2,
2026-07-22 18:35:51.388,0.3845,0.0729,0.2907,0.2765,0.3329,0.1581,0.2766,0.3098,0.1147,0.1402,0.1489,0.1951,0.1423,0.3825,0.2189,0.1897,0.0256,0.2464,0.0649,0.0289,3489.7802,2089.1941,3407.1795,3443.4432,-0.9742,-0.1179,-0.0345,-1.0243,-0.1122,-0.0,1,1,4,1,1,24.0,55.9,
2026-07-22 18:35:59.907,0.3719,0.0657,0.2692,0.2596,0.2296,0.1481,0.2741,0.2232,0.2517,0.1721,0.1993,0.3641,0.1351,0.346,0.2133,0.1475,0.0116,0.2681,0.0442,0.0055,3138.4249,4012.381,3160.5861,3119.8901,-0.9785,-0.1259,-0.0385,-1.0168,-0.1196,0.1271,1,1,4,1,1,23.9,45.0,
2026-07-22 18:36:04.240,0.2073,0.0764,0.2342,0.2309,0.3344,0.143,0.3528,0.409,0.1632,0.1402,0.1171,0.1532,0.2388,0.3848,0.2399,0.1774,0.0563,0.2556,0.056,0.0294,3088.0586,736.9597,3140.4396,3191.2088,-0.9782,-0.1226,-0.0401,-1.0318,-0.2841,0.0449,1,1,4,1,1,23.9,49.2,
2026-07-22 18:36:12.234,0.2131,0.0645,0.271,0.2778,0.3048,0.1391,0.296,0.3032,0.2673,0.1491,0.1178,0.2435,0.1615,0.3522,0.2506,0.1497,0.0533,0.2951,0.0647,0.0258,3072.3443,2056.1538,3124.7253,3092.8938,-0.9802,-0.1293,-0.0328,-1.0468,0.314,0.1794,1,1,4,1,1,23.9,50.4,
2026-07-22 18:36:20.708,0.2516,0.0787,0.2705,0.2854,0.3369,0.1556,0.2543,0.3295,0.2017,0.1592,0.1965,0.2497,0.1506,0.3783,0.2181,0.1082,0.0592,0.2282,0.0606,0.0273,3546.9963,3901.978,3461.978,3471.6484,-0.9781,-0.1209,-0.0437,-1.0767,0.2019,0.1122,1,1,4,1,1,23.9,56.3,
2026-07-22 18:36:29.015,0.2436,0.065,0.3752,0.3021,0.2929,0.1462,0.2564,0.2708,0.2086,0.1588,0.1389,0.264,0.2272,0.3639,0.1743,0.1508,0.0277,0.2661,0.0553,0.0123,3164.2125,3715.4212,3183.5531,3179.9267,-0.9783,-0.1235,-0.0408,-0.972,0.314,-0.0822,1,1,4,1,1,23.8,50.9,
2026-07-22 18:36:37.580,0.2422,0.0952,0.2673,0.2882,0.3214,0.1483,0.2639,0.306,0.1927,0.1404,0.1498,0.213,0.1918,0.3672,0.2502,0.1701,0.0518,0.249,0.0687,0.0227,3310.8791,6601.2088,3360.0366,3274.6154,-0.9773,-0.1225,-0.0385,-1.0617,0.2168,0.3738,1,1,4,1,1,23.8,50.8,
2026-07-22 18:36:41.685,0.3162,0.2218,0.283,0.3904,0.3762,0.2142,0.2223,0.3484,0.1805,0.1163,0.2163,0.1795,0.1018,0.2821,0.2166,0.0752,0.0253,0.1656,0.0618,0.0064,3415.2381,6601.2088,3365.6777,3282.2711,-0.9766,-0.1277,-0.0385,-1.0168,-0.0374,0.1944,1,1,4,1,1,23.8,49.7,
2026-07-22 18:36:45.879,0.1575,0.0674,0.2408,0.2833,0.2489,0.1416,0.2476,0.3214,0.2764,0.1546,0.1843,0.2176,0.2376,0.3781,0.2495,0.148,0.0795,0.2583,0.0778,0.0297,3519.5971,5439.5604,3450.293,3372.5275,-0.979,-0.123,-0.0362,-1.0318,-0.1645,0.172,1,1,4,1,1,23.8,50.4,
2026-07-22 18:36:54.259,0.2279,0.079,0.1956,0.2126,0.3517,0.1517,0.3179,0.3369,0.2061,0.1408,0.2228,0.3096,0.1664,0.3654,0.2052,0.1245,0.0478,0.2632,0.0585,0.0164,3095.3114,1403.0037,3105.7875,3144.8718,-0.9734,-0.121,-0.038,-0.8748,-0.1495,0.0374,1,1,4,1,1,23.8,53.5,
2026-07-22 18:37:02.665,0.2338,0.0714,0.2714,0.2753,0.3163,0.137,0.2303,0.373,0.239,0.1391,0.2462,0.221,0.1606,0.3679,0.1902,0.1148,0.0504,0.2847,0.062,0.016,3482.1245,6601.2088,3418.0586,3313.2967,-0.9785,-0.1147,-0.0393,-1.0542,-0.2766,0.3738,1,1,4,1,1,23.8,49.8,
2026-07-22 18:37:11.037,0.1751,0.0805,0.3307,0.1983,0.2757,0.1422,0.1755,0.2923,0.328,0.1472,0.2251,0.3545,0.1794,0.3848,0.2189,0.1411,0.0418,0.2454,0.0498,0.0138,3445.0549,3593.7363,3405.1648,3393.8828,-0.9763,-0.1254,-0.0353,-1.0243,0.3365,0.2991,1,1,4,1,1,23.7,48.0,
2026-07-22 18:37:19.335,0.2944,0.0643,0.2973,0.308,0.3054,0.1261,0.2839,0.2956,0.2742,0.1459,0.177,0.2736,0.106,0.3879,0.1863,0.1155,0.0199,0.2758,0.0555,0.0073,3186.3736,0.0,3241.5751,3242.7839,-0.9809,-0.1204,-0.0397,-1.0393,0.0598,0.3365,1,1,4,1,1,23.7,50.6,
2026-07-22 18:37:23.465,0.2852,0.0691,0.2466,0.2183,0.3542,0.1466,0.2876,0.427,0.1798,0.1746,0.17,0.2066,0.1364,0.3357,0.2383,0.1279,0.0443,0.274,0.0575,0.0203,3068.315,0.0,3156.1538,3232.7106,-0.9769,-0.1233,-0.0355,-1.0542,-0.4785,0.2991,1,1,4,1,1,23.7,53.0,
2026-07-22 18:37:27.946,0.2484,0.0783,0.291,0.2498,0.3163,0.1401,0.2903,0.3515,0.2476,0.1409,0.155,0.261,0.1412,0.3567,0.2035,0.1202,0.0464,0.284,0.0602,0.0175,3391.0623,6601.2088,3364.4689,3302.8205,-0.9769,-0.1188,-0.0371,-0.9346,-0.5383,0.0972,1,1,4,1,1,23.7,53.4,
2026-07-22 18:37:36.366,0.1932,0.0629,0.3186,0.228,0.2629,0.1377,0.2377,0.293,0.3744,0.1277,0.1992,0.3454,0.1335,0.3979,0.1838,0.1195,0.036,0.2738,0.0607,0.0141,3331.8315,5917.033,3425.7143,3325.3846,-0.9802,-0.1258,-0.035,-1.0393,-0.1869,0.0972,1,1,4,1,1,23.7,55.3,
2026-07-22 18:37:44.834,0.2038,0.0671,0.2852,0.2599,0.4042,0.1284,0.2562,0.3725,0.1815,0.1801,0.1777,0.2113,0.1917,0.369,0.2337,0.1497,0.0187,0.2553,0.0473,0.0067,3454.7253,1592.7839,3407.9853,3436.5934,-0.975,-0.1244,-0.0449,-0.957,0.0897,0.1421,1,1,4,1,1,23.7,51.9,
2026-07-22 18:37:53.279,0.2317,0.0591,0.2455,0.1907,0.3094,0.1256,0.2732,0.2872,0.236,0.1521,0.2016,0.2791,0.1855,0.4069,0.2236,0.2259,0.0374,0.2562,0.0561,0.0172,3589.304,5748.6081,3484.1392,3456.7399,-0.9808,-0.129,-0.0395,-0.9421,0.0748,0.0449,1,1,4,1,1,23.6,50.7,
2026-07-22 18:37:57.529,0.2143,0.0755,0.2507,0.2374,0.3005,0.1358,0.2459,0.346,0.2789,0.1678,0.1962,0.2775,0.1439,0.3826,0.2325,0.1186,0.0624,0.2383,0.0747,0.0205,3119.8901,0.0,3147.6923,3261.3187,-0.9803,-0.1292,-0.036,-1.0468,0.0897,0.0224,1,1,4,1,1,23.6,49.0,
2026-07-22 18:38:06.026,0.2573,0.068,0.2678,0.3024,0.3531,0.1409,0.2114,0.3402,0.2125,0.1609,0.1953,0.2201,0.1283,0.3715,0.2493,0.1193,0.0488,0.2587,0.0761,0.018,3536.9231,6044.359,3495.4212,3446.6667,-0.9761,-0.1286,-0.0355,-0.9047,-0.1196,0.2318,1,2,4,1,1,23.6,54.4,
2026-07-22 18:38:10.285,0.2336,0.0793,0.2855,0.2336,0.3054,0.1482,0.2824,0.2894,0.2696,0.1646,0.1925,0.3223,0.1535,0.3626,0.1876,0.1368,0.038,0.2453,0.052,0.0179,3470.4396,6601.2088,3426.5201,3341.0989,-0.9762,-0.1317,-0.0372,-1.114,-0.1047,0.1794,1,1,4,1,1,23.6,51.0,
2026-07-22 18:38:18.993,0.1992,0.0755,0.2922,0.2857,0.292,0.1506,0.3095,0.3092,0.3,0.161,0.1717,0.2462,0.1651,0.3416,0.1801,0.1401,0.0438,0.2712,0.0465,0.0188,3116.6667,4664.7253,3174.6886,3160.1832,-0.9777,-0.1258,-0.0334,-1.0168,0.0374,0.2467,1,1,4,1,1,23.6,52.0,
2026-07-22 18:38:23.340,0.2379,0.0641,0.3171,0.2468,0.2638,0.1423,0.2276,0.2423,0.2949,0.1648,0.2339,0.349,0.1646,0.3862,0.1751,0.1418,0.0389,0.2426,0.0462,0.0202,3237.1429,0.0,3264.9451,3317.326,-0.9764,-0.1304,-0.0358,-1.0393,0.2318,0.1495,1,1,4,1,1,23.6,50.6,
2026-07-22 18:38:32.139,0.2719,0.072,0.3179,0.2669,0.2334,0.1451,0.2572,0.2209,0.3015,0.1381,0.1955,0.3611,0.1603,0.3917,0.1803,0.1357,0.0328,0.253,0.049,0.0154,3146.8864,0.0,3242.381,3252.8571,-0.9778,-0.1295,-0.0364,-1.0468,0.0523,0.2243,1,1,4,1,1,23.6,48.7,
2026-07-22 18:38:40.767,0.2068,0.0621,0.3648,0.2781,0.2327,0.1437,0.2623,0.3213,0.3971,0.1462,0.1732,0.2917,0.1325,0.3732,0.1581,0.0987,0.031,0.2749,0.0417,0.0101,3324.5788,971.0623,3398.7179,3335.4579,-0.9799,-0.1312,-0.0355,-1.0468,0.0748,0.2841,1,2,4,1,1,23.5,56.7,
2026-07-22 18:38:49.285,0.1876,0.0743,0.3188,0.2233,0.3048,0.1496,0.2848,0.3608,0.2273,0.1607,0.1564,0.2024,0.2238,0.3631,0.1911,0.1956,0.0566,0.2522,0.049,0.0178,3429.7436,841.3187,3383.4066,3447.8755,-0.974,-0.122,-0.0309,-0.957,-0.3439,0.5309,1,2,4,1,1,23.5,49.5,
2026-07-22 18:38:53.556,0.2894,0.0693,0.2321,0.3241,0.3257,0.1376,0.3141,0.3287,0.203,0.1507,0.1801,0.2276,0.1458,0.3859,0.2177,0.1082,0.0361,0.2565,0.0561,0.0115,3454.3223,3151.7216,3422.0879,3426.9231,-0.9774,-0.1319,-0.0298,-0.9944,0.2094,-0.0897,1,2,4,1,1,23.5,48.0,
2026-07-22 18:39:01.903,0.2985,0.0747,0.3186,0.3591,0.3027,0.1559,0.2207,0.2641,0.2122,0.1791,0.1601,0.2272,0.1431,0.349,0.2349,0.1282,0.0434,0.2413,0.0657,0.0215,3478.9011,2420.0,3400.3297,3469.2308,-0.9823,-0.129,-0.0401,-1.0991,0.1794,0.157,1,2,4,1,1,23.5,54.5,
2026-07-22 18:39:10.427,0.2321,0.0629,0.2923,0.2358,0.3701,0.1369,0.292,0.371,0.2277,0.1659,0.1991,0.2796,0.1281,0.3868,0.1713,0.1012,0.042,0.2475,0.0452,0.0124,3243.5897,0.0,3202.8938,3289.9267,-0.9746,-0.1332,-0.0405,-1.0617,-0.2019,0.4187,1,2,4,1,1,23.5,50.9,
2026-07-22 18:39:19.005,0.3261,0.1489,0.2129,0.2742,0.4778,0.2004,0.3111,0.311,0.1058,0.1262,0.2394,0.2491,0.0796,0.3059,0.197,0.1584,0.0107,0.2186,0.0395,0.0073,3389.0476,6601.2088,3281.0623,3257.6923,-0.9783,-0.1296,-0.0325,-1.0916,-0.0299,0.2168,1,2,4,1,1,23.5,45.0,
2026-07-22 18:39:27.375,0.3137,0.0739,0.3879,0.3003,0.2932,0.13,0.2389,0.3721,0.141,0.1293,0.1287,0.1781,0.1729,0.3866,0.1869,0.1222,0.0791,0.2801,0.0575,0.0272,3597.3626,4561.978,3464.7985,3488.9744,-0.9772,-0.1266,-0.0271,-1.0168,-0.3215,0.2467,1,2,4,1,1,23.4,52.0,
2026-07-22 18:39:31.612,0.2949,0.0672,0.3032,0.2844,0.287,0.1433,0.2838,0.3508,0.2026,0.1708,0.1927,0.2251,0.1594,0.377,0.1771,0.1117,0.0561,0.2417,0.0432,0.028,3375.7509,1029.4872,3371.7216,3451.0989,-0.9753,-0.1333,-0.0305,-1.1365,0.2318,0.157,1,2,4,1,1,23.4,51.3,
2026-07-22 18:39:36.023,0.4401,0.0786,0.324,0.4077,0.2706,0.1427,0.2396,0.3062,0.16,0.1525,0.2439,0.1981,0.0998,0.3775,0.1538,0.0772,0.0295,0.2488,0.0387,0.0107,3587.2894,6601.2088,3409.5971,3384.2125,-0.9774,-0.132,-0.0332,-1.0019,0.0299,0.2243,1,2,4,1,1,23.4,55.0,
2026-07-22 18:39:44.298,0.4579,0.0763,0.2818,0.3861,0.26,0.1398,0.1763,0.3179,0.1684,0.1439,0.2947,0.1957,0.0889,0.3709,0.1944,0.0932,0.0248,0.2691,0.0528,0.0071,3031.2454,1403.0037,3133.9927,3056.2271,-0.974,-0.1281,-0.0301,-0.9795,0.015,0.3963,1,2,4,1,1,23.4,50.9,
2026-07-22 18:39:48.606,0.1734,0.0683,0.2359,0.2185,0.321,0.151,0.3036,0.2439,0.2591,0.1661,0.2009,0.3546,0.1772,0.3573,0.1951,0.1538,0.0694,0.2574,0.0644,0.0292,2980.0733,1000.0733,3068.7179,3121.9048,-0.9794,-0.1315,-0.0267,-1.0094,0.0897,0.2094,1,2,4,1,1,23.4,50.0,
2026-07-22 18:39:57.109,0.243,0.0662,0.1932,0.2866,0.3423,0.139,0.2634,0.2842,0.193,0.1644,0.2655,0.2637,0.1755,0.3804,0.209,0.1486,0.0462,0.2499,0.0689,0.0169,3070.7326,0.0,3164.6154,3247.619,-0.9833,-0.135,-0.0314,-1.0542,0.157,0.1794,1,2,4,1,1,23.3,52.9,
2026-07-22 18:40:05.465,0.3614,0.0896,0.2486,0.4258,0.2506,0.1605,0.2904,0.2821,0.1673,0.1401,0.1606,0.1563,0.1782,0.3766,0.228,0.1217,0.0425,0.2332,0.0725,0.0141,3370.1099,1240.6227,3364.0659,3423.6996,-0.9783,-0.1297,-0.0329,-1.0841,0.1944,0.2243,1,2,4,1,1,23.3,45.0,
2026-07-22 18:40:13.989,0.1786,0.0593,0.1857,0.1863,0.3779,0.127,0.2288,0.3863,0.2097,0.145,0.2561,0.2749,0.1563,0.4001,0.2469,0.1282,0.0775,0.2687,0.0826,0.0242,3033.2601,0.4029,3148.4982,3198.0586,-0.9791,-0.1311,-0.0328,-1.0393,0.1047,0.1794,1,2,4,1,1,23.3,45.0,
2026-07-22 18:40:22.102,0.3163,0.0816,0.1985,0.3147,0.2415,0.1439,0.2665,0.2647,0.2989,0.1432,0.2338,0.3217,0.1198,0.3723,0.2483,0.0909,0.0235,0.2589,0.0528,0.008,2985.3114,1165.6777,3075.5678,3094.5055,-0.9797,-0.1258,-0.0323,-0.9944,-0.3365,0.3215,1,2,4,1,1,23.3,54.6,
2026-07-22 18:40:30.457,0.3979,0.0725,0.2363,0.1716,0.2222,0.1401,0.3045,0.4281,0.1992,0.1253,0.1795,0.2752,0.1411,0.3861,0.2142,0.108,0.0397,0.276,0.0655,0.0171,3046.5568,3619.5238,3180.3297,3112.6374,-0.9775,-0.1302,-0.0342,-0.9645,0.0075,0.2019,1,2,4,1,1,23.3,48.4,
2026-07-22 18:40:38.716,0.2256,0.0783,0.1948,0.2077,0.2142,0.1382,0.2434,0.3396,0.224,0.1604,0.2201,0.2689,0.2497,0.3666,0.2531,0.156,0.0865,0.2565,0.0887,0.0279,3583.2601,6548.022,3424.5055,3391.0623,-0.9809,-0.1338,-0.0254,-0.9047,0.0972,0.1869,1,2,4,1,1,23.2,55.6,
2026-07-22 18:40:47.024,0.2589,0.0604,0.2387,0.239,0.2791,0.1471,0.268,0.3861,0.231,0.1573,0.2305,0.2454,0.176,0.3777,0.2085,0.1161,0.0549,0.2575,0.0543,0.0134,3489.3773,6601.2088,3422.0879,3362.0513,-0.979,-0.1284,-0.0294,-1.0318,0.1047,0.3664,1,2,4,1,1,23.2,48.7,
2026-07-22 18:40:55.137,0.3641,0.0734,0.181,0.3853,0.2881,0.1438,0.2566,0.2344,0.1632,0.1485,0.232,0.2214,0.1415,0.3644,0.2636,0.1472,0.0431,0.27,0.0669,0.0117,3133.5897,4588.5714,3214.1758,3114.652,-0.9781,-0.1315,-0.0301,-0.9869,0.1271,0.3888,1,2,4,1,1,23.2,50.0,
2026-07-22 18:40:59.380,0.1826,0.0743,0.1383,0.26,0.2364,0.1511,0.2864,0.3,0.2805,0.1583,0.2371,0.2095,0.2177,0.3453,0.2588,0.1994,0.0827,0.271,0.0794,0.0312,3422.4908,1647.9853,3370.1099,3406.3736,-0.9799,-0.1328,-0.0349,-1.0094,0.2094,0.2766,1,2,4,1,1,23.2,53.9,
2026-07-22 18:41:07.281,0.3344,0.0722,0.1542,0.318,0.2219,0.152,0.2648,0.3077,0.2257,0.1557,0.2886,0.2288,0.152,0.3266,0.2214,0.1283,0.066,0.2935,0.0711,0.0172,3623.956,6601.2088,3506.7033,3443.0403,-0.9811,-0.132,-0.0341,-1.0094,-0.0822,0.0748,1,2,4,1,1,23.2,54.8,
2026-07-22 18:41:15.833,0.1851,0.0584,0.2204,0.1648,0.2287,0.1299,0.2122,0.2985,0.3567,0.1717,0.2377,0.3796,0.1648,0.3917,0.257,0.1387,0.0647,0.2484,0.0727,0.0183,3257.6923,6024.6154,3278.2418,3230.696,-0.981,-0.1342,-0.0324,-1.0393,0.1421,0.2617,1,2,4,1,1,23.1,53.5,
2026-07-22 18:41:24.247,0.2633,0.0773,0.164,0.2933,0.3489,0.1491,0.2693,0.3486,0.2315,0.1482,0.2763,0.2509,0.1194,0.3561,0.223,0.0947,0.0369,0.2692,0.0675,0.0125,2977.6557,355.3846,3187.1795,3102.5641,-0.9761,-0.1314,-0.0378,-1.0468,0.1047,0.157,1,2,4,1,1,23.1,55.6,
2026-07-22 18:41:32.746,0.1046,0.0689,0.1303,0.0944,0.2341,0.1495,0.2748,0.2412,0.3102,0.1485,0.2444,0.3695,0.3044,0.3604,0.2841,0.2827,0.0466,0.2726,0.0664,0.0123,3649.7436,6303.8462,3521.6117,3447.0696,-0.9802,-0.1296,-0.0341,-1.0692,0.015,0.2168,1,2,4,1,1,23.1,50.8,
2026-07-22 18:41:37.020,0.1586,0.0744,0.1839,0.136,0.3149,0.1342,0.2579,0.3188,0.3197,0.1451,0.2156,0.4243,0.1279,0.3695,0.2592,0.0978,0.0788,0.2769,0.0834,0.0232,3258.0952,5627.7289,3298.3883,3194.4322,-0.9759,-0.1249,-0.0321,-0.972,0.2991,0.4411,1,2,4,1,1,23.1,53.7,
2026-07-22 18:41:41.140,0.2053,0.0678,0.18,0.1782,0.298,0.144,0.26,0.3314,0.3108,0.1751,0.2165,0.4055,0.117,0.3816,0.2693,0.0697,0.069,0.2316,0.0743,0.0152,3440.2198,6601.2088,3378.1685,3275.4212,-0.9756,-0.1316,-0.0327,-0.9795,-0.2318,0.1047,1,2,4,1,1,23.1,52.9,
2026-07-22 18:41:49.687,0.2394,0.0771,0.2045,0.304,0.2954,0.1579,0.1962,0.2933,0.2681,0.1657,0.2136,0.3095,0.126,0.3606,0.3124,0.0737,0.0711,0.2388,0.0732,0.0196,3589.304,4040.989,3493.4066,3499.4505,-0.9728,-0.1322,-0.0284,-1.0393,-0.3963,0.0449,1,2,4,1,1,23.1,51.1,
2026-07-22 18:41:58.645,0.1737,0.0644,0.1998,0.1918,0.2909,0.1318,0.2763,0.4028,0.284,0.18,0.2085,0.2766,0.2,0.3819,0.2398,0.1178,0.0514,0.242,0.0755,0.0111,3638.4615,4998.3516,3442.6374,3490.5861,-0.9775,-0.1319,-0.0353,-0.9271,-0.1346,0.1122,1,2,4,1,1,23.0,45.0,
2026-07-22 18:42:07.280,0.1842,0.0826,0.1816,0.2244,0.3016,0.1459,0.2375,0.2681,0.2002,0.146,0.2283,0.2881,0.2509,0.3523,0.2834,0.2023,0.0631,0.2733,0.0692,0.0171,3125.1282,4233.5897,3215.7875,3144.8718,-0.9758,-0.1312,-0.0349,-1.0542,-0.2617,0.1869,1,2,4,1,1,23.0,50.9,
2026-07-22 18:42:11.778,0.1548,0.0696,0.1719,0.1799,0.2457,0.1426,0.2635,0.2832,0.3529,0.1507,0.2391,0.4231,0.1603,0.3723,0.2458,0.097,0.0863,0.2647,0.0797,0.0168,3734.359,5335.6044,3512.3443,3551.0256,-0.9754,-0.1309,-0.028,-0.9496,-0.3439,0.0598,1,2,4,1,1,23.0,50.0,
2026-07-22 18:42:20.532,0.1886,0.0811,0.1616,0.1914,0.2593,0.1464,0.2884,0.3596,0.2428,0.1322,0.2281,0.2755,0.2018,0.3741,0.2461,0.1357,0.1075,0.2661,0.0758,0.0379,3556.6667,6601.2088,3441.4286,3349.9634,-0.9793,-0.1326,-0.0381,-1.1365,0.1271,0.1346,1,2,4,1,1,23.0,54.4,
2026-07-22 18:42:24.946,0.2562,0.0649,0.1918,0.1789,0.1726,0.1386,0.2865,0.274,0.3402,0.1323,0.2217,0.3527,0.1534,0.3807,0.2283,0.1574,0.0775,0.2835,0.0718,0.037,3661.8315,6601.2088,3447.4725,3439.8168,-0.9792,-0.1311,-0.0347,-0.972,-0.157,0.1869,1,2,4,1,1,23.0,54.1,
2026-07-22 18:42:33.582,0.2608,0.0818,0.1623,0.1805,0.2161,0.1488,0.2394,0.267,0.3281,0.1268,0.2855,0.3853,0.1324,0.3692,0.237,0.1462,0.0626,0.2734,0.0758,0.021,3022.381,0.0,3184.7619,3193.6264,-0.9764,-0.1329,-0.0325,-1.0841,0.2617,-0.0075,1,2,4,1,1,23.0,55.2,
2026-07-22 18:42:41.987,0.202,0.0893,0.1843,0.265,0.2781,0.1566,0.2668,0.2619,0.2499,0.1371,0.214,0.2633,0.1837,0.3711,0.2598,0.1884,0.0863,0.2459,0.0751,0.0213,3584.0659,6601.2088,3390.6593,3352.381,-0.9758,-0.1322,-0.0352,-0.9421,0.1645,0.0075,1,2,4,1,1,22.9,50.9,
2026-07-22 18:42:46.607,0.1853,0.0887,0.154,0.1577,0.3573,0.1575,0.3693,0.2442,0.2653,0.1334,0.2673,0.3854,0.1691,0.3837,0.1696,0.2037,0.0229,0.2368,0.0398,0.0091,3265.348,270.3663,3267.3626,3401.5385,-0.9774,-0.1343,-0.0333,-1.2038,0.0075,0.2019,1,2,4,1,1,22.9,53.7,
2026-07-22 18:42:53.290,0.0798,0.0833,0.1462,0.065,0.2723,0.1427,0.2565,0.2897,0.2227,0.1437,0.2056,0.2987,0.3416,0.374,0.3246,0.328,0.0836,0.2563,0.067,0.0186,3005.0549,2457.8755,3158.5714,3055.4212,-0.975,-0.1292,-0.0407,-1.0243,-0.1645,0.2467,1,2,4,1,1,22.9,52.8,
2026-07-22 18:43:02.872,0.0938,0.0716,0.1913,0.1317,0.2332,0.1342,0.269,0.2901,0.1977,0.1466,0.1731,0.2205,0.35,0.3835,0.2841,0.3297,0.1253,0.2641,0.0826,0.0279,2983.6996,1139.4872,3107.8022,3087.2527,-0.9769,-0.1277,-0.0276,-1.0393,-0.3738,0.4037,1,2,4,1,1,22.9,51.7,
2026-07-22 18:43:07.732,0.243,0.0805,0.1307,0.3283,0.3241,0.1577,0.246,0.2977,0.1744,0.1504,0.2425,0.2124,0.1715,0.3736,0.2989,0.1354,0.087,0.2378,0.0818,0.0262,3689.6337,6107.2161,3482.9304,3543.7729,-0.9744,-0.1335,-0.0296,-1.0617,-0.1421,0.1794,1,2,4,1,1,22.8,53.9,
2026-07-22 18:43:16.433,0.2422,0.0663,0.1662,0.2962,0.3223,0.141,0.2157,0.3287,0.1749,0.1577,0.2521,0.2202,0.1772,0.4004,0.2947,0.1351,0.0834,0.2346,0.0713,0.0199,3072.7473,0.0,3189.5971,3218.6081,-0.9733,-0.1339,-0.0323,-0.957,-0.3738,-0.1047,1,2,4,1,1,22.8,53.3,
2026-07-22 18:43:20.815,0.1704,0.0861,0.1709,0.2349,0.3621,0.1461,0.3142,0.2744,0.249,0.1621,0.2029,0.3354,0.168,0.3888,0.2432,0.1444,0.0506,0.217,0.0688,0.0108,3652.967,4799.707,3521.6117,3520.0,-0.9792,-0.1295,-0.0338,-0.8673,0.4037,0.2467,1,2,4,1,1,22.8,50.7,
2026-07-22 18:43:29.328,0.2589,0.082,0.2257,0.2865,0.2803,0.1556,0.2891,0.2857,0.2355,0.1557,0.1609,0.2618,0.1799,0.3455,0.2546,0.1548,0.0454,0.2613,0.0697,0.0112,3214.1758,5333.9927,3262.1245,3145.6777,-0.9771,-0.1314,-0.0327,-0.9196,0.2991,-0.0224,1,2,4,1,1,22.8,48.8,
2026-07-22 18:43:38.305,0.1836,0.0838,0.1529,0.2121,0.246,0.1433,0.286,0.2512,0.2957,0.1358,0.1704,0.2824,0.2339,0.3888,0.3265,0.2444,0.0409,0.2483,0.0642,0.0099,3220.2198,0.0,3242.381,3343.1136,-0.9785,-0.1315,-0.0381,-0.9795,-0.3365,0.1645,1,2,4,1,1,22.8,45.0,
2026-07-22 18:43:46.695,0.1231,0.088,0.1849,0.1421,0.2195,0.1561,0.2467,0.2619,0.2823,0.149,0.1828,0.3335,0.2801,0.3659,0.2977,0.2387,0.0951,0.241,0.0878,0.0238,3686.4103,4719.1209,3496.63,3544.5788,-0.9764,-0.1305,-0.0327,-0.9271,-0.4112,0.0374,1,2,4,1,1,22.7,49.1,
2026-07-22 18:43:51.044,0.3065,0.0793,0.1138,0.2938,0.3174,0.1456,0.2614,0.3537,0.1543,0.1368,0.2907,0.2114,0.1512,0.3778,0.2644,0.1236,0.0706,0.2605,0.0697,0.0174,3186.3736,0.0,3238.3516,3303.6264,-0.9784,-0.1261,-0.0315,-0.9496,0.1196,0.2168,1,2,4,1,1,22.7,55.3,
2026-07-22 18:43:59.637,0.259,0.0864,0.1882,0.1754,0.2867,0.1695,0.235,0.3102,0.2034,0.1422,0.2701,0.3357,0.1667,0.3415,0.2406,0.1581,0.0841,0.2604,0.066,0.0205,2893.0403,14.1026,3063.8828,3080.8059,-0.9751,-0.1353,-0.0325,-0.9645,-0.1495,0.0224,1,2,4,1,1,22.7,54.1,
2026-07-22 18:44:08.067,0.1798,0.0704,0.2886,0.2438,0.2966,0.1469,0.1777,0.339,0.2281,0.1608,0.2619,0.2496,0.2095,0.3784,0.203,0.1441,0.0861,0.2434,0.0689,0.0235,3341.0989,1002.0879,3320.1465,3428.5348,-0.9768,-0.1299,-0.0327,-0.9496,-0.3589,0.1944,1,2,4,1,1,22.7,50.9,
2026-07-22 18:44:16.576,0.2374,0.0763,0.1738,0.2103,0.3011,0.143,0.2602,0.3008,0.2455,0.1559,0.2516,0.3519,0.1472,0.3712,0.2408,0.1169,0.0689,0.2537,0.0736,0.0201,3642.8938,6193.0403,3537.326,3488.9744,-0.9741,-0.1273,-0.0276,-0.9645,-0.3514,0.2094,1,2,4,1,1,22.7,55.9,
2026-07-22 18:44:25.566,0.1429,0.0892,0.1233,0.1839,0.2687,0.1339,0.2581,0.2976,0.3542,0.1559,0.288,0.4121,0.1567,0.365,0.2613,0.0917,0.0775,0.2561,0.0693,0.0148,3167.033,5000.7692,3228.2784,3104.9817,-0.9764,-0.1293,-0.035,-1.0542,-0.015,0.0523,1,2,4,1,1,22.7,52.2,
2026-07-22 18:44:29.993,0.2507,0.0676,0.1899,0.3048,0.2415,0.153,0.2673,0.3589,0.2947,0.1497,0.2575,0.2064,0.1586,0.3631,0.2253,0.1189,0.0545,0.2666,0.06,0.0109,3104.9817,4270.2564,3226.2637,3064.6886,-0.9746,-0.1235,-0.0352,-0.9645,-0.1271,0.314,1,2,4,1,1,22.6,53.1,
2026-07-22 18:44:34.503,0.1969,0.0614,0.2232,0.2421,0.2369,0.1575,0.2397,0.2634,0.3428,0.1602,0.255,0.3402,0.1614,0.3599,0.213,0.1406,0.0619,0.2611,0.0691,0.0136,3620.7326,2751.6117,3497.033,3613.0769,-0.9764,-0.1279,-0.0374,-1.0767,-0.1421,0.2617,1,2,4,1,1,22.6,49.7,
2026-07-22 18:44:43.252,0.1241,0.0819,0.1743,0.094,0.1919,0.1485,0.2356,0.1477,0.3014,0.1643,0.2576,0.4181,0.31,0.3408,0.2621,0.3216,0.0726,0.2645,0.0704,0.0186,3511.5385,6601.2088,3418.8645,3358.022,-0.9788,-0.1301,-0.0386,-1.0393,0.0673,0.2766,1,2,4,1,1,22.6,45.0,
2026-07-22 18:44:51.997,0.0408,0.0757,0.1893,0.0415,0.3433,0.1426,0.2376,0.3439,0.2437,0.1436,0.1824,0.1991,0.3052,0.3732,0.3058,0.3926,0.067,0.2648,0.0849,0.0229,3005.0549,2922.4542,3135.6044,3052.1978,-0.9734,-0.1248,-0.035,-0.9795,0.0897,0.2766,1,2,4,1,1,22.6,56.4,
2026-07-22 18:45:00.716,0.0472,0.0719,0.158,0.0466,0.3423,0.1415,0.211,0.354,0.2107,0.1722,0.1828,0.3338,0.3058,0.3684,0.3521,0.2416,0.0941,0.246,0.0961,0.024,3054.2125,2489.304,3159.3773,3091.685,-0.9767,-0.1315,-0.0375,-1.0094,-0.3065,0.3439,1,2,4,1,1,22.6,62.9,
2026-07-22 18:45:05.159,0.0629,0.0917,0.2303,0.0594,0.2591,0.1526,0.2041,0.3578,0.2778,0.1411,0.1572,0.2639,0.3112,0.3498,0.3047,0.2908,0.089,0.2648,0.1038,0.0282,3148.4982,5185.7143,3204.9084,3110.6227,-0.9755,-0.1268,-0.0393,-0.957,-0.2766,0.0897,1,2,4,1,1,22.6,63.2,
2026-07-22 18:45:13.710,0.0479,0.0893,0.2497,0.079,0.2708,0.1572,0.2386,0.3752,0.2506,0.1344,0.1599,0.2347,0.3075,0.3663,0.2737,0.2845,0.1231,0.2528,0.0781,0.0266,2945.8242,1630.6593,3074.359,3044.1392,-0.9772,-0.1271,-0.0389,-1.0019,0.0897,0.3514,1,2,4,1,1,22.5,60.2,
2026-07-22 18:45:18.140,0.0537,0.0714,0.177,0.0766,0.2451,0.1455,0.2566,0.3706,0.3235,0.1539,0.2023,0.306,0.2675,0.37,0.2714,0.2151,0.1101,0.2592,0.0926,0.0316,3125.5311,5201.8315,3248.4249,3152.5275,-0.9763,-0.1272,-0.0369,-1.0767,-0.0374,0.2841,1,2,4,1,1,22.5,58.4,
2026-07-22 18:45:26.731,0.0593,0.0801,0.183,0.052,0.2235,0.1433,0.2297,0.3624,0.2904,0.1564,0.2088,0.3097,0.3156,0.3721,0.284,0.2516,0.1111,0.2481,0.0945,0.0243,3627.9853,3752.0879,3478.9011,3563.1136,-0.9783,-0.1265,-0.042,-1.0916,-0.1047,0.2243,1,2,4,1,1,22.5,56.2,
2026-07-22 18:45:35.505,0.2877,0.0798,0.1965,0.4933,0.2199,0.1542,0.2313,0.2395,0.1902,0.1453,0.1528,0.1119,0.2062,0.3771,0.3235,0.1387,0.0959,0.2436,0.0959,0.0166,3490.989,1946.5568,3402.3443,3468.022,-0.9764,-0.1275,-0.0459,-0.9346,-0.0523,0.2094,1,2,4,1,1,22.5,52.9,
2026-07-22 18:45:44.161,0.3177,0.0766,0.1434,0.4942,0.2146,0.1398,0.2692,0.2028,0.185,0.1664,0.1575,0.1552,0.1811,0.386,0.3361,0.1238,0.1015,0.2313,0.0938,0.024,3745.2381,6306.6667,3450.293,3544.5788,-0.9774,-0.1295,-0.0579,-1.0168,0.0224,0.2243,1,2,4,1,1,22.5,57.1,
2026-07-22 18:45:51.822,0.4613,0.8055,0.2349,0.3182,0.2259,0.1135,0.2718,0.3486,0.128,0.0221,0.1659,0.1342,0.1153,0.0369,0.2202,0.1246,0.0695,0.022,0.1073,0.0744,2921.2454,2601.7216,3142.0513,3098.1319,-0.9774,-0.1266,-0.0453,-1.3383,-0.8374,0.9869,1,2,4,1,2,22.4,58.7,
2026-07-22 18:45:55.092,0.4282,0.5318,0.2958,0.4571,0.3513,0.2343,0.2121,0.2181,0.1132,0.0767,0.1567,0.0951,0.0767,0.1036,0.2379,0.155,0.0306,0.0536,0.0975,0.0748,3192.8205,6601.2088,3289.1209,3191.2088,-0.8547,-0.1612,0.4739,-2.8487,0.5757,-2.0262,1,4,4,1,1,22.4,72.2,
2026-07-22 18:45:58.010,0.4818,0.4201,0.5604,0.2861,0.3224,0.3163,0.3311,0.2771,0.101,0.1294,0.0677,0.2039,0.0741,0.1077,0.032,0.1925,0.0207,0.0264,0.0088,0.0403,4483.8095,65.6777,3344.7253,3578.8278,-0.8752,-0.1164,0.4462,-1.4505,0.7851,-0.1196,0,4,4,4,4,22.4,70.9,
2026-07-22 18:46:01.665,0.3772,0.4578,0.5176,0.2813,0.3318,0.3023,0.3616,0.3682,0.1611,0.1153,0.0823,0.1904,0.1073,0.1024,0.0327,0.1377,0.0226,0.0222,0.0057,0.0225,3181.9414,3054.6154,3318.5348,3406.3736,-0.2582,-0.713,0.6556,-0.6804,2.3477,-3.5515,1,4,4,1,4,22.4,71.1,
2026-07-22 18:46:02.325,0.3124,0.5225,0.5264,0.3912,0.2829,0.2818,0.3309,0.3351,0.2361,0.0971,0.0935,0.1477,0.1471,0.083,0.0434,0.1095,0.0215,0.0156,0.0058,0.0165,3022.7839,1.6117,3352.7839,2957.1062,-0.2028,-0.7338,0.6499,-2.1982,-0.3365,-7.0731,0,4,4,4,4,22.4,71.6,
2026-07-22 18:46:03.354,0.2953,0.5664,0.5551,0.4078,0.2787,0.2479,0.3216,0.3414,0.2514,0.0815,0.0763,0.1349,0.1526,0.0813,0.0423,0.0997,0.022,0.0229,0.0046,0.0162,3509.5238,3954.7619,3434.1758,3248.022,-0.202,-0.7721,0.631,-1.3159,-0.1122,0.6056,1,4,4,1,2,22.4,72.2,
2026-07-22 18:46:04.405,0.3438,0.6074,0.6118,0.4769,0.258,0.2446,0.2725,0.3183,0.2326,0.0652,0.0637,0.1041,0.1461,0.0615,0.0464,0.0866,0.0195,0.0214,0.0056,0.0141,2357.1429,2444.9817,3889.0842,3831.4652,-0.2208,-0.7421,0.6193,-0.5682,1.3683,0.5682,0,4,4,4,4,22.4,72.8,
2026-07-22 18:46:05.408,0.3524,0.582,0.6011,0.5721,0.2359,0.2559,0.2749,0.2671,0.2456,0.0745,0.0654,0.0851,0.1481,0.0624,0.0522,0.0656,0.018,0.0252,0.0064,0.0101,2049.707,5738.1319,3074.7619,3341.0989,-0.2659,-0.7463,0.6198,-2.3701,4.3066,2.4599,0,4,4,4,4,22.4,72.8,
2026-07-22 18:46:06.535,0.3481,0.5512,0.5868,0.5481,0.2434,0.2639,0.2849,0.266,0.2472,0.0786,0.069,0.1055,0.1448,0.0759,0.0526,0.0697,0.0165,0.0305,0.0068,0.0106,3005.8608,2073.4799,3171.0623,3684.3956,-0.2908,-0.7546,0.5958,-1.2935,1.3757,-0.0,0,4,4,4,4,22.4,72.6,
2026-07-22 18:46:07.539,0.3632,0.4785,0.6071,0.4171,0.2395,0.3109,0.3083,0.3592,0.2392,0.0938,0.0423,0.1207,0.1417,0.0878,0.0383,0.0852,0.0164,0.029,0.004,0.0177,2291.4652,851.7949,2641.6117,2584.7985,-0.3039,-0.7639,0.6074,-1.8767,0.0075,0.8,0,4,4,4,4,22.4,72.0,
