TimeStamp,Delta_TP9,Delta_AF7,Delta_AF8,Delta_TP10,Theta_TP9,Theta_AF7,Theta_AF8,Theta_TP10,Alpha_TP9,Alpha_AF7,Alpha_AF8,Alpha_TP10,Beta_TP9,Beta_AF7,Beta_AF8,Beta_TP10,Gamma_TP9,Gamma_AF7,Gamma_AF8,Gamma_TP10,RAW_TP9,RAW_AF7,RAW_AF8,RAW_TP10,Accelerometer_X,Accelerometer_Y,Accelerometer_Z,Gyro_X,Gyro_Y,Gyro_Z,HeadBandOn,HSI_TP9,HSI_AF7,HSI_AF8,HSI_TP10,Battery,Heart_Rate,Elements
2026-07-29 18:09:33.986,0.4143,0.4003,0.6207,0.4831,0.2869,0.3231,0.2633,0.267,0.1105,0.1192,0.0758,0.1161,0.1341,0.1355,0.0334,0.112,0.0543,0.0218,0.0067,0.0217,3386.63,3391.8681,3375.348,3419.6703,-0.0566,-0.2439,0.9777,-1.5701,0.3664,1.3683,1,1,1,1,2,42.4,,
2026-07-29 18:09:34.991,0.4303,0.396,0.615,0.49,0.2924,0.3264,0.2723,0.2693,0.1019,0.1194,0.0732,0.1121,0.1246,0.1362,0.0329,0.1079,0.0509,0.022,0.0066,0.0208,3411.2088,3345.1282,3416.8498,3374.9451,-0.0405,-0.298,0.9818,-6.3777,1.114,4.83,1,1,1,1,2,42.4,,
2026-07-29 18:09:36.043,0.4395,0.3746,0.6199,0.4958,0.2876,0.3408,0.2677,0.269,0.1017,0.1208,0.0732,0.1115,0.1236,0.1407,0.0333,0.105,0.0476,0.0231,0.0058,0.0187,3353.1868,3404.7619,3453.5165,3237.5458,0.0388,-0.2529,1.0018,-29.0474,-18.1836,12.1648,1,1,1,1,4,42.4,,
2026-07-29 18:09:37.043,0.4476,0.3828,0.6287,0.5254,0.2893,0.3494,0.261,0.2501,0.099,0.1101,0.0734,0.1104,0.1203,0.1357,0.032,0.0994,0.0438,0.0219,0.0049,0.0148,3169.8535,3333.0403,3546.1905,3571.978,-0.2803,-0.2562,0.7722,9.1367,0.6056,2.0486,1,1,2,1,4,42.4,,
2026-07-29 18:09:38.045,0.4501,0.5765,0.6264,0.5931,0.304,0.2887,0.2339,0.2238,0.0915,0.0508,0.1023,0.0969,0.116,0.0735,0.0315,0.0754,0.0384,0.0105,0.0059,0.0109,3366.4835,3477.6923,3475.2747,3923.7363,-0.8996,0.1315,0.4668,-11.3573,44.8683,18.3331,1,2,2,2,4,42.4,45.0,
2026-07-29 18:09:39.085,0.4646,0.5637,0.5742,0.6201,0.3206,0.3067,0.2605,0.2187,0.0789,0.0454,0.1107,0.0901,0.1032,0.0735,0.0458,0.0606,0.0328,0.0107,0.0089,0.0104,3756.9231,3360.0366,3262.5275,3435.3846,-0.9966,0.0433,0.186,13.6601,20.0902,-35.6718,1,2,1,1,4,42.4,45.0,
2026-07-29 18:09:40.126,0.4426,0.5777,0.4986,0.6107,0.3439,0.2966,0.3219,0.2225,0.0679,0.0488,0.1121,0.0923,0.1107,0.0671,0.0551,0.0637,0.0349,0.0098,0.0123,0.0108,2185.8974,3255.2747,3357.619,3763.7729,-1.002,-0.1132,-0.1022,-0.5682,2.6393,-3.7833,1,4,1,1,4,42.4,45.0,
2026-07-29 18:09:41.153,0.4017,0.5804,0.5239,0.6129,0.3606,0.2917,0.3114,0.2219,0.1228,0.0513,0.1006,0.0925,0.095,0.067,0.053,0.0621,0.0199,0.0095,0.0112,0.0106,3511.9414,3508.7179,3374.5421,3202.4908,-0.8566,-0.1946,0.4924,20.9351,-20.9874,9.3909,1,4,1,1,4,42.4,45.0,
2026-07-29 18:09:42.184,0.3444,0.5512,0.5304,0.5985,0.3895,0.3203,0.2957,0.237,0.1556,0.0561,0.1063,0.0931,0.0907,0.0622,0.0558,0.061,0.0198,0.0102,0.0119,0.0103,2863.6264,3330.6227,3454.7253,2928.9011,-0.9209,-0.1928,0.2328,3.0431,55.119,9.9068,1,4,1,1,4,42.4,45.0,
2026-07-29 18:09:43.232,0.3665,0.553,0.5329,0.5927,0.3709,0.3167,0.2866,0.2414,0.1505,0.0576,0.11,0.0947,0.0915,0.062,0.058,0.0606,0.0205,0.0108,0.0126,0.0105,3313.6996,3493.8095,3487.7656,3609.0476,-0.9243,-0.1349,-0.3299,-2.3253,1.772,-3.3197,1,2,1,1,4,42.4,45.0,
2026-07-29 18:09:44.288,0.4257,0.5605,0.531,0.5819,0.3337,0.3132,0.2872,0.2603,0.1372,0.0594,0.1107,0.091,0.0842,0.0571,0.0582,0.057,0.0193,0.0098,0.013,0.0098,3013.9194,3603.0037,3380.1832,3349.5604,-0.9001,-0.166,-0.3474,-1.7795,-0.972,2.3402,1,4,4,1,4,42.4,45.0,
2026-07-29 18:09:45.332,0.4235,0.5993,0.5201,0.5742,0.326,0.2804,0.3034,0.2704,0.1419,0.0803,0.1005,0.0905,0.0886,0.0346,0.0622,0.055,0.0201,0.0054,0.0138,0.0099,3570.7692,3243.5897,3249.6337,3535.3114,-0.9367,-0.0671,-0.3008,0.8524,-2.7664,3.2225,1,2,4,1,1,42.4,45.0,
2026-07-29 18:09:46.372,0.4242,0.5961,0.5064,0.5553,0.3027,0.2783,0.3485,0.2906,0.1483,0.0904,0.0641,0.0885,0.1022,0.0293,0.0664,0.0554,0.0226,0.0059,0.0145,0.0102,3147.6923,3301.6117,3351.5751,3094.1026,-0.9232,-0.1378,-0.3117,-1.2561,0.1122,1.9141,1,2,1,1,1,42.4,80.5,
2026-07-29 18:09:47.433,0.4327,0.6158,0.5403,0.5554,0.3018,0.2648,0.3242,0.2919,0.1449,0.0881,0.0598,0.0881,0.0994,0.0258,0.0617,0.0546,0.0211,0.0055,0.014,0.01,3395.4945,3358.4249,3301.6117,3399.1209,-0.9243,-0.1207,-0.3162,0.2692,0.7701,-0.3065,1,2,1,1,1,42.4,81.8,
2026-07-29 18:09:48.444,0.4183,0.6114,0.5336,0.5532,0.3083,0.2681,0.2602,0.2964,0.1523,0.0893,0.0868,0.0892,0.1007,0.0257,0.0921,0.0517,0.0205,0.0055,0.0272,0.0096,3060.6593,3333.4432,3347.1429,3443.8462,-0.9491,-0.1462,-0.2821,0.4112,-1.286,2.6842,1,2,1,1,1,42.4,81.9,
2026-07-29 18:09:49.462,0.459,0.6171,0.4182,0.5223,0.2875,0.2639,0.2925,0.3286,0.1248,0.0888,0.1168,0.0887,0.1042,0.0248,0.1281,0.0508,0.0245,0.0053,0.0443,0.0095,3270.5861,3385.4212,3335.0549,3302.4176,-0.9299,-0.1479,-0.3171,-0.6804,-0.172,0.0822,1,2,1,1,1,42.4,80.7,
2026-07-29 18:09:50.474,0.5158,0.6256,0.3952,0.5444,0.225,0.2547,0.2872,0.3173,0.1172,0.0893,0.1254,0.079,0.117,0.0251,0.1391,0.05,0.025,0.0052,0.0531,0.0093,3458.3516,3296.3736,3334.652,3235.5311,-0.9243,-0.1551,-0.3207,-1.0393,0.3963,-0.0,1,1,1,1,1,42.4,78.6,
2026-07-29 18:09:51.477,0.4664,0.6246,0.3319,0.5411,0.2513,0.2551,0.3169,0.321,0.1306,0.0897,0.1378,0.0795,0.1254,0.0255,0.1563,0.0497,0.0262,0.0051,0.0571,0.0086,3374.1392,3268.1685,3322.1612,3312.4908,-0.9231,-0.1523,-0.3292,-1.1963,-0.5608,0.0748,1,1,1,1,1,42.4,71.4,
2026-07-29 18:09:52.487,0.3919,0.6277,0.3111,0.4535,0.2885,0.2485,0.3179,0.3573,0.147,0.0917,0.1472,0.085,0.1437,0.0264,0.1637,0.0875,0.029,0.0058,0.0601,0.0166,3275.8242,3335.4579,3318.1319,3350.7692,-0.9216,-0.1417,-0.3265,-1.2337,-0.0897,0.4187,1,1,1,1,1,42.4,68.8,
2026-07-29 18:09:53.555,0.3923,0.5924,0.3169,0.3847,0.3235,0.2559,0.304,0.3864,0.1302,0.0944,0.1354,0.1009,0.1284,0.0428,0.1685,0.1102,0.0256,0.0145,0.0753,0.0178,3311.685,3315.7143,3316.9231,3171.0623,-0.9171,-0.1454,-0.3295,-0.6206,-0.3813,-0.1869,1,1,1,1,1,42.4,65.9,
2026-07-29 18:09:54.712,0.3265,0.5179,0.3514,0.3295,0.426,0.2357,0.2967,0.3375,0.1294,0.1033,0.1247,0.129,0.1,0.1107,0.1517,0.1773,0.0182,0.0325,0.0756,0.0268,3304.4322,3365.2747,3264.1392,3305.2381,-0.9189,-0.1432,-0.3292,-0.8972,-0.0449,0.1047,1,1,1,1,1,42.4,64.8,
2026-07-29 18:09:55.668,0.2591,0.3951,0.317,0.2824,0.4625,0.3033,0.3144,0.3559,0.1522,0.1308,0.1323,0.1494,0.1048,0.1281,0.1532,0.1855,0.0214,0.0427,0.0832,0.0269,3356.4103,3316.9231,3353.5897,3445.8608,-0.9175,-0.1432,-0.3318,-0.7477,-0.172,0.015,1,1,1,1,1,42.4,64.3,
2026-07-29 18:09:56.636,0.2964,0.3916,0.3865,0.2865,0.3929,0.2985,0.3107,0.3415,0.1746,0.1398,0.1155,0.1523,0.1114,0.1252,0.1226,0.1922,0.0247,0.0449,0.0647,0.0276,3302.8205,3293.5531,3282.2711,3329.8168,-0.9224,-0.1472,-0.3286,-1.3458,0.4411,0.015,1,1,1,1,1,42.4,64.0,
2026-07-29 18:09:57.744,0.3035,0.3216,0.3766,0.256,0.2913,0.3264,0.3337,0.3355,0.2134,0.153,0.1138,0.1778,0.1641,0.146,0.1183,0.2014,0.0276,0.053,0.0576,0.0293,3312.0879,3310.0733,3344.7253,3310.0733,-0.9144,-0.137,-0.334,-0.6654,0.0523,0.7925,1,1,1,1,1,42.4,63.8,
2026-07-29 18:09:58.748,0.2684,0.3413,0.4094,0.238,0.2798,0.3247,0.3162,0.3752,0.209,0.1435,0.1099,0.1951,0.2088,0.1405,0.1108,0.1661,0.0339,0.05,0.0536,0.0257,3285.8974,3336.2637,3340.293,3380.989,-0.918,-0.1467,-0.3329,-0.7925,0.0822,0.0972,1,1,1,1,1,42.3,64.0,
2026-07-29 18:09:59.849,0.2442,0.3629,0.4302,0.2302,0.2865,0.3228,0.305,0.3278,0.2251,0.1336,0.1071,0.2311,0.2102,0.1317,0.1057,0.1836,0.0339,0.0491,0.0521,0.0273,3399.1209,3324.5788,3305.641,3248.022,-0.9188,-0.1387,-0.3291,-1.0094,0.1346,0.1645,1,1,1,1,1,42.3,64.6,
2026-07-29 18:10:00.815,0.2382,0.3563,0.4445,0.2142,0.2956,0.3197,0.2883,0.3143,0.2362,0.1399,0.109,0.2666,0.1987,0.1365,0.1086,0.1782,0.0313,0.0476,0.0497,0.0266,3378.1685,3344.3223,3335.4579,3305.2381,-0.9186,-0.1413,-0.3363,-1.0094,-0.1495,0.2094,1,1,1,1,1,42.3,65.3,
2026-07-29 18:10:01.910,0.2502,0.379,0.4485,0.226,0.304,0.2724,0.2871,0.3187,0.2282,0.1492,0.1116,0.2466,0.1895,0.1515,0.1105,0.1831,0.028,0.0478,0.0423,0.0256,3387.8388,3345.9341,3343.1136,3508.315,-0.9208,-0.1424,-0.3353,-1.0094,-0.2467,0.3664,1,1,1,1,1,42.3,66.1,
2026-07-29 18:10:02.944,0.2993,0.4359,0.48,0.2869,0.2887,0.2436,0.2672,0.3057,0.2088,0.134,0.1128,0.2182,0.1789,0.1429,0.105,0.1656,0.0243,0.0437,0.035,0.0237,3360.8425,3349.1575,3319.7436,3252.0513,-0.9186,-0.1405,-0.3385,-1.0393,0.172,0.471,1,1,1,1,1,42.3,66.5,
2026-07-29 18:10:03.988,0.3501,0.4595,0.5132,0.3054,0.2601,0.2387,0.2407,0.2887,0.1791,0.12,0.1054,0.2016,0.1869,0.1409,0.1065,0.1777,0.0238,0.0409,0.0342,0.0265,3275.0183,3339.8901,3337.8755,3304.4322,-0.9171,-0.1505,-0.3307,-1.3458,0.2467,0.5981,1,1,1,1,1,42.3,66.5,
2026-07-29 18:10:05.001,0.3465,0.4665,0.5042,0.2834,0.2581,0.2436,0.2336,0.2978,0.1722,0.1051,0.1067,0.2076,0.1987,0.1397,0.1168,0.1838,0.0245,0.0452,0.0387,0.0274,3351.978,3336.2637,3337.4725,3429.7436,-0.9205,-0.1447,-0.3368,-1.3383,-0.015,0.4187,1,1,1,1,1,42.3,66.2,
2026-07-29 18:10:06.029,0.3485,0.4828,0.5262,0.3046,0.2629,0.229,0.2085,0.2799,0.1783,0.1032,0.1038,0.2025,0.184,0.138,0.1194,0.1847,0.0264,0.0471,0.042,0.0283,3335.8608,3328.2051,3308.0586,3303.2234,-0.916,-0.1371,-0.3381,-0.957,0.0822,0.4262,1,1,1,1,1,42.3,65.7,
2026-07-29 18:10:07.076,0.3402,0.4745,0.5122,0.3056,0.271,0.2298,0.2113,0.3003,0.1823,0.108,0.1091,0.1968,0.1796,0.1397,0.1245,0.1663,0.0269,0.048,0.043,0.0311,3313.2967,3326.5934,3357.2161,3335.0549,-0.913,-0.1492,-0.3373,-1.0916,0.0075,0.2542,1,1,1,1,1,42.3,65.3,
2026-07-29 18:10:08.026,0.3462,0.4778,0.511,0.3158,0.2746,0.2255,0.2119,0.312,0.1758,0.1051,0.1114,0.185,0.1749,0.1409,0.1226,0.1571,0.0285,0.0507,0.0431,0.0301,3432.1612,3329.011,3242.7839,3470.0366,-0.9182,-0.147,-0.3356,-0.9346,0.0598,0.4935,1,1,1,1,1,42.3,65.0,
2026-07-29 18:10:09.134,0.3767,0.4916,0.5169,0.3206,0.2662,0.2283,0.2096,0.3181,0.1675,0.0956,0.1114,0.1883,0.1622,0.1327,0.1183,0.1426,0.0275,0.0519,0.0439,0.0304,3197.6557,3353.5897,3366.0806,3166.2271,-0.9163,-0.1452,-0.3342,-1.2486,-0.1122,0.1944,1,1,1,1,1,42.3,64.8,
2026-07-29 18:10:10.154,0.4144,0.4822,0.4837,0.3453,0.2534,0.2371,0.2438,0.3046,0.1551,0.0929,0.1119,0.1867,0.151,0.1355,0.1178,0.1344,0.0261,0.0524,0.0427,0.0289,3359.6337,3322.1612,3322.5641,3336.6667,-0.9174,-0.1398,-0.3382,-0.7701,0.1869,0.2542,1,1,1,1,1,42.3,64.7,
2026-07-29 18:10:11.229,0.4002,0.3973,0.3964,0.3358,0.2733,0.2897,0.3028,0.3057,0.1638,0.1176,0.1195,0.1947,0.1368,0.1378,0.1313,0.1334,0.0258,0.0576,0.05,0.0303,3300.8059,3284.2857,3340.696,3410.0,-0.9134,-0.1418,-0.357,-0.8673,0.6206,0.0224,1,1,1,1,1,42.3,64.8,
2026-07-29 18:10:12.266,0.3457,0.3584,0.3254,0.3102,0.2963,0.2807,0.3498,0.3209,0.1916,0.144,0.13,0.204,0.1389,0.1487,0.1415,0.1356,0.0275,0.0682,0.0533,0.0293,3292.7473,3292.7473,3277.033,3220.2198,-0.9165,-0.1396,-0.3358,-1.3309,-0.0748,0.4785,1,1,1,1,1,42.3,64.9,
2026-07-29 18:10:13.310,0.3379,0.3343,0.3155,0.2771,0.3007,0.2902,0.3672,0.3438,0.1979,0.1526,0.1335,0.2172,0.1371,0.1578,0.1339,0.1335,0.0263,0.0651,0.0498,0.0284,3400.7326,3342.3077,3348.3516,3385.4212,-0.9181,-0.1426,-0.3447,-0.8748,-0.3065,0.1944,1,1,1,1,1,42.3,65.1,
2026-07-29 18:10:14.287,0.3293,0.3107,0.3207,0.2638,0.3104,0.3005,0.366,0.3565,0.2005,0.1613,0.1317,0.2257,0.1331,0.1606,0.1335,0.1256,0.0267,0.0668,0.0481,0.0285,3383.0037,3318.5348,3348.3516,3492.6007,-0.9216,-0.1441,-0.3447,-0.7851,-0.0075,0.2094,1,1,1,1,1,42.3,65.0,
2026-07-29 18:10:15.403,0.3221,0.2935,0.3398,0.2704,0.3235,0.3102,0.372,0.3417,0.209,0.169,0.1195,0.2387,0.1191,0.161,0.1251,0.1234,0.0263,0.0664,0.0436,0.0259,3346.7399,3295.9707,3298.7912,3237.1429,-0.9175,-0.148,-0.35,-0.8598,0.1271,0.4486,1,1,1,1,1,42.3,64.8,
2026-07-29 18:10:16.445,0.3247,0.2714,0.3075,0.2633,0.3228,0.3156,0.3886,0.3282,0.2114,0.1779,0.1233,0.2442,0.1129,0.1689,0.1347,0.1364,0.0282,0.0661,0.0459,0.028,3331.8315,3324.9817,3317.326,3424.9084,-0.9141,-0.143,-0.3443,-0.8897,0.1495,-0.0449,1,1,1,1,1,42.3,64.6,
2026-07-29 18:10:17.394,0.295,0.2287,0.2911,0.2448,0.3358,0.3404,0.3877,0.3428,0.2221,0.1911,0.1299,0.2331,0.1165,0.1698,0.1398,0.1496,0.0305,0.0699,0.0516,0.0297,3475.6777,3297.9853,3331.8315,3398.7179,-0.9179,-0.1328,-0.3329,-1.1813,0.0075,0.5009,1,1,1,1,1,42.3,64.6,
2026-07-29 18:10:18.526,0.3354,0.1768,0.276,0.1851,0.3111,0.3311,0.3338,0.376,0.2112,0.2036,0.1375,0.2464,0.1101,0.1969,0.1746,0.1619,0.0322,0.0916,0.0781,0.0307,3223.8462,3323.37,3298.3883,3332.2344,-0.9161,-0.1602,-0.3389,-1.7645,0.2692,1.3683,1,1,1,1,1,42.3,64.8,
2026-07-29 18:10:19.492,0.4526,0.1651,0.2874,0.1988,0.2561,0.3147,0.313,0.3761,0.1683,0.1907,0.1378,0.246,0.094,0.2242,0.1807,0.1473,0.029,0.1053,0.0812,0.0319,2593.663,3134.7985,3363.663,3129.5604,-0.9133,-0.1548,-0.3793,-5.8244,-9.7273,10.9834,1,4,1,1,2,42.3,65.0,
2026-07-29 18:10:20.555,0.392,0.5755,0.2861,0.4996,0.504,0.1952,0.2651,0.2698,0.0423,0.09,0.1197,0.0869,0.0488,0.0918,0.1934,0.0912,0.0129,0.0476,0.1358,0.0525,3103.37,3315.3114,3329.4139,3164.2125,-0.9098,-0.1545,-0.3472,-2.3178,2.0486,-0.0748,1,4,1,1,2,42.3,65.1,
2026-07-29 18:10:21.554,0.4039,0.6287,0.2979,0.5489,0.4752,0.196,0.249,0.2981,0.0465,0.0924,0.1124,0.0509,0.0635,0.0588,0.1974,0.0728,0.0109,0.0241,0.1433,0.0294,3063.4799,3252.0513,3246.4103,3203.2967,-0.9027,-0.1394,-0.357,-2.3851,0.2841,3.3646,1,4,1,1,2,42.3,65.4,
2026-07-29 18:10:22.581,0.408,0.627,0.2504,0.5402,0.4668,0.1955,0.2459,0.3017,0.0502,0.0921,0.1226,0.0554,0.0641,0.0607,0.2227,0.0745,0.0108,0.0246,0.1583,0.0281,3706.5568,3329.4139,3314.9084,3484.1392,-0.902,-0.1437,-0.3606,-1.0243,-0.0673,0.2467,1,2,1,1,1,42.3,66.3,
2026-07-29 18:10:23.657,0.4136,0.6264,0.2571,0.5235,0.4615,0.1919,0.2195,0.315,0.05,0.0924,0.1142,0.0583,0.0642,0.0627,0.2343,0.0755,0.0108,0.0266,0.1749,0.0278,3038.9011,3260.1099,3310.0733,3505.4945,-0.9096,-0.1426,-0.3745,-0.6654,0.1122,-0.4112,1,2,1,1,1,42.3,68.9,
2026-07-29 18:10:24.676,0.42,0.6051,0.2835,0.525,0.4532,0.2022,0.2285,0.3133,0.0525,0.0973,0.1062,0.0574,0.0637,0.0686,0.22,0.0762,0.0106,0.0268,0.1618,0.0281,3345.5311,3341.5018,3287.9121,3221.0256,-0.9103,-0.1388,-0.3771,0.4337,0.3439,-1.3907,1,2,1,1,1,42.3,70.2,
2026-07-29 18:10:25.687,0.4151,0.6017,0.2852,0.5196,0.4487,0.2026,0.2355,0.3073,0.0577,0.0984,0.1069,0.0595,0.0673,0.07,0.2141,0.0816,0.0113,0.0273,0.1582,0.032,3353.9927,3335.8608,3307.2527,3422.4908,-0.9024,-0.1589,-0.3693,-1.9215,-1.9739,0.5009,1,1,1,1,1,42.3,70.8,
2026-07-29 18:10:26.785,0.4127,0.5983,0.2889,0.5119,0.4503,0.2065,0.2492,0.3108,0.0589,0.0975,0.1095,0.0647,0.0669,0.071,0.2191,0.0818,0.0111,0.0267,0.1332,0.0307,3856.044,3273.4066,3266.9597,3277.033,-0.9007,-0.1544,-0.3514,-0.5981,0.8449,-0.471,1,1,1,1,1,42.3,70.7,
2026-07-29 18:10:27.782,0.4108,0.5955,0.3005,0.4923,0.4512,0.2096,0.2495,0.326,0.06,0.0978,0.109,0.0741,0.0671,0.0715,0.22,0.0812,0.0109,0.0255,0.121,0.0264,3348.3516,3329.8168,3355.2015,3347.1429,-0.8975,-0.1541,-0.3638,0.2393,-1.2337,-1.1215,1,1,1,1,1,42.3,70.5,
2026-07-29 18:10:28.878,0.4569,0.4514,0.3003,0.4375,0.3491,0.2583,0.2629,0.3594,0.0959,0.1278,0.1195,0.0997,0.0858,0.1198,0.2286,0.0852,0.0124,0.0427,0.0888,0.0181,3425.7143,2999.011,3266.9597,3501.0623,-0.9032,-0.1627,-0.3741,0.2766,0.3514,-2.5272,1,2,1,1,1,42.3,70.5,
2026-07-29 18:10:29.887,0.4699,0.3818,0.3244,0.3601,0.3119,0.2771,0.2504,0.3636,0.1192,0.1148,0.1259,0.1582,0.0857,0.165,0.2204,0.0958,0.0132,0.0613,0.0789,0.0223,3118.2784,3387.033,3359.6337,3190.8059,-0.9128,-0.1634,-0.3428,0.4561,-2.8262,-3.9328,1,1,1,1,1,42.3,70.5,
2026-07-29 18:10:30.889,0.483,0.5027,0.3795,0.3711,0.3083,0.268,0.2593,0.3601,0.1135,0.0849,0.1152,0.1667,0.0827,0.1066,0.1819,0.0826,0.0124,0.0378,0.064,0.0196,3341.5018,3336.2637,3281.8681,3303.6264,-0.919,-0.147,-0.334,-2.0711,-0.7028,-1.1664,1,1,1,1,1,42.3,70.2,
2026-07-29 18:10:31.959,0.4567,0.5091,0.369,0.3873,0.3191,0.2859,0.2801,0.3478,0.1236,0.075,0.1146,0.1662,0.0877,0.0982,0.178,0.0797,0.0128,0.0318,0.0583,0.0191,3297.1795,3348.7546,3325.3846,3422.8938,-0.9153,-0.1482,-0.337,1.3907,0.6654,-1.8393,1,1,1,1,1,42.3,69.6,
2026-07-29 18:10:32.980,0.4668,0.5395,0.3824,0.3869,0.3132,0.2747,0.3076,0.3559,0.1188,0.0638,0.1047,0.1652,0.089,0.0903,0.1574,0.0763,0.0122,0.0316,0.0479,0.0157,3374.1392,3341.0989,3288.315,3329.8168,-0.9111,-0.1521,-0.3508,-2.1533,0.3514,0.7178,1,1,1,1,1,42.3,69.2,
2026-07-29 18:10:34.042,0.4866,0.5354,0.388,0.393,0.3133,0.2809,0.3153,0.3604,0.1089,0.0641,0.1087,0.1642,0.0809,0.0882,0.1478,0.0709,0.0102,0.0313,0.0402,0.0114,3322.5641,3305.641,3300.4029,3279.4505,-0.908,-0.1441,-0.337,-1.1739,0.6281,1.3159,1,1,1,1,1,42.3,67.0,
2026-07-29 18:10:35.029,0.4875,0.5281,0.3882,0.4063,0.3107,0.2797,0.3104,0.3459,0.1068,0.0694,0.1102,0.1648,0.0848,0.0902,0.1476,0.0711,0.0103,0.0326,0.0435,0.012,3392.2711,3329.4139,3292.3443,3452.3077,-0.9185,-0.1429,-0.3459,-1.3383,0.2393,0.9047,1,1,1,1,1,42.3,65.3,
2026-07-29 18:10:36.123,0.4877,0.5254,0.3729,0.41,0.3145,0.2739,0.3197,0.3383,0.1089,0.0725,0.1102,0.168,0.0802,0.0936,0.1493,0.0706,0.0088,0.0346,0.0478,0.0131,3283.8828,3281.0623,3275.0183,3172.674,-0.9158,-0.1489,-0.3481,-1.4505,-0.5757,0.6131,1,1,1,1,1,42.3,63.8,
2026-07-29 18:10:37.088,0.4855,0.5252,0.3761,0.3873,0.3251,0.2726,0.3139,0.3456,0.1033,0.0748,0.1124,0.1824,0.0779,0.0923,0.1471,0.0718,0.0083,0.0351,0.0505,0.0129,3396.7033,3322.967,3301.6117,3422.8938,-0.9136,-0.1428,-0.3476,-0.972,0.0748,0.8673,1,1,1,1,1,42.3,63.7,
2026-07-29 18:10:38.116,0.4251,0.4536,0.3548,0.4119,0.3594,0.2865,0.3228,0.342,0.1181,0.0919,0.1142,0.1525,0.0865,0.1199,0.1515,0.0793,0.0109,0.0482,0.0566,0.0142,3371.7216,3295.5678,3290.3297,3463.5897,-0.9133,-0.1417,-0.3513,-0.9271,-0.0598,0.1421,1,1,1,1,1,42.3,63.5,
2026-07-29 18:10:39.167,0.3814,0.3045,0.3197,0.4166,0.3763,0.3009,0.3239,0.3353,0.1296,0.124,0.1199,0.1251,0.1012,0.1921,0.1709,0.1062,0.0115,0.0785,0.0656,0.0168,3329.4139,3320.9524,3334.652,3380.5861,-0.9081,-0.1384,-0.3539,-0.8299,-0.2243,0.3439,1,1,1,1,1,42.3,63.8,
2026-07-29 18:10:40.136,0.465,0.264,0.3117,0.4798,0.3053,0.2764,0.3163,0.3067,0.1199,0.1425,0.1285,0.1119,0.0972,0.2171,0.1753,0.088,0.0125,0.1,0.0681,0.0136,3312.0879,3365.6777,3338.6813,3113.8462,-0.9127,-0.1456,-0.3534,-0.8972,-0.172,0.1196,1,1,1,1,1,42.3,64.0,
2026-07-29 18:10:41.240,0.4533,0.2603,0.2841,0.4807,0.3092,0.2528,0.2705,0.2951,0.1292,0.1474,0.1481,0.1232,0.0976,0.228,0.213,0.0882,0.0107,0.1115,0.0843,0.0128,3204.9084,3281.8681,3247.2161,3319.7436,-0.9109,-0.1412,-0.3476,-0.9421,-0.2168,0.2318,1,1,1,1,1,42.3,63.2,
2026-07-29 18:10:42.301,0.4451,0.2647,0.2788,0.472,0.3108,0.2416,0.2652,0.283,0.1338,0.1375,0.1374,0.1342,0.0996,0.2428,0.2222,0.0976,0.0108,0.1134,0.0964,0.0132,3377.3626,3339.0842,3326.5934,3285.8974,-0.911,-0.147,-0.3491,-0.9944,-0.0673,0.3439,1,1,1,1,1,42.3,61.1,
2026-07-29 18:10:43.315,0.3859,0.3045,0.2936,0.4275,0.3019,0.2234,0.2611,0.2911,0.1758,0.1211,0.1427,0.1531,0.1213,0.2357,0.205,0.1119,0.0151,0.1151,0.0976,0.0164,3327.8022,3295.9707,3296.3736,3228.6813,-0.9105,-0.1441,-0.3493,-0.957,-0.172,0.0897,1,1,1,1,1,42.2,59.2,
2026-07-29 18:10:44.326,0.3869,0.3627,0.3237,0.4396,0.3149,0.2442,0.2591,0.2798,0.1588,0.1016,0.1367,0.1455,0.1243,0.1982,0.1955,0.1192,0.0152,0.0933,0.085,0.016,3384.6154,3363.2601,3352.7839,3360.8425,-0.9081,-0.149,-0.3509,-0.957,-0.1645,0.3664,1,1,1,1,1,42.2,57.7,
2026-07-29 18:10:45.433,0.368,0.3536,0.3172,0.4218,0.3126,0.262,0.278,0.2943,0.1763,0.1051,0.1336,0.1506,0.1292,0.1915,0.1941,0.1187,0.0139,0.0879,0.0772,0.0147,3314.5055,3306.4469,3320.9524,3259.304,-0.9116,-0.1458,-0.3524,-1.0692,-0.1047,0.1346,1,1,1,1,1,42.2,56.8,
2026-07-29 18:10:46.439,0.3633,0.3516,0.3154,0.4102,0.3278,0.2791,0.2781,0.3038,0.1798,0.1085,0.145,0.1624,0.115,0.1803,0.1864,0.1094,0.014,0.0805,0.075,0.0142,3364.0659,3383.8095,3383.4066,3273.0037,-0.9091,-0.15,-0.3485,-0.9795,-0.4337,0.329,1,1,1,1,1,42.2,57.3,
2026-07-29 18:10:47.440,0.3233,0.4173,0.3687,0.3848,0.3302,0.2502,0.2438,0.2722,0.2057,0.1016,0.1388,0.1971,0.1246,0.1594,0.1813,0.1289,0.0161,0.0715,0.0674,0.0169,3331.0256,3284.2857,3291.9414,3449.8901,-0.9119,-0.145,-0.3516,-0.8897,0.3589,0.1794,1,1,1,1,1,42.2,58.8,
2026-07-29 18:10:48.595,0.2013,0.4048,0.3751,0.2163,0.3887,0.2578,0.2416,0.3443,0.2432,0.1084,0.1297,0.2616,0.1485,0.1619,0.1875,0.1589,0.0183,0.067,0.0662,0.019,3332.6374,3295.9707,3265.348,3208.9377,-0.9052,-0.1462,-0.3525,-0.9271,-0.0673,0.6879,1,1,1,1,1,42.2,60.1,
2026-07-29 18:10:49.621,0.2215,0.4179,0.3686,0.2115,0.3888,0.2544,0.2443,0.3536,0.2291,0.1073,0.1281,0.2677,0.1431,0.1594,0.1946,0.151,0.0174,0.061,0.0644,0.0163,3322.967,3346.337,3326.1905,3358.8278,-0.9101,-0.152,-0.3624,-1.0393,-0.1645,0.0449,1,1,1,1,1,42.2,61.1,
2026-07-29 18:10:50.691,0.2546,0.4123,0.3674,0.2215,0.3673,0.2528,0.2511,0.361,0.2066,0.1081,0.1246,0.2575,0.1533,0.1584,0.1936,0.1442,0.0182,0.0684,0.0633,0.0157,3336.2637,3312.8938,3290.3297,3310.8791,-0.9117,-0.148,-0.3549,-0.8673,-0.2393,-0.172,1,1,1,1,1,42.2,61.9,
2026-07-29 18:10:51.606,0.2521,0.3894,0.3578,0.2223,0.3401,0.2535,0.2459,0.3529,0.2155,0.106,0.1225,0.2535,0.1711,0.1698,0.1998,0.154,0.0211,0.0813,0.0739,0.0173,3344.3223,3279.8535,3278.6447,3232.7106,-0.9069,-0.1442,-0.3542,-0.7103,0.1047,0.7477,1,1,1,1,1,42.2,62.1,
2026-07-29 18:10:52.700,0.2975,0.3544,0.3724,0.1927,0.3322,0.2652,0.245,0.3556,0.203,0.1184,0.1271,0.2729,0.1483,0.1691,0.1837,0.1602,0.0191,0.0929,0.0718,0.0186,3401.9414,3306.4469,3323.37,3305.641,-0.9089,-0.1229,-0.3694,-0.1495,0.9645,1.5103,1,1,1,1,1,42.2,61.6,
2026-07-29 18:10:53.661,0.3192,0.3638,0.3718,0.2039,0.3616,0.2347,0.2248,0.3488,0.1697,0.1158,0.1216,0.2573,0.131,0.1834,0.1968,0.1676,0.0185,0.1022,0.085,0.0224,3344.7253,3352.7839,3361.2454,3244.3956,-0.9066,-0.1342,-0.3595,-1.0542,0.4785,1.286,1,1,1,1,1,42.2,60.8,
2026-07-29 18:10:54.738,0.5189,0.3236,0.3382,0.2069,0.2579,0.227,0.2374,0.3416,0.1233,0.1228,0.1087,0.2378,0.0878,0.206,0.2179,0.1798,0.012,0.1207,0.0978,0.0339,3133.1868,3295.9707,3248.8278,3169.4505,-0.9048,-0.1368,-0.3867,-0.314,-0.7776,-0.3664,1,1,1,1,1,42.2,60.0,
2026-07-29 18:10:55.776,0.5222,0.3156,0.3428,0.1784,0.2639,0.2568,0.2294,0.3603,0.1098,0.1418,0.1092,0.2278,0.091,0.1826,0.21,0.1944,0.0131,0.1033,0.1086,0.0392,3266.5568,3310.0733,3229.0842,3202.4908,-0.9111,-0.149,-0.354,1.1365,-1.2785,-0.4112,1,1,1,1,1,42.2,59.4,
2026-07-29 18:10:56.775,0.5258,0.3345,0.3408,0.1883,0.2581,0.3515,0.2261,0.3842,0.1122,0.1296,0.113,0.2148,0.0909,0.1225,0.211,0.1762,0.013,0.062,0.1093,0.0364,3477.2894,3374.1392,3227.8755,3506.7033,-0.9135,-0.1345,-0.3559,-0.8897,0.486,0.2393,1,1,1,1,1,42.2,59.2,
2026-07-29 18:10:57.785,0.5292,0.3358,0.3534,0.2286,0.2528,0.3652,0.2311,0.4032,0.1116,0.1276,0.1118,0.1701,0.0939,0.1159,0.1983,0.1613,0.0125,0.0555,0.1054,0.0368,3271.3919,3291.9414,3333.0403,3318.5348,-0.9128,-0.1414,-0.3516,-0.8598,0.0224,0.0598,1,1,1,1,1,42.2,59.4,
2026-07-29 18:10:58.906,0.5246,0.3134,0.361,0.2163,0.2572,0.3614,0.237,0.4118,0.1121,0.1485,0.1115,0.1798,0.0936,0.1244,0.1925,0.156,0.0125,0.0524,0.098,0.0361,3345.1282,3311.2821,3318.5348,3226.6667,-0.9142,-0.1443,-0.357,-1.2561,0.5234,0.6505,1,1,1,1,1,42.2,65.6,
2026-07-29 18:10:59.928,0.523,0.3157,0.3378,0.2097,0.2594,0.3594,0.2572,0.4186,0.1115,0.1484,0.1162,0.1953,0.0936,0.1261,0.1999,0.1425,0.0124,0.0504,0.089,0.0338,3357.619,3310.0733,3330.6227,3421.2821,-0.9109,-0.1452,-0.3571,-1.0468,0.4187,0.4037,1,1,1,1,1,42.2,66.8,
2026-07-29 18:11:01.018,0.5278,0.3212,0.3108,0.2065,0.2563,0.3563,0.2566,0.4209,0.1097,0.1441,0.1167,0.1955,0.0936,0.1282,0.2176,0.143,0.0126,0.0501,0.0983,0.0341,3308.0586,3362.0513,3283.0769,3247.619,-0.9054,-0.1351,-0.3522,-0.8449,-0.1421,0.7851,1,1,1,1,1,42.2,66.5,
2026-07-29 18:11:02.002,0.5325,0.3156,0.3162,0.1956,0.2431,0.3559,0.2608,0.4323,0.1084,0.1443,0.1171,0.1888,0.1023,0.134,0.2145,0.1519,0.0137,0.0502,0.0914,0.0314,3337.8755,3299.1941,3295.5678,3297.9853,-0.9133,-0.1423,-0.355,-0.9795,-0.0299,-0.0897,1,1,1,1,1,42.2,65.2,
2026-07-29 18:11:03.024,0.4291,0.3052,0.3085,0.1634,0.2916,0.3611,0.2573,0.4401,0.1259,0.1485,0.1202,0.2216,0.137,0.1346,0.2206,0.1523,0.0165,0.0505,0.0934,0.0225,3344.3223,3290.7326,3291.1355,3418.0586,-0.9096,-0.1427,-0.3583,-1.0692,-0.0822,0.4337,1,1,1,1,1,42.2,63.7,
2026-07-29 18:11:04.047,0.3731,0.2869,0.2427,0.1654,0.2856,0.3444,0.2799,0.411,0.1695,0.1414,0.1307,0.2426,0.1542,0.16,0.2406,0.1574,0.0177,0.0673,0.1061,0.0236,3305.2381,3287.9121,3287.5092,3329.011,-0.9155,-0.1409,-0.3591,-1.0094,-0.2991,-0.172,1,1,1,1,1,42.2,62.2,
2026-07-29 18:11:05.073,0.3037,0.187,0.2313,0.1421,0.3189,0.2611,0.2757,0.3804,0.1822,0.1852,0.1442,0.274,0.1749,0.2487,0.2389,0.179,0.0203,0.1181,0.1099,0.0244,3308.8645,3321.3553,3306.044,3209.7436,-0.9111,-0.1358,-0.3672,-0.815,-0.2393,0.0224,1,1,1,1,1,42.2,61.2,
2026-07-29 18:11:06.117,0.1266,0.1771,0.2152,0.1064,0.3685,0.2337,0.2599,0.3797,0.2572,0.1555,0.1461,0.2981,0.2205,0.2861,0.2579,0.1913,0.0271,0.1477,0.1209,0.0246,3318.1319,3283.8828,3310.4762,3356.8132,-0.9065,-0.1413,-0.3546,-0.9421,-0.1346,0.1869,1,1,1,1,1,42.2,60.5,
2026-07-29 18:11:07.179,0.1085,0.1884,0.2028,0.1,0.3674,0.2182,0.2394,0.3675,0.284,0.1286,0.1497,0.3234,0.2158,0.3101,0.2811,0.1865,0.0242,0.1547,0.1271,0.0226,3286.3004,3281.8681,3316.5201,3439.8168,-0.9124,-0.1342,-0.3494,-1.2038,-0.0,0.3439,1,1,1,1,1,42.2,59.8,
2026-07-29 18:11:08.195,0.1056,0.1613,0.204,0.1024,0.3395,0.2131,0.2335,0.3543,0.3003,0.1348,0.1548,0.3287,0.2326,0.331,0.2818,0.1931,0.022,0.1598,0.1259,0.0215,3254.8718,3268.9744,3284.6886,3147.2894,-0.9089,-0.1405,-0.3574,-0.9346,-0.0598,0.0299,1,1,1,1,1,42.2,59.3,
2026-07-29 18:11:09.399,0.1099,0.1587,0.2178,0.1067,0.3494,0.2192,0.2481,0.3635,0.2957,0.138,0.1501,0.3185,0.2239,0.3358,0.2728,0.1901,0.0212,0.1483,0.1111,0.0212,3361.2454,3336.6667,3326.1905,3481.7216,-0.9091,-0.1403,-0.3615,-0.8299,0.3065,-0.0449,1,1,1,1,1,42.2,59.1,
2026-07-29 18:11:10.303,0.1189,0.1918,0.2142,0.1123,0.3547,0.2174,0.2689,0.3564,0.3138,0.1293,0.1497,0.3421,0.194,0.3133,0.2638,0.1705,0.0186,0.1482,0.1033,0.0186,3320.5495,3357.2161,3347.9487,3366.4835,-0.9117,-0.1416,-0.3607,-1.0841,-0.2841,0.314,1,1,1,1,1,42.2,59.5,
2026-07-29 18:11:11.476,0.1296,0.1947,0.2353,0.13,0.359,0.2305,0.2647,0.3639,0.3095,0.1276,0.1558,0.3325,0.1834,0.3076,0.2506,0.1549,0.0185,0.1395,0.0937,0.0187,3351.5751,3294.7619,3299.5971,3315.3114,-0.9102,-0.139,-0.3568,-1.0617,-0.2617,0.3664,1,1,1,1,1,42.2,60.3,
2026-07-29 18:11:12.560,0.13,0.2147,0.2489,0.1252,0.3798,0.2259,0.263,0.3869,0.3066,0.1307,0.1499,0.3233,0.1657,0.3017,0.2485,0.1471,0.0178,0.1271,0.0896,0.0174,3397.1062,3302.0147,3294.359,3258.0952,-0.911,-0.1397,-0.3556,-0.9496,-0.0224,0.0598,1,1,1,1,1,42.2,60.9,
2026-07-29 18:11:13.628,0.131,0.1967,0.2345,0.1198,0.3884,0.2242,0.2771,0.3796,0.3101,0.1321,0.1524,0.3343,0.1526,0.3202,0.2465,0.1488,0.0179,0.1269,0.0896,0.0175,3339.8901,3325.3846,3317.326,3317.326,-0.9086,-0.1393,-0.358,-0.9271,-0.0299,0.172,1,1,1,1,1,42.2,61.0,
2026-07-29 18:11:14.705,0.1371,0.201,0.2278,0.1239,0.3818,0.2297,0.2788,0.3715,0.3016,0.1336,0.1737,0.3384,0.1604,0.3137,0.2345,0.1482,0.019,0.1219,0.0852,0.018,3292.3443,3319.3407,3297.5824,3399.5238,-0.91,-0.1412,-0.3599,-0.9196,0.1271,0.2467,1,1,1,1,1,42.2,60.4,
2026-07-29 18:11:15.738,0.1366,0.2037,0.2172,0.121,0.362,0.229,0.2849,0.3736,0.3327,0.1581,0.1765,0.3381,0.1499,0.2944,0.2335,0.147,0.0188,0.1148,0.0879,0.0202,3380.5861,3338.2784,3326.9963,3185.1648,-0.9087,-0.1382,-0.353,-1.0243,-0.2243,0.3813,1,1,1,1,1,42.2,59.9,
2026-07-29 18:11:16.793,0.144,0.2228,0.2288,0.1203,0.3684,0.2336,0.2766,0.3769,0.3317,0.1521,0.1693,0.3352,0.1374,0.2777,0.234,0.1469,0.0186,0.1139,0.0913,0.0207,3277.4359,3311.2821,3320.9524,3425.3114,-0.9107,-0.1382,-0.3602,-0.9421,0.1421,0.1421,1,1,1,1,1,42.2,59.6,
2026-07-29 18:11:17.861,0.1513,0.1953,0.1985,0.1107,0.3917,0.2454,0.2733,0.385,0.3074,0.1564,0.1809,0.35,0.1325,0.2872,0.2454,0.135,0.017,0.1157,0.1018,0.0193,3339.0842,3294.359,3283.0769,3249.6337,-0.913,-0.1451,-0.3568,-0.8972,0.2841,0.486,1,1,1,1,1,42.2,59.5,
2026-07-29 18:11:18.925,0.16,0.1805,0.1722,0.095,0.3819,0.2402,0.2741,0.3772,0.3,0.1546,0.1882,0.3459,0.1391,0.3066,0.2626,0.1601,0.019,0.1181,0.103,0.0218,3392.674,3318.5348,3292.7473,3369.304,-0.9086,-0.1361,-0.361,-1.0468,-0.0374,0.157,1,1,1,1,1,42.2,59.7,
2026-07-29 18:11:20.004,0.1642,0.1901,0.1783,0.0947,0.3824,0.2634,0.2843,0.3605,0.2844,0.1426,0.1894,0.3454,0.1483,0.2927,0.2462,0.1752,0.0207,0.1112,0.1019,0.0242,3306.044,3310.4762,3316.5201,3300.0,-0.9122,-0.1466,-0.3612,-1.0094,-0.3514,-0.0897,1,1,1,1,1,42.2,60.2,
2026-07-29 18:11:21.045,0.1505,0.1781,0.1784,0.0844,0.3727,0.2827,0.2842,0.3358,0.2948,0.1541,0.1967,0.3771,0.1597,0.2846,0.2461,0.1781,0.0222,0.1005,0.0946,0.0246,3305.2381,3300.0,3331.4286,3244.7985,-0.9086,-0.1465,-0.3596,-1.0542,-0.2916,-0.1122,1,1,1,1,1,42.2,60.5,
2026-07-29 18:11:22.057,0.1368,0.177,0.1865,0.0896,0.3602,0.2846,0.2886,0.3329,0.3157,0.1643,0.1856,0.3578,0.1644,0.2769,0.2464,0.1946,0.0229,0.0972,0.0929,0.0251,3396.3004,3326.5934,3281.8681,3436.1905,-0.9138,-0.1405,-0.3578,-0.8,-0.2019,-0.0897,1,1,1,1,1,42.2,60.7,
2026-07-29 18:11:23.176,0.1196,0.1915,0.2013,0.0778,0.3728,0.2663,0.2991,0.3876,0.3335,0.1763,0.1725,0.3402,0.1546,0.2722,0.2372,0.1732,0.0196,0.0938,0.09,0.0212,3331.0256,3284.2857,3308.8645,3233.1136,-0.9088,-0.1375,-0.3566,-0.8972,0.0299,0.5383,1,1,1,1,1,42.2,60.6,
2026-07-29 18:11:24.287,0.1234,0.181,0.2089,0.0719,0.3924,0.256,0.3269,0.4072,0.2904,0.1624,0.1569,0.3225,0.1725,0.3006,0.2237,0.1764,0.0213,0.1,0.0837,0.0219,3276.63,3292.7473,3269.3773,3339.4872,-0.9121,-0.1417,-0.3585,-0.9421,-0.1645,0.3215,1,1,1,1,1,42.2,60.3,
2026-07-29 18:11:25.319,0.0922,0.1706,0.2157,0.0658,0.3863,0.2554,0.3357,0.4218,0.3103,0.1711,0.1534,0.3135,0.1897,0.3016,0.214,0.1763,0.0216,0.1013,0.0811,0.0226,3314.9084,3296.3736,3275.4212,3184.359,-0.9053,-0.1387,-0.3538,-0.9944,-0.3439,0.1346,1,1,1,1,1,42.2,59.9,
2026-07-29 18:11:26.371,0.0642,0.1799,0.2158,0.0563,0.3544,0.2427,0.3328,0.4099,0.3498,0.1829,0.1564,0.3394,0.2113,0.2939,0.2198,0.175,0.0203,0.1006,0.0752,0.0194,3373.3333,3322.1612,3320.9524,3386.63,-0.9106,-0.1384,-0.3546,-1.0468,-0.486,0.4187,1,1,1,1,1,42.2,59.7,
2026-07-29 18:11:27.433,0.0543,0.1565,0.2136,0.0571,0.3496,0.2367,0.3216,0.4199,0.3664,0.194,0.1524,0.3361,0.2116,0.3072,0.2295,0.1682,0.0181,0.1057,0.0829,0.0186,3324.5788,3305.2381,3260.5128,3322.5641,-0.9089,-0.1434,-0.354,-1.0094,-0.2243,0.1944,1,1,1,1,1,42.2,59.8,
2026-07-29 18:11:28.492,0.0483,0.1691,0.2095,0.0551,0.3414,0.1917,0.3174,0.4236,0.3686,0.198,0.1524,0.3276,0.2244,0.3304,0.2413,0.1747,0.0173,0.1107,0.0795,0.0189,3326.1905,3281.0623,3310.8791,3314.9084,-0.9117,-0.1409,-0.3613,-0.9271,-0.0224,0.2692,1,1,1,1,1,42.2,60.2,
2026-07-29 18:11:29.575,0.0508,0.1624,0.1984,0.0515,0.3586,0.1795,0.3066,0.4467,0.3439,0.1812,0.1463,0.3113,0.2285,0.3484,0.2646,0.1714,0.0183,0.1286,0.0842,0.019,3275.0183,3341.0989,3312.0879,3370.5128,-0.909,-0.1433,-0.3576,-0.9196,-0.0449,0.2318,1,1,1,1,1,42.2,60.4,
2026-07-29 18:11:30.562,0.0636,0.1562,0.207,0.0613,0.3605,0.1833,0.3058,0.429,0.3309,0.1763,0.1375,0.3192,0.2228,0.3455,0.2605,0.1684,0.0222,0.1388,0.0892,0.0222,3341.5018,3347.5458,3293.5531,3251.2454,-0.9083,-0.1411,-0.3549,-0.9421,-0.0299,0.1122,1,1,1,1,1,42.2,60.3,
2026-07-29 18:11:31.629,0.0741,0.1403,0.2213,0.0709,0.347,0.2008,0.2911,0.4085,0.3148,0.1713,0.1437,0.3173,0.2393,0.3431,0.2558,0.1789,0.0248,0.1446,0.0881,0.0244,3367.6923,3301.6117,3345.9341,3460.7692,-0.9089,-0.1396,-0.3635,-0.8598,-0.172,0.2243,1,1,1,1,1,42.2,59.9,
2026-07-29 18:11:32.649,0.0772,0.1584,0.2067,0.0888,0.3514,0.2264,0.274,0.395,0.3105,0.1662,0.1484,0.3078,0.2352,0.3161,0.2709,0.1835,0.0257,0.1329,0.0999,0.0249,3369.707,3335.8608,3305.641,3474.8718,-0.9025,-0.1404,-0.3576,-0.9047,0.1645,0.5234,1,1,1,1,1,42.2,59.5,
2026-07-29 18:11:33.682,0.1258,0.2712,0.2899,0.3051,0.3329,0.2265,0.2684,0.3401,0.2886,0.1318,0.1311,0.2163,0.2261,0.2621,0.2293,0.1209,0.0266,0.1084,0.0813,0.0177,3330.2198,3322.5641,3300.4029,3201.685,-0.9136,-0.145,-0.362,-0.9346,-0.2991,0.2542,1,1,1,1,1,42.2,59.3,
2026-07-29 18:11:34.730,0.2082,0.3543,0.3444,0.4074,0.3257,0.2205,0.2561,0.3204,0.2157,0.1027,0.1214,0.1499,0.2191,0.2306,0.2054,0.1039,0.0313,0.0919,0.0728,0.0184,3314.5055,3336.6667,3336.6667,3366.0806,-0.9116,-0.1428,-0.3671,-0.9196,-0.2841,0.0673,1,1,1,1,1,42.2,59.5,
2026-07-29 18:11:35.759,0.2384,0.3509,0.3373,0.4208,0.3062,0.23,0.2607,0.3113,0.2068,0.099,0.1291,0.1493,0.2157,0.2296,0.2016,0.1008,0.0329,0.0905,0.0712,0.0179,3237.1429,3322.967,3293.956,3148.4982,-0.9145,-0.1517,-0.3569,-1.0542,0.1047,0.0598,1,1,1,1,1,42.2,60.4,
2026-07-29 18:11:36.783,0.502,0.429,0.3575,0.5424,0.2214,0.2137,0.2535,0.2606,0.1299,0.085,0.1188,0.105,0.1278,0.1957,0.1999,0.0797,0.0189,0.0766,0.0703,0.0124,3331.4286,3304.0293,3284.6886,3294.7619,-0.9045,-0.1431,-0.3602,-1.0393,-0.2318,-0.0374,1,1,1,1,1,42.2,61.9,
2026-07-29 18:11:37.852,0.5277,0.4427,0.3762,0.5718,0.2227,0.227,0.2653,0.252,0.1309,0.0815,0.105,0.0938,0.1018,0.1795,0.1731,0.069,0.017,0.0693,0.0804,0.0134,3283.8828,3317.326,3301.6117,3252.0513,-0.9075,-0.144,-0.3658,-0.9047,-0.2467,0.1944,1,1,1,1,1,42.2,62.4,
2026-07-29 18:11:38.849,0.5099,0.4403,0.3656,0.562,0.2241,0.2324,0.2601,0.2535,0.1438,0.0744,0.099,0.0974,0.1043,0.1824,0.1812,0.0737,0.018,0.0705,0.0941,0.0134,3327.3993,3281.0623,3333.8462,3430.1465,-0.9095,-0.1503,-0.3637,-0.9496,-0.2318,0.3065,1,1,1,1,1,42.2,61.5,
2026-07-29 18:11:39.958,0.4844,0.443,0.3533,0.5379,0.2298,0.2274,0.2472,0.2601,0.1452,0.0703,0.0977,0.1055,0.1205,0.1878,0.2044,0.0838,0.0201,0.0715,0.0975,0.0127,3366.4835,3299.1941,3307.2527,3262.9304,-0.9045,-0.1418,-0.3595,-1.0243,-0.4337,0.2617,1,1,1,1,1,42.2,58.3,
2026-07-29 18:11:41.052,0.4476,0.4444,0.3532,0.5226,0.2477,0.2145,0.2281,0.2579,0.1614,0.0684,0.0954,0.1139,0.1233,0.1964,0.2261,0.0924,0.0201,0.0764,0.0972,0.0132,3362.4542,3351.978,3335.8608,3500.2564,-0.9054,-0.1533,-0.3629,-1.1215,-0.1196,0.1794,1,1,1,1,1,42.2,54.8,
2026-07-29 18:11:42.163,0.3883,0.3371,0.2309,0.4885,0.2799,0.2229,0.2286,0.2392,0.1826,0.0917,0.1241,0.1307,0.1297,0.2478,0.2897,0.1244,0.0196,0.1005,0.1267,0.0171,3308.4615,3299.1941,3295.1648,3261.7216,-0.9028,-0.1415,-0.3628,-0.9944,0.0374,0.3065,1,1,1,1,1,42.2,54.5,
2026-07-29 18:11:43.192,0.3565,0.3301,0.2575,0.4532,0.2946,0.2035,0.225,0.2499,0.1926,0.104,0.1009,0.1501,0.1371,0.2571,0.2872,0.1282,0.0192,0.1052,0.1293,0.0187,3576.4103,3310.8791,3320.9524,3389.4505,-0.8962,-0.1507,-0.3715,-1.3458,-1.1589,0.1421,1,1,1,1,1,42.2,54.9,
2026-07-29 18:11:44.263,0.301,0.2831,0.2581,0.4746,0.3032,0.1901,0.2002,0.2178,0.2052,0.1213,0.0999,0.1549,0.1653,0.2854,0.2916,0.1285,0.0253,0.12,0.1503,0.0243,3243.1868,3328.6081,3372.5275,3055.4212,-0.9039,-0.152,-0.3704,-0.9196,-0.0748,0.2168,1,1,1,1,1,42.2,55.6,
2026-07-29 18:11:45.303,0.1356,0.1984,0.1968,0.3135,0.3466,0.1958,0.1932,0.2477,0.2625,0.1534,0.1196,0.2168,0.2193,0.3167,0.3254,0.1867,0.036,0.1357,0.1649,0.0352,3243.1868,3251.6484,3237.5458,3426.5201,-0.8954,-0.1346,-0.365,2.4001,-1.4355,-4.4188,1,1,1,1,1,42.1,57.0,
2026-07-29 18:11:46.336,0.1425,0.2246,0.1963,0.2808,0.3596,0.2199,0.2317,0.2699,0.2455,0.1536,0.1485,0.2356,0.2176,0.2813,0.2952,0.1827,0.0348,0.1206,0.1283,0.0309,3457.9487,3353.1868,3350.3663,3590.1099,-0.9079,-0.139,-0.3661,-0.1645,-0.7851,0.0523,1,1,1,1,1,42.1,58.7,
2026-07-29 18:11:47.399,0.2244,0.2368,0.2196,0.3373,0.3185,0.2194,0.2735,0.2968,0.2099,0.1467,0.144,0.2101,0.2079,0.2714,0.2602,0.1252,0.0393,0.1257,0.1028,0.0305,3233.9194,3425.7143,3356.8132,3113.8462,-0.9078,-0.1585,-0.3849,-0.8748,-1.4804,0.471,1,1,1,1,2,42.1,59.8,
2026-07-29 18:11:48.488,0.3732,0.5176,0.3827,0.3435,0.2708,0.2059,0.2927,0.3171,0.1535,0.0795,0.0942,0.1613,0.16,0.1359,0.1641,0.128,0.0426,0.0612,0.0664,0.05,3289.9267,3353.1868,3266.9597,3361.2454,-0.9102,-0.1304,-0.3628,-0.2542,-0.3065,0.8224,1,1,1,1,2,42.1,63.9,
2026-07-29 18:11:49.489,0.4148,0.5186,0.4162,0.48,0.2914,0.2502,0.3181,0.3108,0.127,0.0817,0.0922,0.1002,0.1306,0.1055,0.125,0.079,0.0362,0.044,0.0484,0.0301,3335.8608,3308.4615,3312.8938,3262.9304,-0.9062,-0.1431,-0.3547,-0.7776,-0.2692,-0.0449,1,1,1,1,1,42.1,67.6,
2026-07-29 18:11:50.587,0.4268,0.5189,0.4248,0.4873,0.2906,0.2533,0.3135,0.3109,0.1228,0.0811,0.0916,0.0981,0.1241,0.1034,0.1212,0.075,0.0358,0.0434,0.049,0.0287,3365.2747,3289.9267,3285.4945,3358.8278,-0.9064,-0.1408,-0.3387,-1.2337,-0.1869,0.5757,1,1,1,1,1,42.1,69.9,
2026-07-29 18:11:51.652,0.4322,0.5185,0.4231,0.483,0.2933,0.2586,0.3169,0.3199,0.1189,0.0794,0.0935,0.096,0.1194,0.1012,0.1185,0.0729,0.0363,0.0423,0.048,0.0282,3283.4799,3321.7582,3284.2857,3304.8352,-0.9084,-0.1439,-0.3608,-1.0692,-0.2318,0.5533,1,1,1,1,1,42.1,70.2,
2026-07-29 18:11:52.682,0.444,0.5253,0.4285,0.4668,0.3021,0.264,0.3232,0.3422,0.1208,0.0738,0.0964,0.0961,0.0994,0.0975,0.1112,0.0676,0.0337,0.0394,0.0407,0.0273,3308.4615,3275.4212,3252.0513,3178.7179,-0.9083,-0.1474,-0.3643,-0.957,0.0972,0.2766,1,1,1,1,1,42.1,70.1,
2026-07-29 18:11:53.756,0.4411,0.5266,0.4326,0.4664,0.298,0.2635,0.3265,0.3371,0.1265,0.0712,0.0933,0.1,0.102,0.101,0.1089,0.0695,0.0325,0.0376,0.0388,0.027,3278.2418,3275.8242,3280.6593,3375.7509,-0.905,-0.1483,-0.363,-0.9346,0.1271,0.5608,1,1,1,1,1,42.1,69.3,
2026-07-29 18:11:54.825,0.4383,0.5327,0.4451,0.472,0.3021,0.2631,0.3226,0.3321,0.1314,0.0695,0.0861,0.0948,0.0971,0.0992,0.1065,0.0731,0.0311,0.0355,0.0397,0.028,3296.3736,3322.1612,3295.1648,3210.1465,-0.9064,-0.1511,-0.3663,-0.9944,-0.1421,-0.0075,1,1,1,1,1,42.1,66.7,
2026-07-29 18:11:55.906,0.3757,0.5279,0.4628,0.484,0.3398,0.2545,0.2994,0.323,0.1726,0.0776,0.0953,0.1002,0.0891,0.105,0.0983,0.0744,0.0227,0.035,0.0442,0.0184,3318.9377,3328.6081,3308.8645,3367.2894,-0.9097,-0.1519,-0.3671,-0.957,-0.1645,-0.2094,1,1,1,1,1,42.1,64.8,
2026-07-29 18:11:56.992,0.2526,0.3399,0.4215,0.4316,0.3755,0.3071,0.2698,0.3334,0.2442,0.1029,0.1202,0.1472,0.1111,0.1877,0.1316,0.0767,0.0166,0.0624,0.0569,0.011,3268.1685,3366.8864,3270.5861,3152.5275,-0.9021,-0.1393,-0.3636,-0.957,-0.486,0.3065,1,1,1,1,1,42.1,63.3,
2026-07-29 18:11:58.012,0.1044,0.2432,0.3667,0.1285,0.3738,0.2677,0.216,0.3828,0.3478,0.1333,0.1433,0.3131,0.1524,0.2724,0.1878,0.1536,0.0216,0.0835,0.0863,0.022,3320.9524,3324.1758,3282.674,3206.9231,-0.9092,-0.1478,-0.3627,-0.9047,0.2617,0.2467,1,1,1,1,1,42.1,62.5,
2026-07-29 18:11:59.011,0.1052,0.2577,0.3496,0.0865,0.3621,0.255,0.2147,0.3912,0.3534,0.1489,0.1539,0.344,0.1603,0.2564,0.1973,0.1585,0.019,0.0819,0.0845,0.0198,3367.6923,3289.5238,3345.1282,3456.7399,-0.908,-0.1511,-0.3623,-0.8449,-0.0075,0.0374,1,1,1,1,1,42.1,62.0,
2026-07-29 18:12:00.041,0.1573,0.2694,0.3512,0.1333,0.3329,0.2534,0.2079,0.3535,0.3315,0.1477,0.1498,0.3442,0.1605,0.2412,0.1997,0.1516,0.0178,0.0883,0.0915,0.0174,3302.8205,3319.3407,3363.2601,3424.9084,-0.9045,-0.149,-0.3603,-0.9869,0.2243,0.157,1,1,1,1,1,42.1,61.6,
2026-07-29 18:12:01.090,0.211,0.266,0.3705,0.1892,0.3362,0.249,0.1884,0.3513,0.2918,0.1587,0.1359,0.3132,0.1448,0.2384,0.2108,0.1304,0.016,0.0879,0.0944,0.0158,3356.4103,3300.4029,3303.6264,3243.1868,-0.9023,-0.1508,-0.3654,-1.0094,-0.3439,0.2243,1,1,1,1,1,42.1,61.0,
2026-07-29 18:12:02.144,0.2596,0.2626,0.3896,0.2346,0.3406,0.245,0.1732,0.3746,0.2632,0.1665,0.1367,0.2605,0.1202,0.2405,0.2082,0.1158,0.0164,0.0854,0.0923,0.0146,3347.5458,3292.3443,3320.5495,3457.1429,-0.9036,-0.1472,-0.3647,-0.9421,-0.1271,0.2617,1,1,1,1,1,42.1,60.6,
2026-07-29 18:12:03.107,0.2877,0.2668,0.3537,0.2668,0.3427,0.2438,0.2162,0.3769,0.2388,0.1662,0.1406,0.2375,0.1137,0.2436,0.2055,0.1048,0.0171,0.0797,0.084,0.014,3358.022,3322.967,3292.3443,3322.5641,-0.9039,-0.1479,-0.3698,-0.9496,-0.0299,0.157,1,1,1,1,1,42.1,60.7,
2026-07-29 18:12:04.239,0.3177,0.2612,0.3525,0.2866,0.3475,0.2541,0.2289,0.3774,0.2059,0.172,0.1334,0.2226,0.1112,0.2347,0.2036,0.0992,0.0177,0.0779,0.0815,0.0143,3295.9707,3282.2711,3300.8059,3249.6337,-0.9006,-0.1496,-0.3649,-0.9346,-0.157,0.2766,1,1,1,1,1,42.1,61.1,
2026-07-29 18:12:05.339,0.3274,0.2441,0.3274,0.3004,0.3389,0.2464,0.2376,0.3643,0.2,0.1828,0.1335,0.2174,0.1152,0.2439,0.2186,0.1028,0.0186,0.0829,0.0828,0.0151,3260.1099,3349.1575,3367.2894,3385.4212,-0.9037,-0.1464,-0.3713,-0.9496,-0.0,0.4262,1,1,1,1,1,42.1,61.3,
2026-07-29 18:12:06.368,0.3277,0.2303,0.2833,0.3245,0.3513,0.233,0.2782,0.3519,0.1857,0.1605,0.1295,0.1979,0.1158,0.2703,0.2271,0.1099,0.0195,0.106,0.082,0.0158,3293.1502,3266.5568,3343.1136,3139.6337,-0.8986,-0.1559,-0.3674,-0.9346,-0.0449,0.2019,1,1,1,1,1,42.1,60.8,
2026-07-29 18:12:07.428,0.3179,0.2442,0.2793,0.3609,0.3405,0.2321,0.2943,0.3585,0.188,0.158,0.1235,0.1501,0.1276,0.2627,0.2124,0.1115,0.026,0.1031,0.0906,0.019,3318.5348,3245.6044,3300.4029,3393.4799,-0.9036,-0.1522,-0.369,-1.1215,-0.1421,0.1794,1,1,1,1,1,42.1,59.6,
2026-07-29 18:12:08.419,0.2588,0.3502,0.3124,0.3065,0.3468,0.2602,0.2845,0.3741,0.2138,0.1292,0.1098,0.1651,0.148,0.193,0.2059,0.1317,0.0326,0.0673,0.0873,0.0226,3277.033,3317.7289,3312.0879,3235.9341,-0.9026,-0.1528,-0.3663,-0.9346,-0.0523,0.2318,1,1,1,1,1,42.1,56.0,
2026-07-29 18:12:09.575,0.2395,0.3588,0.2969,0.2909,0.321,0.2482,0.2854,0.3714,0.2368,0.1335,0.1106,0.1716,0.1682,0.1894,0.2159,0.1431,0.0345,0.0701,0.0913,0.023,3351.5751,3324.1758,3357.2161,3335.0549,-0.9025,-0.1502,-0.3719,-0.957,-0.1122,0.3514,1,1,1,1,1,42.1,54.4,
2026-07-29 18:12:10.619,0.2111,0.3571,0.314,0.2652,0.3287,0.2529,0.2735,0.3442,0.2506,0.1294,0.1042,0.2283,0.175,0.1877,0.2157,0.1386,0.0346,0.0729,0.0924,0.0237,3339.4872,3336.2637,3348.3516,3454.7253,-0.9065,-0.1516,-0.3716,-0.9421,-0.1869,0.2542,1,1,1,1,1,42.1,54.1,
2026-07-29 18:12:11.620,0.1818,0.3556,0.2932,0.2378,0.3095,0.2504,0.247,0.3289,0.283,0.1299,0.1185,0.2737,0.1895,0.184,0.2374,0.1369,0.0362,0.0801,0.1039,0.0228,3250.4396,3336.6667,3308.0586,3120.696,-0.905,-0.1506,-0.3698,-0.9346,-0.2766,0.314,1,1,1,1,1,42.1,54.5,
2026-07-29 18:12:12.677,0.1693,0.357,0.2502,0.2525,0.2948,0.2457,0.2535,0.3417,0.286,0.1329,0.1374,0.2581,0.2143,0.1856,0.243,0.1298,0.0356,0.0787,0.116,0.0179,3414.8352,3304.8352,3266.1538,3369.707,-0.9022,-0.1544,-0.3628,-1.0168,-0.1271,0.2243,1,1,1,1,1,42.1,55.4,
2026-07-29 18:12:13.754,0.1715,0.3558,0.2559,0.2986,0.3027,0.2508,0.2407,0.3354,0.2745,0.1319,0.1349,0.2358,0.2166,0.1813,0.2341,0.1127,0.0348,0.0801,0.1344,0.0174,3356.4103,3300.4029,3316.5201,3475.2747,-0.9034,-0.1454,-0.3665,-1.0991,-0.1645,0.3365,1,1,1,1,1,42.1,56.7,
2026-07-29 18:12:14.710,0.1702,0.3535,0.2918,0.338,0.2741,0.2548,0.1899,0.3132,0.2866,0.1335,0.1338,0.2269,0.2352,0.1796,0.2431,0.1052,0.034,0.0787,0.1413,0.0167,3352.7839,3308.0586,3319.7436,3231.9048,-0.9034,-0.146,-0.3728,-1.0094,0.157,0.1346,1,1,1,1,1,42.1,58.2,
2026-07-29 18:12:15.825,0.2197,0.3377,0.2618,0.3371,0.2917,0.2431,0.184,0.3125,0.2537,0.1344,0.1316,0.2183,0.2038,0.195,0.2862,0.1123,0.0311,0.0897,0.1364,0.0197,3306.4469,3339.8901,3303.6264,3291.5385,-0.8989,-0.1462,-0.3657,-0.9047,-0.0673,0.157,1,1,1,1,1,42.1,58.7,
2026-07-29 18:12:16.849,0.2466,0.258,0.2704,0.3401,0.2854,0.2523,0.1859,0.3235,0.2294,0.1572,0.1334,0.2008,0.2074,0.22,0.2748,0.1137,0.0313,0.1125,0.1355,0.0219,3200.4762,3350.7692,3253.2601,3364.0659,-0.903,-0.142,-0.3588,-3.1403,-2.3776,2.1832,1,1,1,1,1,42.1,58.7,
2026-07-29 18:12:17.875,0.3748,0.3215,0.3552,0.3935,0.2599,0.2698,0.1977,0.3093,0.1694,0.1386,0.1107,0.1742,0.1709,0.1816,0.2238,0.1022,0.025,0.0885,0.1126,0.0207,3225.8608,3387.4359,3299.5971,3221.8315,-0.9063,-0.1294,-0.3492,-1.1514,0.1645,0.7253,1,1,1,1,1,42.1,58.6,
2026-07-29 18:12:18.961,0.5265,0.3013,0.484,0.4035,0.2549,0.3344,0.2607,0.3626,0.0927,0.1605,0.075,0.123,0.1102,0.1521,0.123,0.0925,0.0156,0.0517,0.0573,0.0184,3042.9304,3263.3333,3276.63,3090.8791,-0.9103,-0.1485,-0.3513,-1.3234,-0.0598,0.471,1,1,1,1,1,42.1,58.5,
2026-07-29 18:12:19.990,0.5446,0.2762,0.6157,0.4342,0.2595,0.3449,0.2438,0.365,0.0832,0.1993,0.0544,0.0965,0.0963,0.1398,0.0609,0.0857,0.0165,0.0398,0.0253,0.0186,3379.7802,3304.0293,3346.337,3262.5275,-0.9151,-0.1429,-0.3579,-0.6953,-0.1645,-0.5682,1,1,1,1,1,42.1,58.8,
2026-07-29 18:12:21.075,0.5621,0.2804,0.6165,0.4489,0.2553,0.347,0.2462,0.3665,0.0747,0.1983,0.0554,0.0808,0.0916,0.1356,0.0588,0.084,0.0162,0.0388,0.0231,0.0199,3181.5385,3351.978,3385.4212,3250.4396,-0.9086,-0.1324,-0.3494,-1.1888,-0.0374,0.4037,1,1,1,1,1,42.1,65.0,
2026-07-29 18:12:22.076,0.5753,0.3112,0.6186,0.4366,0.2548,0.3664,0.2471,0.3821,0.0714,0.1734,0.0553,0.0761,0.0826,0.1179,0.0581,0.0856,0.0159,0.0311,0.0209,0.0197,3309.6703,3399.9267,3321.7582,3318.1319,-0.9195,-0.1292,-0.3438,-2.6169,-0.658,1.3159,1,1,1,1,1,42.1,65.2,
2026-07-29 18:12:23.089,0.5855,0.3153,0.5927,0.4267,0.2492,0.3666,0.2655,0.3847,0.0683,0.1692,0.0671,0.0917,0.0812,0.1199,0.0555,0.0782,0.0158,0.0289,0.0192,0.0188,3360.4396,3320.5495,3350.7692,3287.5092,-0.9075,-0.1466,-0.355,-0.9496,-0.0972,-0.3888,1,1,1,1,1,42.1,63.9,
2026-07-29 18:12:24.204,0.5818,0.3251,0.5871,0.4221,0.2531,0.363,0.2691,0.3734,0.0746,0.1665,0.0735,0.1198,0.0758,0.1188,0.0518,0.0699,0.0147,0.0266,0.0186,0.0147,3310.8791,3314.5055,3301.6117,3322.967,-0.916,-0.1226,-0.3809,-0.2617,1.8243,0.1346,1,1,1,1,1,42.1,59.5,
2026-07-29 18:12:25.176,0.5834,0.3246,0.5918,0.411,0.2579,0.3631,0.2673,0.3776,0.0735,0.1661,0.0717,0.1301,0.0705,0.1182,0.0507,0.0675,0.0147,0.028,0.0185,0.0138,3321.3553,3320.5495,3331.4286,3345.9341,-0.9222,-0.1718,-0.3475,-1.0916,-0.5608,-0.7477,1,1,1,1,1,42.1,59.3,
2026-07-29 18:12:26.191,0.5134,0.3188,0.5908,0.3799,0.293,0.3598,0.2734,0.3922,0.0942,0.1668,0.0684,0.1426,0.0812,0.1235,0.0501,0.0705,0.0181,0.031,0.0174,0.0148,3291.1355,3313.6996,3410.4029,3207.326,-0.9139,-0.1326,-0.3488,-0.9795,-0.015,0.9271,1,1,1,1,1,42.1,59.5,
2026-07-29 18:12:27.259,0.4261,0.3575,0.6058,0.4651,0.3106,0.3359,0.2957,0.3285,0.1241,0.1506,0.0463,0.1303,0.1152,0.1191,0.039,0.0622,0.0241,0.0369,0.0131,0.0139,3374.5421,3342.3077,3349.5604,3396.7033,-0.913,-0.1242,-0.3497,-1.8243,-0.3215,-0.2094,1,1,1,1,1,42.1,60.0,
2026-07-29 18:12:28.256,0.4115,0.3736,0.5754,0.4609,0.3203,0.3366,0.3165,0.3305,0.1337,0.1203,0.0508,0.1345,0.1123,0.1277,0.0433,0.0605,0.0221,0.0417,0.0139,0.0136,3372.1245,3339.8901,3322.1612,3461.1722,-0.9142,-0.1283,-0.3387,-0.5608,0.5682,-0.8374,1,1,1,1,1,42.1,60.3,
2026-07-29 18:12:29.295,0.3677,0.3708,0.5747,0.4402,0.3366,0.3348,0.3158,0.3361,0.1534,0.1173,0.0506,0.1438,0.1189,0.1311,0.0443,0.0658,0.0235,0.046,0.0145,0.0141,3397.5092,3306.8498,3281.8681,3414.0293,-0.9116,-0.1242,-0.3577,0.7253,0.0224,-1.3608,1,1,1,1,1,42.1,60.3,
2026-07-29 18:12:30.391,0.3506,0.3283,0.5726,0.4198,0.3402,0.2976,0.3171,0.3421,0.1607,0.145,0.0502,0.1559,0.1255,0.1676,0.0455,0.0678,0.0229,0.0615,0.0146,0.0143,3428.5348,3308.4615,3327.8022,3295.1648,-0.9104,-0.1576,-0.3448,1.0767,-0.7327,-2.886,1,1,1,1,1,42.1,60.1,
2026-07-29 18:12:31.451,0.3497,0.3241,0.593,0.4379,0.3516,0.2718,0.3096,0.3371,0.1499,0.1469,0.0377,0.138,0.1276,0.1835,0.0445,0.0727,0.0211,0.0737,0.0152,0.0143,3142.0513,3334.2491,3373.7363,3204.5055,-0.9136,-0.1149,-0.35,-0.9196,-0.0972,0.1944,1,1,1,1,1,42.1,59.9,
2026-07-29 18:12:32.468,0.3472,0.2919,0.5976,0.4492,0.3725,0.2775,0.3093,0.348,0.1388,0.1524,0.0342,0.1237,0.1217,0.1943,0.0441,0.0658,0.0198,0.084,0.0149,0.0132,3331.0256,3306.4469,3310.0733,3214.5788,-0.9156,-0.1166,-0.3579,-1.1514,-0.2094,0.157,1,1,1,1,1,42.1,59.7,
2026-07-29 18:12:33.460,0.3523,0.2658,0.5879,0.4662,0.3715,0.2656,0.3171,0.34,0.1389,0.1577,0.0351,0.1157,0.1184,0.219,0.0453,0.0652,0.0189,0.0919,0.0147,0.0129,3345.1282,3339.0842,3312.0879,3328.2051,-0.91,-0.1226,-0.3553,-1.0841,-0.015,0.4337,1,1,1,1,1,42.1,59.6,
2026-07-29 18:12:34.586,0.3034,0.236,0.5717,0.4292,0.3737,0.2571,0.3108,0.3422,0.1619,0.156,0.0451,0.1339,0.1404,0.2548,0.0542,0.0801,0.0206,0.0961,0.0182,0.0146,3335.4579,3298.7912,3324.1758,3442.2344,-0.9125,-0.1232,-0.3585,-1.0168,0.1271,0.4187,1,1,1,1,1,42.1,59.6,
2026-07-29 18:12:35.621,0.2766,0.19,0.233,0.3408,0.3798,0.2872,0.3164,0.3483,0.1773,0.1337,0.1527,0.1745,0.1468,0.2855,0.2208,0.1164,0.0195,0.1035,0.0772,0.02,3340.696,3280.6593,3285.0916,3314.1026,-0.9094,-0.1254,-0.3577,-1.0168,0.0374,0.2318,1,1,1,1,1,42.0,60.0,
2026-07-29 18:12:36.722,0.2219,0.2062,0.1916,0.3009,0.4006,0.2712,0.2728,0.3469,0.1875,0.1342,0.1528,0.1966,0.1699,0.2957,0.2821,0.1336,0.0202,0.0926,0.1007,0.0221,3334.652,3313.2967,3320.1465,3375.7509,-0.9096,-0.1232,-0.3604,-1.0243,-0.0822,0.4337,1,1,1,1,1,42.0,60.7,
2026-07-29 18:12:37.793,0.2169,0.1941,0.1969,0.3342,0.4072,0.2887,0.2642,0.3061,0.1555,0.1359,0.1645,0.1801,0.1968,0.2984,0.2781,0.1521,0.0236,0.0829,0.0962,0.0276,3252.0513,3311.2821,3300.8059,3086.8498,-0.9063,-0.1224,-0.3698,-1.0468,0.3664,0.3514,1,1,1,1,1,42.0,60.8,
2026-07-29 18:12:38.793,0.2279,0.2129,0.2,0.3331,0.421,0.2883,0.2633,0.2978,0.1482,0.1405,0.1743,0.1942,0.1752,0.2759,0.2659,0.1472,0.0276,0.0823,0.0965,0.0276,3301.2088,3279.8535,3292.3443,3246.0073,-0.9113,-0.1193,-0.3634,-0.972,0.1122,0.1794,1,1,1,1,1,42.0,59.9,
2026-07-29 18:12:40.122,0.2373,0.2125,0.188,0.2559,0.3916,0.2808,0.2672,0.2914,0.1456,0.1332,0.188,0.2385,0.1954,0.2808,0.2604,0.1817,0.0301,0.0927,0.0965,0.0325,3283.0769,3298.3883,3311.685,3407.5824,-0.9142,-0.1196,-0.3666,-0.972,-0.157,0.3738,1,1,1,1,1,42.0,55.4,
2026-07-29 18:12:41.209,0.1785,0.2071,0.2043,0.1783,0.3448,0.2996,0.2626,0.237,0.2019,0.1264,0.1874,0.3153,0.2398,0.2803,0.251,0.2307,0.035,0.0866,0.0946,0.0387,3346.7399,3307.2527,3312.0879,3384.6154,-0.909,-0.1226,-0.3654,-0.9271,-0.3365,0.6804,1,1,1,1,1,42.0,53.1,
2026-07-29 18:12:42.465,0.1336,0.2085,0.238,0.1327,0.3563,0.3148,0.2349,0.2716,0.2418,0.1287,0.18,0.343,0.2333,0.2596,0.2489,0.2184,0.0349,0.0884,0.0983,0.0344,3314.9084,3287.9121,3297.1795,3270.5861,-0.9037,-0.1176,-0.3612,-0.9869,-0.0299,0.7028,1,1,1,1,1,42.0,52.9,
2026-07-29 18:12:44.158,0.1217,0.2132,0.2404,0.1366,0.3631,0.2928,0.2311,0.2863,0.2615,0.1344,0.1765,0.3614,0.2193,0.263,0.2512,0.186,0.0344,0.0966,0.1007,0.0296,3278.2418,3328.6081,3293.956,3382.1978,-0.9061,-0.1226,-0.3652,-1.0094,-0.172,0.3365,1,1,1,1,1,42.0,53.5,
2026-07-29 18:12:45.219,0.1096,0.2056,0.2355,0.1383,0.3618,0.2826,0.2189,0.3165,0.2906,0.1454,0.1801,0.3389,0.2043,0.2664,0.2593,0.1802,0.0336,0.1,0.1062,0.0261,3356.4103,3316.1172,3287.9121,3318.1319,-0.9064,-0.1213,-0.3673,-1.0767,-0.1196,0.2692,1,1,1,1,1,42.0,54.6,
2026-07-29 18:12:46.341,0.1122,0.1974,0.2469,0.124,0.3672,0.2727,0.207,0.3685,0.3002,0.1674,0.1775,0.3234,0.189,0.266,0.2654,0.1614,0.0314,0.0965,0.1033,0.0226,3294.7619,3287.9121,3335.0549,3462.7839,-0.9133,-0.1215,-0.3558,-0.7103,-0.0,-0.2243,1,1,1,1,1,42.0,55.8,
2026-07-29 18:12:46.939,0.111,0.1832,0.2501,0.1149,0.3477,0.2562,0.207,0.3726,0.311,0.1725,0.1701,0.3367,0.1997,0.2846,0.2606,0.155,0.0307,0.1035,0.1121,0.0209,3269.3773,3297.5824,3277.8388,3057.8388,-0.9097,-0.131,-0.3686,-0.8299,-0.0299,0.4037,1,1,1,1,1,42.0,57.9,
2026-07-29 18:12:48.640,0.1332,0.1692,0.241,0.1382,0.3527,0.2586,0.1795,0.4076,0.3006,0.19,0.1618,0.3033,0.1812,0.2779,0.295,0.1143,0.0322,0.1043,0.1227,0.0367,3314.5055,3313.6996,3284.6886,3135.2015,-0.9119,-0.1237,-0.3683,-0.9047,-0.3065,0.0075,1,1,1,1,1,42.0,59.0,
2026-07-29 18:12:49.847,0.1523,0.1714,0.2324,0.1396,0.3435,0.2387,0.1674,0.4163,0.2897,0.1955,0.1623,0.2888,0.1799,0.2851,0.3099,0.1175,0.0346,0.1093,0.128,0.0378,3351.5751,3305.2381,3266.9597,3193.2234,-0.9125,-0.1225,-0.3649,-1.0617,-0.0374,0.2991,1,1,1,1,1,42.0,59.3,
2026-07-29 18:12:50.979,0.1679,0.1696,0.1973,0.1397,0.3262,0.238,0.1651,0.4125,0.2839,0.1921,0.1821,0.2873,0.1839,0.285,0.3246,0.1204,0.0382,0.1153,0.1309,0.0401,3354.3956,3289.9267,3275.4212,3473.2601,-0.9062,-0.1198,-0.3575,-0.7253,1.1739,0.0972,1,1,1,1,1,42.0,59.5,
2026-07-29 18:12:52.082,0.1986,0.159,0.1853,0.1712,0.3061,0.2482,0.1864,0.4019,0.2813,0.1943,0.1696,0.2694,0.1749,0.2754,0.33,0.1183,0.0391,0.1231,0.1287,0.0392,3258.9011,3298.3883,3291.5385,3133.1868,-0.9059,-0.1262,-0.3657,-0.9944,-0.0598,0.3813,1,1,1,1,1,42.0,61.0,
2026-07-29 18:12:53.320,0.2302,0.1648,0.2182,0.2348,0.2953,0.2334,0.2199,0.3658,0.2561,0.1972,0.151,0.2499,0.1784,0.2726,0.2947,0.1106,0.0401,0.1321,0.1162,0.039,3280.2564,3292.3443,3286.3004,3203.6996,-0.9078,-0.1238,-0.3752,-0.9944,-0.2094,0.2393,1,1,1,1,1,42.0,65.5,
2026-07-29 18:12:54.621,0.225,0.1724,0.2068,0.2432,0.3119,0.2273,0.2258,0.3512,0.2631,0.1938,0.1378,0.2479,0.1628,0.2726,0.3082,0.1177,0.0371,0.1339,0.1213,0.0401,3401.5385,3324.9817,3314.5055,3413.2234,-0.9081,-0.13,-0.3661,-0.957,-0.2916,0.0897,1,1,1,1,1,42.0,66.1,
2026-07-29 18:12:55.519,0.234,0.1728,0.2093,0.2735,0.2942,0.2091,0.2289,0.3415,0.2711,0.202,0.1389,0.2203,0.1674,0.2882,0.3116,0.1294,0.0333,0.128,0.1113,0.0354,3246.0073,3289.9267,3279.0476,3199.6703,-0.901,-0.1286,-0.3661,-0.972,0.0673,0.4187,1,1,1,1,1,42.0,65.0,
2026-07-29 18:12:56.880,0.2174,0.1946,0.1889,0.3066,0.2649,0.2046,0.246,0.3072,0.2954,0.1795,0.1453,0.2051,0.1878,0.3025,0.3222,0.1515,0.0345,0.1188,0.0976,0.0296,3353.1868,3336.6667,3300.0,3223.0403,-0.9062,-0.132,-0.3673,-1.0393,-0.329,0.329,1,1,1,1,1,42.0,63.2,
2026-07-29 18:12:58.212,0.2067,0.2116,0.2141,0.3079,0.2731,0.1988,0.2501,0.2909,0.2999,0.178,0.1385,0.225,0.1889,0.2949,0.3061,0.1467,0.0314,0.1168,0.0911,0.0296,3374.5421,3333.4432,3289.1209,3177.1062,-0.9073,-0.129,-0.37,-1.0617,-0.3215,0.1944,1,1,1,1,1,42.0,61.1,
2026-07-29 18:12:59.884,0.1949,0.2521,0.2391,0.3108,0.2983,0.2118,0.2661,0.3005,0.2829,0.1571,0.1267,0.2163,0.1952,0.2729,0.2835,0.1444,0.0287,0.1062,0.0846,0.0281,3329.4139,3291.9414,3295.5678,3208.1319,-0.9072,-0.1262,-0.366,-0.9645,-0.0,0.0822,1,1,1,1,1,42.0,59.7,
2026-07-29 18:13:01.018,0.1376,0.2622,0.2397,0.1998,0.3218,0.2096,0.2403,0.3322,0.3128,0.146,0.1387,0.2779,0.2014,0.2852,0.29,0.1602,0.0264,0.097,0.0913,0.03,3295.9707,3279.4505,3303.6264,3183.956,-0.9112,-0.1273,-0.3659,-0.9944,-0.0374,0.3065,1,1,1,1,1,42.0,58.6,
2026-07-29 18:13:01.466,0.1219,0.2698,0.1955,0.1369,0.3282,0.2207,0.2306,0.3684,0.3189,0.126,0.1633,0.3171,0.2042,0.2893,0.3065,0.1517,0.0269,0.0942,0.1042,0.0259,3323.7729,3279.0476,3334.652,3378.1685,-0.9059,-0.1328,-0.3665,-0.9196,-0.2094,0.2168,1,1,1,1,1,42.0,58.4,
2026-07-29 18:13:03.573,0.1073,0.2711,0.2048,0.12,0.3353,0.231,0.2346,0.3903,0.3145,0.1211,0.1614,0.3127,0.2144,0.2788,0.302,0.1517,0.0285,0.0981,0.0972,0.0253,3334.652,3321.3553,3316.5201,3432.967,-0.9056,-0.1337,-0.3713,-0.9196,0.0224,0.5009,1,1,1,1,1,42.0,59.2,
2026-07-29 18:13:04.763,0.1127,0.2724,0.2015,0.1125,0.3603,0.2562,0.2275,0.39,0.2908,0.1121,0.1642,0.3119,0.2086,0.2617,0.305,0.164,0.0276,0.0976,0.1019,0.0216,3290.3297,3288.7179,3316.1172,3430.9524,-0.9092,-0.1302,-0.3691,-1.0393,-0.1421,-0.1421,1,1,1,1,1,42.0,59.5,
2026-07-29 18:13:05.984,0.1057,0.2618,0.2195,0.1053,0.3706,0.2656,0.2371,0.3976,0.2852,0.1158,0.157,0.3099,0.2131,0.2606,0.2854,0.1675,0.0253,0.0962,0.101,0.0198,3357.619,3318.1319,3297.5824,3461.978,-0.9126,-0.1338,-0.3636,-1.0767,-0.1645,0.0822,1,1,1,1,1,42.0,59.2,
2026-07-29 18:13:07.180,0.1125,0.253,0.205,0.1189,0.353,0.2601,0.2403,0.3681,0.2714,0.1209,0.1697,0.3059,0.2346,0.2713,0.2886,0.1864,0.0285,0.0948,0.0965,0.0208,3256.8864,3335.8608,3329.8168,3422.0879,-0.9075,-0.1306,-0.3666,-0.8748,0.015,0.1421,1,1,1,1,1,42.0,58.7,
2026-07-29 18:13:07.877,0.1237,0.2114,0.2141,0.1122,0.3329,0.2424,0.2369,0.3622,0.2654,0.1396,0.1699,0.3042,0.2467,0.2985,0.2817,0.1972,0.0313,0.1082,0.0974,0.0242,3337.0696,3320.5495,3301.2088,3420.0733,-0.9033,-0.1244,-0.3664,-1.0916,-0.1346,0.3514,1,1,1,1,1,42.0,58.3,
2026-07-29 18:13:09.714,0.146,0.2137,0.2183,0.1328,0.3395,0.258,0.2545,0.3145,0.2203,0.1425,0.1637,0.29,0.2623,0.2827,0.279,0.2313,0.0319,0.1032,0.0845,0.0314,3250.0366,3270.5861,3301.2088,3130.7692,-0.905,-0.1274,-0.3676,-1.114,-0.1794,0.2168,1,1,1,1,1,42.0,57.9,
2026-07-29 18:13:11.045,0.161,0.1744,0.2279,0.1548,0.305,0.2506,0.2411,0.2508,0.2087,0.1474,0.1565,0.2743,0.2895,0.3139,0.2923,0.282,0.0358,0.1136,0.0823,0.038,3291.5385,3301.6117,3289.5238,3349.1575,-0.9039,-0.1181,-0.3633,-1.0094,-0.2094,0.5832,1,1,1,1,1,42.0,57.2,
2026-07-29 18:13:12.229,0.1443,0.1755,0.2684,0.136,0.3167,0.2615,0.2327,0.2878,0.2407,0.1405,0.1543,0.3015,0.2647,0.3165,0.2711,0.2397,0.0336,0.106,0.0734,0.035,3308.4615,3330.2198,3318.5348,3270.989,-0.905,-0.1263,-0.3651,-0.9271,-0.2766,0.3888,1,1,1,1,1,42.0,56.9,
2026-07-29 18:13:13.325,0.1327,0.1751,0.2543,0.1312,0.3241,0.2723,0.242,0.3188,0.2398,0.1363,0.1628,0.3075,0.2702,0.3114,0.2694,0.2119,0.0332,0.1048,0.0716,0.0306,3309.2674,3285.8974,3302.0147,3306.4469,-0.91,-0.1219,-0.362,-0.8972,0.2467,0.1346,1,1,1,1,1,42.0,57.2,
2026-07-29 18:13:13.957,0.13,0.1848,0.239,0.1087,0.3412,0.2602,0.2372,0.3527,0.2411,0.1379,0.1542,0.3038,0.2554,0.3112,0.2919,0.205,0.0323,0.1059,0.0777,0.0297,3326.1905,3299.1941,3308.4615,3449.0842,-0.9074,-0.1313,-0.3631,-1.0767,-0.0075,0.2617,1,1,1,1,1,42.0,57.7,
2026-07-29 18:13:15.331,0.1231,0.1596,0.2211,0.1027,0.3744,0.2921,0.2694,0.377,0.2315,0.1319,0.1454,0.2759,0.2419,0.3185,0.2883,0.2192,0.029,0.0979,0.0757,0.0252,3372.9304,3320.5495,3262.1245,3291.5385,-0.9055,-0.129,-0.369,-0.957,0.0523,0.2393,1,1,1,1,1,42.0,58.4,
2026-07-29 18:13:17.215,0.1142,0.1737,0.2235,0.093,0.3786,0.2863,0.256,0.3946,0.2476,0.1296,0.1467,0.282,0.2323,0.3249,0.2901,0.2086,0.0273,0.0855,0.0838,0.0217,3346.337,3325.3846,3297.1795,3152.5275,-0.9081,-0.1309,-0.3657,-0.9645,-0.2019,-0.0299,1,1,1,1,1,42.0,58.9,
2026-07-29 18:13:18.479,0.0941,0.2009,0.2178,0.0906,0.3692,0.2685,0.2513,0.4099,0.2825,0.1375,0.1607,0.2865,0.2273,0.3111,0.2832,0.1926,0.027,0.0819,0.0871,0.0204,3250.8425,3314.1026,3324.9817,3294.7619,-0.9038,-0.1296,-0.3672,-1.0168,-0.1047,0.0897,1,1,1,1,1,42.0,59.3,
2026-07-29 18:13:19.072,0.0941,0.23,0.1688,0.1009,0.3535,0.2512,0.2765,0.3852,0.2997,0.1388,0.1665,0.2901,0.2277,0.301,0.2883,0.2037,0.0251,0.079,0.0999,0.02,3269.3773,3300.4029,3310.0733,3161.7949,-0.9033,-0.1307,-0.3685,-1.0318,-0.0822,0.2991,1,1,1,1,1,42.0,59.1,
2026-07-29 18:13:20.398,0.0811,0.2457,0.1546,0.108,0.3633,0.2359,0.2812,0.3715,0.3191,0.1521,0.1537,0.2888,0.2138,0.2953,0.3072,0.2108,0.0227,0.0711,0.1031,0.0209,3375.7509,3308.8645,3287.9121,3293.956,-0.9067,-0.131,-0.3655,-0.9196,-0.0673,0.1944,1,1,1,1,1,42.0,58.5,
2026-07-29 18:13:22.159,0.0735,0.2206,0.1571,0.1054,0.3509,0.2318,0.283,0.3762,0.3357,0.1656,0.1569,0.3008,0.2156,0.3072,0.2936,0.1964,0.0243,0.0747,0.1094,0.0211,3295.1648,3287.1062,3327.8022,3380.5861,-0.9017,-0.1332,-0.3651,-1.0243,-0.2617,0.2467,1,1,1,1,1,42.0,57.9,
2026-07-29 18:13:23.253,0.0685,0.2381,0.1543,0.1023,0.3623,0.2383,0.277,0.3635,0.3269,0.1771,0.195,0.3268,0.2188,0.2764,0.2721,0.1862,0.0235,0.0701,0.1016,0.0213,3261.3187,3275.4212,3301.6117,3408.7912,-0.9048,-0.1335,-0.3661,-0.8598,0.0972,0.6206,1,1,1,1,1,42.0,57.5,
2026-07-29 18:13:24.515,0.0692,0.2609,0.1781,0.0996,0.3407,0.2265,0.2663,0.3433,0.3366,0.178,0.1861,0.3338,0.2292,0.267,0.2736,0.2016,0.0243,0.0677,0.0959,0.0217,3279.4505,3294.7619,3325.3846,3168.6447,-0.9045,-0.1305,-0.3661,-0.9421,0.0075,0.6953,1,1,1,1,1,42.0,57.2,
2026-07-29 18:13:25.695,0.0808,0.2479,0.1774,0.1038,0.3254,0.2378,0.2713,0.3278,0.3387,0.1792,0.1939,0.3313,0.2301,0.2656,0.2627,0.214,0.025,0.0695,0.0947,0.0232,3370.5128,3291.9414,3300.0,3272.6007,-0.9022,-0.1272,-0.3682,-0.9795,-0.0897,0.5159,1,1,1,1,1,42.0,57.0,
2026-07-29 18:13:26.395,0.0854,0.2529,0.177,0.1019,0.3285,0.2382,0.2696,0.3259,0.3562,0.1591,0.1832,0.3461,0.2081,0.2742,0.2672,0.2041,0.0218,0.0756,0.103,0.022,3293.5531,3300.0,3335.4579,3463.9927,-0.9052,-0.1328,-0.3685,-0.9421,0.0299,-0.0598,1,1,1,1,1,42.0,57.0,
2026-07-29 18:13:28.252,0.0859,0.23,0.1768,0.0734,0.3338,0.2324,0.2738,0.3342,0.3424,0.1653,0.1871,0.3592,0.2146,0.2859,0.2632,0.2117,0.0232,0.0864,0.0992,0.0215,3334.2491,3314.9084,3282.674,3244.7985,-0.908,-0.1316,-0.3657,-1.0393,0.0075,0.1869,1,1,1,1,1,42.0,57.3,
2026-07-29 18:13:29.574,0.0974,0.2272,0.1662,0.0697,0.3397,0.2406,0.2902,0.3462,0.3297,0.1644,0.1771,0.3551,0.2102,0.2813,0.2724,0.2105,0.0229,0.0865,0.0941,0.0185,3287.9121,3291.9414,3293.956,3163.8095,-0.908,-0.131,-0.3674,-0.9645,0.1271,0.3514,1,1,1,1,1,42.0,57.1,
2026-07-29 18:13:30.720,0.1046,0.2323,0.1713,0.0786,0.3328,0.2486,0.2892,0.3511,0.3223,0.1418,0.1521,0.3414,0.2185,0.2926,0.2887,0.2099,0.0218,0.0846,0.0988,0.0191,3327.8022,3331.8315,3343.9194,3428.1319,-0.9089,-0.1286,-0.3724,-0.8897,-0.2467,0.0748,1,1,1,1,1,42.0,56.6,
2026-07-29 18:13:31.390,0.1393,0.203,0.1711,0.0784,0.3061,0.2372,0.2709,0.3618,0.312,0.1433,0.1419,0.3309,0.222,0.3262,0.3038,0.2092,0.0206,0.0902,0.1122,0.0197,3345.1282,3324.1758,3310.8791,3358.4249,-0.9038,-0.1295,-0.3624,-1.0542,-0.0897,0.4411,1,1,1,1,1,42.0,56.3,
2026-07-29 18:13:33.188,0.1284,0.2121,0.1613,0.0708,0.3154,0.2441,0.2677,0.3831,0.3042,0.1407,0.1409,0.3165,0.2327,0.3122,0.3165,0.21,0.0193,0.0909,0.1137,0.0196,3265.348,3300.4029,3282.2711,3349.1575,-0.9077,-0.1326,-0.3646,-1.0617,0.0897,0.1869,1,1,1,1,1,41.9,56.6,
2026-07-29 18:13:34.398,0.1333,0.1896,0.1751,0.0675,0.3284,0.2365,0.2565,0.4042,0.2566,0.1552,0.1344,0.296,0.2614,0.322,0.3304,0.2136,0.0204,0.0967,0.1036,0.0187,3302.4176,3264.1392,3301.2088,3427.326,-0.9036,-0.1326,-0.3694,-0.8897,-0.2019,0.1495,1,1,1,1,1,41.9,57.6,
2026-07-29 18:13:35.210,0.1287,0.1915,0.1804,0.0695,0.329,0.2494,0.2644,0.4391,0.2575,0.1572,0.1257,0.2792,0.2662,0.3125,0.3396,0.1965,0.0186,0.0894,0.0899,0.0157,3307.2527,3286.7033,3322.967,3482.1245,-0.9101,-0.1383,-0.3672,-0.8748,0.2542,0.486,1,1,1,1,1,41.9,58.9,
2026-07-29 18:13:36.697,0.1236,0.1783,0.2094,0.0809,0.3381,0.2826,0.2488,0.4589,0.2414,0.1609,0.1369,0.2322,0.2782,0.3058,0.3215,0.2093,0.0187,0.0723,0.0834,0.0187,3316.9231,3314.5055,3343.1136,3460.3663,-0.9039,-0.136,-0.366,-0.8972,-0.015,0.1271,1,1,1,1,1,41.9,59.6,
2026-07-29 18:13:37.832,0.1274,0.1691,0.2196,0.0804,0.3703,0.279,0.2484,0.467,0.2277,0.1726,0.1409,0.2205,0.2571,0.3108,0.3151,0.2141,0.0175,0.0685,0.0759,0.018,3321.3553,3313.2967,3263.7363,3380.989,-0.9091,-0.1364,-0.366,-0.957,-0.1271,0.0598,1,1,1,1,1,41.9,59.5,
2026-07-29 18:13:39.065,0.1184,0.1608,0.2188,0.0871,0.3829,0.3071,0.2384,0.4634,0.2301,0.1751,0.1453,0.225,0.2512,0.2892,0.3207,0.207,0.0174,0.0679,0.0767,0.0176,3341.5018,3322.5641,3312.0879,3461.978,-0.9059,-0.1318,-0.3697,-1.0168,-0.1645,0.1944,1,1,1,1,1,41.9,59.1,
2026-07-29 18:13:40.349,0.107,0.1738,0.2203,0.0852,0.3881,0.2968,0.238,0.4471,0.2677,0.1808,0.1483,0.26,0.2199,0.2813,0.3209,0.1893,0.0172,0.0673,0.0724,0.0184,3323.7729,3290.7326,3326.5934,3200.0733,-0.9058,-0.1284,-0.3655,-1.0542,0.1122,0.1869,1,1,1,1,1,41.9,58.9,
2026-07-29 18:13:42.136,0.1312,0.1726,0.2257,0.0901,0.3823,0.2951,0.2748,0.4612,0.2551,0.1802,0.1531,0.24,0.2161,0.2894,0.2799,0.1893,0.0153,0.0628,0.0665,0.0195,3301.6117,3319.7436,3305.641,3330.2198,-0.9035,-0.127,-0.366,-0.9346,-0.314,0.4112,1,1,1,1,1,41.9,58.9,
2026-07-29 18:13:43.367,0.1197,0.1719,0.2266,0.0865,0.4276,0.301,0.2869,0.4606,0.2393,0.1882,0.165,0.2424,0.1979,0.2795,0.2549,0.1886,0.0156,0.0594,0.0666,0.0219,3258.9011,3297.5824,3290.7326,3145.6777,-0.9056,-0.1321,-0.3703,-0.9196,0.1421,0.2393,1,1,1,1,1,41.9,59.1,
2026-07-29 18:13:43.985,0.1084,0.1825,0.2304,0.0825,0.4517,0.3054,0.2692,0.4596,0.2387,0.1933,0.1762,0.2382,0.1862,0.2635,0.259,0.1976,0.015,0.0553,0.0651,0.0222,3295.9707,3294.359,3330.2198,3204.9084,-0.9059,-0.1336,-0.3674,-0.9271,-0.0449,0.1869,1,1,1,1,1,41.9,59.0,
2026-07-29 18:13:45.023,0.0877,0.1862,0.2091,0.0603,0.4536,0.2922,0.2658,0.4619,0.2556,0.1699,0.1708,0.2583,0.1904,0.2921,0.2882,0.2007,0.0128,0.0596,0.0661,0.0188,3329.4139,3302.0147,3316.5201,3459.1575,-0.9068,-0.1328,-0.3665,-1.0243,-0.1346,0.2318,1,1,1,1,1,41.9,58.8,
2026-07-29 18:13:46.603,0.0798,0.199,0.2031,0.0514,0.4498,0.2813,0.2868,0.4529,0.2656,0.1685,0.1642,0.2732,0.1905,0.2891,0.2807,0.2022,0.0143,0.062,0.0652,0.0203,3308.8645,3296.7766,3308.4615,3388.6447,-0.9061,-0.132,-0.3666,-0.9869,0.1271,0.1495,1,1,1,1,1,41.9,58.3,
2026-07-29 18:13:47.707,0.0761,0.2168,0.19,0.0479,0.4515,0.2708,0.289,0.4578,0.2648,0.1661,0.1605,0.2603,0.1929,0.2807,0.2938,0.2136,0.0147,0.0658,0.0667,0.0204,3379.3773,3358.8278,3323.37,3475.6777,-0.9056,-0.1331,-0.3698,-0.9346,-0.4187,0.2318,1,1,1,1,1,41.9,58.1,
2026-07-29 18:13:48.920,0.07,0.2004,0.192,0.0513,0.438,0.2664,0.2888,0.4498,0.2615,0.1773,0.1549,0.2585,0.2162,0.2809,0.293,0.2228,0.0144,0.0749,0.0713,0.0176,3351.5751,3314.9084,3293.956,3405.1648,-0.9042,-0.1312,-0.3618,-0.9944,-0.1944,0.2617,1,1,1,1,1,41.9,58.2,
2026-07-29 18:13:49.518,0.0503,0.1919,0.1723,0.048,0.443,0.2681,0.262,0.4316,0.2633,0.1745,0.1561,0.2721,0.2272,0.2838,0.3257,0.2315,0.0162,0.0816,0.0839,0.0168,3319.7436,3314.1026,3321.3553,3443.0403,-0.9055,-0.1359,-0.3701,-0.8823,-0.172,0.0598,1,1,1,1,1,41.9,58.8,
2026-07-29 18:13:50.904,0.0505,0.1818,0.1538,0.0476,0.4078,0.2565,0.23,0.4045,0.2988,0.168,0.1571,0.2865,0.2281,0.2917,0.3544,0.2434,0.0148,0.1021,0.1047,0.018,3289.9267,3284.6886,3278.2418,3399.9267,-0.9083,-0.1331,-0.3699,-0.9496,-0.0897,0.1122,1,1,1,1,1,41.9,59.5,
2026-07-29 18:13:52.291,0.0526,0.1739,0.145,0.0468,0.3921,0.2372,0.2468,0.3992,0.2988,0.1578,0.1347,0.2922,0.2403,0.3073,0.363,0.243,0.0162,0.1239,0.1104,0.0188,3310.0733,3333.4432,3338.6813,3407.5824,-0.9076,-0.1367,-0.3652,-0.972,-0.172,0.2019,1,1,1,1,1,41.9,59.6,
2026-07-29 18:13:54.100,0.0691,0.1831,0.1669,0.0648,0.3548,0.2347,0.2305,0.3777,0.3077,0.1651,0.1396,0.3204,0.2483,0.2856,0.3428,0.2166,0.0201,0.1314,0.1201,0.0205,3346.337,3330.2198,3323.37,3470.4396,-0.9069,-0.1344,-0.3698,-1.0692,-0.0299,0.2168,1,1,1,1,1,41.9,59.3,
2026-07-29 18:13:55.377,0.0834,0.1661,0.1878,0.0817,0.3407,0.2227,0.2073,0.3833,0.3103,0.1621,0.1513,0.3219,0.247,0.3022,0.3241,0.1941,0.0186,0.147,0.1295,0.019,3334.652,3319.7436,3319.7436,3225.4579,-0.9009,-0.132,-0.3682,-0.9795,-0.1346,0.1346,1,1,1,1,1,41.9,59.1,
2026-07-29 18:13:56.174,0.0929,0.1635,0.1777,0.0861,0.351,0.2228,0.2286,0.4005,0.3035,0.153,0.1612,0.3221,0.2327,0.3066,0.3025,0.1706,0.0199,0.1541,0.1299,0.0207,3233.9194,3293.5531,3284.2857,3330.6227,-0.9059,-0.1343,-0.3672,-1.0168,0.0673,0.1794,1,1,1,1,1,41.9,59.3,
2026-07-29 18:13:57.405,0.0992,0.1727,0.1662,0.092,0.3645,0.24,0.2216,0.4067,0.3027,0.1356,0.1643,0.327,0.2138,0.2972,0.3139,0.1531,0.0197,0.1545,0.134,0.0212,3268.5714,3317.7289,3376.5568,3571.1722,-0.9057,-0.1343,-0.3726,-0.9645,-0.7402,0.6281,1,1,1,1,1,41.9,60.1,
2026-07-29 18:13:59.019,0.2349,0.1847,0.1704,0.2043,0.3179,0.2533,0.2381,0.3349,0.2273,0.1131,0.1337,0.26,0.181,0.3034,0.3369,0.153,0.0389,0.1455,0.1209,0.0478,3256.0806,3340.696,3300.8059,3102.1612,-0.9028,-0.1331,-0.3658,-1.1215,-0.2542,0.157,1,1,1,1,1,41.9,61.1,
2026-07-29 18:13:59.914,0.3001,0.1891,0.1734,0.2281,0.2938,0.2692,0.2656,0.3176,0.1972,0.1158,0.1315,0.2451,0.1657,0.2875,0.3115,0.1563,0.0432,0.1384,0.1179,0.0528,3318.5348,3310.0733,3309.2674,3273.8095,-0.9042,-0.1381,-0.3659,-0.9271,-0.2094,-0.1196,1,1,1,1,1,41.9,62.9,
2026-07-29 18:14:01.243,0.3159,0.1816,0.1581,0.236,0.2837,0.2574,0.2569,0.3066,0.1931,0.1158,0.142,0.2289,0.1639,0.2985,0.3172,0.172,0.0434,0.1467,0.1258,0.0565,3305.641,3301.2088,3315.7143,3231.9048,-0.9073,-0.1308,-0.3672,-1.0393,0.2168,0.3813,1,1,1,1,1,41.9,64.7,
2026-07-29 18:14:02.914,0.3019,0.1807,0.144,0.2328,0.2994,0.2596,0.2636,0.313,0.201,0.1222,0.1389,0.2254,0.1561,0.2859,0.3181,0.1723,0.0416,0.1516,0.1354,0.0565,3300.0,3314.1026,3277.4359,3283.4799,-0.905,-0.1343,-0.3666,-0.957,-0.1869,0.2243,1,1,1,1,1,41.9,65.6,
2026-07-29 18:14:04.045,0.3023,0.1463,0.1312,0.2359,0.2895,0.2665,0.247,0.3074,0.2007,0.1223,0.1374,0.214,0.166,0.3098,0.3435,0.1832,0.0414,0.1551,0.1409,0.0595,3287.9121,3260.1099,3285.8974,3186.3736,-0.9062,-0.136,-0.3683,-0.9122,-0.3888,0.0449,1,1,1,1,1,41.9,65.6,
2026-07-29 18:14:05.733,0.3136,0.146,0.1366,0.2406,0.3051,0.2772,0.2473,0.2937,0.1901,0.1257,0.1271,0.2154,0.1524,0.3023,0.359,0.1925,0.0387,0.1488,0.1299,0.0578,3281.4652,3312.4908,3309.2674,3418.8645,-0.9051,-0.1373,-0.3671,-0.9944,-0.0523,0.0897,1,1,1,1,1,41.9,63.2,
2026-07-29 18:14:06.364,0.3107,0.1408,0.1719,0.2032,0.302,0.2617,0.2604,0.2985,0.1945,0.1506,0.119,0.2301,0.1605,0.3051,0.3239,0.214,0.0323,0.1417,0.1248,0.0543,3252.8571,3291.5385,3318.1319,3257.2894,-0.9007,-0.1367,-0.3669,-0.972,-0.1645,0.7402,1,1,1,1,1,41.9,59.9,
2026-07-29 18:14:08.251,0.1897,0.1179,0.1941,0.1093,0.3521,0.2742,0.2304,0.3497,0.2548,0.1596,0.1311,0.313,0.1828,0.3184,0.319,0.2063,0.0205,0.13,0.1255,0.0216,3279.4505,3281.4652,3286.7033,3193.2234,-0.9044,-0.1351,-0.3679,-0.9271,-0.1645,0.1495,1,1,1,1,1,41.9,59.3,
2026-07-29 18:14:09.565,0.1654,0.1166,0.2056,0.1003,0.3378,0.2711,0.2137,0.3333,0.277,0.1732,0.1235,0.3082,0.1994,0.3091,0.3284,0.2357,0.0203,0.13,0.1289,0.0226,3352.381,3308.0586,3320.9524,3272.6007,-0.9031,-0.1372,-0.3632,-0.9795,-0.1196,0.1794,1,1,1,1,1,41.9,59.3,
2026-07-29 18:14:10.994,0.1614,0.1245,0.2034,0.107,0.3177,0.2688,0.2067,0.304,0.2848,0.1746,0.1195,0.3047,0.2143,0.308,0.3526,0.2625,0.0218,0.124,0.1178,0.0219,3339.4872,3293.1502,3308.4615,3354.7985,-0.9014,-0.1347,-0.3661,-0.9496,0.0673,0.0822,1,1,1,1,1,41.9,59.4,
2026-07-29 18:14:12.301,0.1511,0.1505,0.2268,0.1181,0.2976,0.2482,0.2269,0.3198,0.3276,0.177,0.102,0.3055,0.2026,0.3033,0.3344,0.2388,0.021,0.121,0.1099,0.0178,3295.1648,3302.0147,3327.3993,3261.3187,-0.9095,-0.1381,-0.3652,-0.9944,-0.0598,0.2243,1,1,1,1,1,41.9,58.9,
2026-07-29 18:14:12.946,0.1183,0.143,0.2249,0.1156,0.2848,0.2266,0.2241,0.3309,0.3595,0.1908,0.1033,0.2942,0.2145,0.3129,0.3341,0.2397,0.0229,0.1267,0.1137,0.0196,3339.0842,3327.3993,3335.0549,3395.0916,-0.9077,-0.1331,-0.3659,-0.9645,-0.0374,0.2617,1,1,1,1,1,41.9,58.1,
2026-07-29 18:14:14.739,0.0935,0.1355,0.1713,0.1575,0.3224,0.2284,0.2117,0.3566,0.3441,0.1855,0.1234,0.2332,0.2147,0.3115,0.3642,0.2319,0.0253,0.1391,0.1294,0.0207,3366.4835,3320.5495,3291.9414,3327.3993,-0.9029,-0.1393,-0.3688,-0.9047,0.0075,0.5533,1,1,1,1,1,41.9,57.6,
2026-07-29 18:14:15.986,0.0829,0.1661,0.1488,0.1829,0.3558,0.2238,0.2155,0.3825,0.3203,0.1844,0.1281,0.201,0.2116,0.2811,0.3734,0.2118,0.0295,0.1446,0.1341,0.0218,3345.5311,3345.1282,3282.674,3476.8864,-0.904,-0.1342,-0.3658,-0.9944,-0.0673,0.314,1,1,1,1,1,41.9,57.9,
2026-07-29 18:14:17.329,0.0977,0.1831,0.1461,0.2109,0.3808,0.2339,0.2143,0.404,0.2978,0.1812,0.1449,0.1941,0.1945,0.2772,0.3615,0.1714,0.0292,0.1246,0.1332,0.0197,3279.8535,3318.1319,3320.5495,3412.8205,-0.9058,-0.1334,-0.3643,-1.0243,-0.2019,0.4037,1,1,1,1,1,41.9,58.8,
2026-07-29 18:14:18.531,0.1119,0.1822,0.1558,0.215,0.3949,0.2204,0.2387,0.4215,0.2729,0.1666,0.1432,0.2004,0.1892,0.2898,0.341,0.1456,0.0311,0.1411,0.1212,0.0175,3243.5897,3273.0037,3277.033,3208.1319,-0.9036,-0.1349,-0.3679,-1.0692,-0.157,0.2841,1,1,1,1,1,41.9,59.4,
2026-07-29 18:14:19.143,0.1152,0.1721,0.1367,0.2219,0.3932,0.215,0.2522,0.4119,0.2557,0.1618,0.1453,0.1913,0.2049,0.3103,0.3387,0.1562,0.031,0.1408,0.1271,0.0187,3368.9011,3315.7143,3327.8022,3383.8095,-0.906,-0.1323,-0.3703,-0.8598,0.0523,0.8,1,1,1,1,1,41.9,59.6,
2026-07-29 18:14:20.944,0.111,0.1705,0.1528,0.1986,0.4261,0.2376,0.2685,0.4502,0.2384,0.1578,0.1481,0.1902,0.1952,0.3004,0.3143,0.144,0.0293,0.1336,0.1164,0.017,3277.033,3321.7582,3344.7253,3527.6557,-0.9025,-0.1336,-0.3695,-1.0094,0.0897,0.1944,1,1,1,1,1,41.9,59.7,
2026-07-29 18:14:21.565,0.1011,0.191,0.1602,0.1856,0.4337,0.2522,0.2786,0.4593,0.2434,0.1415,0.1416,0.2095,0.1942,0.2866,0.3057,0.1306,0.0278,0.1288,0.1139,0.0149,3244.7985,3310.8791,3305.641,3376.9597,-0.9055,-0.1364,-0.3709,-0.8598,-0.1047,0.2243,1,1,1,1,1,41.9,59.8,
2026-07-29 18:14:22.842,0.1023,0.2064,0.1735,0.1648,0.4273,0.2437,0.2935,0.4569,0.2568,0.132,0.1352,0.2243,0.1879,0.2962,0.2915,0.1389,0.0257,0.1216,0.1064,0.0151,3335.8608,3329.011,3325.7875,3387.4359,-0.9045,-0.1348,-0.3629,-1.0468,0.0299,0.2766,1,1,1,1,1,41.9,59.9,
2026-07-29 18:14:24.517,0.099,0.1977,0.1752,0.1568,0.4159,0.239,0.299,0.4561,0.2791,0.1302,0.1348,0.2364,0.1827,0.3064,0.2866,0.1373,0.0232,0.1268,0.1044,0.0134,3328.2051,3287.9121,3300.8059,3330.6227,-0.9022,-0.1372,-0.361,-1.0318,-0.1944,0.2243,1,1,1,1,1,41.9,60.1,
2026-07-29 18:14:25.138,0.0949,0.232,0.1703,0.1463,0.4138,0.2267,0.3029,0.4558,0.2727,0.1216,0.1389,0.2316,0.1964,0.3024,0.2887,0.153,0.0223,0.1172,0.0992,0.0133,3389.4505,3316.5201,3328.6081,3434.5788,-0.9075,-0.1356,-0.3671,-0.9346,0.0075,0.0523,1,1,1,1,1,41.9,60.2,
2026-07-29 18:14:27.054,0.0824,0.2408,0.1736,0.1664,0.4326,0.2369,0.2964,0.4478,0.2705,0.1253,0.1448,0.2216,0.1928,0.2883,0.2862,0.15,0.0216,0.1086,0.0989,0.0143,3341.0989,3297.9853,3315.7143,3223.8462,-0.9042,-0.1355,-0.3702,-1.0617,-0.1495,0.3439,1,1,1,1,1,41.9,60.1,
2026-07-29 18:14:28.284,0.1309,0.2515,0.1728,0.2327,0.4369,0.2323,0.2645,0.4064,0.2354,0.1355,0.1499,0.2099,0.1765,0.2608,0.3043,0.1362,0.0203,0.1199,0.1085,0.0147,3287.5092,3324.5788,3275.8242,3156.1538,-0.9049,-0.1382,-0.3741,-0.9122,-0.0972,0.3589,1,1,1,1,1,41.9,59.7,
2026-07-29 18:14:29.447,0.1214,0.249,0.1471,0.2575,0.4151,0.2271,0.2823,0.3644,0.2639,0.1515,0.1612,0.2034,0.1803,0.2583,0.2988,0.158,0.0193,0.1142,0.1105,0.0167,3325.7875,3298.3883,3268.5714,3077.9853,-0.905,-0.1368,-0.3615,-0.972,0.0523,0.1122,1,1,1,1,1,41.8,59.4,
2026-07-29 18:14:30.025,0.1185,0.2174,0.1512,0.2775,0.4159,0.2266,0.2757,0.3614,0.2696,0.1777,0.1849,0.1928,0.1785,0.2667,0.2862,0.1532,0.0175,0.1115,0.1019,0.015,3297.9853,3268.5714,3302.0147,3142.4542,-0.9008,-0.1344,-0.3672,-0.9645,-0.3215,0.172,1,1,1,1,1,41.8,59.2,
2026-07-29 18:14:31.139,0.1285,0.2516,0.1638,0.2955,0.4083,0.2293,0.2659,0.3631,0.2586,0.1645,0.1855,0.182,0.1873,0.2453,0.2833,0.1446,0.0172,0.1092,0.1015,0.0147,3339.4872,3335.4579,3298.7912,3383.8095,-0.907,-0.1416,-0.3672,-1.0841,0.1196,0.4037,1,1,1,1,1,41.8,59.1,
2026-07-29 18:14:32.708,0.1111,0.2395,0.1362,0.2667,0.4056,0.2507,0.2768,0.3822,0.2773,0.1684,0.1905,0.207,0.1897,0.2382,0.2878,0.1296,0.0162,0.1032,0.1087,0.0144,3281.8681,3325.7875,3303.6264,3335.8608,-0.9067,-0.1312,-0.3653,-0.957,-0.0822,0.2243,1,1,1,1,1,41.8,59.3,
2026-07-29 18:14:34.513,0.111,0.2112,0.1687,0.2456,0.392,0.2602,0.274,0.3936,0.2901,0.1815,0.1713,0.2178,0.1917,0.2471,0.2804,0.1292,0.0153,0.0999,0.1056,0.0139,3340.293,3342.3077,3300.4029,3433.7729,-0.9055,-0.1358,-0.3696,-1.1365,-0.1495,0.1944,1,1,1,1,1,41.8,59.7,
2026-07-29 18:14:35.523,0.0847,0.2105,0.1712,0.1924,0.3834,0.2781,0.281,0.411,0.3111,0.1791,0.177,0.2555,0.207,0.2544,0.2718,0.1287,0.0138,0.0779,0.0991,0.0124,3319.7436,3341.9048,3288.315,3121.9048,-0.9069,-0.1366,-0.3657,-0.9944,0.1047,0.314,1,1,1,1,1,41.8,60.4,
2026-07-29 18:14:37.565,0.0741,0.2068,0.2136,0.133,0.3896,0.2956,0.2683,0.4569,0.2939,0.1685,0.1619,0.2755,0.2277,0.2647,0.2737,0.1234,0.0147,0.0644,0.0826,0.0112,3266.1538,3302.0147,3281.0623,3208.9377,-0.9079,-0.1342,-0.368,-0.9122,-0.157,0.2094,1,1,1,1,1,41.8,61.9,
2026-07-29 18:14:38.230,0.0922,0.2166,0.194,0.1015,0.3885,0.3104,0.287,0.4801,0.2693,0.1475,0.1445,0.2792,0.2341,0.2662,0.2962,0.1274,0.0158,0.0594,0.0783,0.0116,3264.5421,3292.7473,3323.7729,3232.3077,-0.9061,-0.1368,-0.3676,-0.8823,-0.0374,0.2318,1,1,1,1,1,41.8,63.5,
2026-07-29 18:14:40.202,0.1006,0.1898,0.1953,0.064,0.4059,0.3199,0.2916,0.5002,0.2532,0.1581,0.1343,0.2919,0.223,0.274,0.3029,0.1321,0.0174,0.0582,0.076,0.0119,3328.6081,3314.1026,3315.7143,3452.3077,-0.9042,-0.1317,-0.3668,-1.0393,0.1346,0.1944,1,1,1,1,1,41.8,63.6,
2026-07-29 18:14:40.838,0.1001,0.1823,0.1998,0.0656,0.4018,0.3193,0.2982,0.462,0.2669,0.1597,0.1359,0.3056,0.2127,0.2741,0.2937,0.1527,0.0185,0.0645,0.0723,0.0142,3286.3004,3294.7619,3307.2527,3200.4762,-0.9041,-0.1335,-0.3648,-0.9645,-0.0449,0.2542,1,1,1,1,1,41.8,62.1,
2026-07-29 18:14:42.494,0.1095,0.1968,0.1837,0.0705,0.4053,0.3267,0.315,0.4486,0.2681,0.1554,0.1455,0.3044,0.1969,0.2543,0.283,0.1602,0.0202,0.0668,0.0728,0.0162,3284.2857,3319.3407,3269.3773,3439.4139,-0.9056,-0.1409,-0.367,-0.9869,-0.0897,0.0224,1,1,1,1,1,41.8,60.5,
2026-07-29 18:14:44.490,0.1241,0.2067,0.1893,0.0958,0.3754,0.3123,0.2942,0.3525,0.293,0.1453,0.15,0.3275,0.1885,0.2677,0.2886,0.2056,0.0189,0.0679,0.0779,0.0187,3285.0916,3302.4176,3320.5495,3447.0696,-0.9083,-0.1373,-0.3659,-0.9645,0.0822,0.3365,1,1,1,1,1,41.8,59.7,
2026-07-29 18:14:45.101,0.1201,0.2009,0.1837,0.1012,0.3674,0.3306,0.2845,0.3278,0.2998,0.1387,0.1543,0.3267,0.1922,0.2549,0.2928,0.2231,0.0205,0.0749,0.0847,0.0211,3261.7216,3289.5238,3282.2711,3235.5311,-0.9075,-0.1331,-0.3719,-0.7626,-0.3514,0.0523,1,1,1,1,1,41.8,59.4,
2026-07-29 18:14:47.222,0.0982,0.1924,0.1808,0.0917,0.3506,0.3244,0.2472,0.2731,0.3224,0.139,0.1605,0.3504,0.2074,0.2605,0.3262,0.26,0.0214,0.0837,0.0854,0.0247,3297.9853,3319.7436,3301.2088,3352.7839,-0.9073,-0.1361,-0.3699,-0.9196,-0.1346,0.2467,1,1,1,1,1,41.8,59.4,
2026-07-29 18:14:48.453,0.0833,0.1949,0.1676,0.0834,0.331,0.3104,0.2735,0.2908,0.3726,0.1405,0.1484,0.3463,0.1958,0.2729,0.3297,0.2579,0.0172,0.0812,0.0808,0.0216,3351.978,3316.5201,3301.6117,3232.3077,-0.9025,-0.1315,-0.3671,-0.9869,-0.0523,0.2692,1,1,1,1,1,41.8,59.6,
2026-07-29 18:14:49.837,0.0898,0.2017,0.1607,0.0832,0.333,0.2878,0.2505,0.3039,0.3518,0.1409,0.144,0.3197,0.2076,0.2831,0.361,0.2711,0.0179,0.0865,0.0838,0.0222,3307.6557,3311.2821,3285.8974,3364.8718,-0.9074,-0.1346,-0.3792,-0.8972,-0.172,-0.0075,1,1,1,1,1,41.8,59.6,
2026-07-29 18:14:51.052,0.0803,0.1945,0.1493,0.0834,0.3334,0.2758,0.2385,0.3193,0.3378,0.1315,0.1426,0.2985,0.2299,0.3009,0.3818,0.2765,0.0186,0.0973,0.0878,0.0223,3357.2161,3295.1648,3278.6447,3185.9707,-0.9073,-0.1348,-0.3665,-0.8524,0.1271,0.2318,1,1,1,1,1,41.8,59.6,
2026-07-29 18:14:51.731,0.0702,0.1944,0.1255,0.1522,0.3486,0.2574,0.2417,0.3448,0.3184,0.1385,0.1414,0.2494,0.2403,0.2932,0.3938,0.2295,0.0225,0.1166,0.0977,0.0241,3287.9121,3348.7546,3324.1758,3275.8242,-0.9064,-0.1339,-0.3698,-0.9795,0.015,0.2318,1,1,1,1,1,41.8,59.3,
2026-07-29 18:14:53.655,0.0714,0.1927,0.1444,0.2017,0.3379,0.2567,0.2654,0.3586,0.3409,0.142,0.1382,0.2278,0.2256,0.2818,0.3533,0.1906,0.0242,0.1268,0.0987,0.0214,3307.6557,3317.326,3283.4799,3153.3333,-0.9049,-0.1368,-0.3701,-0.9196,-0.1944,0.1346,1,1,1,1,1,41.8,58.7,
2026-07-29 18:14:54.923,0.0699,0.1758,0.1441,0.2106,0.3313,0.2745,0.2915,0.3844,0.3662,0.1556,0.1434,0.2381,0.21,0.273,0.3195,0.1491,0.0226,0.1211,0.1015,0.0178,3330.6227,3306.4469,3301.2088,3159.3773,-0.9062,-0.1406,-0.3698,-1.1365,0.157,0.0374,1,1,1,1,1,41.8,58.2,
2026-07-29 18:14:56.333,0.0796,0.1569,0.1643,0.2869,0.3363,0.2851,0.2727,0.3582,0.345,0.1692,0.1514,0.2051,0.2129,0.2638,0.3015,0.133,0.0262,0.125,0.11,0.0168,3351.5751,3322.5641,3325.7875,3281.4652,-0.9081,-0.1357,-0.3591,-1.0019,-0.0897,0.0748,1,1,1,1,1,41.8,57.5,
2026-07-29 18:14:57.023,0.0731,0.1381,0.1752,0.2808,0.3512,0.3122,0.2685,0.3735,0.3426,0.1546,0.1675,0.207,0.2065,0.272,0.2865,0.1232,0.0266,0.123,0.1023,0.0155,3383.8095,3348.3516,3325.7875,3206.9231,-0.9045,-0.1349,-0.3677,-0.8598,-0.2243,0.1495,1,1,1,1,1,41.8,57.4,
2026-07-29 18:14:58.323,0.0697,0.1334,0.1883,0.2791,0.3508,0.3091,0.2706,0.389,0.3502,0.1809,0.1766,0.2107,0.2066,0.2666,0.2708,0.1083,0.0227,0.1099,0.0936,0.013,3275.0183,3322.967,3322.5641,3420.8791,-0.9072,-0.1362,-0.3704,-0.9122,-0.1122,0.2617,1,1,1,1,1,41.8,57.7,
2026-07-29 18:15:00.097,0.0624,0.15,0.1953,0.2508,0.3605,0.3071,0.2887,0.4095,0.3594,0.178,0.168,0.221,0.1979,0.2663,0.2598,0.1074,0.0198,0.0987,0.0882,0.0114,3311.685,3324.9817,3290.3297,3091.685,-0.907,-0.1402,-0.3683,-1.0168,-0.1047,0.2094,1,1,1,1,1,41.8,58.0,
2026-07-29 18:15:01.323,0.0572,0.1523,0.1861,0.1988,0.3696,0.3046,0.2887,0.4579,0.3648,0.1877,0.1693,0.2348,0.19,0.2672,0.2729,0.0978,0.0184,0.0882,0.083,0.0108,3312.8938,3309.6703,3320.1465,3296.3736,-0.9047,-0.134,-0.369,-0.9795,0.0523,0.2393,1,1,1,1,1,41.8,58.4,
2026-07-29 18:15:01.967,0.0629,0.1691,0.211,0.2062,0.3759,0.2931,0.2628,0.4442,0.3452,0.187,0.1527,0.2239,0.1996,0.2635,0.2915,0.1132,0.0165,0.0873,0.082,0.0124,3300.4029,3324.1758,3283.8828,3157.3626,-0.903,-0.1376,-0.3663,-0.9271,-0.0748,0.1495,1,1,1,1,1,41.8,58.8,
2026-07-29 18:15:03.831,0.0703,0.1958,0.2024,0.1882,0.3698,0.2782,0.272,0.4545,0.3413,0.191,0.1591,0.2249,0.2029,0.2563,0.2884,0.1197,0.0158,0.0788,0.0781,0.0128,3286.3004,3305.641,3316.5201,3313.2967,-0.9045,-0.1339,-0.3703,-0.9645,0.0822,0.3365,1,1,1,1,1,41.8,59.0,
2026-07-29 18:15:04.419,0.0733,0.2162,0.2319,0.1546,0.3608,0.2768,0.2813,0.4733,0.3603,0.1885,0.1419,0.248,0.1899,0.2441,0.2693,0.1114,0.0157,0.0745,0.0755,0.0128,3382.6007,3330.6227,3303.6264,3471.2454,-0.9004,-0.1355,-0.3641,-1.1066,0.1047,0.2916,1,1,1,1,1,41.8,58.8,
2026-07-29 18:15:06.408,0.0719,0.2283,0.2202,0.1354,0.3569,0.2819,0.2983,0.4964,0.3715,0.1883,0.1469,0.2493,0.1836,0.2322,0.2583,0.1054,0.0161,0.0693,0.0763,0.0135,3306.4469,3327.8022,3268.9744,3223.0403,-0.9069,-0.1355,-0.3679,-0.957,-0.0075,-0.015,1,1,1,1,1,41.8,58.7,
2026-07-29 18:15:07.155,0.0904,0.2192,0.2117,0.1138,0.3499,0.2948,0.2912,0.4886,0.3595,0.1879,0.1476,0.2664,0.1827,0.233,0.2787,0.1164,0.0175,0.0651,0.0708,0.0147,3310.4762,3273.8095,3329.4139,3279.0476,-0.905,-0.1384,-0.3668,-0.9421,-0.329,0.2094,1,1,1,1,1,41.8,59.1,
2026-07-29 18:15:08.850,0.1228,0.2069,0.1961,0.1197,0.3338,0.2848,0.2725,0.4765,0.3391,0.1834,0.1625,0.2638,0.1877,0.2593,0.2982,0.1251,0.0166,0.0657,0.0708,0.0149,3304.8352,3292.7473,3339.8901,3456.7399,-0.9045,-0.1365,-0.3697,-0.9496,-0.0,0.2467,1,1,1,1,1,41.8,59.7,
2026-07-29 18:15:10.080,0.1162,0.2316,0.1866,0.1065,0.3288,0.2898,0.2749,0.4776,0.355,0.1713,0.1753,0.2738,0.1833,0.2483,0.2959,0.1283,0.0167,0.059,0.0672,0.0138,3391.0623,3340.293,3309.2674,3527.2527,-0.9064,-0.141,-0.3734,-0.9645,-0.2692,0.0673,1,1,1,1,1,41.8,59.8,
2026-07-29 18:15:10.735,0.115,0.2134,0.1847,0.0805,0.3503,0.3017,0.2498,0.5135,0.3214,0.163,0.1796,0.2715,0.1962,0.2616,0.3175,0.1219,0.017,0.0603,0.0685,0.0126,3305.2381,3303.2234,3311.685,3457.5458,-0.9075,-0.1397,-0.3674,-0.8673,-0.0897,0.1421,1,1,1,1,1,41.8,59.4,
2026-07-29 18:15:12.745,0.112,0.1833,0.1668,0.0901,0.3557,0.3232,0.2578,0.4857,0.3063,0.1559,0.2013,0.2856,0.2088,0.2741,0.3121,0.1274,0.0172,0.0635,0.062,0.0111,3312.0879,3334.652,3311.2821,3352.7839,-0.9061,-0.1413,-0.3644,-1.0393,-0.1346,0.1944,1,1,1,1,1,41.8,58.8,
2026-07-29 18:15:14.141,0.1111,0.1669,0.1444,0.0963,0.3479,0.3228,0.2736,0.4821,0.2917,0.1729,0.1941,0.2688,0.2337,0.2766,0.3269,0.1421,0.0157,0.0609,0.061,0.0107,3249.6337,3291.5385,3318.5348,3276.63,-0.9042,-0.1321,-0.3666,-0.9271,0.1794,0.172,1,1,1,1,1,41.8,58.7,
2026-07-29 18:15:15.574,0.115,0.1716,0.175,0.1046,0.3552,0.3383,0.2661,0.4842,0.2849,0.1662,0.1913,0.2562,0.2307,0.2631,0.3067,0.1451,0.0141,0.0607,0.0609,0.0099,3280.6593,3308.0586,3306.4469,3471.2454,-0.9073,-0.1408,-0.3689,-0.8524,-0.0972,0.2094,1,1,1,1,1,41.8,59.4,
2026-07-29 18:15:17.182,0.0798,0.186,0.1812,0.1249,0.3806,0.3421,0.2797,0.4591,0.289,0.1643,0.1803,0.252,0.2331,0.2409,0.2907,0.1527,0.0175,0.0666,0.0681,0.0113,3281.0623,3334.2491,3318.9377,3392.674,-0.9064,-0.1341,-0.3673,-0.8972,-0.0224,0.1869,1,1,1,1,1,41.8,59.9,
2026-07-29 18:15:17.911,0.0867,0.1777,0.1707,0.1444,0.414,0.3339,0.2755,0.4525,0.2728,0.1833,0.1776,0.2411,0.208,0.2377,0.2936,0.1489,0.0186,0.0673,0.0826,0.0132,3348.3516,3305.2381,3291.1355,3312.4908,-0.9028,-0.1362,-0.3674,-0.9271,-0.1122,0.1944,1,1,1,1,1,41.8,60.1,
2026-07-29 18:15:18.634,0.0867,0.1864,0.1818,0.1554,0.4015,0.3319,0.2734,0.4241,0.2903,0.1789,0.1794,0.2523,0.2009,0.2361,0.2812,0.153,0.0206,0.0667,0.0842,0.0152,3358.022,3336.6667,3347.9487,3471.6484,-0.9053,-0.1331,-0.3626,-0.8897,-0.3215,0.2318,1,1,1,1,1,41.8,60.0,
2026-07-29 18:15:20.723,0.1565,0.1978,0.2108,0.1821,0.4152,0.3011,0.2787,0.4597,0.2362,0.1879,0.1402,0.195,0.172,0.2434,0.2819,0.1416,0.0202,0.0698,0.0884,0.0216,3224.652,3295.1648,3294.7619,3142.0513,-0.9077,-0.1378,-0.3588,-1.0916,0.1047,0.2617,1,1,1,1,1,41.7,59.9,
2026-07-29 18:15:22.030,0.1742,0.2107,0.2258,0.215,0.4407,0.2903,0.2501,0.4126,0.2309,0.1643,0.1486,0.2128,0.1337,0.2549,0.284,0.1332,0.0205,0.0797,0.0915,0.0264,3312.4908,3300.8059,3283.0769,3169.8535,-0.907,-0.1404,-0.3641,-0.972,-0.0897,0.1869,1,1,1,1,1,41.7,59.7,
2026-07-29 18:15:23.345,0.1802,0.2505,0.2175,0.2223,0.4332,0.2601,0.2566,0.3858,0.2345,0.1537,0.1517,0.2304,0.1307,0.2512,0.2749,0.1321,0.0214,0.0845,0.0994,0.0293,3261.7216,3292.3443,3319.7436,3497.033,-0.9055,-0.14,-0.3616,-0.9645,0.1047,0.3589,1,1,1,1,1,41.7,59.6,
2026-07-29 18:15:24.603,0.1779,0.2326,0.2424,0.2599,0.4324,0.2938,0.2449,0.3574,0.2304,0.1596,0.1553,0.2159,0.1376,0.2384,0.2648,0.1368,0.0217,0.0756,0.0926,0.03,3378.5714,3322.1612,3290.3297,3255.6777,-0.9063,-0.1421,-0.3621,-1.0019,-0.0822,0.1794,1,1,1,1,1,41.7,59.5,
2026-07-29 18:15:25.310,0.1887,0.2428,0.2523,0.3567,0.4441,0.2957,0.2366,0.3302,0.1981,0.1582,0.1599,0.1679,0.1461,0.2327,0.2685,0.1216,0.023,0.0707,0.0827,0.0236,3350.7692,3288.7179,3333.4432,3425.7143,-0.9059,-0.1407,-0.3649,-1.0168,-0.0748,0.2841,1,1,1,1,1,41.7,59.7,
2026-07-29 18:15:27.315,0.1962,0.2477,0.2642,0.3932,0.4397,0.2869,0.2421,0.316,0.1964,0.1623,0.1572,0.147,0.146,0.2324,0.2578,0.1239,0.0217,0.0706,0.0787,0.02,3344.3223,3289.9267,3287.5092,3357.2161,-0.9059,-0.142,-0.3657,-1.0019,-0.0449,0.1196,1,1,1,1,1,41.7,60.4,
2026-07-29 18:15:28.553,0.132,0.2672,0.2447,0.4187,0.461,0.2908,0.2311,0.2844,0.216,0.1485,0.1726,0.1486,0.1653,0.2235,0.2644,0.1295,0.0257,0.0701,0.0872,0.0187,3304.8352,3320.1465,3316.5201,3472.8571,-0.9083,-0.1395,-0.3668,-1.0318,0.0822,0.2094,1,1,1,1,1,41.7,60.8,
2026-07-29 18:15:29.837,0.1523,0.2715,0.2332,0.4176,0.4138,0.2836,0.2266,0.2803,0.2349,0.1609,0.1858,0.1578,0.1749,0.2177,0.267,0.1284,0.024,0.0662,0.0874,0.016,3327.3993,3302.4176,3300.0,3333.8462,-0.9034,-0.1396,-0.3634,-1.0094,-0.2094,0.1944,1,1,1,1,1,41.7,60.6,
2026-07-29 18:15:31.236,0.1454,0.2508,0.2304,0.397,0.4016,0.2948,0.2215,0.2862,0.2536,0.1546,0.1822,0.1659,0.1764,0.242,0.2833,0.1356,0.023,0.0578,0.0826,0.0153,3345.9341,3327.8022,3295.1648,3235.1282,-0.9044,-0.1489,-0.364,-0.9122,0.2841,0.4112,1,1,1,1,1,41.7,60.1,
2026-07-29 18:15:32.052,0.1258,0.2592,0.1687,0.3109,0.3386,0.2484,0.2578,0.2884,0.3013,0.1586,0.1947,0.2039,0.2143,0.2667,0.2965,0.1815,0.02,0.0671,0.0823,0.0153,3306.4469,3316.1172,3327.3993,3297.1795,-0.9066,-0.138,-0.3666,-1.0243,-0.0449,0.2393,1,1,1,1,1,41.7,59.9,
2026-07-29 18:15:34.276,0.1104,0.2456,0.1658,0.2309,0.3115,0.2476,0.2612,0.2947,0.3303,0.1394,0.1912,0.2484,0.2293,0.2925,0.301,0.2098,0.0185,0.0749,0.0808,0.0162,3270.1832,3304.8352,3288.315,3109.4139,-0.9109,-0.142,-0.3666,-0.9047,-0.157,0.0748,1,1,1,1,1,41.7,60.4,
2026-07-29 18:15:35.245,0.0949,0.2191,0.1445,0.1764,0.3162,0.2512,0.2759,0.3063,0.3441,0.1406,0.1895,0.2783,0.2255,0.3074,0.3096,0.2223,0.0193,0.0817,0.0805,0.0166,3283.8828,3323.37,3289.5238,3324.5788,-0.9116,-0.1422,-0.3584,-0.2617,0.5009,-0.314,1,1,1,1,1,41.7,60.3,
2026-07-29 18:15:36.922,0.1009,0.1869,0.1607,0.1322,0.2788,0.2549,0.2796,0.3254,0.3711,0.1545,0.1658,0.2885,0.2311,0.3169,0.3183,0.2369,0.0181,0.0868,0.0756,0.017,3066.3004,3252.0513,3380.1832,3269.3773,-0.8842,-0.0973,-0.3724,-0.1346,0.3813,-3.4692,1,1,1,1,1,41.7,59.5,
2026-07-29 18:15:38.027,0.4026,0.2034,0.1305,0.3034,0.2709,0.2208,0.256,0.2315,0.185,0.1667,0.1447,0.2138,0.1129,0.2946,0.3339,0.2083,0.0285,0.1144,0.1349,0.043,3303.6264,3286.7033,3286.7033,3085.2381,-0.9106,-0.1414,-0.3604,-1.3309,0.4636,0.2094,1,2,1,1,2,41.7,58.6,
2026-07-29 18:15:38.881,0.4834,0.2188,0.172,0.3576,0.2526,0.2019,0.2469,0.2146,0.148,0.1705,0.127,0.2022,0.0909,0.2943,0.3202,0.1857,0.0251,0.1146,0.1339,0.04,3183.956,3291.1355,3314.9084,3191.6117,-0.9074,-0.1255,-0.3524,-1.114,0.2243,1.5028,1,1,1,1,1,41.7,57.9,
2026-07-29 18:15:40.334,0.4623,0.237,0.2166,0.3933,0.2696,0.2242,0.2343,0.2165,0.1576,0.1529,0.1181,0.1869,0.0865,0.2765,0.309,0.1648,0.0241,0.1094,0.1221,0.0384,3281.0623,3327.8022,3343.9194,3367.6923,-0.9028,-0.1436,-0.3644,-2.6468,0.0598,2.3627,1,1,1,1,1,41.7,57.3,
2026-07-29 18:15:41.541,0.4778,0.2333,0.2282,0.4792,0.2742,0.2222,0.2431,0.2011,0.1441,0.1529,0.1102,0.1561,0.081,0.2829,0.2951,0.1308,0.0229,0.1087,0.1234,0.0328,3290.7326,3318.5348,3293.956,3204.5055,-0.9058,-0.1415,-0.3574,-1.0243,0.2318,0.2617,1,1,1,1,1,41.7,55.8,
2026-07-29 18:15:42.298,0.5012,0.2312,0.2159,0.5171,0.2675,0.2195,0.2355,0.1941,0.1333,0.1469,0.1151,0.1404,0.0763,0.2899,0.3066,0.1166,0.0217,0.1125,0.127,0.0318,3268.5714,3302.4176,3300.8059,3104.9817,-0.9041,-0.1438,-0.3583,-0.9271,-0.2318,0.2318,1,1,1,1,1,41.7,69.6,
2026-07-29 18:15:44.102,0.5033,0.2269,0.2331,0.5235,0.2655,0.2027,0.223,0.1943,0.1349,0.1493,0.1047,0.1364,0.0746,0.3091,0.3077,0.1136,0.0217,0.112,0.1315,0.0322,3308.0586,3312.0879,3299.5971,3475.2747,-0.9044,-0.1489,-0.3556,-0.9421,0.0299,-0.0299,1,1,1,1,1,41.7,69.8,
2026-07-29 18:15:45.134,0.5081,0.2373,0.2262,0.5228,0.2658,0.2198,0.2263,0.1911,0.1296,0.1364,0.1208,0.1413,0.0744,0.2965,0.2928,0.1124,0.0221,0.11,0.1339,0.0323,3301.6117,3296.7766,3300.0,3266.1538,-0.9072,-0.1441,-0.3649,-1.0542,0.172,0.1495,1,1,1,1,1,41.7,69.3,
2026-07-29 18:15:46.451,0.5137,0.2295,0.2442,0.5241,0.2602,0.2369,0.2475,0.2393,0.1279,0.1378,0.13,0.1353,0.0796,0.3019,0.2742,0.0856,0.0186,0.094,0.1042,0.0158,3276.63,3258.0952,3315.3114,3177.5092,-0.9083,-0.141,-0.364,-0.9496,0.4112,0.815,1,1,1,1,1,41.7,65.8,
2026-07-29 18:15:47.703,0.3469,0.1762,0.2225,0.4853,0.3101,0.2792,0.2757,0.3024,0.2008,0.1445,0.1426,0.1376,0.1251,0.3065,0.2822,0.0652,0.0172,0.0937,0.077,0.0095,3375.7509,3300.8059,3341.9048,3604.2125,-0.91,-0.1429,-0.3588,-1.0168,0.0748,0.3738,1,1,1,1,1,41.7,60.8,
2026-07-29 18:15:48.403,0.3901,0.1635,0.1746,0.4646,0.28,0.2695,0.2965,0.308,0.1712,0.1515,0.1548,0.1503,0.1393,0.3242,0.2874,0.0684,0.0194,0.0913,0.0867,0.0087,3254.4689,3287.9121,3285.0916,3174.2857,-0.9061,-0.1429,-0.3624,-1.0393,0.0299,0.3439,1,1,1,1,1,41.7,59.5,
2026-07-29 18:15:50.363,0.1841,0.162,0.1636,0.3496,0.3124,0.2616,0.3155,0.357,0.2645,0.1539,0.1626,0.1939,0.2052,0.3304,0.275,0.0883,0.0338,0.092,0.0833,0.0111,3303.2234,3332.6374,3283.8828,3278.2418,-0.9067,-0.1492,-0.3639,-1.1066,0.1196,0.0972,1,1,1,1,1,41.7,59.4,
2026-07-29 18:15:51.635,0.1353,0.1725,0.1441,0.3453,0.3289,0.2857,0.3229,0.3448,0.2873,0.1538,0.1665,0.2048,0.2109,0.306,0.276,0.0949,0.0376,0.082,0.0905,0.0101,3277.033,3298.3883,3283.0769,3218.2051,-0.9026,-0.1449,-0.3638,-0.9047,-0.0449,0.1346,1,1,1,1,1,41.7,59.9,
2026-07-29 18:15:53.075,0.1355,0.1653,0.1369,0.3592,0.3464,0.283,0.3025,0.3347,0.2644,0.1587,0.1756,0.2045,0.2123,0.3114,0.2859,0.0921,0.0414,0.0815,0.0992,0.0095,3310.0733,3289.1209,3338.2784,3175.4945,-0.9085,-0.1438,-0.3652,-0.9271,-0.2318,0.1869,1,1,1,1,1,41.7,60.7,
2026-07-29 18:15:54.616,0.1252,0.1672,0.1282,0.32,0.3625,0.2836,0.3308,0.3295,0.2611,0.1529,0.1654,0.2296,0.2124,0.3083,0.2851,0.1079,0.0388,0.0881,0.0905,0.0129,3347.1429,3324.9817,3301.6117,3341.0989,-0.9074,-0.1472,-0.3692,-0.9944,0.1047,-0.2243,1,1,1,1,1,41.6,61.2,
2026-07-29 18:15:55.434,0.1183,0.183,0.0987,0.3219,0.3819,0.2613,0.3359,0.33,0.2693,0.1409,0.1679,0.2221,0.1937,0.3291,0.3033,0.1132,0.0367,0.0857,0.0943,0.0127,3265.7509,3304.8352,3319.7436,3435.3846,-0.9051,-0.1457,-0.358,-1.7047,-0.1346,0.2243,1,1,1,1,1,41.6,60.9,
2026-07-29 18:15:57.783,0.1098,0.1695,0.1126,0.325,0.3898,0.2771,0.3064,0.3461,0.3111,0.1482,0.168,0.2093,0.1585,0.309,0.3156,0.1083,0.0308,0.0962,0.0974,0.0112,3266.5568,3303.2234,3295.9707,3216.1905,-0.9086,-0.1479,-0.3665,-1.3309,-0.2542,0.5009,1,1,1,1,1,41.6,60.3,
2026-07-29 18:15:59.110,0.1671,0.1565,0.1276,0.3739,0.3637,0.2767,0.2937,0.3237,0.2982,0.1622,0.168,0.1974,0.1421,0.3023,0.3104,0.0924,0.0289,0.1023,0.1002,0.0127,3291.9414,3323.7729,3275.4212,3159.7802,-0.905,-0.1417,-0.366,-1.0767,0.0822,0.3365,1,1,1,1,1,41.6,60.4,
2026-07-29 18:16:01.075,0.2105,0.1723,0.1261,0.3915,0.3357,0.2718,0.2644,0.3085,0.3053,0.1617,0.1797,0.1958,0.1233,0.2896,0.3439,0.0893,0.0252,0.1046,0.086,0.0149,3224.652,3318.1319,3325.7875,3622.7473,-0.9006,-0.1434,-0.3803,-0.7851,0.1271,0.0748,1,1,1,1,1,41.6,61.0,
2026-07-29 18:16:01.701,0.2295,0.1773,0.1382,0.3764,0.3331,0.2816,0.2496,0.3159,0.295,0.1623,0.1848,0.2013,0.1189,0.2787,0.3337,0.0909,0.0235,0.1001,0.0937,0.0155,3319.7436,3311.2821,3327.3993,3360.4396,-0.9016,-0.1517,-0.3707,-1.1066,-0.3365,-0.015,1,1,1,1,1,41.6,61.2,
2026-07-29 18:16:02.967,0.252,0.1628,0.1292,0.3643,0.3061,0.2769,0.2239,0.3034,0.289,0.1662,0.2066,0.207,0.1228,0.2832,0.3276,0.0981,0.03,0.1109,0.1127,0.0273,3288.315,3324.9817,3321.7582,3451.5018,-0.8981,-0.145,-0.3694,-0.9645,-0.0299,0.1047,1,1,1,1,1,41.6,61.5,
2026-07-29 18:16:03.854,0.2403,0.1591,0.1417,0.3296,0.3007,0.2589,0.2017,0.3055,0.3107,0.1632,0.2167,0.2356,0.1174,0.2987,0.3284,0.0984,0.0308,0.1201,0.1114,0.0309,3357.619,3294.359,3273.8095,3152.5275,-0.8997,-0.139,-0.366,-0.8075,-0.0224,0.7477,1,1,1,1,1,41.6,62.7,
2026-07-29 18:16:05.867,0.2231,0.1722,0.1455,0.3244,0.2962,0.2435,0.2114,0.2916,0.3278,0.1621,0.2127,0.2523,0.1215,0.3052,0.324,0.1002,0.0313,0.117,0.1063,0.0315,3220.2198,3344.3223,3302.4176,3094.5055,-0.9017,-0.1443,-0.3697,-1.0916,-0.2168,0.471,1,1,1,1,1,41.6,65.2,
2026-07-29 18:16:07.409,0.2047,0.1773,0.154,0.2572,0.3061,0.2491,0.2144,0.3164,0.3349,0.1546,0.2152,0.2817,0.1219,0.2959,0.3157,0.1104,0.0323,0.123,0.1006,0.0343,3335.0549,3343.9194,3295.5678,3461.1722,-0.8861,-0.1456,-0.3649,-0.8299,-0.0523,0.6355,1,1,1,1,1,41.6,67.2,
2026-07-29 18:16:08.343,0.2131,0.2088,0.1887,0.1759,0.3024,0.2446,0.2158,0.354,0.3238,0.1495,0.1992,0.307,0.1261,0.2749,0.2978,0.1267,0.0346,0.1221,0.0985,0.0364,3296.3736,3308.8645,3305.641,3119.0842,-0.8936,-0.1455,-0.3735,0.4262,0.0897,-1.0168,1,1,1,1,1,41.6,67.2,
2026-07-29 18:16:10.538,0.2242,0.2119,0.1916,0.1749,0.3038,0.2203,0.2244,0.3449,0.3172,0.1517,0.2017,0.3167,0.1211,0.292,0.2889,0.1271,0.0337,0.1241,0.0934,0.0364,3281.0623,3281.0623,3327.8022,3302.8205,-0.9006,-0.1523,-0.3677,-1.0991,-0.1495,0.5383,1,1,1,1,1,41.6,65.3,
2026-07-29 18:16:11.906,0.2203,0.2301,0.2226,0.1243,0.3173,0.2193,0.2913,0.3542,0.3064,0.1586,0.1625,0.3627,0.1295,0.2816,0.2557,0.1385,0.0264,0.1104,0.0679,0.0202,3245.2015,3284.6886,3273.8095,3081.6117,-0.9051,-0.1418,-0.3708,-1.0617,-0.0748,0.1944,1,1,1,1,1,41.6,63.3,
2026-07-29 18:16:13.286,0.234,0.2272,0.2093,0.1143,0.3306,0.2252,0.3203,0.3849,0.2598,0.178,0.1442,0.3359,0.148,0.2701,0.2518,0.1443,0.0276,0.0994,0.0744,0.0206,3252.8571,3312.4908,3302.8205,3460.7692,-0.9008,-0.1438,-0.3762,-0.8897,0.2617,0.1495,1,1,1,1,1,41.6,62.3,
2026-07-29 18:16:14.721,0.2577,0.2255,0.2042,0.1126,0.3232,0.2264,0.3255,0.4162,0.2236,0.1851,0.137,0.3086,0.1674,0.269,0.2563,0.1433,0.0281,0.0941,0.0771,0.0193,3248.022,3301.2088,3316.9231,3388.2418,-0.8996,-0.1426,-0.3716,-0.9047,-0.2467,0.1047,1,1,1,1,1,41.6,63.4,
2026-07-29 18:16:15.494,0.2512,0.2102,0.1904,0.1082,0.3233,0.2266,0.3563,0.4097,0.2354,0.2099,0.1288,0.3238,0.1652,0.2668,0.2494,0.1414,0.0249,0.0865,0.0751,0.017,3297.5824,3303.6264,3296.7766,3424.9084,-0.9025,-0.1443,-0.3772,-1.0767,-0.1047,-0.0822,1,1,1,1,1,41.6,64.7,
2026-07-29 18:16:17.385,0.2374,0.1915,0.1867,0.1006,0.3254,0.2216,0.3318,0.3918,0.249,0.2352,0.1326,0.328,0.1663,0.2576,0.2691,0.1616,0.0219,0.0941,0.0798,0.0179,3278.6447,3283.8828,3295.1648,3186.3736,-0.9005,-0.1456,-0.3711,-0.7552,0.1944,0.486,1,1,1,1,1,41.6,64.5,
2026-07-29 18:16:19.447,0.181,0.1983,0.2014,0.0969,0.3209,0.2134,0.3007,0.3885,0.2677,0.2153,0.1322,0.3221,0.2056,0.2691,0.2834,0.1754,0.0248,0.1038,0.0822,0.0171,3307.2527,3304.4322,3269.7802,3179.9267,-0.9005,-0.1442,-0.3742,-0.9869,-0.314,0.2841,1,1,1,1,1,41.6,61.0,
2026-07-29 18:16:21.000,0.1871,0.1757,0.2132,0.1123,0.308,0.2123,0.2568,0.3555,0.2788,0.2201,0.1508,0.3265,0.2006,0.2782,0.3014,0.1877,0.0255,0.1137,0.0777,0.018,3332.2344,3321.3553,3302.4176,3154.9451,-0.9006,-0.143,-0.3721,-0.9196,0.1271,0.2094,1,1,1,1,1,41.6,59.9,
2026-07-29 18:16:22.314,0.184,0.2051,0.2255,0.1567,0.3004,0.2071,0.2239,0.3311,0.2686,0.1851,0.1653,0.3049,0.2162,0.2828,0.3105,0.1859,0.0308,0.1199,0.0747,0.0215,3246.0073,3320.1465,3320.5495,3414.0293,-0.9026,-0.1441,-0.3777,-0.8374,-0.0224,0.1047,1,1,1,1,1,41.6,60.1,
2026-07-29 18:16:23.207,0.1995,0.1994,0.2149,0.1956,0.3086,0.2195,0.1951,0.3344,0.2289,0.1734,0.1736,0.2485,0.2275,0.2828,0.341,0.194,0.0356,0.125,0.0753,0.0275,3285.4945,3322.967,3292.7473,3175.4945,-0.8997,-0.1381,-0.3754,-1.0019,0.0673,0.1421,1,1,1,1,1,41.6,60.5,
2026-07-29 18:16:25.548,0.2042,0.182,0.1989,0.1925,0.3199,0.245,0.2196,0.3475,0.2032,0.1504,0.1505,0.243,0.2312,0.2941,0.3537,0.1922,0.0416,0.1285,0.0773,0.0249,3332.6374,3305.2381,3294.7619,3090.8791,-0.9043,-0.1446,-0.376,-1.0243,-0.0075,0.2991,1,1,1,1,1,41.6,60.3,
2026-07-29 18:16:27.074,0.2409,0.1829,0.1793,0.1634,0.325,0.2566,0.2249,0.3577,0.1901,0.1548,0.1662,0.2723,0.2061,0.2783,0.3508,0.1803,0.0379,0.1274,0.0789,0.0262,3249.6337,3303.6264,3308.8645,3351.978,-0.9028,-0.1453,-0.3738,-0.8972,0.1196,0.0299,1,1,1,1,1,41.6,60.2,
2026-07-29 18:16:28.528,0.2311,0.1861,0.1581,0.1578,0.3306,0.2638,0.223,0.384,0.1942,0.1543,0.1737,0.2451,0.2056,0.2798,0.3618,0.1878,0.0385,0.116,0.0834,0.0252,3252.4542,3286.3004,3325.3846,3161.7949,-0.9029,-0.1465,-0.3719,-0.8598,0.0673,0.0523,1,1,1,1,1,41.6,61.1,
2026-07-29 18:16:30.071,0.1984,0.1546,0.1798,0.1062,0.341,0.2617,0.2099,0.3892,0.2158,0.1738,0.1843,0.2921,0.2146,0.2975,0.3411,0.1911,0.0302,0.1124,0.085,0.0214,3323.37,3312.8938,3309.6703,3176.7033,-0.899,-0.1483,-0.3672,-1.0468,-0.1196,0.2617,1,1,1,1,1,41.6,62.4,
2026-07-29 18:16:31.097,0.1828,0.1577,0.1782,0.0828,0.3346,0.2745,0.2321,0.3693,0.2576,0.1657,0.1812,0.3213,0.1988,0.2981,0.323,0.2075,0.0263,0.1041,0.0854,0.0192,3277.033,3287.1062,3277.033,3451.9048,-0.9108,-0.1473,-0.3802,-1.0617,0.1869,-0.0449,1,1,1,1,1,41.6,61.0,
2026-07-29 18:16:33.497,0.1463,0.1544,0.186,0.0677,0.3624,0.2566,0.2396,0.3828,0.2783,0.1841,0.1839,0.3309,0.1931,0.3037,0.3127,0.1999,0.0199,0.1012,0.0777,0.0187,3318.1319,3290.3297,3317.7289,3421.685,-0.9012,-0.1472,-0.3704,-1.1215,-0.2019,0.1346,1,1,1,1,1,41.5,59.0,
2026-07-29 18:16:35.351,0.099,0.1557,0.1702,0.0648,0.3775,0.2557,0.2675,0.3655,0.3082,0.1849,0.1756,0.3461,0.1939,0.3061,0.3108,0.2068,0.0215,0.0976,0.0759,0.0168,3306.8498,3327.8022,3288.7179,3052.6007,-0.9013,-0.1472,-0.3758,-0.9122,-0.1271,-0.0374,1,1,1,1,1,41.5,58.8,
2026-07-29 18:16:36.988,0.1206,0.1913,0.1787,0.0737,0.3829,0.2626,0.315,0.3433,0.2948,0.1698,0.1558,0.3651,0.181,0.2789,0.2733,0.1993,0.0208,0.0974,0.0772,0.0187,3324.9817,3324.5788,3299.1941,3272.6007,-0.9022,-0.1504,-0.3696,-1.0991,-0.1794,0.2916,1,1,1,1,1,41.5,59.4,
2026-07-29 18:16:38.557,0.1697,0.1897,0.1179,0.086,0.368,0.2574,0.3557,0.3397,0.2837,0.1833,0.1433,0.3431,0.1511,0.2718,0.2998,0.2072,0.0274,0.0979,0.0833,0.024,3360.8425,3337.4725,3312.4908,3453.9194,-0.8987,-0.1474,-0.3758,-1.0393,0.2094,0.1869,1,1,1,1,1,41.5,59.9,
2026-07-29 18:16:39.164,0.3306,0.1724,0.1239,0.124,0.2747,0.2335,0.2875,0.3869,0.2071,0.1511,0.1428,0.2615,0.1577,0.339,0.3555,0.1894,0.0298,0.1041,0.0903,0.0382,3376.1538,3328.6081,3332.2344,3287.9121,-0.8921,-0.1431,-0.3773,-0.9795,-0.0,0.3065,1,1,1,1,1,41.5,61.1,
2026-07-29 18:16:40.672,0.3787,0.1636,0.1227,0.131,0.2574,0.2329,0.2943,0.3967,0.1878,0.152,0.1548,0.2521,0.1475,0.3483,0.3435,0.1827,0.0286,0.1032,0.0847,0.0375,3284.6886,3291.1355,3295.1648,3219.4139,-0.8967,-0.1435,-0.3864,-1.0991,0.0299,0.4262,1,1,1,1,1,41.5,64.1,
2026-07-29 18:16:41.688,0.3898,0.1711,0.1349,0.1507,0.2702,0.2277,0.2922,0.4103,0.1694,0.1439,0.1534,0.2325,0.1413,0.3556,0.3317,0.1673,0.0293,0.1017,0.0878,0.0392,3285.8974,3283.4799,3282.2711,3109.011,-0.9012,-0.1484,-0.3771,-1.0393,-0.1794,0.1122,1,1,1,1,1,41.5,66.0,
2026-07-29 18:16:42.697,0.3896,0.1537,0.1421,0.1794,0.2626,0.2317,0.2655,0.395,0.1704,0.1481,0.1575,0.2102,0.1465,0.3604,0.3467,0.1751,0.0309,0.1061,0.0882,0.0403,3295.5678,3295.1648,3311.685,3427.326,-0.8931,-0.15,-0.381,-0.8748,0.1271,0.0523,1,1,1,1,1,41.5,67.0,
2026-07-29 18:16:44.247,0.3647,0.139,0.1454,0.1648,0.2814,0.2444,0.2647,0.414,0.1821,0.1455,0.1611,0.2135,0.1427,0.3691,0.341,0.1698,0.0292,0.102,0.0878,0.0379,3245.6044,3333.8462,3340.696,3465.6044,-0.8984,-0.1464,-0.3754,-1.0318,0.172,0.2318,1,1,1,1,1,41.5,66.7,
2026-07-29 18:16:44.962,0.3752,0.1636,0.1695,0.1638,0.2883,0.2399,0.2308,0.4199,0.191,0.1272,0.1582,0.2082,0.1238,0.3663,0.3505,0.1709,0.0217,0.103,0.091,0.0371,3284.6886,3324.9817,3293.956,3127.5458,-0.9083,-0.1504,-0.3698,-1.0094,-0.157,0.0972,1,1,1,1,1,41.5,64.2,
2026-07-29 18:16:46.840,0.3597,0.1628,0.1762,0.1566,0.3024,0.2539,0.2336,0.437,0.2038,0.1269,0.1631,0.2157,0.1158,0.3536,0.343,0.1584,0.0183,0.1027,0.0841,0.0323,3353.1868,3302.8205,3341.5018,3506.3004,-0.896,-0.1506,-0.3822,-0.8748,-0.1196,0.3439,1,1,1,1,1,41.5,60.3,
2026-07-29 18:16:48.089,0.2944,0.1745,0.1837,0.1427,0.3477,0.267,0.2499,0.4038,0.2314,0.1629,0.1647,0.2712,0.1111,0.3038,0.3243,0.164,0.0154,0.0918,0.0775,0.0183,3311.2821,3337.8755,3279.4505,3121.9048,-0.8978,-0.1428,-0.3757,-0.9122,-0.0748,0.0299,1,1,1,1,1,41.5,60.3,
2026-07-29 18:16:49.718,0.2843,0.1953,0.2354,0.1396,0.3435,0.2815,0.2142,0.4131,0.2419,0.1562,0.1578,0.2624,0.115,0.2834,0.3132,0.1663,0.0153,0.0837,0.0794,0.0186,3347.1429,3329.011,3307.6557,3140.0366,-0.9025,-0.1667,-0.3907,-2.4225,-2.3627,1.3458,1,1,1,1,1,41.5,61.1,
2026-07-29 18:16:51.410,0.2755,0.1848,0.2422,0.0944,0.3364,0.2652,0.1898,0.412,0.2462,0.1633,0.151,0.3043,0.1292,0.3062,0.3356,0.171,0.0127,0.0805,0.0814,0.0183,3359.6337,3281.4652,3276.2271,3092.4908,-0.9279,-0.0135,-0.3704,8.6357,-13.7424,10.9311,1,2,1,1,2,41.5,60.8,
2026-07-29 18:16:51.752,0.605,0.2194,0.2565,0.3791,0.2969,0.2442,0.1801,0.2924,0.0516,0.1659,0.1517,0.1803,0.0372,0.2898,0.3399,0.1059,0.0093,0.0807,0.0719,0.0424,3388.2418,3303.2234,3268.5714,3094.1026,-0.9114,0.0174,-0.3897,-3.1851,0.486,0.8897,1,4,1,1,1,41.5,59.6,
2026-07-29 18:16:52.856,0.6894,0.2297,0.2859,0.4014,0.2439,0.2449,0.249,0.286,0.0343,0.1636,0.1526,0.166,0.0262,0.2812,0.2561,0.105,0.0062,0.0805,0.0564,0.0417,3356.4103,3329.8168,3296.3736,3293.5531,-0.8912,0.0085,-0.4128,-0.2019,2.0038,0.2617,1,4,1,1,1,41.5,58.9,
2026-07-29 18:16:53.854,0.6642,0.2418,0.3679,0.4127,0.2429,0.2284,0.2618,0.3036,0.043,0.1559,0.128,0.1499,0.043,0.2907,0.1969,0.0961,0.0069,0.0831,0.0454,0.0378,3439.4139,3319.7436,3317.326,3068.315,-0.9061,-0.0137,-0.3775,-0.1645,2.3926,5.5029,1,1,1,1,1,41.5,59.1,
2026-07-29 18:16:55.000,0.6356,0.2353,0.3792,0.4413,0.2547,0.2165,0.2617,0.3015,0.0584,0.1563,0.1289,0.1384,0.0445,0.3066,0.1839,0.0853,0.0067,0.0852,0.0463,0.0335,3546.5934,3332.2344,3267.7656,3493.0037,-0.9357,0.1199,-0.3774,-2.4449,1.0841,3.5814,1,2,1,1,1,41.5,60.1,
2026-07-29 18:16:56.191,0.634,0.224,0.3761,0.4867,0.2554,0.2071,0.2642,0.2739,0.0592,0.16,0.1286,0.128,0.0446,0.3193,0.1822,0.0804,0.0068,0.0895,0.0489,0.0311,3149.304,3285.0916,3295.1648,3114.2491,-0.874,0.0479,-0.4255,-1.0243,0.1122,0.1421,1,1,1,1,1,41.5,62.9,
2026-07-29 18:16:56.958,0.6389,0.2315,0.3784,0.5063,0.2508,0.198,0.2723,0.2655,0.059,0.1616,0.1273,0.1211,0.0444,0.3179,0.1756,0.0776,0.007,0.0909,0.0464,0.0295,3363.2601,3285.4945,3288.7179,3364.8718,-0.8956,0.032,-0.4143,-1.0393,0.1869,0.8673,1,1,1,1,1,41.5,65.3,
2026-07-29 18:16:58.181,0.6392,0.2525,0.3817,0.5082,0.251,0.2057,0.2838,0.2709,0.0588,0.1497,0.1284,0.116,0.044,0.3004,0.1586,0.0762,0.007,0.0917,0.0476,0.0287,3281.4652,3307.6557,3295.9707,3387.4359,-0.9016,0.0226,-0.3974,-1.3533,0.2841,0.172,1,1,1,1,1,41.5,67.4,
2026-07-29 18:16:59.646,0.6628,0.2338,0.3775,0.5196,0.2166,0.203,0.2975,0.2819,0.0654,0.1583,0.1267,0.0975,0.0487,0.3123,0.1473,0.0738,0.0064,0.0926,0.051,0.0272,3334.2491,3349.9634,3327.3993,3435.7875,-0.8992,0.0319,-0.402,-1.2711,-0.0374,0.3514,1,1,1,1,1,41.5,69.2,
2026-07-29 18:17:00.513,0.5199,0.2073,0.4078,0.5452,0.2825,0.2205,0.2685,0.2952,0.1112,0.1694,0.1122,0.0935,0.0783,0.3089,0.1593,0.0566,0.008,0.0939,0.0521,0.0095,3283.0769,3304.4322,3295.9707,3431.7582,-0.8989,0.04,-0.4019,-1.0692,-0.1944,0.2168,1,1,1,1,1,41.5,70.2,
2026-07-29 18:17:02.111,0.3317,0.1926,0.3225,0.5402,0.3051,0.2125,0.2481,0.2927,0.2109,0.1819,0.1378,0.1015,0.1391,0.319,0.2143,0.0561,0.0131,0.094,0.0773,0.0095,3258.9011,3312.4908,3293.5531,3203.6996,-0.8986,0.0413,-0.3965,-0.9869,0.2318,-0.5159,1,1,1,1,1,41.5,70.7,
2026-07-29 18:17:03.812,0.4909,0.198,0.2664,0.5187,0.261,0.2259,0.2668,0.2726,0.1584,0.1896,0.1244,0.1235,0.0742,0.2927,0.2618,0.0735,0.0155,0.0938,0.0806,0.0117,3310.0733,3340.293,3302.4176,3170.2564,-0.8789,0.03,-0.4045,-0.5533,-0.2617,-0.2617,1,1,1,1,1,41.5,70.4,
2026-07-29 18:17:04.948,0.4204,0.1904,0.2485,0.3511,0.2419,0.2577,0.2804,0.3629,0.214,0.1873,0.1169,0.1803,0.1016,0.2695,0.2739,0.0932,0.0222,0.0952,0.0802,0.0125,3372.1245,3322.1612,3312.0879,3358.4249,-0.8991,0.0316,-0.4089,-1.1215,-0.0523,0.1944,1,1,1,1,1,41.5,69.7,
2026-07-29 18:17:06.174,0.1192,0.1908,0.212,0.2478,0.3717,0.2552,0.2977,0.4044,0.3479,0.1917,0.1187,0.2249,0.1388,0.2671,0.2897,0.1096,0.0224,0.0952,0.082,0.0134,3322.967,3320.1465,3292.7473,3240.3663,-0.8959,0.0319,-0.4036,-0.8748,0.1271,0.8598,1,1,1,1,1,41.5,68.0,
2026-07-29 18:17:06.779,0.0821,0.1714,0.2051,0.2219,0.3619,0.264,0.2938,0.4057,0.3726,0.1965,0.1291,0.2427,0.1548,0.2673,0.2907,0.1145,0.0286,0.1008,0.0813,0.0151,3272.1978,3312.0879,3305.641,3122.7106,-0.9003,0.0344,-0.4042,-0.8673,-0.3439,-0.0,1,1,1,1,1,41.5,65.7,
2026-07-29 18:17:08.344,0.0722,0.1728,0.2025,0.1295,0.3812,0.2698,0.2867,0.3889,0.3803,0.1858,0.134,0.3169,0.1391,0.2683,0.287,0.1447,0.0273,0.1033,0.0899,0.02,3285.8974,3314.9084,3304.0293,3179.1209,-0.9008,0.0272,-0.4023,-1.0692,0.1944,0.3888,1,1,1,1,1,41.5,64.5,
2026-07-29 18:17:09.381,0.0663,0.1849,0.1996,0.1105,0.3978,0.2563,0.3064,0.3971,0.3619,0.1802,0.1257,0.3199,0.1479,0.271,0.2793,0.152,0.026,0.1076,0.0891,0.0205,3305.641,3268.5714,3331.4286,3288.7179,-0.9052,0.0302,-0.4064,-1.1813,0.3738,0.5458,1,1,1,1,1,41.5,63.4,
2026-07-29 18:17:10.565,0.0858,0.1848,0.2031,0.1122,0.4247,0.2724,0.3097,0.3987,0.3104,0.1726,0.1221,0.3181,0.1517,0.2663,0.2745,0.1504,0.0274,0.104,0.0906,0.0206,3347.9487,3308.4615,3324.9817,3443.4432,-0.8992,0.0317,-0.409,-0.957,-0.3439,-0.1794,1,1,1,1,1,41.5,61.9,
2026-07-29 18:17:11.837,0.0967,0.1694,0.2111,0.1078,0.4069,0.263,0.3151,0.384,0.3284,0.1728,0.133,0.3438,0.1414,0.2901,0.249,0.1427,0.0267,0.1047,0.0917,0.0217,3331.4286,3318.9377,3315.3114,3408.3883,-0.8976,0.0265,-0.4048,-0.8673,0.0972,0.2094,1,1,1,1,1,41.5,61.3,
2026-07-29 18:17:12.537,0.0925,0.211,0.2014,0.108,0.383,0.2154,0.3005,0.4017,0.3411,0.1819,0.1601,0.344,0.1575,0.3002,0.2522,0.1274,0.0259,0.0915,0.0858,0.0188,3295.9707,3298.3883,3306.4469,3267.3626,-0.8975,0.0216,-0.4078,-0.957,0.1271,0.1944,1,1,1,1,1,41.5,61.2,
2026-07-29 18:17:14.372,0.0907,0.2093,0.1897,0.1047,0.3942,0.2204,0.2985,0.4192,0.3325,0.1813,0.1575,0.3297,0.1569,0.3002,0.2643,0.1281,0.0257,0.0889,0.0899,0.0184,3367.2894,3328.2051,3292.3443,3380.5861,-0.8975,0.0238,-0.4058,-1.1589,-0.3065,0.2766,1,1,1,1,1,41.5,61.0,
2026-07-29 18:17:15.392,0.1066,0.2469,0.1765,0.076,0.3717,0.2117,0.2854,0.4222,0.3539,0.175,0.1631,0.3552,0.1486,0.2928,0.2917,0.1296,0.0192,0.0736,0.0833,0.017,3335.4579,3347.9487,3328.6081,3395.0916,-0.9046,0.0274,-0.3894,-0.972,-0.7402,0.0972,1,1,1,1,1,41.5,60.0,
2026-07-29 18:17:16.602,0.1127,0.2558,0.18,0.0866,0.3665,0.2064,0.2814,0.4142,0.3576,0.1872,0.1738,0.3578,0.1444,0.2828,0.2917,0.1238,0.0189,0.0678,0.0731,0.0175,3296.3736,3281.4652,3304.4322,3212.5641,-0.8971,0.0218,-0.4021,-0.9645,-0.2991,-0.015,1,1,1,1,1,41.5,58.7,
2026-07-29 18:17:17.470,0.1196,0.2343,0.1617,0.0844,0.3446,0.2129,0.2796,0.4312,0.3781,0.2042,0.1869,0.3575,0.1373,0.2831,0.2937,0.1094,0.0205,0.0655,0.0781,0.0174,3278.6447,3273.8095,3335.4579,3281.4652,-0.8957,0.0215,-0.4169,-0.8299,-0.1421,0.3215,1,1,1,1,1,41.5,57.8,
2026-07-29 18:17:18.586,0.1116,0.2561,0.1641,0.0867,0.3242,0.2233,0.2699,0.4368,0.3948,0.1899,0.199,0.3497,0.1481,0.269,0.2933,0.11,0.0214,0.0616,0.0738,0.0168,3449.8901,3324.9817,3327.3993,3399.9267,-0.8967,0.0189,-0.4039,-0.7402,-0.0822,0.2393,1,1,1,1,1,41.5,58.3,
2026-07-29 18:17:20.493,0.1224,0.2585,0.1473,0.0941,0.3365,0.2405,0.2724,0.4394,0.358,0.186,0.1994,0.3192,0.159,0.2549,0.3056,0.1294,0.0241,0.0601,0.0753,0.0178,3302.4176,3299.1941,3322.5641,3459.5604,-0.8921,0.0227,-0.4136,-1.0692,0.6056,0.4785,1,1,1,1,1,41.5,58.9,
2026-07-29 18:17:21.722,0.1275,0.2159,0.1427,0.0949,0.3512,0.2583,0.2655,0.427,0.3493,0.1839,0.2044,0.329,0.1476,0.2715,0.3109,0.1307,0.0244,0.0705,0.0765,0.0184,3375.7509,3306.4469,3323.37,3424.9084,-0.8915,0.0199,-0.4183,-1.4206,2.1384,-0.2393,1,1,1,1,1,41.5,59.7,
2026-07-29 18:17:22.789,0.1298,0.207,0.1484,0.1528,0.3307,0.2533,0.2596,0.3923,0.3357,0.2092,0.2128,0.2979,0.1709,0.2553,0.3038,0.132,0.0329,0.0752,0.0753,0.025,3204.5055,3314.9084,3328.2051,3183.5531,-0.886,0.0154,-0.4078,-1.2262,0.6281,-0.0449,1,1,1,1,2,41.5,60.3,
2026-07-29 18:17:23.798,0.2261,0.1849,0.1504,0.2817,0.303,0.2564,0.2782,0.3646,0.2438,0.1963,0.1768,0.197,0.1785,0.2641,0.2947,0.1282,0.0486,0.0983,0.0999,0.0285,3241.5751,3261.7216,3310.0733,3222.6374,-0.8897,0.0286,-0.4146,-0.8449,-0.471,-0.0972,1,1,1,1,1,41.4,63.2,
2026-07-29 18:17:24.954,0.2434,0.1863,0.1514,0.2668,0.2883,0.2562,0.2573,0.3679,0.2424,0.1784,0.1721,0.2049,0.1778,0.2768,0.3164,0.1334,0.0481,0.1023,0.1028,0.027,3339.8901,3327.8022,3285.0916,3168.6447,-0.8896,0.0304,-0.4181,-0.9047,-0.3738,0.1645,1,1,1,1,1,41.4,64.6,
2026-07-29 18:17:26.399,0.2478,0.1607,0.1468,0.2789,0.2876,0.2264,0.2575,0.3523,0.2439,0.1917,0.1537,0.203,0.1738,0.3006,0.3295,0.1369,0.0468,0.1206,0.1125,0.0289,3311.685,3313.2967,3295.1648,3424.9084,-0.8936,0.0212,-0.413,-1.0094,0.0224,0.1794,1,1,1,1,1,41.4,64.3,
2026-07-29 18:17:27.411,0.2471,0.1454,0.1386,0.2804,0.2882,0.2152,0.251,0.3588,0.243,0.1889,0.1557,0.1994,0.1746,0.3227,0.3381,0.1323,0.0471,0.1278,0.1166,0.0291,3280.2564,3344.3223,3287.9121,3154.1392,-0.8923,0.0236,-0.4163,-1.144,0.2916,0.5832,1,1,1,1,1,41.4,60.8,
2026-07-29 18:17:29.287,0.2614,0.1698,0.148,0.2868,0.2711,0.1898,0.2588,0.3571,0.2308,0.1759,0.1394,0.1897,0.1845,0.3333,0.3347,0.1368,0.0523,0.1312,0.1191,0.0296,3401.9414,3320.1465,3269.7802,3298.7912,-0.888,0.0221,-0.4147,-0.8897,-0.314,0.329,1,1,1,1,1,41.4,59.6,
2026-07-29 18:17:30.459,0.2534,0.1674,0.1648,0.273,0.289,0.2086,0.2614,0.3647,0.2423,0.1618,0.145,0.2021,0.1696,0.3336,0.3187,0.134,0.0457,0.1286,0.1101,0.0263,3329.011,3307.6557,3246.8132,3088.0586,-0.8922,0.0233,-0.4134,-0.8748,-0.0673,-0.015,1,1,1,1,1,41.4,59.0,
2026-07-29 18:17:31.122,0.2283,0.1487,0.1673,0.1503,0.3067,0.2396,0.27,0.4242,0.282,0.1625,0.1628,0.2781,0.1567,0.3394,0.3135,0.1302,0.0264,0.1097,0.0864,0.0171,3272.1978,3317.7289,3265.348,3094.5055,-0.8882,0.022,-0.4147,-1.0094,-0.0374,0.1271,1,1,1,1,1,41.4,58.4,
2026-07-29 18:17:32.775,0.1212,0.1383,0.177,0.0829,0.367,0.2448,0.2585,0.4071,0.3099,0.1611,0.1777,0.3495,0.1784,0.3522,0.3,0.1436,0.0235,0.1036,0.0868,0.0169,3340.293,3331.8315,3324.1758,3272.6007,-0.8928,0.0233,-0.4189,-0.9795,0.0822,0.1421,1,1,1,1,1,41.4,58.0,
2026-07-29 18:17:33.347,0.1076,0.1368,0.1869,0.0826,0.3989,0.2472,0.2535,0.4295,0.2928,0.1567,0.1784,0.332,0.1786,0.3562,0.3008,0.1402,0.0221,0.1031,0.0804,0.0157,3277.8388,3285.8974,3345.5311,3376.5568,-0.8887,0.0211,-0.4139,-0.9346,-0.2318,0.0374,1,1,1,1,1,41.4,57.7,
2026-07-29 18:17:34.631,0.1045,0.1512,0.2094,0.0894,0.395,0.245,0.2565,0.437,0.2848,0.1492,0.1695,0.3202,0.192,0.3589,0.2916,0.1385,0.0237,0.0956,0.073,0.0149,3286.3004,3335.0549,3314.9084,3369.707,-0.894,0.0235,-0.4175,-0.957,0.1421,0.157,1,1,1,1,1,41.4,57.9,
2026-07-29 18:17:36.051,0.1036,0.1286,0.2222,0.0878,0.427,0.2742,0.2538,0.4447,0.2612,0.1614,0.1768,0.3135,0.1892,0.3419,0.2818,0.141,0.019,0.0939,0.0653,0.0131,3243.9927,3297.1795,3333.8462,3408.7912,-0.8903,0.0287,-0.4172,-1.0393,0.1047,0.3963,1,1,1,1,1,41.4,58.4,
2026-07-29 18:17:37.823,0.1064,0.1338,0.2121,0.0861,0.435,0.2637,0.244,0.4554,0.2544,0.1609,0.1868,0.3096,0.1867,0.3497,0.2916,0.1369,0.0176,0.0919,0.0654,0.0119,3331.8315,3295.1648,3314.5055,3433.37,-0.8931,0.0232,-0.4156,-1.0168,-0.0299,0.157,1,1,1,1,1,41.4,58.9,
2026-07-29 18:17:39.242,0.086,0.1339,0.2299,0.0928,0.4818,0.2657,0.2409,0.4535,0.2181,0.1552,0.1628,0.2975,0.1936,0.3545,0.2959,0.1421,0.0205,0.0908,0.0705,0.014,3208.5348,3324.9817,3287.9121,3156.5568,-0.8951,0.0275,-0.4196,-1.0916,0.314,0.2243,1,1,1,1,1,41.4,58.9,
2026-07-29 18:17:39.854,0.0935,0.146,0.2275,0.1124,0.4659,0.2636,0.2625,0.4577,0.2142,0.1632,0.1579,0.2585,0.2047,0.3331,0.2853,0.156,0.0218,0.0941,0.0668,0.0154,3297.5824,3288.7179,3324.5788,3213.7729,-0.8924,0.0161,-0.4117,-1.0168,-0.1196,0.2766,1,1,1,1,1,41.4,58.6,
2026-07-29 18:17:41.760,0.099,0.182,0.2302,0.1075,0.4406,0.2712,0.2752,0.4493,0.2288,0.1658,0.1532,0.2675,0.2099,0.2934,0.273,0.1607,0.0217,0.0877,0.0684,0.015,3339.4872,3299.5971,3301.2088,3300.4029,-0.8927,0.0214,-0.4164,-0.9122,-0.0374,0.3065,1,1,1,1,1,41.4,58.9,
2026-07-29 18:17:43.046,0.0936,0.1781,0.2099,0.1186,0.4199,0.2831,0.2742,0.4252,0.2429,0.1685,0.1657,0.2669,0.2226,0.2866,0.281,0.1756,0.021,0.0836,0.0692,0.0137,3282.674,3344.3223,3287.5092,3380.989,-0.893,0.0255,-0.4088,-1.0841,-0.0673,0.1645,1,1,1,1,1,41.4,59.3,
2026-07-29 18:17:44.695,0.1021,0.1881,0.2141,0.1441,0.3679,0.2728,0.2796,0.4396,0.2914,0.1853,0.1715,0.2301,0.2178,0.281,0.2682,0.1734,0.0208,0.0728,0.0665,0.0127,3252.4542,3330.2198,3254.8718,3140.8425,-0.8882,0.0291,-0.4172,-0.9496,-0.0897,0.1196,1,1,1,1,1,41.4,59.7,
2026-07-29 18:17:45.365,0.0906,0.1963,0.2082,0.143,0.3531,0.2707,0.3033,0.4373,0.3252,0.1881,0.1673,0.2414,0.2095,0.272,0.2538,0.1658,0.0216,0.0729,0.0674,0.0125,3297.1795,3294.7619,3315.7143,3274.6154,-0.8901,0.0242,-0.4202,-0.957,-0.0374,0.0374,1,1,1,1,1,41.4,59.9,
2026-07-29 18:17:46.597,0.0885,0.2021,0.2051,0.1417,0.3256,0.2659,0.3193,0.438,0.3484,0.1786,0.1619,0.2433,0.2159,0.2809,0.2467,0.1646,0.0216,0.0725,0.0669,0.0123,3306.8498,3308.0586,3276.2271,3345.5311,-0.8958,0.0178,-0.4169,-1.0991,-0.2542,-0.0,1,1,1,1,1,41.4,60.2,
2026-07-29 18:17:47.286,0.0829,0.2108,0.2254,0.1284,0.3176,0.2595,0.3103,0.4331,0.3452,0.162,0.1506,0.2436,0.2333,0.2978,0.2479,0.1815,0.0211,0.0699,0.0658,0.0133,3295.1648,3301.6117,3334.2491,3201.685,-0.8901,0.0263,-0.4109,-0.9346,-0.2019,0.0299,1,1,1,1,1,41.4,60.1,
2026-07-29 18:17:49.070,0.0791,0.2212,0.2128,0.1209,0.3409,0.2647,0.3013,0.4688,0.3341,0.1683,0.1637,0.2239,0.2275,0.2799,0.2606,0.1739,0.0185,0.0659,0.0616,0.0125,3305.641,3307.2527,3254.4689,3293.956,-0.8931,0.0246,-0.4169,-0.9944,0.2991,0.0598,1,1,1,1,1,41.4,58.9,
2026-07-29 18:17:50.294,0.0813,0.2081,0.2215,0.1245,0.3395,0.2646,0.2948,0.4646,0.3545,0.173,0.1663,0.2336,0.2076,0.2884,0.2602,0.1638,0.0171,0.066,0.0572,0.0136,3303.2234,3319.3407,3298.3883,3193.6264,-0.8989,0.0256,-0.4137,-1.0468,0.0748,0.1047,1,1,1,1,1,41.4,56.7,
2026-07-29 18:17:51.479,0.0759,0.2129,0.2071,0.0832,0.343,0.2625,0.2901,0.4788,0.3631,0.1762,0.17,0.2609,0.2001,0.2797,0.2699,0.1607,0.0179,0.0686,0.0629,0.0164,3243.9927,3269.7802,3294.359,3406.7766,-0.8934,0.0219,-0.4239,-1.0243,0.5832,0.0822,1,1,1,1,1,41.4,56.2,
2026-07-29 18:17:52.622,0.0892,0.2085,0.2038,0.0933,0.3409,0.2599,0.2818,0.4279,0.3385,0.1731,0.1575,0.2763,0.2118,0.2856,0.2831,0.1837,0.0196,0.0728,0.0738,0.0188,3322.5641,3337.4725,3321.3553,3389.4505,-0.8929,0.0118,-0.4159,-0.9196,0.2019,0.0523,1,1,1,1,1,41.4,57.3,
2026-07-29 18:17:53.338,0.1191,0.2117,0.2108,0.1136,0.318,0.2543,0.2631,0.4171,0.3446,0.1896,0.1619,0.2745,0.1997,0.2722,0.2841,0.1751,0.0186,0.0722,0.0801,0.0196,3229.0842,3284.6886,3289.9267,3164.6154,-0.8929,0.02,-0.4211,-0.8972,-0.1794,0.0075,1,1,1,1,1,41.4,58.7,
2026-07-29 18:17:55.308,0.1244,0.2214,0.2152,0.1319,0.3105,0.247,0.2342,0.4128,0.368,0.2095,0.1748,0.291,0.1792,0.2435,0.2941,0.1464,0.0179,0.0785,0.0818,0.0178,3338.6813,3334.2491,3339.0842,3449.4872,-0.8933,0.0218,-0.4157,-1.0617,-0.2019,0.1421,1,1,1,1,1,41.4,58.7,
2026-07-29 18:17:56.615,0.1214,0.2151,0.2264,0.1387,0.2787,0.2491,0.2216,0.3699,0.4008,0.2095,0.1674,0.3186,0.1799,0.2394,0.2931,0.1543,0.0192,0.0869,0.0915,0.0185,3208.1319,3297.9853,3302.4176,3353.1868,-0.8907,0.0192,-0.4183,-1.0318,0.6131,-0.0449,1,1,1,1,1,41.4,56.7,
2026-07-29 18:17:57.807,0.1468,0.1983,0.2216,0.1652,0.2684,0.2374,0.2334,0.3339,0.3967,0.2136,0.188,0.3552,0.1672,0.2577,0.2632,0.1296,0.0208,0.0929,0.0938,0.0161,3358.8278,3320.9524,3287.9121,3147.6923,-0.8873,0.0127,-0.4354,-1.3159,0.471,-0.1869,1,1,1,1,1,41.4,55.4,
2026-07-29 18:17:58.666,0.194,0.1736,0.2328,0.2431,0.274,0.2326,0.2351,0.3199,0.3275,0.2098,0.1677,0.2821,0.1694,0.283,0.263,0.1295,0.035,0.1009,0.1014,0.0254,3331.4286,3321.7582,3308.4615,3151.3187,-0.892,0.0242,-0.4102,-0.9795,-0.0897,0.015,1,1,1,1,1,41.4,55.4,
2026-07-29 18:17:59.722,0.2061,0.1952,0.2508,0.2496,0.2889,0.2509,0.2188,0.3189,0.3277,0.191,0.172,0.2848,0.143,0.2633,0.2604,0.1223,0.0344,0.0997,0.098,0.0245,3289.9267,3310.0733,3308.0586,3142.4542,-0.8922,0.0218,-0.4207,-0.9645,-0.2243,0.1944,1,1,1,1,1,41.4,57.3,
2026-07-29 18:18:01.762,0.199,0.205,0.2427,0.2388,0.29,0.2442,0.2333,0.3163,0.3157,0.1656,0.1673,0.2934,0.1575,0.2833,0.2623,0.1264,0.0378,0.1019,0.0943,0.0252,3267.7656,3274.6154,3294.359,3216.9963,-0.8917,0.0186,-0.4138,-1.0318,-0.0224,0.1196,1,1,1,1,1,41.4,60.5,
2026-07-29 18:18:02.978,0.204,0.2268,0.2329,0.2423,0.2902,0.2306,0.2365,0.2988,0.3128,0.159,0.1739,0.2948,0.1536,0.2791,0.2587,0.1368,0.0393,0.1045,0.0981,0.0272,3288.315,3320.1465,3289.5238,3279.0476,-0.896,0.0219,-0.4203,-0.8823,-0.0748,0.2692,1,1,1,1,1,41.4,63.0,
2026-07-29 18:18:04.226,0.2023,0.2242,0.2167,0.2324,0.3063,0.2034,0.2441,0.3045,0.2892,0.1466,0.1838,0.2992,0.1624,0.3194,0.2622,0.1374,0.0397,0.1064,0.0932,0.0265,3314.9084,3295.1648,3303.6264,3277.033,-0.8921,0.0168,-0.4211,-0.8673,-0.1794,0.0299,1,1,1,1,1,41.4,63.5,
2026-07-29 18:18:04.917,0.1746,0.2315,0.1904,0.2235,0.3026,0.193,0.2335,0.3123,0.3258,0.1538,0.1824,0.2879,0.1611,0.3156,0.2968,0.1504,0.0359,0.1061,0.0969,0.0259,3331.0256,3326.1905,3292.7473,3196.4469,-0.8886,0.0204,-0.4186,-0.8374,0.157,0.1122,1,1,1,1,1,41.4,62.5,
2026-07-29 18:18:06.620,0.1242,0.2393,0.1889,0.1299,0.3542,0.2064,0.2306,0.346,0.3231,0.144,0.18,0.3217,0.1723,0.3074,0.3086,0.1802,0.0262,0.1029,0.0918,0.0221,3313.2967,3311.2821,3323.37,3341.5018,-0.8901,0.0207,-0.4188,-0.972,-0.1794,0.2094,1,1,1,1,1,41.4,61.1,
2026-07-29 18:18:07.827,0.0913,0.2521,0.1538,0.0745,0.3693,0.1978,0.2547,0.3703,0.3237,0.1419,0.176,0.3502,0.195,0.3059,0.3243,0.1873,0.0208,0.1023,0.0912,0.0178,3278.6447,3315.3114,3268.1685,3152.5275,-0.8936,0.0222,-0.409,-1.0617,-0.7327,0.4785,1,1,1,1,1,41.4,59.9,
2026-07-29 18:18:09.021,0.0765,0.2533,0.1389,0.0756,0.3897,0.2087,0.2624,0.3826,0.3264,0.147,0.1713,0.3505,0.1886,0.2975,0.3385,0.1756,0.0189,0.0935,0.0889,0.0157,3331.8315,3315.3114,3305.2381,3364.8718,-0.8896,0.0145,-0.4216,-1.1365,-0.1421,-0.0972,1,1,1,1,1,41.4,59.1,
2026-07-29 18:18:10.076,0.0846,0.2808,0.1886,0.0822,0.399,0.2089,0.265,0.406,0.3352,0.1462,0.1534,0.3479,0.1644,0.2718,0.3133,0.1498,0.0168,0.0922,0.0797,0.0141,3440.6227,3336.6667,3323.37,3373.3333,-0.8884,0.0196,-0.4178,-0.972,0.0897,0.2243,1,1,1,1,1,41.4,58.8,
2026-07-29 18:18:10.703,0.0895,0.2716,0.1802,0.0831,0.4046,0.2157,0.2769,0.4146,0.3252,0.1563,0.1503,0.3456,0.1629,0.2659,0.3085,0.143,0.0178,0.0905,0.084,0.0136,3287.1062,3300.0,3305.641,3176.7033,-0.8934,0.019,-0.4207,-1.0243,-0.2766,0.3738,1,1,1,1,1,41.4,59.0,
2026-07-29 18:18:12.509,0.1003,0.2701,0.1872,0.104,0.4181,0.2334,0.2715,0.4284,0.3047,0.15,0.1393,0.3091,0.1595,0.2577,0.3196,0.1457,0.0173,0.0888,0.0825,0.0127,3259.304,3296.7766,3291.5385,3253.663,-0.8888,0.0216,-0.4177,-0.9047,-0.015,0.2318,1,1,1,1,1,41.4,59.0,
2026-07-29 18:18:13.695,0.1127,0.2594,0.1954,0.1345,0.4275,0.2512,0.2934,0.419,0.2652,0.149,0.1248,0.3002,0.1749,0.2501,0.302,0.1331,0.0198,0.0903,0.0845,0.0133,3264.9451,3314.9084,3312.4908,3092.0879,-0.8901,0.0163,-0.4193,-1.0767,-0.015,0.0598,1,1,1,1,1,41.4,58.4,
2026-07-29 18:18:14.479,0.1177,0.2536,0.1981,0.1619,0.4031,0.2458,0.2811,0.4056,0.3038,0.1624,0.145,0.2949,0.1551,0.2533,0.2938,0.1243,0.0203,0.0848,0.082,0.0133,3353.9927,3335.8608,3326.1905,3194.0293,-0.8894,0.0215,-0.4106,-0.9795,-0.0598,0.2168,1,1,1,1,1,41.4,57.5,
2026-07-29 18:18:15.699,0.1142,0.2245,0.2084,0.1973,0.3953,0.2713,0.2697,0.3899,0.3346,0.1629,0.1615,0.2841,0.1361,0.253,0.2828,0.1165,0.0199,0.0883,0.0776,0.0122,3264.5421,3310.8791,3309.2674,3235.9341,-0.8906,0.0137,-0.4253,-1.1514,-0.1047,0.1944,1,1,1,1,1,41.4,57.6,
2026-07-29 18:18:17.316,0.0942,0.1907,0.1821,0.2082,0.375,0.2608,0.2685,0.3512,0.3383,0.1939,0.1861,0.2792,0.1712,0.2656,0.2831,0.1473,0.0214,0.089,0.0802,0.014,3300.8059,3318.9377,3328.6081,3391.4652,-0.8937,0.0151,-0.4189,-1.0318,-0.1495,0.2766,1,1,1,1,1,41.4,59.2,
2026-07-29 18:18:18.445,0.0864,0.1782,0.145,0.2094,0.3841,0.2757,0.265,0.3482,0.3319,0.1825,0.2033,0.2621,0.1786,0.283,0.3028,0.1655,0.0189,0.0806,0.0839,0.0148,3352.7839,3336.6667,3320.9524,3370.9158,-0.8866,0.0235,-0.4167,-1.0243,-0.0748,0.3514,1,1,1,1,1,41.4,60.8,
2026-07-29 18:18:20.249,0.0697,0.197,0.1545,0.1921,0.3759,0.2605,0.2746,0.3858,0.343,0.185,0.2023,0.2632,0.1926,0.278,0.2858,0.1449,0.0188,0.0795,0.0828,0.0139,3303.2234,3306.4469,3309.2674,3480.1099,-0.8932,0.0192,-0.4211,-0.9122,-0.1421,0.0897,1,1,1,1,1,41.4,61.5,
2026-07-29 18:18:21.517,0.06,0.1928,0.1607,0.1702,0.3917,0.2451,0.2632,0.3908,0.359,0.1953,0.211,0.29,0.1718,0.2924,0.2832,0.1351,0.0175,0.0745,0.0818,0.0139,3307.6557,3309.2674,3312.8938,3444.652,-0.8914,0.0193,-0.4166,-1.0243,-0.1122,0.1421,1,1,1,1,1,41.4,60.9,
2026-07-29 18:18:22.157,0.0575,0.2108,0.1538,0.1481,0.3912,0.2309,0.2896,0.4004,0.3451,0.1874,0.1881,0.2843,0.1849,0.2899,0.2821,0.1508,0.0212,0.081,0.0864,0.0164,3303.6264,3311.685,3325.7875,3155.348,-0.8884,0.0187,-0.4176,-0.972,-0.0972,-0.0897,1,1,1,1,1,41.4,59.3,
2026-07-29 18:18:24.189,0.0584,0.2339,0.1425,0.105,0.3777,0.1938,0.29,0.4037,0.339,0.177,0.1816,0.3106,0.2018,0.3036,0.2881,0.1621,0.023,0.0917,0.0977,0.0186,3338.2784,3322.5641,3342.3077,3472.0513,-0.8924,0.0167,-0.4205,-1.1066,-0.0972,0.1122,1,1,1,1,1,41.4,57.7,
2026-07-29 18:18:25.515,0.0626,0.2646,0.1503,0.104,0.3734,0.1851,0.2953,0.4098,0.3284,0.1443,0.1533,0.3019,0.2109,0.3117,0.2932,0.1633,0.0247,0.0943,0.1079,0.0211,3318.9377,3306.8498,3277.4359,3176.7033,-0.8925,0.0198,-0.4186,-0.9047,-0.0748,0.2243,1,1,1,1,1,41.4,57.8,
2026-07-29 18:18:26.687,0.0606,0.2242,0.1645,0.1169,0.3328,0.1764,0.2828,0.3911,0.364,0.1622,0.1466,0.2996,0.2171,0.3331,0.3038,0.1746,0.0255,0.104,0.1023,0.0178,3292.7473,3327.8022,3314.1026,3223.8462,-0.8908,0.0166,-0.4207,-1.1365,-0.0822,0.2766,1,1,1,1,1,41.3,58.6,
2026-07-29 18:18:27.921,0.0629,0.1995,0.1684,0.1205,0.3409,0.1863,0.2914,0.3383,0.3544,0.1681,0.1522,0.3205,0.2147,0.3395,0.2875,0.1997,0.0271,0.1067,0.1004,0.0209,3255.6777,3285.8974,3286.7033,3189.1941,-0.8905,0.0188,-0.4276,-0.9421,0.3664,0.172,1,1,1,1,1,41.3,58.7,
2026-07-29 18:18:28.545,0.0766,0.1993,0.1668,0.1096,0.3091,0.2072,0.2831,0.3438,0.3662,0.168,0.1456,0.3082,0.2193,0.3169,0.3042,0.2182,0.0287,0.1087,0.1002,0.0202,3256.4835,3308.0586,3284.2857,3133.9927,-0.8922,0.0189,-0.4207,-1.0243,0.2168,0.1346,1,1,1,1,1,41.3,58.2,
2026-07-29 18:18:29.772,0.0854,0.1948,0.1602,0.105,0.3031,0.25,0.2634,0.3776,0.3682,0.161,0.1616,0.3074,0.2164,0.2883,0.3186,0.1934,0.0269,0.1059,0.0962,0.0167,3331.8315,3315.7143,3324.1758,3351.5751,-0.8943,0.0187,-0.4229,-0.9645,-0.314,-0.0075,1,1,1,1,1,41.3,57.3,
2026-07-29 18:18:31.674,0.0945,0.2139,0.1883,0.1195,0.3012,0.2576,0.246,0.3951,0.3474,0.1547,0.1801,0.2822,0.2283,0.2803,0.2931,0.1864,0.0285,0.0936,0.0924,0.0168,3279.4505,3295.5678,3307.2527,3326.9963,-0.8907,0.0134,-0.4225,-0.972,0.0673,0.2243,1,1,1,1,1,41.3,56.6,
2026-07-29 18:18:32.911,0.077,0.1721,0.2299,0.112,0.3209,0.2845,0.2438,0.4386,0.3542,0.1694,0.1797,0.2733,0.2211,0.2836,0.2686,0.1614,0.0268,0.0905,0.078,0.0147,3249.2308,3346.7399,3236.337,3143.2601,-0.8936,0.0173,-0.4226,-1.0168,-0.0673,0.2318,1,1,1,1,1,41.3,56.4,
2026-07-29 18:18:34.196,0.0706,0.1687,0.2126,0.0902,0.3465,0.289,0.2527,0.481,0.3476,0.1866,0.1919,0.2727,0.2116,0.2694,0.2703,0.1441,0.0237,0.0864,0.0725,0.012,3254.8718,3346.337,3264.5421,3089.6703,-0.8858,0.0175,-0.4192,-1.0243,0.0897,0.8224,1,1,1,1,1,41.3,56.1,
2026-07-29 18:18:34.957,0.0702,0.1669,0.2095,0.0826,0.3322,0.3,0.2423,0.5023,0.3607,0.1741,0.1885,0.2791,0.2118,0.2722,0.2835,0.1245,0.0252,0.0868,0.0762,0.0115,3345.9341,3323.37,3333.8462,3363.663,-0.8889,0.026,-0.4156,-1.0468,0.329,0.314,1,1,1,1,1,41.3,57.7,
2026-07-29 18:18:36.447,0.0777,0.2199,0.2421,0.0966,0.3315,0.292,0.236,0.484,0.344,0.145,0.1819,0.2614,0.2219,0.2721,0.2741,0.145,0.0249,0.0711,0.0659,0.0129,3323.7729,3304.4322,3307.6557,3340.696,-0.8917,0.0147,-0.4169,-0.8823,0.1346,0.0748,1,1,1,1,1,41.3,59.5,
2026-07-29 18:18:38.221,0.0777,0.2165,0.2491,0.0939,0.3343,0.2745,0.2285,0.4707,0.3341,0.1478,0.1788,0.264,0.2283,0.2868,0.2779,0.1581,0.0256,0.0744,0.0658,0.0133,3349.5604,3303.6264,3322.1612,3253.2601,-0.8904,0.0185,-0.4207,-0.9047,-0.4411,0.2318,1,1,1,1,1,41.3,60.1,
2026-07-29 18:18:39.401,0.0854,0.1949,0.2422,0.0859,0.3335,0.2757,0.2511,0.4649,0.3329,0.157,0.1688,0.2692,0.2254,0.2964,0.2797,0.1676,0.0228,0.076,0.0582,0.0124,3359.2308,3300.0,3318.9377,3430.5495,-0.8955,0.0206,-0.4156,-0.8972,-0.1421,0.0299,1,1,1,1,1,41.3,60.3,
2026-07-29 18:18:40.624,0.0991,0.1988,0.2056,0.0947,0.3415,0.2824,0.26,0.4451,0.3408,0.1572,0.176,0.2739,0.1995,0.2921,0.3,0.1738,0.0191,0.0697,0.0585,0.0125,3420.0733,3331.8315,3299.1941,3433.7729,-0.8939,0.0208,-0.4162,-1.0019,0.0822,0.329,1,1,1,1,1,41.3,60.4,
2026-07-29 18:18:41.235,0.1091,0.2278,0.219,0.1074,0.3711,0.2976,0.2699,0.4373,0.3199,0.1457,0.1604,0.2491,0.182,0.2659,0.2925,0.1926,0.0179,0.063,0.0582,0.0137,3337.0696,3349.1575,3295.1648,3383.8095,-0.8896,0.0183,-0.4217,-1.0767,0.1346,0.2841,1,1,1,1,1,41.3,60.9,
2026-07-29 18:18:43.119,0.1044,0.2331,0.2154,0.1061,0.4052,0.3194,0.2621,0.4356,0.2939,0.1489,0.1768,0.2418,0.1817,0.2432,0.2877,0.2017,0.0148,0.0554,0.058,0.0148,3317.326,3273.4066,3314.5055,3365.2747,-0.8943,0.0219,-0.4187,-0.9196,-0.1645,0.4561,1,1,1,1,1,41.3,61.7,
2026-07-29 18:18:44.266,0.0959,0.2267,0.2049,0.0886,0.4093,0.3037,0.2599,0.4489,0.2945,0.1595,0.1816,0.2387,0.185,0.254,0.2994,0.2091,0.0153,0.0561,0.0542,0.0147,3262.1245,3287.1062,3262.9304,3122.7106,-0.8936,0.0162,-0.4139,-1.0318,-0.0449,0.1645,1,1,1,1,1,41.3,62.0,
2026-07-29 18:18:45.455,0.0984,0.1907,0.186,0.0826,0.4232,0.3201,0.268,0.4717,0.289,0.1757,0.1854,0.235,0.1738,0.2558,0.2989,0.1944,0.0156,0.0577,0.0617,0.0162,3328.2051,3307.2527,3345.9341,3321.7582,-0.8892,0.0228,-0.4174,-0.9122,-0.2841,0.2841,1,1,1,1,1,41.3,61.6,
2026-07-29 18:18:46.810,0.107,0.2247,0.189,0.0819,0.4355,0.3261,0.2741,0.4879,0.2804,0.1728,0.1849,0.2237,0.1631,0.2254,0.2885,0.189,0.0139,0.051,0.0636,0.0175,3270.5861,3300.0,3318.5348,3356.0073,-0.8927,0.0164,-0.4196,-0.9421,0.0299,0.157,1,1,1,1,1,41.3,60.8,
2026-07-29 18:18:47.478,0.1047,0.2299,0.2067,0.0736,0.4444,0.3205,0.2593,0.487,0.2803,0.1797,0.172,0.2292,0.1557,0.2209,0.2925,0.19,0.0148,0.049,0.0695,0.0202,3341.0989,3311.2821,3309.2674,3445.0549,-0.8881,0.0227,-0.4139,-0.9346,-0.4262,0.3963,1,1,1,1,1,41.3,60.5,
2026-07-29 18:18:49.044,0.1287,0.2305,0.2035,0.0796,0.414,0.3195,0.2345,0.4542,0.2549,0.1642,0.1759,0.2508,0.1837,0.2326,0.3106,0.1916,0.0187,0.0532,0.0754,0.0239,3280.2564,3299.1941,3284.2857,3305.2381,-0.8961,0.0128,-0.4276,-1.1066,0.2393,0.0673,1,1,1,1,1,41.3,60.8,
2026-07-29 18:18:50.450,0.1672,0.2109,0.2006,0.1203,0.3638,0.2791,0.2074,0.3799,0.2423,0.1796,0.174,0.2534,0.2014,0.2663,0.3333,0.2184,0.0253,0.0641,0.0847,0.0281,3326.9963,3319.3407,3319.7436,3256.8864,-0.89,0.0169,-0.423,-0.9271,-0.2094,0.1047,1,1,1,1,1,41.3,61.6,
2026-07-29 18:18:51.660,0.1556,0.2112,0.1838,0.1152,0.3505,0.2657,0.2168,0.3804,0.2623,0.1865,0.1692,0.2846,0.2064,0.2648,0.3357,0.1928,0.0253,0.0719,0.0945,0.027,3342.3077,3367.2894,3315.7143,3285.0916,-0.8903,0.0009,-0.4327,0.1196,-0.3215,0.1421,1,1,1,1,1,41.3,62.0,
2026-07-29 18:18:53.239,0.208,0.2033,0.1923,0.3015,0.3344,0.2661,0.2217,0.3354,0.2286,0.1658,0.1665,0.1955,0.1931,0.2815,0.3189,0.143,0.0359,0.0834,0.1007,0.0247,3339.0842,3286.7033,3303.6264,3088.4615,-0.8873,0.0172,-0.4178,-0.8972,-0.1495,0.7103,1,1,1,1,1,41.3,61.6,
2026-07-29 18:18:54.114,0.2337,0.1505,0.1761,0.2743,0.305,0.2788,0.2051,0.3076,0.2499,0.2134,0.1882,0.2504,0.1771,0.2779,0.3324,0.1439,0.0344,0.0794,0.0983,0.0239,3356.4103,3315.7143,3284.2857,3289.9267,-0.8932,0.0115,-0.4233,-0.957,0.0598,-0.1944,1,1,1,1,1,41.3,61.0,
2026-07-29 18:18:55.556,0.2293,0.1337,0.1519,0.2719,0.2841,0.268,0.232,0.2922,0.2681,0.2254,0.2029,0.2649,0.1832,0.2833,0.3215,0.1476,0.0353,0.0896,0.0917,0.0233,3323.37,3309.6703,3311.685,3264.9451,-0.8923,0.015,-0.4162,-1.1066,-0.172,0.0822,1,1,1,1,1,41.3,61.0,
2026-07-29 18:18:57.196,0.2059,0.1286,0.1525,0.2592,0.2978,0.253,0.2436,0.3274,0.2847,0.2411,0.2126,0.2463,0.1795,0.287,0.3057,0.1458,0.0321,0.0902,0.0856,0.0213,3275.4212,3314.9084,3342.7106,3386.63,-0.8961,0.0139,-0.4295,-0.8972,0.0224,0.0374,1,1,1,1,1,41.3,63.1,
2026-07-29 18:18:57.800,0.1922,0.1324,0.1618,0.2492,0.3022,0.2616,0.2445,0.3429,0.2976,0.2278,0.2213,0.2495,0.1763,0.2871,0.2933,0.1383,0.0316,0.091,0.079,0.0202,3269.7802,3322.1612,3347.1429,3120.696,-0.8858,0.0173,-0.4315,-1.0393,-0.5084,0.172,1,1,1,1,1,41.3,64.1,
2026-07-29 18:18:59.806,0.2207,0.133,0.1627,0.2622,0.2858,0.2521,0.2311,0.3338,0.2815,0.2207,0.2238,0.2386,0.1785,0.3002,0.3079,0.1438,0.0334,0.094,0.0744,0.0216,3323.37,3344.7253,3319.3407,3425.7143,-0.885,0.0089,-0.4193,-1.0393,0.1421,0.3514,1,1,1,1,1,41.3,63.8,
2026-07-29 18:19:00.407,0.2201,0.1179,0.1481,0.1979,0.2869,0.2681,0.2259,0.3536,0.292,0.2144,0.2267,0.2703,0.1687,0.305,0.3228,0.1563,0.0323,0.0947,0.0765,0.0218,3263.7363,3314.1026,3289.5238,3128.7546,-0.8914,0.0143,-0.4189,-1.0617,-0.172,0.0748,1,1,1,1,1,41.3,62.2,
2026-07-29 18:19:02.304,0.1171,0.1275,0.1429,0.1015,0.307,0.2496,0.2506,0.414,0.3586,0.2167,0.2222,0.3023,0.1951,0.3016,0.3126,0.1645,0.0223,0.1046,0.0716,0.0176,3348.7546,3321.7582,3325.7875,3175.4945,-0.8895,0.0131,-0.4294,-0.9196,0.172,0.0224,1,1,1,1,1,41.3,60.6,
2026-07-29 18:19:03.734,0.1042,0.1287,0.1644,0.1012,0.3399,0.2374,0.2685,0.4551,0.3154,0.1725,0.1857,0.2388,0.2148,0.3396,0.3094,0.1857,0.0257,0.1217,0.0721,0.0192,3364.0659,3331.0256,3302.0147,3513.956,-0.8909,0.0097,-0.4286,-1.0542,-0.0449,0.5383,1,1,1,1,1,41.3,59.1,
2026-07-29 18:19:04.345,0.1224,0.1438,0.1723,0.1005,0.3688,0.2502,0.2449,0.452,0.2975,0.1744,0.2008,0.2517,0.184,0.3176,0.3064,0.177,0.0273,0.1139,0.0756,0.0188,3327.8022,3322.5641,3304.4322,3389.4505,-0.8876,0.0135,-0.4206,-0.9944,-0.2467,0.5009,1,1,1,1,1,41.3,57.4,
2026-07-29 18:19:06.408,0.1096,0.1468,0.21,0.0865,0.36,0.251,0.2416,0.4086,0.3282,0.1742,0.1779,0.2876,0.1745,0.312,0.298,0.1948,0.0278,0.1161,0.0725,0.0224,3283.8828,3288.7179,3275.0183,3188.3883,-0.8885,0.0182,-0.4083,-1.1365,0.6281,0.6953,1,1,1,1,1,41.3,56.9,
2026-07-29 18:19:07.648,0.0959,0.15,0.2188,0.09,0.3432,0.2456,0.2673,0.4086,0.369,0.1831,0.1801,0.2975,0.1689,0.3124,0.2619,0.1826,0.023,0.1088,0.0718,0.0212,3211.7582,3297.9853,3277.033,3238.3516,-0.8888,0.0137,-0.4175,-0.9869,-0.4486,0.1196,1,1,1,1,1,41.3,58.2,
2026-07-29 18:19:08.921,0.0991,0.1691,0.2504,0.106,0.3552,0.2262,0.2578,0.3847,0.3494,0.1912,0.1692,0.2898,0.1737,0.3053,0.2514,0.1955,0.0226,0.1082,0.0712,0.024,3290.3297,3307.6557,3320.5495,3158.9744,-0.8873,0.0095,-0.4227,-1.0094,-0.157,0.0673,1,1,1,1,1,41.3,58.6,
2026-07-29 18:19:10.339,0.1131,0.1686,0.267,0.1095,0.3462,0.2141,0.247,0.3735,0.3459,0.1876,0.1615,0.3043,0.1714,0.3209,0.2518,0.189,0.0234,0.1088,0.0726,0.0238,3277.4359,3313.6996,3295.1648,3445.0549,-0.8903,0.0172,-0.423,-0.972,0.0449,0.0673,1,1,1,1,1,41.3,58.7,
2026-07-29 18:19:10.995,0.1093,0.185,0.259,0.1041,0.3408,0.1969,0.2252,0.3757,0.3535,0.1927,0.1759,0.3186,0.1736,0.3208,0.2606,0.1792,0.0228,0.1046,0.0793,0.0223,3406.7766,3283.0769,3339.4872,3436.1905,-0.8892,0.0146,-0.4214,-0.9196,-0.172,0.2168,1,1,1,1,1,41.3,58.8,
2026-07-29 18:19:12.695,0.1677,0.2077,0.2686,0.2149,0.33,0.1855,0.2254,0.3479,0.3067,0.1719,0.1589,0.2691,0.1758,0.3292,0.2645,0.1491,0.0198,0.1057,0.0825,0.019,3264.5421,3322.1612,3318.9377,3303.6264,-0.8867,0.0161,-0.4225,-0.9047,-0.3514,0.0897,1,1,1,1,1,41.3,59.2,
2026-07-29 18:19:13.736,0.2315,0.199,0.2355,0.3027,0.2933,0.17,0.2461,0.3117,0.2795,0.1824,0.1612,0.2269,0.1772,0.3398,0.2651,0.1399,0.0186,0.1087,0.092,0.0188,3288.7179,3335.4579,3302.8205,3243.9927,-0.8907,0.0095,-0.4262,-1.114,0.2467,0.157,1,1,1,1,1,41.3,59.6,
2026-07-29 18:19:14.762,0.2414,0.1899,0.2158,0.3156,0.3022,0.1707,0.2535,0.3046,0.2506,0.1802,0.1651,0.2255,0.1848,0.3469,0.263,0.1367,0.021,0.1122,0.1027,0.0176,3267.7656,3336.2637,3308.4615,3414.8352,-0.8943,0.0074,-0.4161,-1.5178,-0.015,0.471,1,1,1,1,1,41.3,59.6,
2026-07-29 18:19:15.900,0.2624,0.2033,0.2096,0.3365,0.292,0.1677,0.2282,0.2866,0.2351,0.1789,0.1806,0.2208,0.1831,0.3294,0.2694,0.1355,0.0274,0.1207,0.1122,0.0206,3390.2564,3279.0476,3324.9817,3229.4872,-0.887,0.013,-0.425,-1.0318,-0.0523,0.1196,1,1,1,1,1,41.2,59.0,
2026-07-29 18:19:16.591,0.3075,0.2213,0.1903,0.3378,0.2639,0.1681,0.2336,0.2957,0.2256,0.1762,0.1934,0.2209,0.1694,0.3178,0.2655,0.1225,0.0335,0.1165,0.1171,0.023,3344.7253,3331.8315,3270.989,3406.7766,-0.8907,0.0115,-0.4254,-1.0393,-0.1196,0.2393,1,1,1,1,1,41.2,58.3,
2026-07-29 18:19:18.192,0.3131,0.2566,0.221,0.3563,0.2571,0.1931,0.2277,0.2766,0.2194,0.1582,0.1781,0.2104,0.1675,0.2848,0.268,0.1311,0.0429,0.1072,0.1052,0.0256,3309.6703,3283.0769,3320.9524,3412.0147,-0.889,0.0172,-0.4189,-0.9645,-0.172,0.3888,1,1,1,1,1,41.2,58.3,
2026-07-29 18:19:20.217,0.3207,0.2513,0.2273,0.3539,0.266,0.2084,0.2407,0.2758,0.2147,0.1538,0.1639,0.2148,0.1528,0.2806,0.2632,0.1295,0.0458,0.1058,0.1049,0.026,3345.1282,3309.2674,3309.2674,3333.8462,-0.8954,0.0175,-0.4164,-1.2561,-0.0224,0.3215,1,1,1,1,1,41.2,58.9,
2026-07-29 18:19:20.918,0.2483,0.2437,0.2282,0.2002,0.2812,0.2042,0.2153,0.3099,0.2402,0.1682,0.1649,0.2823,0.1743,0.2778,0.2873,0.172,0.056,0.1061,0.1043,0.0357,3229.8901,3281.8681,3306.4469,3146.4835,-0.8883,0.0208,-0.4249,-0.8224,-0.0449,-0.0374,1,1,1,1,1,41.2,59.2,
2026-07-29 18:19:22.926,0.2372,0.2487,0.2243,0.1617,0.296,0.1919,0.2165,0.3341,0.2319,0.167,0.1548,0.2815,0.176,0.2736,0.308,0.1882,0.0589,0.1189,0.0964,0.0344,3298.7912,3316.5201,3327.3993,3453.1136,-0.8901,0.0162,-0.4202,-0.8374,-0.0822,0.2916,1,1,1,1,1,41.2,59.6,
2026-07-29 18:19:23.598,0.2056,0.2374,0.2331,0.1307,0.3093,0.1932,0.22,0.3174,0.2798,0.1742,0.1334,0.3143,0.1539,0.2814,0.3246,0.2051,0.0515,0.1139,0.0888,0.0325,3288.315,3332.6374,3346.7399,3279.4505,-0.8913,0.0188,-0.4279,-0.9271,0.0075,-0.0897,1,1,1,1,1,41.2,59.6,
2026-07-29 18:19:25.710,0.1448,0.2002,0.2031,0.1456,0.3203,0.1827,0.2263,0.3179,0.3073,0.1745,0.1381,0.3013,0.1719,0.3191,0.3448,0.2023,0.0557,0.1235,0.0878,0.0329,3324.9817,3294.7619,3299.5971,3410.0,-0.8899,0.0156,-0.4189,-0.9047,0.0822,0.0075,1,1,1,1,1,41.2,58.9,
2026-07-29 18:19:26.984,0.1296,0.1973,0.2129,0.1417,0.3168,0.1751,0.2192,0.3241,0.3202,0.1929,0.1643,0.3067,0.1836,0.3153,0.3145,0.1936,0.0498,0.1194,0.0891,0.0339,3336.6667,3340.696,3327.3993,3151.3187,-0.8906,0.014,-0.4315,-1.129,-0.0972,0.1047,1,1,1,1,1,41.2,58.0,
2026-07-29 18:19:27.592,0.1042,0.1887,0.222,0.1333,0.2964,0.1714,0.2146,0.3196,0.3854,0.1968,0.1968,0.3353,0.1666,0.3102,0.2864,0.1818,0.0475,0.1329,0.0802,0.03,3185.9707,3255.2747,3345.5311,3296.3736,-0.8899,0.0111,-0.4369,-1.0991,-0.4037,-0.0972,1,1,1,1,1,41.2,57.9,
2026-07-29 18:19:29.402,0.1275,0.1577,0.2099,0.2773,0.2955,0.1865,0.2366,0.2575,0.3758,0.2077,0.1933,0.2953,0.1539,0.3084,0.2783,0.141,0.0473,0.1397,0.082,0.0289,3320.5495,3340.696,3335.8608,3434.1758,-0.8897,0.0125,-0.4214,-0.8897,-0.2393,0.3664,1,1,1,1,1,41.2,58.9,
2026-07-29 18:19:30.411,0.1219,0.166,0.2134,0.2746,0.302,0.1927,0.2537,0.2747,0.3714,0.1827,0.1883,0.2927,0.1554,0.3261,0.264,0.1291,0.0494,0.1326,0.0806,0.0288,3331.8315,3277.033,3291.9414,3417.6557,-0.8882,0.0148,-0.4254,-0.8598,-0.3439,0.0748,1,1,1,1,1,41.2,59.9,
2026-07-29 18:19:32.093,0.1236,0.1676,0.2126,0.2783,0.2919,0.1876,0.2531,0.2926,0.3557,0.1788,0.1845,0.2783,0.1757,0.3262,0.2635,0.1217,0.0531,0.1398,0.0864,0.0291,3301.2088,3337.4725,3289.1209,3129.5604,-0.8909,0.0205,-0.4229,-1.0991,-0.0822,0.2692,1,1,1,1,1,41.2,61.4,
2026-07-29 18:19:33.406,0.1171,0.1647,0.1964,0.26,0.2991,0.188,0.268,0.2901,0.34,0.1868,0.1955,0.2947,0.1937,0.3201,0.2512,0.1265,0.0501,0.1404,0.089,0.0287,3353.9927,3298.7912,3300.4029,3189.5971,-0.889,0.0182,-0.4219,-0.9944,-0.2766,0.2991,1,1,1,1,1,41.2,63.0,
2026-07-29 18:19:34.659,0.1084,0.147,0.1719,0.2395,0.3165,0.2087,0.2678,0.2966,0.3578,0.1823,0.1973,0.3044,0.1721,0.3248,0.2735,0.1337,0.0452,0.1372,0.0895,0.0258,3343.5165,3273.0037,3296.3736,3383.0037,-0.8868,0.0148,-0.4211,-0.8972,0.0748,0.2094,1,1,1,1,1,41.2,63.3,
2026-07-29 18:19:35.797,0.1109,0.1601,0.1531,0.2281,0.336,0.2107,0.2951,0.3125,0.3482,0.1774,0.1819,0.318,0.1641,0.3265,0.2797,0.1183,0.0408,0.1252,0.0902,0.0231,3257.6923,3322.1612,3283.8828,3265.7509,-0.8853,0.0154,-0.4285,-0.9421,-0.0972,0.1495,1,1,1,1,1,41.2,61.7,
2026-07-29 18:19:37.801,0.0616,0.1727,0.1526,0.0552,0.3673,0.2188,0.3111,0.4143,0.3508,0.1591,0.1731,0.3689,0.1812,0.331,0.2778,0.1428,0.039,0.1184,0.0854,0.0187,3205.3114,3267.3626,3306.044,3077.1795,-0.8867,0.0098,-0.4267,-0.9346,0.2243,0.0299,1,1,1,1,1,41.2,59.5,
2026-07-29 18:19:39.118,0.0513,0.1812,0.1769,0.048,0.3894,0.223,0.3083,0.413,0.356,0.1695,0.1707,0.3777,0.1709,0.3119,0.2675,0.1447,0.0325,0.1144,0.0766,0.0166,3262.9304,3302.8205,3292.3443,3197.6557,-0.8859,0.0126,-0.4254,-0.8224,0.1346,0.6654,1,1,1,1,1,41.2,58.0,
2026-07-29 18:19:40.465,0.0563,0.2063,0.179,0.0491,0.403,0.2423,0.3161,0.4284,0.3478,0.1566,0.1811,0.3646,0.1626,0.2962,0.2577,0.1435,0.0303,0.0986,0.066,0.0145,3306.4469,3295.9707,3323.7729,3432.967,-0.8947,0.0145,-0.4224,-0.9496,-0.2692,0.0449,1,1,1,1,1,41.2,57.9,
2026-07-29 18:19:41.778,0.0582,0.1945,0.1898,0.0477,0.3847,0.241,0.3115,0.4066,0.3597,0.1764,0.1876,0.3697,0.1715,0.298,0.2488,0.1628,0.0259,0.09,0.0622,0.0132,3312.0879,3314.5055,3300.8059,3244.3956,-0.8895,0.0167,-0.4218,-1.0468,-0.0523,0.2692,1,1,1,1,1,41.2,58.4,
2026-07-29 18:19:42.484,0.0615,0.1979,0.2025,0.0499,0.3856,0.244,0.3063,0.4054,0.3437,0.1794,0.1882,0.3683,0.186,0.2926,0.2438,0.1615,0.0232,0.0861,0.0592,0.0148,3291.9414,3291.9414,3310.0733,3214.1758,-0.888,0.018,-0.4224,-0.9795,0.1346,-0.0224,1,1,1,1,1,41.2,58.7,
2026-07-29 18:19:44.610,0.0576,0.214,0.2228,0.0523,0.3667,0.2594,0.2882,0.3736,0.3538,0.1803,0.1967,0.3728,0.2009,0.2634,0.2357,0.1848,0.0209,0.083,0.0565,0.0165,3293.956,3301.6117,3320.1465,3219.4139,-0.8877,0.018,-0.4228,-0.9421,-0.0972,0.3813,1,1,1,1,1,41.2,58.7,
2026-07-29 18:19:45.856,0.0593,0.2174,0.2149,0.0471,0.3465,0.2641,0.2628,0.378,0.366,0.1837,0.2182,0.3664,0.2064,0.2592,0.245,0.1889,0.0218,0.0756,0.0589,0.0196,3279.0476,3346.337,3337.0696,3261.3187,-0.8858,0.0128,-0.4279,-0.8972,-0.1794,0.2766,1,1,1,1,1,41.2,58.7,
2026-07-29 18:19:46.495,0.0621,0.2058,0.205,0.0601,0.3188,0.2597,0.2444,0.3304,0.3656,0.1822,0.2191,0.3743,0.232,0.2741,0.2663,0.2136,0.0216,0.0782,0.0651,0.0217,3342.7106,3363.663,3299.5971,3202.8938,-0.887,0.0129,-0.4226,-1.0168,0.0598,0.2692,1,1,1,1,1,41.2,58.0,
2026-07-29 18:19:47.603,0.0863,0.1966,0.2543,0.0885,0.3028,0.2535,0.2403,0.2697,0.3579,0.1879,0.1938,0.3927,0.233,0.282,0.246,0.2254,0.02,0.08,0.0656,0.0237,3206.1172,3313.2967,3274.2125,3099.7436,-0.8907,0.014,-0.4242,-0.9795,-0.3365,0.2168,1,1,1,1,1,41.2,56.4,
2026-07-29 18:19:49.108,0.1577,0.2643,0.2758,0.1641,0.3061,0.2413,0.2304,0.2771,0.3201,0.1595,0.1791,0.3553,0.1956,0.2607,0.2504,0.181,0.0205,0.0742,0.0643,0.0225,3183.5531,3310.0733,3322.1612,3038.4982,-0.8909,0.0095,-0.4185,-1.0318,0.1346,0.329,1,1,1,1,1,41.2,55.3,
2026-07-29 18:19:50.872,0.2436,0.2632,0.2947,0.2873,0.2825,0.2355,0.2383,0.2628,0.2676,0.1504,0.1642,0.2789,0.1857,0.2788,0.2402,0.1508,0.0206,0.0721,0.0626,0.0202,3333.4432,3311.685,3302.0147,3266.1538,-0.8867,0.015,-0.4227,-1.0393,0.2467,0.5309,1,1,1,1,1,41.2,55.0,
2026-07-29 18:19:52.211,0.3181,0.2577,0.2878,0.3802,0.2927,0.2046,0.2342,0.2583,0.2057,0.1504,0.1583,0.208,0.1613,0.3115,0.2565,0.1331,0.0222,0.0757,0.0631,0.0203,3292.3443,3283.0769,3331.4286,3294.7619,-0.8913,0.0174,-0.4297,-0.9795,-0.0673,0.0822,1,1,1,1,1,41.2,55.1,
2026-07-29 18:19:53.754,0.3339,0.2648,0.2981,0.4096,0.2896,0.1702,0.2499,0.2454,0.1915,0.1597,0.1368,0.1952,0.163,0.3204,0.2532,0.1304,0.022,0.0849,0.0621,0.0194,3189.5971,3314.5055,3299.5971,3325.7875,-0.8911,0.0169,-0.4229,-0.8972,0.1421,0.2318,1,1,1,1,1,41.2,55.2,
2026-07-29 18:19:54.862,0.3662,0.2711,0.3087,0.4365,0.2895,0.1719,0.2479,0.2595,0.172,0.1635,0.1443,0.1761,0.1503,0.3133,0.2371,0.109,0.0219,0.0801,0.062,0.0189,3287.1062,3330.6227,3306.8498,3420.4762,-0.8849,0.0158,-0.4146,-1.1589,0.2692,0.1421,1,1,1,1,1,41.2,55.2,
2026-07-29 18:19:56.136,0.3737,0.2504,0.273,0.4616,0.2845,0.2105,0.2466,0.2664,0.1692,0.1541,0.1573,0.1555,0.15,0.3033,0.2561,0.0973,0.0226,0.0818,0.067,0.0192,3233.5165,3283.8828,3283.8828,3089.6703,-0.8802,0.016,-0.4208,-0.8224,-0.2467,0.3888,1,1,1,1,1,41.2,55.2,
2026-07-29 18:19:57.396,0.3167,0.1539,0.2611,0.4104,0.2823,0.2166,0.244,0.2903,0.2165,0.1691,0.1546,0.1821,0.1591,0.3542,0.2615,0.0964,0.0254,0.1061,0.0788,0.0209,3276.63,3334.2491,3293.956,3369.707,-0.8866,0.0128,-0.4244,-1.0617,-0.0897,-0.1869,1,1,1,1,1,41.2,55.4,
2026-07-29 18:19:58.587,0.3129,0.1405,0.2523,0.3983,0.2737,0.2159,0.2424,0.2749,0.2272,0.1722,0.1616,0.2028,0.1576,0.3552,0.2601,0.0993,0.0286,0.1162,0.0836,0.0247,3231.9048,3291.5385,3347.9487,3407.1795,-0.8939,0.0189,-0.428,-0.7028,0.4411,-0.2766,1,1,1,1,1,41.2,56.9,
2026-07-29 18:19:59.190,0.2208,0.1511,0.253,0.2748,0.3077,0.2216,0.2357,0.3307,0.2671,0.1648,0.1628,0.2619,0.1718,0.3404,0.2594,0.1072,0.0326,0.1221,0.0891,0.0254,3320.1465,3283.0769,3304.8352,3425.3114,-0.877,0.0193,-0.4271,-0.9645,-0.0673,0.2617,1,1,1,1,1,41.2,59.0,
2026-07-29 18:20:01.006,0.1644,0.1365,0.259,0.2095,0.3119,0.2413,0.2341,0.3427,0.31,0.1586,0.1656,0.2969,0.1796,0.3365,0.2448,0.1249,0.0342,0.127,0.0965,0.026,3243.1868,3280.6593,3268.9744,3214.5788,-0.8908,0.0125,-0.4358,-1.5253,0.972,0.0299,1,1,1,1,1,41.2,59.0,
2026-07-29 18:20:02.198,0.1255,0.1311,0.2498,0.1792,0.3337,0.2517,0.2035,0.3508,0.339,0.1505,0.1729,0.3081,0.1673,0.3343,0.2733,0.1356,0.0345,0.1324,0.1005,0.0263,3270.5861,3304.4322,3289.9267,3357.619,-0.8846,0.0179,-0.4354,-0.9645,0.0972,0.172,1,1,1,1,1,41.2,55.4,
2026-07-29 18:20:02.901,0.0831,0.1228,0.2241,0.1399,0.3455,0.2455,0.2056,0.3354,0.3812,0.1513,0.1917,0.3707,0.1564,0.3461,0.2649,0.1273,0.0338,0.1343,0.1137,0.0267,3260.1099,3325.3846,3346.7399,3324.1758,-0.8913,0.0153,-0.4391,-1.0393,-0.2766,0.0897,1,1,1,1,1,41.2,53.8,
2026-07-29 18:20:04.231,0.0798,0.1229,0.2164,0.1196,0.3486,0.2307,0.2245,0.3264,0.38,0.1657,0.1887,0.3931,0.1587,0.3411,0.2617,0.1339,0.033,0.1396,0.1088,0.027,3346.7399,3334.2491,3331.8315,3455.9341,-0.8855,0.0111,-0.4288,-1.0168,-0.1421,0.2393,1,1,1,1,1,41.2,54.0,
2026-07-29 18:20:05.499,0.0883,0.1424,0.1979,0.1204,0.3443,0.238,0.2188,0.3421,0.3653,0.1708,0.2025,0.3782,0.167,0.3141,0.271,0.1338,0.0349,0.1346,0.1098,0.0254,3205.3114,3309.2674,3324.9817,3274.2125,-0.8895,0.0098,-0.4244,-0.9421,0.157,0.1271,1,1,1,1,1,41.2,55.1,
2026-07-29 18:20:07.578,0.0849,0.1445,0.1809,0.0887,0.3662,0.243,0.2204,0.3669,0.3782,0.2029,0.2071,0.3786,0.1454,0.2914,0.2849,0.1442,0.0253,0.1182,0.1067,0.0216,3262.5275,3331.4286,3351.5751,3279.8535,-0.8858,0.0019,-0.4302,-0.7552,0.1944,0.2542,1,1,1,1,1,41.1,56.7,
2026-07-29 18:20:08.893,0.0952,0.1338,0.1553,0.0875,0.3586,0.2383,0.2232,0.3664,0.3726,0.2086,0.2153,0.3751,0.1471,0.3012,0.3051,0.1494,0.0265,0.1181,0.101,0.0215,3407.1795,3301.2088,3312.0879,3502.2711,-0.8683,0.0051,-0.436,-1.1664,0.3589,0.6206,1,1,1,1,1,41.1,58.2,
2026-07-29 18:20:10.283,0.1206,0.1284,0.1245,0.1053,0.3337,0.2352,0.2646,0.3624,0.379,0.1978,0.2239,0.3719,0.1415,0.3247,0.2881,0.1364,0.0251,0.114,0.0989,0.024,3287.9121,3287.5092,3293.956,3148.0952,-0.8872,0.0101,-0.4389,-0.8,-0.2019,0.1122,1,1,1,1,1,41.1,59.3,
2026-07-29 18:20:11.595,0.121,0.1324,0.1351,0.1135,0.3212,0.222,0.2692,0.3772,0.3821,0.2073,0.1964,0.3189,0.1478,0.319,0.3025,0.1626,0.0278,0.1193,0.0968,0.0277,3235.5311,3310.0733,3304.4322,3335.4579,-0.877,0.0065,-0.4397,-0.9421,-0.0897,-0.0374,1,1,1,1,1,41.1,64.1,
2026-07-29 18:20:12.261,0.12,0.141,0.1497,0.1216,0.3328,0.2373,0.2687,0.4021,0.3769,0.1923,0.1817,0.2817,0.1422,0.3151,0.3074,0.1654,0.0281,0.1144,0.0926,0.0291,3390.2564,3329.011,3283.8828,3360.0366,-0.8905,0.0048,-0.4382,-1.0916,0.0075,0.2991,1,1,1,1,1,41.1,65.1,
2026-07-29 18:20:14.222,0.1031,0.1397,0.1353,0.0823,0.3587,0.2609,0.2836,0.4004,0.3727,0.1772,0.1699,0.3289,0.14,0.3189,0.3227,0.1616,0.0255,0.1033,0.0884,0.0268,3333.8462,3299.5971,3293.5531,3225.4579,-0.8687,0.0119,-0.4351,-1.0019,-0.3439,0.0897,1,1,1,1,1,41.1,51.2,
2026-07-29 18:20:15.516,0.1039,0.1603,0.1513,0.0828,0.3501,0.2664,0.2733,0.3916,0.3593,0.1345,0.1648,0.3343,0.1566,0.3295,0.3136,0.16,0.0301,0.1093,0.097,0.0313,3255.2747,3289.9267,3318.1319,3387.033,-0.879,0.0079,-0.4407,-1.0692,-0.0822,0.3439,1,1,1,1,1,41.1,51.9,
2026-07-29 18:20:17.037,0.1163,0.1666,0.1782,0.091,0.3576,0.2827,0.2654,0.3852,0.3428,0.1262,0.1662,0.3278,0.1536,0.3172,0.2977,0.1644,0.0297,0.1073,0.0925,0.0316,3278.6447,3293.956,3281.8681,3146.8864,-0.8913,0.0042,-0.4464,-1.0393,0.3439,0.0972,1,1,1,1,1,41.1,52.3,
2026-07-29 18:20:18.429,0.1177,0.1944,0.1766,0.0696,0.4076,0.3106,0.2671,0.4055,0.2886,0.1157,0.168,0.3285,0.156,0.2834,0.3052,0.1686,0.03,0.0958,0.0831,0.0277,3314.9084,3326.5934,3322.5641,3279.8535,-0.8702,0.0086,-0.4445,-1.0168,-0.1122,0.5309,1,1,1,1,1,41.1,53.1,
2026-07-29 18:20:19.141,0.1203,0.1968,0.1766,0.0692,0.4093,0.3171,0.2631,0.4005,0.2811,0.1071,0.169,0.3316,0.1566,0.2846,0.3085,0.1708,0.0327,0.0942,0.0828,0.0278,3281.8681,3312.0879,3351.5751,3174.6886,-0.8723,0.0039,-0.4407,-1.0916,0.0748,0.4187,1,1,1,1,1,41.1,54.3,
2026-07-29 18:20:21.366,0.1248,0.1992,0.1753,0.067,0.4084,0.2914,0.2567,0.3968,0.2738,0.1206,0.1688,0.3356,0.1587,0.2901,0.3145,0.1734,0.0342,0.0987,0.0847,0.0272,3320.1465,3293.956,3302.8205,3188.3883,-0.8803,0.0109,-0.4404,-0.8374,-0.2766,-0.0224,1,1,1,1,1,41.1,55.7,
2026-07-29 18:20:22.762,0.1346,0.1975,0.1902,0.0867,0.368,0.2681,0.2596,0.3723,0.2852,0.1329,0.1536,0.3122,0.1749,0.2938,0.3101,0.1977,0.0374,0.1077,0.0865,0.0312,3282.674,3361.2454,3317.326,3348.7546,-0.8892,0.0018,-0.4346,-0.9421,0.0897,0.0897,1,1,1,1,1,41.1,58.5,
2026-07-29 18:20:24.112,0.0959,0.1643,0.1919,0.0922,0.4009,0.2722,0.2728,0.4015,0.3185,0.1707,0.1548,0.3091,0.1535,0.2852,0.2967,0.1704,0.0313,0.1076,0.0838,0.0268,3263.3333,3381.3919,3362.4542,3312.4908,-0.8831,0.0035,-0.4316,-0.9869,-0.0897,0.2243,1,1,1,1,1,41.1,59.9,
2026-07-29 18:20:25.300,0.0695,0.1973,0.1975,0.0912,0.4853,0.273,0.2854,0.439,0.2933,0.1925,0.1542,0.3033,0.1296,0.2498,0.2839,0.1437,0.0223,0.0874,0.0791,0.0227,3310.4762,3327.8022,3293.956,3184.7619,-0.8817,-0.0004,-0.436,-0.9496,-0.6281,-0.1645,1,1,1,1,1,41.1,60.8,
2026-07-29 18:20:25.914,0.0712,0.1875,0.2077,0.1031,0.4697,0.2413,0.2701,0.4261,0.2937,0.2073,0.1554,0.2925,0.1428,0.2741,0.2842,0.1553,0.0225,0.0897,0.0826,0.023,3188.7912,3296.7766,3279.8535,2930.1099,-0.8597,-0.0105,-0.4418,-1.0318,0.1346,0.3065,1,1,1,1,1,41.1,62.9,
2026-07-29 18:20:27.408,0.0835,0.1987,0.215,0.1332,0.4776,0.2271,0.2773,0.4309,0.2745,0.2123,0.1506,0.2712,0.1423,0.2662,0.2731,0.1348,0.0221,0.0956,0.0841,0.0298,3212.5641,3316.1172,3304.8352,3028.4249,-0.8636,-0.0014,-0.442,-0.9645,-0.1047,0.0374,1,1,1,1,1,41.1,65.0,
2026-07-29 18:20:28.857,0.0904,0.1969,0.207,0.1727,0.4726,0.2446,0.2622,0.4109,0.2707,0.2081,0.1676,0.2543,0.144,0.2521,0.2683,0.1315,0.0223,0.0983,0.0949,0.0306,3281.4652,3290.7326,3312.0879,3137.619,-0.8646,-0.0007,-0.4468,-0.9645,-0.2243,0.1794,1,1,1,1,1,41.1,67.4,
2026-07-29 18:20:29.852,0.0909,0.1777,0.2204,0.2051,0.4691,0.2633,0.2666,0.417,0.2778,0.1983,0.1668,0.2372,0.1398,0.2615,0.2572,0.1138,0.0224,0.0992,0.089,0.0268,3293.1502,3336.6667,3298.3883,3119.8901,-0.8862,-0.002,-0.4478,-1.0916,0.0598,0.4486,1,1,1,1,1,41.1,67.9,
2026-07-29 18:20:31.064,0.0916,0.1849,0.223,0.2021,0.481,0.2751,0.2777,0.4142,0.2624,0.1859,0.1729,0.2399,0.1429,0.2636,0.2459,0.1166,0.0222,0.0904,0.0804,0.0272,3368.4982,3321.7582,3277.4359,3297.9853,-0.885,0.0018,-0.4473,-0.9196,0.2841,0.2393,1,1,1,1,1,41.1,67.4,
2026-07-29 18:20:31.724,0.1115,0.1886,0.201,0.2106,0.4107,0.2691,0.2769,0.387,0.2808,0.1621,0.1731,0.2381,0.1709,0.284,0.2674,0.1326,0.0261,0.0961,0.0817,0.0316,3391.4652,3287.9121,3273.8095,3384.2125,-0.8858,-0.001,-0.4457,-1.0243,-0.2617,0.3215,1,1,1,1,1,41.1,59.1,
2026-07-29 18:20:33.785,0.099,0.1576,0.1936,0.2018,0.3489,0.2614,0.2747,0.3743,0.3409,0.1679,0.1751,0.2625,0.183,0.3003,0.2702,0.129,0.0281,0.1129,0.0864,0.0324,3352.381,3319.3407,3312.4908,3490.5861,-0.8801,-0.0054,-0.4534,-1.1739,0.2766,0.4411,1,1,1,1,1,41.1,54.7,
2026-07-29 18:20:35.541,0.0845,0.1583,0.2123,0.186,0.3677,0.2863,0.278,0.3841,0.3614,0.1698,0.1515,0.269,0.1624,0.2788,0.2777,0.1326,0.024,0.1068,0.0804,0.0283,3243.1868,3293.1502,3328.6081,3422.4908,-0.8696,0.0059,-0.4415,-0.9645,-0.0299,0.3589,1,1,1,1,1,41.1,54.0,
2026-07-29 18:20:36.768,0.0678,0.1443,0.2441,0.1418,0.3793,0.2917,0.279,0.4113,0.3857,0.177,0.1369,0.2837,0.1476,0.2928,0.2725,0.1417,0.0196,0.0942,0.0676,0.0215,3273.0037,3281.0623,3331.4286,3185.9707,-0.8849,-0.0031,-0.441,-1.0692,0.015,0.1196,1,1,1,1,1,41.1,54.5,
2026-07-29 18:20:38.111,0.0667,0.163,0.2323,0.0622,0.3819,0.2718,0.2688,0.3962,0.3718,0.1773,0.1424,0.3368,0.1578,0.277,0.2743,0.1787,0.0217,0.1109,0.0822,0.0261,3323.37,3345.1282,3342.7106,3134.7985,-0.8831,0.0046,-0.4371,-0.7402,-0.0972,0.2243,1,1,1,1,1,41.1,55.7,
2026-07-29 18:20:38.930,0.0648,0.1682,0.2362,0.0635,0.4089,0.2539,0.2782,0.4228,0.3612,0.1803,0.1353,0.3311,0.1448,0.2827,0.2672,0.1598,0.0202,0.115,0.0831,0.0227,3282.674,3331.8315,3306.8498,3136.8132,-0.8823,0.0031,-0.4307,-0.9795,0.0972,0.2318,1,1,1,1,1,41.1,57.3,
2026-07-29 18:20:40.765,0.0704,0.1837,0.2522,0.0742,0.4088,0.2439,0.2736,0.4099,0.3411,0.1637,0.1288,0.3257,0.1562,0.2937,0.2612,0.1684,0.0235,0.1149,0.0841,0.0218,3271.3919,3378.5714,3357.619,3312.0879,-0.8853,-0.0125,-0.4494,-0.8823,1.0916,0.0972,1,1,1,1,1,41.1,58.7,
2026-07-29 18:20:42.221,0.1591,0.2327,0.2704,0.1064,0.363,0.2468,0.2903,0.358,0.2823,0.1365,0.1353,0.3416,0.1672,0.2803,0.2244,0.1703,0.0285,0.1037,0.0797,0.0237,3283.8828,3312.8938,3319.3407,3236.337,-0.861,-0.0036,-0.4431,-1.0841,0.157,0.2916,1,1,1,1,1,41.1,60.2,
2026-07-29 18:20:43.622,0.1619,0.2368,0.2416,0.1056,0.3633,0.2434,0.2937,0.3618,0.2713,0.1364,0.1407,0.3442,0.1715,0.276,0.236,0.1621,0.0321,0.1074,0.0881,0.0263,3254.0659,3316.1172,3312.8938,3095.7143,-0.8721,-0.0015,-0.4523,-0.957,-0.1122,0.2393,1,1,1,1,1,41.1,64.9,
2026-07-29 18:20:45.061,0.1578,0.2348,0.2259,0.1068,0.342,0.2411,0.2815,0.3335,0.2858,0.1508,0.1424,0.367,0.1787,0.2674,0.2521,0.1675,0.0357,0.1059,0.0982,0.0253,3296.3736,3306.8498,3310.8791,3135.6044,-0.8886,0.0002,-0.4508,-0.972,0.1944,0.0075,1,1,1,1,1,41.1,66.2,
2026-07-29 18:20:45.858,0.1687,0.2423,0.2191,0.1206,0.3358,0.2421,0.2799,0.3265,0.2819,0.1467,0.1513,0.3533,0.1754,0.2741,0.2532,0.1733,0.0384,0.0948,0.0964,0.0263,3279.8535,3303.6264,3282.674,3086.044,-0.8817,0.0043,-0.4478,-1.0991,0.1645,1.0468,1,1,1,1,1,41.1,53.1,
2026-07-29 18:20:47.969,0.1877,0.221,0.2047,0.1269,0.2954,0.2349,0.2785,0.2734,0.283,0.1704,0.1597,0.3577,0.1913,0.276,0.2639,0.209,0.0426,0.0976,0.0931,0.033,3327.3993,3322.967,3295.5678,3146.8864,-0.8871,0.0021,-0.4534,-1.0243,-0.0598,0.2542,1,1,1,1,1,41.1,52.5,
2026-07-29 18:20:49.304,0.1738,0.2093,0.2023,0.1159,0.3095,0.2244,0.259,0.3086,0.2935,0.1797,0.1671,0.3523,0.1835,0.2837,0.275,0.1881,0.0396,0.1028,0.0967,0.0351,3348.3516,3310.8791,3314.1026,3296.3736,-0.8872,0.0002,-0.4459,-1.0617,-0.2916,0.2168,1,1,1,1,1,41.1,52.9,
2026-07-29 18:20:50.837,0.0965,0.1625,0.1641,0.0753,0.3577,0.2122,0.2684,0.3482,0.3153,0.1936,0.1698,0.3624,0.19,0.3159,0.2955,0.18,0.0405,0.1158,0.1022,0.0341,3247.2161,3318.5348,3305.641,3327.8022,-0.8752,0.0035,-0.445,-0.9645,-0.2019,0.1869,1,1,1,1,1,41.1,53.9,
2026-07-29 18:20:52.307,0.0732,0.1698,0.1566,0.0608,0.3846,0.2372,0.2825,0.3939,0.3099,0.1791,0.1813,0.3481,0.1995,0.3024,0.2878,0.1677,0.0328,0.1115,0.0918,0.0295,3295.1648,3315.7143,3302.4176,3227.0696,-0.8771,-0.0027,-0.4475,-0.8224,-0.4636,-0.0523,1,1,1,1,1,41.1,55.2,
2026-07-29 18:20:53.203,0.0672,0.1765,0.1764,0.056,0.3828,0.2145,0.2878,0.388,0.3261,0.1879,0.1859,0.3683,0.1953,0.3011,0.2681,0.16,0.0285,0.12,0.0818,0.0277,3363.2601,3316.1172,3332.6374,3410.0,-0.8756,-0.0032,-0.4426,-0.9047,0.5383,0.0075,1,1,1,1,1,41.1,57.0,
2026-07-29 18:20:55.265,0.0654,0.1949,0.1833,0.0555,0.3905,0.2124,0.2873,0.4174,0.3184,0.1896,0.1849,0.3523,0.1968,0.2871,0.2628,0.1486,0.0289,0.116,0.0817,0.0261,3261.7216,3320.1465,3337.8755,3277.4359,-0.875,-0.0057,-0.4543,-1.0542,0.1794,0.1944,1,1,1,1,1,41.1,59.0,
2026-07-29 18:20:56.661,0.0637,0.1963,0.2189,0.0538,0.3986,0.2276,0.2693,0.3968,0.3146,0.1832,0.1727,0.3738,0.1891,0.2847,0.2571,0.1498,0.034,0.1081,0.0819,0.0257,3153.3333,3308.0586,3266.9597,3341.9048,-0.8777,-0.0128,-0.4537,-0.9346,0.0075,0.0822,1,1,1,1,1,41.1,60.1,
2026-07-29 18:20:57.919,0.1135,0.2061,0.2233,0.0769,0.3844,0.2358,0.2628,0.377,0.2815,0.1838,0.1782,0.346,0.1822,0.2656,0.2491,0.1694,0.0383,0.1086,0.0866,0.0307,3277.8388,3317.7289,3339.8901,3463.9927,-0.8672,-0.006,-0.4452,-0.9869,0.0075,0.2393,1,1,1,1,1,41.1,63.1,
2026-07-29 18:20:59.034,0.1437,0.2096,0.2409,0.0897,0.3387,0.244,0.2627,0.351,0.2967,0.1658,0.1679,0.3498,0.1832,0.2748,0.2391,0.1786,0.0376,0.1057,0.0894,0.0309,3296.7766,3277.8388,3331.0256,3368.9011,-0.8713,-0.0076,-0.4517,-0.9944,-0.2766,0.1794,1,1,1,1,1,41.0,65.7,
2026-07-29 18:20:59.714,0.1459,0.1913,0.2364,0.0886,0.3434,0.2326,0.2486,0.3374,0.2975,0.1712,0.1743,0.3658,0.1726,0.2932,0.2469,0.1755,0.0407,0.1117,0.0939,0.0328,3312.0879,3295.5678,3323.7729,3445.4579,-0.8691,-0.0131,-0.4487,-1.2038,0.1794,0.5234,1,1,1,1,1,41.0,66.7,
2026-07-29 18:21:01.763,0.1493,0.1871,0.2257,0.0882,0.3705,0.2438,0.2538,0.3867,0.2805,0.1686,0.1585,0.3322,0.1612,0.2979,0.2634,0.1608,0.0385,0.1027,0.0985,0.0321,3224.2491,3310.8791,3300.4029,3244.7985,-0.886,-0.0057,-0.4511,-1.0542,-0.1495,0.2019,1,1,1,1,1,41.0,67.0,
2026-07-29 18:21:03.307,0.1444,0.1753,0.2239,0.0935,0.3691,0.2625,0.238,0.3788,0.287,0.1565,0.1393,0.3264,0.162,0.2993,0.2867,0.1711,0.0375,0.1065,0.112,0.0301,3342.3077,3336.6667,3281.8681,3268.9744,-0.8785,-0.0085,-0.4448,-0.8823,-0.0299,0.5383,1,1,1,1,1,41.0,51.2,
2026-07-29 18:21:04.699,0.1413,0.1574,0.1809,0.0966,0.3461,0.2791,0.2475,0.3971,0.3216,0.1685,0.1464,0.3035,0.1603,0.301,0.3092,0.1743,0.0307,0.094,0.1161,0.0285,3314.9084,3273.8095,3308.8645,3415.641,-0.8713,-0.0122,-0.456,-0.8673,-0.1944,0.1421,1,1,1,1,1,41.0,51.1,
2026-07-29 18:21:05.761,0.2691,0.1669,0.2123,0.1259,0.2885,0.3006,0.2831,0.3729,0.2837,0.1504,0.1389,0.3073,0.1363,0.2936,0.2716,0.1683,0.0223,0.0884,0.0941,0.0256,3276.2271,3320.5495,3277.8388,3199.6703,-0.8775,-0.0108,-0.4496,-0.6953,-0.486,0.0374,1,1,1,1,1,41.0,51.8,
2026-07-29 18:21:06.471,0.2749,0.1512,0.1912,0.1318,0.289,0.3104,0.2722,0.3554,0.2807,0.1691,0.1492,0.3089,0.1309,0.2813,0.2913,0.1769,0.0244,0.088,0.0961,0.027,3303.2234,3315.3114,3308.0586,3448.6813,-0.8757,-0.0131,-0.4441,-0.9346,-0.2019,0.5981,1,1,1,1,1,41.0,53.4,
2026-07-29 18:21:08.200,0.3162,0.1532,0.2042,0.1644,0.2761,0.3243,0.2575,0.3507,0.2527,0.1657,0.1452,0.2874,0.1328,0.2698,0.2939,0.1708,0.0222,0.087,0.0992,0.0266,3293.5531,3333.4432,3277.8388,3122.7106,-0.8763,-0.011,-0.4502,-0.8,-0.0673,0.1794,1,1,1,1,1,41.0,55.2,
2026-07-29 18:21:09.449,0.3178,0.1577,0.2118,0.1746,0.2775,0.3286,0.247,0.328,0.2379,0.1646,0.1648,0.2961,0.145,0.2653,0.2855,0.1772,0.0217,0.0838,0.0909,0.0242,3267.7656,3283.8828,3316.5201,3256.8864,-0.8774,-0.0107,-0.4506,-1.0094,0.1196,0.329,1,1,1,1,1,41.0,57.4,
2026-07-29 18:21:10.820,0.3113,0.1622,0.2234,0.1557,0.2807,0.3171,0.2428,0.3324,0.2463,0.1622,0.1711,0.3279,0.1413,0.2774,0.2808,0.1609,0.0203,0.0811,0.0819,0.0232,3266.5568,3300.8059,3325.7875,3124.3223,-0.8667,-0.0106,-0.449,-0.6505,0.9196,-0.2243,1,1,1,1,1,41.0,60.0,
2026-07-29 18:21:12.395,0.3318,0.1906,0.2392,0.1518,0.2915,0.3048,0.2586,0.3455,0.2162,0.1489,0.1683,0.3181,0.1379,0.2748,0.2604,0.1607,0.0227,0.0809,0.0735,0.0239,3239.5604,3267.3626,3344.3223,3216.9963,-0.8793,-0.0089,-0.4498,-0.9421,-0.314,0.2692,1,1,1,1,1,41.0,64.0,
2026-07-29 18:21:13.318,0.2261,0.1873,0.2251,0.1131,0.3486,0.2919,0.2315,0.3972,0.2419,0.1781,0.1713,0.3169,0.1549,0.261,0.294,0.1502,0.0286,0.0817,0.0781,0.0226,3320.1465,3302.0147,3320.9524,3502.2711,-0.8632,-0.0152,-0.4501,-1.114,0.0075,0.2916,1,1,1,1,1,41.0,64.6,
2026-07-29 18:21:15.624,0.1521,0.2096,0.2116,0.1086,0.397,0.2674,0.1957,0.425,0.2683,0.1817,0.1831,0.3032,0.1536,0.2592,0.3236,0.1412,0.029,0.0822,0.086,0.022,3312.0879,3317.7289,3320.1465,3461.1722,-0.8766,-0.0079,-0.4637,-0.8,-0.0224,-0.0449,1,1,1,1,1,41.0,52.4,
2026-07-29 18:21:17.300,0.0997,0.1878,0.1756,0.072,0.4086,0.2394,0.1936,0.4461,0.3061,0.1896,0.1645,0.3042,0.1547,0.2978,0.3619,0.152,0.0309,0.0855,0.1043,0.0256,3198.8645,3302.0147,3326.5934,3085.2381,-0.8741,-0.0109,-0.4534,-1.0019,-0.2318,0.2692,1,1,1,1,1,41.0,53.5,
2026-07-29 18:21:18.800,0.097,0.1818,0.1487,0.0711,0.4491,0.2629,0.2092,0.4433,0.2888,0.1964,0.185,0.3177,0.1401,0.2824,0.3583,0.1444,0.025,0.0765,0.0988,0.0236,3395.8974,3306.044,3279.8535,3359.6337,-0.8813,-0.0161,-0.451,-1.3683,-0.2243,0.5383,1,1,1,1,1,41.0,54.1,
2026-07-29 18:21:19.918,0.0888,0.1698,0.149,0.1374,0.4536,0.2762,0.2192,0.4085,0.2925,0.1935,0.188,0.2971,0.1436,0.2826,0.3493,0.1364,0.0216,0.0779,0.0944,0.0205,3360.4396,3324.9817,3327.3993,3237.5458,-0.8813,-0.0056,-0.4334,-0.9795,0.5533,0.3065,1,1,1,1,1,41.0,55.4,
2026-07-29 18:21:20.559,0.0902,0.18,0.1389,0.1481,0.4668,0.2725,0.2243,0.3957,0.2787,0.179,0.1977,0.3067,0.1445,0.2908,0.3472,0.1315,0.0198,0.0777,0.0918,0.0179,3291.9414,3307.6557,3275.0183,3131.978,-0.8824,-0.0031,-0.4412,-0.9122,-0.0673,0.1122,1,1,1,1,1,41.0,58.4,
2026-07-29 18:21:22.156,0.0936,0.169,0.1325,0.1499,0.4628,0.2991,0.2475,0.3931,0.2728,0.1634,0.1868,0.3062,0.15,0.2928,0.3343,0.1319,0.0208,0.0757,0.0989,0.0189,3219.8168,3295.9707,3308.8645,3254.8718,-0.885,-0.0132,-0.4459,-1.2187,1.8094,-0.015,1,1,1,1,1,41.0,60.8,
2026-07-29 18:21:23.246,0.0946,0.1469,0.1342,0.1487,0.4615,0.2971,0.2661,0.4021,0.2736,0.1752,0.1862,0.2984,0.1495,0.3059,0.3215,0.1328,0.0208,0.0749,0.092,0.018,3488.9744,3316.9231,3298.7912,3217.8022,-0.8703,-0.0076,-0.4683,1.5851,0.9421,-2.3701,1,1,1,1,1,41.0,64.5,
2026-07-29 18:21:24.504,0.3621,0.1495,0.146,0.1701,0.3455,0.2913,0.2729,0.3981,0.1735,0.1911,0.1822,0.2809,0.099,0.29,0.3114,0.1305,0.0199,0.078,0.0876,0.0203,3223.4432,3372.1245,3329.011,3242.381,-0.8656,-0.0325,-0.4728,-0.9795,0.015,-0.5009,1,1,1,1,1,41.0,66.2,
2026-07-29 18:21:25.127,0.4014,0.1513,0.169,0.1831,0.3311,0.2926,0.2664,0.3865,0.155,0.1869,0.1765,0.2794,0.0905,0.2879,0.3004,0.1267,0.022,0.0813,0.0878,0.0243,3244.7985,3277.033,3313.2967,3111.8315,-0.8702,-0.0223,-0.4711,-0.7776,-0.0822,0.0374,1,1,1,1,1,41.0,66.9,
2026-07-29 18:21:26.403,0.4658,0.1553,0.1836,0.2133,0.28,0.2635,0.2623,0.3668,0.1293,0.1702,0.1478,0.2486,0.0967,0.3144,0.3092,0.1399,0.0282,0.0966,0.0971,0.0314,3317.326,3316.1172,3283.8828,3085.2381,-0.864,-0.0217,-0.4762,-0.957,0.0598,-0.0897,1,1,1,1,1,41.0,52.2,
2026-07-29 18:21:28.560,0.4913,0.154,0.1578,0.1573,0.2538,0.2511,0.2708,0.3719,0.1283,0.1831,0.1566,0.2757,0.0949,0.3103,0.3124,0.1508,0.0316,0.1015,0.1024,0.0442,3317.326,3325.7875,3295.5678,3419.2674,-0.8667,-0.0255,-0.4792,-1.0393,0.0748,0.2318,1,1,1,1,1,41.0,51.6,
2026-07-29 18:21:30.023,0.509,0.2074,0.207,0.1473,0.236,0.2471,0.2972,0.3846,0.1189,0.1711,0.1619,0.2476,0.1013,0.2771,0.2583,0.1738,0.0348,0.0972,0.0756,0.0467,3404.7619,3329.8168,3331.0256,3350.3663,-0.871,-0.0239,-0.4625,-0.9346,-0.5907,0.1944,1,1,1,1,1,41.0,52.6,
2026-07-29 18:21:30.752,0.5824,0.2212,0.1952,0.169,0.3057,0.2194,0.2908,0.3542,0.0514,0.1534,0.1677,0.2286,0.0421,0.2954,0.2571,0.1885,0.0183,0.1105,0.0892,0.0596,3247.619,3372.9304,3356.4103,3194.4322,-0.8693,-0.0224,-0.4565,-1.1066,-0.3215,0.314,1,1,1,1,1,41.0,53.3,
2026-07-29 18:21:31.568,0.5418,0.2241,0.1967,0.2812,0.3318,0.2233,0.28,0.3142,0.0609,0.1371,0.1651,0.1888,0.0466,0.3042,0.2563,0.1646,0.0188,0.1113,0.1019,0.0513,3363.663,3315.3114,3280.6593,3164.2125,-0.8728,-0.0132,-0.4583,-1.2337,-0.0224,0.5757,1,1,1,1,1,41.0,54.4,
2026-07-29 18:21:33.009,0.5312,0.2235,0.1889,0.274,0.3357,0.2205,0.2819,0.326,0.0657,0.133,0.1686,0.1901,0.05,0.3123,0.2572,0.1638,0.0174,0.1106,0.1033,0.0461,3264.1392,3289.1209,3295.1648,3310.0733,-0.8771,-0.0114,-0.4611,-1.0617,0.1196,0.2094,1,1,1,1,1,41.0,55.8,
2026-07-29 18:21:35.173,0.5275,0.2173,0.2037,0.2762,0.3396,0.2209,0.2827,0.3407,0.0684,0.142,0.1715,0.1828,0.0479,0.3057,0.2444,0.1596,0.0166,0.1141,0.0976,0.0407,3242.381,3301.6117,3287.5092,3321.7582,-0.8777,-0.0109,-0.4662,-1.0617,0.1122,0.0822,1,1,1,1,1,41.0,56.7,
2026-07-29 18:21:35.919,0.5275,0.2173,0.2037,0.2762,0.3396,0.2209,0.2827,0.3407,0.0684,0.142,0.1715,0.1828,0.0479,0.3057,0.2444,0.1596,0.0166,0.1141,0.0976,0.0407,3242.381,3301.6117,3287.5092,3321.7582,-0.8777,-0.0109,-0.4662,-1.0617,0.1122,0.0822,1,1,1,1,1,41.0,56.7,
2026-07-29 18:21:36.645,0.5275,0.2173,0.2037,0.2762,0.3396,0.2209,0.2827,0.3407,0.0684,0.142,0.1715,0.1828,0.0479,0.3057,0.2444,0.1596,0.0166,0.1141,0.0976,0.0407,3242.381,3301.6117,3287.5092,3321.7582,-0.8777,-0.0109,-0.4662,-1.0617,0.1122,0.0822,1,1,1,1,1,41.0,56.7,
2026-07-29 18:21:45.132,0.5244,0.2119,0.2197,0.2813,0.3424,0.2385,0.2788,0.3425,0.0698,0.1414,0.1654,0.1789,0.0472,0.2949,0.2411,0.158,0.0161,0.1133,0.0951,0.0393,3314.9084,3328.2051,3288.315,3162.1978,-0.8794,-0.0085,-0.4511,-1.0468,0.2094,0.5832,1,1,1,1,1,0.0,58.4,
2026-07-29 18:21:45.913,0.5201,0.2154,0.2294,0.2705,0.3464,0.2597,0.2836,0.3616,0.0729,0.1413,0.1583,0.1856,0.045,0.2745,0.2238,0.1448,0.0155,0.1091,0.1049,0.0376,3462.7839,3369.304,3300.4029,3326.5934,-0.8514,-0.0051,-0.4576,-0.972,0.0075,0.1421,1,1,1,1,1,40.9,69.8,
2026-07-29 18:21:48.300,0.5271,0.1518,0.2037,0.2866,0.3475,0.234,0.2307,0.3468,0.0705,0.163,0.1525,0.1879,0.0401,0.3284,0.2607,0.1401,0.0148,0.1228,0.1524,0.0386,3281.8681,3312.8938,3287.9121,3219.8168,-0.8622,-0.0146,-0.4636,-0.8748,0.1421,0.0822,1,1,1,1,1,40.9,68.8,
2026-07-29 18:21:49.858,0.1934,0.1658,0.2239,0.2496,0.3619,0.2486,0.253,0.3722,0.256,0.1659,0.1414,0.2187,0.1548,0.3046,0.2532,0.1327,0.0339,0.1151,0.1285,0.0267,3326.1905,3328.6081,3322.1612,3475.6777,-0.864,-0.0004,-0.4698,-0.972,-0.0224,0.471,1,1,1,1,1,40.9,56.5,
2026-07-29 18:21:52.214,0.1844,0.1912,0.2007,0.1192,0.3689,0.2427,0.2634,0.4082,0.2585,0.1608,0.1485,0.2784,0.1482,0.2965,0.2696,0.1599,0.0401,0.1088,0.1177,0.0343,3264.1392,3283.0769,3314.9084,3123.5165,-0.8666,-0.0062,-0.4628,-0.9869,0.0822,0.2094,1,1,1,1,1,40.9,53.7,
2026-07-29 18:21:53.755,0.1492,0.1867,0.1691,0.0859,0.3795,0.3379,0.2751,0.408,0.2575,0.1511,0.1864,0.295,0.1695,0.2494,0.2691,0.1781,0.0443,0.0748,0.1004,0.033,3326.1905,3307.6557,3294.359,3419.6703,-0.8639,-0.0074,-0.4628,-1.0468,0.0673,0.4411,1,1,1,1,1,40.9,52.1,
2026-07-29 18:21:54.446,0.1526,0.1966,0.1716,0.0851,0.3678,0.3284,0.2753,0.3945,0.2499,0.1378,0.1828,0.3021,0.179,0.2622,0.2769,0.1816,0.0506,0.0749,0.0935,0.0367,3275.4212,3321.7582,3308.4615,3413.2234,-0.8727,-0.0027,-0.4609,-1.0916,-0.3439,0.4337,1,1,1,1,1,40.9,52.8,
2026-07-29 18:21:55.735,0.088,0.1981,0.1572,0.0934,0.3847,0.3366,0.2742,0.419,0.3011,0.1377,0.1875,0.3003,0.1772,0.2545,0.2966,0.1554,0.0491,0.0731,0.0844,0.0318,3338.2784,3300.8059,3300.8059,3289.9267,-0.8691,-0.0076,-0.4572,-0.8823,-0.015,0.2841,1,1,1,1,1,40.9,54.2,
2026-07-29 18:21:56.756,0.0886,0.1974,0.1566,0.0937,0.3855,0.3366,0.2731,0.4204,0.3004,0.1379,0.1891,0.2996,0.1767,0.2551,0.2968,0.1546,0.0488,0.073,0.0845,0.0317,3363.2601,3314.1026,3340.696,3560.696,-0.8691,-0.0076,-0.4572,-0.8823,-0.015,0.2841,1,1,1,1,1,40.9,54.2,
2026-07-29 18:21:59.003,0.0886,0.1974,0.1566,0.0937,0.3855,0.3366,0.2731,0.4204,0.3004,0.1379,0.1891,0.2996,0.1767,0.2551,0.2968,0.1546,0.0488,0.073,0.0845,0.0317,3363.2601,3314.1026,3340.696,3560.696,-0.8691,-0.0076,-0.4572,-0.8823,-0.015,0.2841,1,1,1,1,1,40.9,54.2,
2026-07-29 18:22:15.194,0.0886,0.1974,0.1566,0.0937,0.3855,0.3366,0.2731,0.4204,0.3004,0.1379,0.1891,0.2996,0.1767,0.2551,0.2968,0.1546,0.0488,0.073,0.0845,0.0317,3363.2601,3314.1026,3340.696,3560.696,-0.8691,-0.0076,-0.4572,-0.8823,-0.015,0.2841,1,1,1,1,1,40.9,54.2,
2026-07-29 18:22:31.347,0.0886,0.1974,0.1566,0.0937,0.3855,0.3366,0.2731,0.4204,0.3004,0.1379,0.1891,0.2996,0.1767,0.2551,0.2968,0.1546,0.0488,0.073,0.0845,0.0317,3363.2601,3314.1026,3340.696,3560.696,-0.8691,-0.0076,-0.4572,-0.8823,-0.015,0.2841,1,1,1,1,1,40.9,54.2,
2026-07-29 18:22:47.475,0.0886,0.1974,0.1566,0.0937,0.3855,0.3366,0.2731,0.4204,0.3004,0.1379,0.1891,0.2996,0.1767,0.2551,0.2968,0.1546,0.0488,0.073,0.0845,0.0317,3363.2601,3314.1026,3340.696,3560.696,-0.8691,-0.0076,-0.4572,-0.8823,-0.015,0.2841,1,1,1,1,1,40.9,54.2,
2026-07-29 18:22:48.519,0.0886,0.1974,0.1566,0.0937,0.3855,0.3366,0.2731,0.4204,0.3004,0.1379,0.1891,0.2996,0.1767,0.2551,0.2968,0.1546,0.0488,0.073,0.0845,0.0317,3363.2601,3314.1026,3340.696,3560.696,-0.8691,-0.0076,-0.4572,-0.8823,-0.015,0.2841,1,1,1,1,1,40.9,54.2,
2026-07-29 18:22:49.520,0.0886,0.1974,0.1566,0.0937,0.3855,0.3366,0.2731,0.4204,0.3004,0.1379,0.1891,0.2996,0.1767,0.2551,0.2968,0.1546,0.0488,0.073,0.0845,0.0317,3363.2601,3314.1026,3340.696,3560.696,-0.8691,-0.0076,-0.4572,-0.8823,-0.015,0.2841,1,1,1,1,1,40.9,54.2,
2026-07-29 18:22:50.567,0.0886,0.1974,0.1566,0.0937,0.3855,0.3366,0.2731,0.4204,0.3004,0.1379,0.1891,0.2996,0.1767,0.2551,0.2968,0.1546,0.0488,0.073,0.0845,0.0317,3363.2601,3314.1026,3340.696,3560.696,-0.8691,-0.0076,-0.4572,-0.8823,-0.015,0.2841,1,1,1,1,1,40.9,54.2,
2026-07-29 18:22:51.614,0.0886,0.1974,0.1566,0.0937,0.3855,0.3366,0.2731,0.4204,0.3004,0.1379,0.1891,0.2996,0.1767,0.2551,0.2968,0.1546,0.0488,0.073,0.0845,0.0317,3363.2601,3314.1026,3340.696,3560.696,-0.8691,-0.0076,-0.4572,-0.8823,-0.015,0.2841,1,1,1,1,1,40.9,54.2,
2026-07-29 18:22:52.672,0.0886,0.1974,0.1566,0.0937,0.3855,0.3366,0.2731,0.4204,0.3004,0.1379,0.1891,0.2996,0.1767,0.2551,0.2968,0.1546,0.0488,0.073,0.0845,0.0317,3363.2601,3314.1026,3340.696,3560.696,-0.8691,-0.0076,-0.4572,-0.8823,-0.015,0.2841,1,1,1,1,1,40.9,54.2,
2026-07-29 18:22:53.674,0.0886,0.1974,0.1566,0.0937,0.3855,0.3366,0.2731,0.4204,0.3004,0.1379,0.1891,0.2996,0.1767,0.2551,0.2968,0.1546,0.0488,0.073,0.0845,0.0317,3363.2601,3314.1026,3340.696,3560.696,-0.8691,-0.0076,-0.4572,-0.8823,-0.015,0.2841,1,1,1,1,1,40.9,54.2,
2026-07-29 18:22:54.677,0.0886,0.1974,0.1566,0.0937,0.3855,0.3366,0.2731,0.4204,0.3004,0.1379,0.1891,0.2996,0.1767,0.2551,0.2968,0.1546,0.0488,0.073,0.0845,0.0317,3363.2601,3314.1026,3340.696,3560.696,-0.8691,-0.0076,-0.4572,-0.8823,-0.015,0.2841,1,1,1,1,1,40.9,54.2,
2026-07-29 18:22:55.738,0.0886,0.1974,0.1566,0.0937,0.3855,0.3366,0.2731,0.4204,0.3004,0.1379,0.1891,0.2996,0.1767,0.2551,0.2968,0.1546,0.0488,0.073,0.0845,0.0317,3363.2601,3314.1026,3340.696,3560.696,-0.8691,-0.0076,-0.4572,-0.8823,-0.015,0.2841,1,1,1,1,1,40.9,54.2,
2026-07-29 18:22:56.738,0.0886,0.1974,0.1566,0.0937,0.3855,0.3366,0.2731,0.4204,0.3004,0.1379,0.1891,0.2996,0.1767,0.2551,0.2968,0.1546,0.0488,0.073,0.0845,0.0317,3363.2601,3314.1026,3340.696,3560.696,-0.8691,-0.0076,-0.4572,-0.8823,-0.015,0.2841,1,1,1,1,1,40.9,54.2,
2026-07-29 18:22:57.746,0.0886,0.1974,0.1566,0.0937,0.3855,0.3366,0.2731,0.4204,0.3004,0.1379,0.1891,0.2996,0.1767,0.2551,0.2968,0.1546,0.0488,0.073,0.0845,0.0317,3363.2601,3314.1026,3340.696,3560.696,-0.8691,-0.0076,-0.4572,-0.8823,-0.015,0.2841,1,1,1,1,1,40.9,54.2,
2026-07-29 18:22:58.796,0.0886,0.1974,0.1566,0.0937,0.3855,0.3366,0.2731,0.4204,0.3004,0.1379,0.1891,0.2996,0.1767,0.2551,0.2968,0.1546,0.0488,0.073,0.0845,0.0317,3363.2601,3314.1026,3340.696,3560.696,-0.8691,-0.0076,-0.4572,-0.8823,-0.015,0.2841,1,1,1,1,1,40.9,54.2,
2026-07-29 18:22:59.799,0.0886,0.1974,0.1566,0.0937,0.3855,0.3366,0.2731,0.4204,0.3004,0.1379,0.1891,0.2996,0.1767,0.2551,0.2968,0.1546,0.0488,0.073,0.0845,0.0317,3363.2601,3314.1026,3340.696,3560.696,-0.8691,-0.0076,-0.4572,-0.8823,-0.015,0.2841,1,1,1,1,1,40.9,54.2,
2026-07-29 18:23:00.845,0.0886,0.1974,0.1566,0.0937,0.3855,0.3366,0.2731,0.4204,0.3004,0.1379,0.1891,0.2996,0.1767,0.2551,0.2968,0.1546,0.0488,0.073,0.0845,0.0317,3363.2601,3314.1026,3340.696,3560.696,-0.8691,-0.0076,-0.4572,-0.8823,-0.015,0.2841,1,1,1,1,1,40.9,54.2,
2026-07-29 18:23:01.844,0.0886,0.1974,0.1566,0.0937,0.3855,0.3366,0.2731,0.4204,0.3004,0.1379,0.1891,0.2996,0.1767,0.2551,0.2968,0.1546,0.0488,0.073,0.0845,0.0317,3363.2601,3314.1026,3340.696,3560.696,-0.8691,-0.0076,-0.4572,-0.8823,-0.015,0.2841,1,1,1,1,1,40.9,54.2,
2026-07-29 18:23:02.896,0.0886,0.1974,0.1566,0.0937,0.3855,0.3366,0.2731,0.4204,0.3004,0.1379,0.1891,0.2996,0.1767,0.2551,0.2968,0.1546,0.0488,0.073,0.0845,0.0317,3363.2601,3314.1026,3340.696,3560.696,-0.8691,-0.0076,-0.4572,-0.8823,-0.015,0.2841,1,1,1,1,1,40.9,54.2,
2026-07-29 18:23:03.898,0.0886,0.1974,0.1566,0.0937,0.3855,0.3366,0.2731,0.4204,0.3004,0.1379,0.1891,0.2996,0.1767,0.2551,0.2968,0.1546,0.0488,0.073,0.0845,0.0317,3363.2601,3314.1026,3340.696,3560.696,-0.8691,-0.0076,-0.4572,-0.8823,-0.015,0.2841,1,1,1,1,1,40.9,54.2,
2026-07-29 18:23:04.951,0.0886,0.1974,0.1566,0.0937,0.3855,0.3366,0.2731,0.4204,0.3004,0.1379,0.1891,0.2996,0.1767,0.2551,0.2968,0.1546,0.0488,0.073,0.0845,0.0317,3363.2601,3314.1026,3340.696,3560.696,-0.8691,-0.0076,-0.4572,-0.8823,-0.015,0.2841,1,1,1,1,1,40.9,54.2,
2026-07-29 18:23:05.957,0.0886,0.1974,0.1566,0.0937,0.3855,0.3366,0.2731,0.4204,0.3004,0.1379,0.1891,0.2996,0.1767,0.2551,0.2968,0.1546,0.0488,0.073,0.0845,0.0317,3363.2601,3314.1026,3340.696,3560.696,-0.8691,-0.0076,-0.4572,-0.8823,-0.015,0.2841,1,1,1,1,1,40.9,54.2,
2026-07-29 18:23:06.958,0.0886,0.1974,0.1566,0.0937,0.3855,0.3366,0.2731,0.4204,0.3004,0.1379,0.1891,0.2996,0.1767,0.2551,0.2968,0.1546,0.0488,0.073,0.0845,0.0317,3363.2601,3314.1026,3340.696,3560.696,-0.8691,-0.0076,-0.4572,-0.8823,-0.015,0.2841,1,1,1,1,1,40.9,54.2,
2026-07-29 18:23:07.957,0.0886,0.1974,0.1566,0.0937,0.3855,0.3366,0.2731,0.4204,0.3004,0.1379,0.1891,0.2996,0.1767,0.2551,0.2968,0.1546,0.0488,0.073,0.0845,0.0317,3363.2601,3314.1026,3340.696,3560.696,-0.8691,-0.0076,-0.4572,-0.8823,-0.015,0.2841,1,1,1,1,1,40.9,54.2,
2026-07-29 18:23:09.002,0.0886,0.1974,0.1566,0.0937,0.3855,0.3366,0.2731,0.4204,0.3004,0.1379,0.1891,0.2996,0.1767,0.2551,0.2968,0.1546,0.0488,0.073,0.0845,0.0317,3363.2601,3314.1026,3340.696,3560.696,-0.8691,-0.0076,-0.4572,-0.8823,-0.015,0.2841,1,1,1,1,1,40.9,54.2,
2026-07-29 18:23:10.053,0.0886,0.1974,0.1566,0.0937,0.3855,0.3366,0.2731,0.4204,0.3004,0.1379,0.1891,0.2996,0.1767,0.2551,0.2968,0.1546,0.0488,0.073,0.0845,0.0317,3363.2601,3314.1026,3340.696,3560.696,-0.8691,-0.0076,-0.4572,-0.8823,-0.015,0.2841,1,1,1,1,1,40.9,54.2,
2026-07-29 18:23:11.106,0.0886,0.1974,0.1566,0.0937,0.3855,0.3366,0.2731,0.4204,0.3004,0.1379,0.1891,0.2996,0.1767,0.2551,0.2968,0.1546,0.0488,0.073,0.0845,0.0317,3363.2601,3314.1026,3340.696,3560.696,-0.8691,-0.0076,-0.4572,-0.8823,-0.015,0.2841,1,1,1,1,1,40.9,54.2,
2026-07-29 18:23:12.155,0.0886,0.1974,0.1566,0.0937,0.3855,0.3366,0.2731,0.4204,0.3004,0.1379,0.1891,0.2996,0.1767,0.2551,0.2968,0.1546,0.0488,0.073,0.0845,0.0317,3363.2601,3314.1026,3340.696,3560.696,-0.8691,-0.0076,-0.4572,-0.8823,-0.015,0.2841,1,1,1,1,1,40.9,54.2,
2026-07-29 18:23:13.158,0.0886,0.1974,0.1566,0.0937,0.3855,0.3366,0.2731,0.4204,0.3004,0.1379,0.1891,0.2996,0.1767,0.2551,0.2968,0.1546,0.0488,0.073,0.0845,0.0317,3363.2601,3314.1026,3340.696,3560.696,-0.8691,-0.0076,-0.4572,-0.8823,-0.015,0.2841,1,1,1,1,1,40.9,54.2,
2026-07-29 18:23:14.203,0.0886,0.1974,0.1566,0.0937,0.3855,0.3366,0.2731,0.4204,0.3004,0.1379,0.1891,0.2996,0.1767,0.2551,0.2968,0.1546,0.0488,0.073,0.0845,0.0317,3363.2601,3314.1026,3340.696,3560.696,-0.8691,-0.0076,-0.4572,-0.8823,-0.015,0.2841,1,1,1,1,1,40.9,54.2,
2026-07-29 18:23:15.207,0.0886,0.1974,0.1566,0.0937,0.3855,0.3366,0.2731,0.4204,0.3004,0.1379,0.1891,0.2996,0.1767,0.2551,0.2968,0.1546,0.0488,0.073,0.0845,0.0317,3363.2601,3314.1026,3340.696,3560.696,-0.8691,-0.0076,-0.4572,-0.8823,-0.015,0.2841,1,1,1,1,1,40.9,54.2,
2026-07-29 18:23:16.212,0.0886,0.1974,0.1566,0.0937,0.3855,0.3366,0.2731,0.4204,0.3004,0.1379,0.1891,0.2996,0.1767,0.2551,0.2968,0.1546,0.0488,0.073,0.0845,0.0317,3363.2601,3314.1026,3340.696,3560.696,-0.8691,-0.0076,-0.4572,-0.8823,-0.015,0.2841,1,1,1,1,1,40.9,54.2,
2026-07-29 18:23:17.217,0.0886,0.1974,0.1566,0.0937,0.3855,0.3366,0.2731,0.4204,0.3004,0.1379,0.1891,0.2996,0.1767,0.2551,0.2968,0.1546,0.0488,0.073,0.0845,0.0317,3363.2601,3314.1026,3340.696,3560.696,-0.8691,-0.0076,-0.4572,-0.8823,-0.015,0.2841,1,1,1,1,1,40.9,54.2,
2026-07-29 18:23:18.223,0.0886,0.1974,0.1566,0.0937,0.3855,0.3366,0.2731,0.4204,0.3004,0.1379,0.1891,0.2996,0.1767,0.2551,0.2968,0.1546,0.0488,0.073,0.0845,0.0317,3363.2601,3314.1026,3340.696,3560.696,-0.8691,-0.0076,-0.4572,-0.8823,-0.015,0.2841,1,1,1,1,1,40.9,54.2,
2026-07-29 18:23:19.271,0.0886,0.1974,0.1566,0.0937,0.3855,0.3366,0.2731,0.4204,0.3004,0.1379,0.1891,0.2996,0.1767,0.2551,0.2968,0.1546,0.0488,0.073,0.0845,0.0317,3363.2601,3314.1026,3340.696,3560.696,-0.8691,-0.0076,-0.4572,-0.8823,-0.015,0.2841,1,1,1,1,1,40.9,54.2,
2026-07-29 18:23:20.273,0.0886,0.1974,0.1566,0.0937,0.3855,0.3366,0.2731,0.4204,0.3004,0.1379,0.1891,0.2996,0.1767,0.2551,0.2968,0.1546,0.0488,0.073,0.0845,0.0317,3363.2601,3314.1026,3340.696,3560.696,-0.8691,-0.0076,-0.4572,-0.8823,-0.015,0.2841,1,1,1,1,1,40.9,54.2,
2026-07-29 18:23:21.325,0.0886,0.1974,0.1566,0.0937,0.3855,0.3366,0.2731,0.4204,0.3004,0.1379,0.1891,0.2996,0.1767,0.2551,0.2968,0.1546,0.0488,0.073,0.0845,0.0317,3363.2601,3314.1026,3340.696,3560.696,-0.8691,-0.0076,-0.4572,-0.8823,-0.015,0.2841,1,1,1,1,1,40.9,54.2,
2026-07-29 18:23:22.329,0.0886,0.1974,0.1566,0.0937,0.3855,0.3366,0.2731,0.4204,0.3004,0.1379,0.1891,0.2996,0.1767,0.2551,0.2968,0.1546,0.0488,0.073,0.0845,0.0317,3363.2601,3314.1026,3340.696,3560.696,-0.8691,-0.0076,-0.4572,-0.8823,-0.015,0.2841,1,1,1,1,1,40.9,54.2,
2026-07-29 18:23:23.332,0.0886,0.1974,0.1566,0.0937,0.3855,0.3366,0.2731,0.4204,0.3004,0.1379,0.1891,0.2996,0.1767,0.2551,0.2968,0.1546,0.0488,0.073,0.0845,0.0317,3363.2601,3314.1026,3340.696,3560.696,-0.8691,-0.0076,-0.4572,-0.8823,-0.015,0.2841,1,1,1,1,1,40.9,54.2,
2026-07-29 18:23:24.381,0.0886,0.1974,0.1566,0.0937,0.3855,0.3366,0.2731,0.4204,0.3004,0.1379,0.1891,0.2996,0.1767,0.2551,0.2968,0.1546,0.0488,0.073,0.0845,0.0317,3363.2601,3314.1026,3340.696,3560.696,-0.8691,-0.0076,-0.4572,-0.8823,-0.015,0.2841,1,1,1,1,1,40.9,54.2,
2026-07-29 18:23:25.382,0.0886,0.1974,0.1566,0.0937,0.3855,0.3366,0.2731,0.4204,0.3004,0.1379,0.1891,0.2996,0.1767,0.2551,0.2968,0.1546,0.0488,0.073,0.0845,0.0317,3363.2601,3314.1026,3340.696,3560.696,-0.8691,-0.0076,-0.4572,-0.8823,-0.015,0.2841,1,1,1,1,1,40.9,54.2,
2026-07-29 18:23:26.385,0.0886,0.1974,0.1566,0.0937,0.3855,0.3366,0.2731,0.4204,0.3004,0.1379,0.1891,0.2996,0.1767,0.2551,0.2968,0.1546,0.0488,0.073,0.0845,0.0317,3363.2601,3314.1026,3340.696,3560.696,-0.8691,-0.0076,-0.4572,-0.8823,-0.015,0.2841,1,1,1,1,1,40.9,54.2,
2026-07-29 18:23:27.432,0.0886,0.1974,0.1566,0.0937,0.3855,0.3366,0.2731,0.4204,0.3004,0.1379,0.1891,0.2996,0.1767,0.2551,0.2968,0.1546,0.0488,0.073,0.0845,0.0317,3363.2601,3314.1026,3340.696,3560.696,-0.8691,-0.0076,-0.4572,-0.8823,-0.015,0.2841,1,1,1,1,1,40.9,54.2,
2026-07-29 18:23:28.482,0.0886,0.1974,0.1566,0.0937,0.3855,0.3366,0.2731,0.4204,0.3004,0.1379,0.1891,0.2996,0.1767,0.2551,0.2968,0.1546,0.0488,0.073,0.0845,0.0317,3363.2601,3314.1026,3340.696,3560.696,-0.8691,-0.0076,-0.4572,-0.8823,-0.015,0.2841,1,1,1,1,1,40.9,54.2,
2026-07-29 18:23:29.486,0.0886,0.1974,0.1566,0.0937,0.3855,0.3366,0.2731,0.4204,0.3004,0.1379,0.1891,0.2996,0.1767,0.2551,0.2968,0.1546,0.0488,0.073,0.0845,0.0317,3363.2601,3314.1026,3340.696,3560.696,-0.8691,-0.0076,-0.4572,-0.8823,-0.015,0.2841,1,1,1,1,1,40.9,54.2,
2026-07-29 18:23:30.489,0.0886,0.1974,0.1566,0.0937,0.3855,0.3366,0.2731,0.4204,0.3004,0.1379,0.1891,0.2996,0.1767,0.2551,0.2968,0.1546,0.0488,0.073,0.0845,0.0317,3363.2601,3314.1026,3340.696,3560.696,-0.8691,-0.0076,-0.4572,-0.8823,-0.015,0.2841,1,1,1,1,1,40.9,54.2,
2026-07-29 18:23:31.490,0.0886,0.1974,0.1566,0.0937,0.3855,0.3366,0.2731,0.4204,0.3004,0.1379,0.1891,0.2996,0.1767,0.2551,0.2968,0.1546,0.0488,0.073,0.0845,0.0317,3363.2601,3314.1026,3340.696,3560.696,-0.8691,-0.0076,-0.4572,-0.8823,-0.015,0.2841,1,1,1,1,1,40.9,54.2,
2026-07-29 18:23:32.492,0.0886,0.1974,0.1566,0.0937,0.3855,0.3366,0.2731,0.4204,0.3004,0.1379,0.1891,0.2996,0.1767,0.2551,0.2968,0.1546,0.0488,0.073,0.0845,0.0317,3363.2601,3314.1026,3340.696,3560.696,-0.8691,-0.0076,-0.4572,-0.8823,-0.015,0.2841,1,1,1,1,1,40.9,54.2,
2026-07-29 18:23:33.503,0.0886,0.1974,0.1566,0.0937,0.3855,0.3366,0.2731,0.4204,0.3004,0.1379,0.1891,0.2996,0.1767,0.2551,0.2968,0.1546,0.0488,0.073,0.0845,0.0317,3363.2601,3314.1026,3340.696,3560.696,-0.8691,-0.0076,-0.4572,-0.8823,-0.015,0.2841,1,1,1,1,1,40.9,54.2,
2026-07-29 18:23:34.506,0.0886,0.1974,0.1566,0.0937,0.3855,0.3366,0.2731,0.4204,0.3004,0.1379,0.1891,0.2996,0.1767,0.2551,0.2968,0.1546,0.0488,0.073,0.0845,0.0317,3363.2601,3314.1026,3340.696,3560.696,-0.8691,-0.0076,-0.4572,-0.8823,-0.015,0.2841,1,1,1,1,1,40.9,54.2,
2026-07-29 18:23:35.511,0.0886,0.1974,0.1566,0.0937,0.3855,0.3366,0.2731,0.4204,0.3004,0.1379,0.1891,0.2996,0.1767,0.2551,0.2968,0.1546,0.0488,0.073,0.0845,0.0317,3363.2601,3314.1026,3340.696,3560.696,-0.8691,-0.0076,-0.4572,-0.8823,-0.015,0.2841,1,1,1,1,1,40.9,54.2,
2026-07-29 18:23:36.517,0.0886,0.1974,0.1566,0.0937,0.3855,0.3366,0.2731,0.4204,0.3004,0.1379,0.1891,0.2996,0.1767,0.2551,0.2968,0.1546,0.0488,0.073,0.0845,0.0317,3363.2601,3314.1026,3340.696,3560.696,-0.8691,-0.0076,-0.4572,-0.8823,-0.015,0.2841,1,1,1,1,1,40.9,54.2,
2026-07-29 18:23:37.518,0.0886,0.1974,0.1566,0.0937,0.3855,0.3366,0.2731,0.4204,0.3004,0.1379,0.1891,0.2996,0.1767,0.2551,0.2968,0.1546,0.0488,0.073,0.0845,0.0317,3363.2601,3314.1026,3340.696,3560.696,-0.8691,-0.0076,-0.4572,-0.8823,-0.015,0.2841,1,1,1,1,1,40.9,54.2,
2026-07-29 18:23:38.522,0.0886,0.1974,0.1566,0.0937,0.3855,0.3366,0.2731,0.4204,0.3004,0.1379,0.1891,0.2996,0.1767,0.2551,0.2968,0.1546,0.0488,0.073,0.0845,0.0317,3363.2601,3314.1026,3340.696,3560.696,-0.8691,-0.0076,-0.4572,-0.8823,-0.015,0.2841,1,1,1,1,1,40.9,54.2,
2026-07-29 18:23:39.522,0.0886,0.1974,0.1566,0.0937,0.3855,0.3366,0.2731,0.4204,0.3004,0.1379,0.1891,0.2996,0.1767,0.2551,0.2968,0.1546,0.0488,0.073,0.0845,0.0317,3363.2601,3314.1026,3340.696,3560.696,-0.8691,-0.0076,-0.4572,-0.8823,-0.015,0.2841,1,1,1,1,1,40.9,54.2,
2026-07-29 18:23:40.567,0.0886,0.1974,0.1566,0.0937,0.3855,0.3366,0.2731,0.4204,0.3004,0.1379,0.1891,0.2996,0.1767,0.2551,0.2968,0.1546,0.0488,0.073,0.0845,0.0317,3363.2601,3314.1026,3340.696,3560.696,-0.8691,-0.0076,-0.4572,-0.8823,-0.015,0.2841,1,1,1,1,1,40.9,54.2,
2026-07-29 18:23:41.610,0.0886,0.1974,0.1566,0.0937,0.3855,0.3366,0.2731,0.4204,0.3004,0.1379,0.1891,0.2996,0.1767,0.2551,0.2968,0.1546,0.0488,0.073,0.0845,0.0317,3363.2601,3314.1026,3340.696,3560.696,-0.8691,-0.0076,-0.4572,-0.8823,-0.015,0.2841,1,1,1,1,1,40.9,54.2,
2026-07-29 18:23:42.660,0.0886,0.1974,0.1566,0.0937,0.3855,0.3366,0.2731,0.4204,0.3004,0.1379,0.1891,0.2996,0.1767,0.2551,0.2968,0.1546,0.0488,0.073,0.0845,0.0317,3363.2601,3314.1026,3340.696,3560.696,-0.8691,-0.0076,-0.4572,-0.8823,-0.015,0.2841,1,1,1,1,1,40.9,54.2,
2026-07-29 18:23:43.713,0.0886,0.1974,0.1566,0.0937,0.3855,0.3366,0.2731,0.4204,0.3004,0.1379,0.1891,0.2996,0.1767,0.2551,0.2968,0.1546,0.0488,0.073,0.0845,0.0317,3363.2601,3314.1026,3340.696,3560.696,-0.8691,-0.0076,-0.4572,-0.8823,-0.015,0.2841,1,1,1,1,1,40.9,54.2,
2026-07-29 18:23:44.721,0.0886,0.1974,0.1566,0.0937,0.3855,0.3366,0.2731,0.4204,0.3004,0.1379,0.1891,0.2996,0.1767,0.2551,0.2968,0.1546,0.0488,0.073,0.0845,0.0317,3363.2601,3314.1026,3340.696,3560.696,-0.8691,-0.0076,-0.4572,-0.8823,-0.015,0.2841,1,1,1,1,1,40.9,54.2,
2026-07-29 18:23:45.770,0.0886,0.1974,0.1566,0.0937,0.3855,0.3366,0.2731,0.4204,0.3004,0.1379,0.1891,0.2996,0.1767,0.2551,0.2968,0.1546,0.0488,0.073,0.0845,0.0317,3363.2601,3314.1026,3340.696,3560.696,-0.8691,-0.0076,-0.4572,-0.8823,-0.015,0.2841,1,1,1,1,1,40.9,54.2,
2026-07-29 18:23:46.772,0.0886,0.1974,0.1566,0.0937,0.3855,0.3366,0.2731,0.4204,0.3004,0.1379,0.1891,0.2996,0.1767,0.2551,0.2968,0.1546,0.0488,0.073,0.0845,0.0317,3363.2601,3314.1026,3340.696,3560.696,-0.8691,-0.0076,-0.4572,-0.8823,-0.015,0.2841,1,1,1,1,1,40.9,54.2,
2026-07-29 18:23:47.819,0.0886,0.1974,0.1566,0.0937,0.3855,0.3366,0.2731,0.4204,0.3004,0.1379,0.1891,0.2996,0.1767,0.2551,0.2968,0.1546,0.0488,0.073,0.0845,0.0317,3363.2601,3314.1026,3340.696,3560.696,-0.8691,-0.0076,-0.4572,-0.8823,-0.015,0.2841,1,1,1,1,1,40.9,54.2,
2026-07-29 18:23:48.824,0.0886,0.1974,0.1566,0.0937,0.3855,0.3366,0.2731,0.4204,0.3004,0.1379,0.1891,0.2996,0.1767,0.2551,0.2968,0.1546,0.0488,0.073,0.0845,0.0317,3363.2601,3314.1026,3340.696,3560.696,-0.8691,-0.0076,-0.4572,-0.8823,-0.015,0.2841,1,1,1,1,1,40.9,54.2,
2026-07-29 18:23:49.830,0.0886,0.1974,0.1566,0.0937,0.3855,0.3366,0.2731,0.4204,0.3004,0.1379,0.1891,0.2996,0.1767,0.2551,0.2968,0.1546,0.0488,0.073,0.0845,0.0317,3363.2601,3314.1026,3340.696,3560.696,-0.8691,-0.0076,-0.4572,-0.8823,-0.015,0.2841,1,1,1,1,1,40.9,54.2,
2026-07-29 18:23:50.830,0.0886,0.1974,0.1566,0.0937,0.3855,0.3366,0.2731,0.4204,0.3004,0.1379,0.1891,0.2996,0.1767,0.2551,0.2968,0.1546,0.0488,0.073,0.0845,0.0317,3363.2601,3314.1026,3340.696,3560.696,-0.8691,-0.0076,-0.4572,-0.8823,-0.015,0.2841,1,1,1,1,1,40.9,54.2,
2026-07-29 18:23:51.835,0.0886,0.1974,0.1566,0.0937,0.3855,0.3366,0.2731,0.4204,0.3004,0.1379,0.1891,0.2996,0.1767,0.2551,0.2968,0.1546,0.0488,0.073,0.0845,0.0317,3363.2601,3314.1026,3340.696,3560.696,-0.8691,-0.0076,-0.4572,-0.8823,-0.015,0.2841,1,1,1,1,1,40.9,54.2,
2026-07-29 18:23:52.886,0.0886,0.1974,0.1566,0.0937,0.3855,0.3366,0.2731,0.4204,0.3004,0.1379,0.1891,0.2996,0.1767,0.2551,0.2968,0.1546,0.0488,0.073,0.0845,0.0317,3363.2601,3314.1026,3340.696,3560.696,-0.8691,-0.0076,-0.4572,-0.8823,-0.015,0.2841,1,1,1,1,1,40.9,54.2,
2026-07-29 18:23:53.934,0.0886,0.1974,0.1566,0.0937,0.3855,0.3366,0.2731,0.4204,0.3004,0.1379,0.1891,0.2996,0.1767,0.2551,0.2968,0.1546,0.0488,0.073,0.0845,0.0317,3363.2601,3314.1026,3340.696,3560.696,-0.8691,-0.0076,-0.4572,-0.8823,-0.015,0.2841,1,1,1,1,1,40.9,54.2,
2026-07-29 18:23:54.989,0.0886,0.1974,0.1566,0.0937,0.3855,0.3366,0.2731,0.4204,0.3004,0.1379,0.1891,0.2996,0.1767,0.2551,0.2968,0.1546,0.0488,0.073,0.0845,0.0317,3363.2601,3314.1026,3340.696,3560.696,-0.8691,-0.0076,-0.4572,-0.8823,-0.015,0.2841,1,1,1,1,1,40.9,54.2,
2026-07-29 18:23:55.992,0.0886,0.1974,0.1566,0.0937,0.3855,0.3366,0.2731,0.4204,0.3004,0.1379,0.1891,0.2996,0.1767,0.2551,0.2968,0.1546,0.0488,0.073,0.0845,0.0317,3363.2601,3314.1026,3340.696,3560.696,-0.8691,-0.0076,-0.4572,-0.8823,-0.015,0.2841,1,1,1,1,1,40.9,54.2,
2026-07-29 18:23:56.993,0.0886,0.1974,0.1566,0.0937,0.3855,0.3366,0.2731,0.4204,0.3004,0.1379,0.1891,0.2996,0.1767,0.2551,0.2968,0.1546,0.0488,0.073,0.0845,0.0317,3363.2601,3314.1026,3340.696,3560.696,-0.8691,-0.0076,-0.4572,-0.8823,-0.015,0.2841,1,1,1,1,1,40.9,54.2,
2026-07-29 18:23:58.039,0.0886,0.1974,0.1566,0.0937,0.3855,0.3366,0.2731,0.4204,0.3004,0.1379,0.1891,0.2996,0.1767,0.2551,0.2968,0.1546,0.0488,0.073,0.0845,0.0317,3363.2601,3314.1026,3340.696,3560.696,-0.8691,-0.0076,-0.4572,-0.8823,-0.015,0.2841,1,1,1,1,1,40.9,54.2,
2026-07-29 18:23:59.086,0.0886,0.1974,0.1566,0.0937,0.3855,0.3366,0.2731,0.4204,0.3004,0.1379,0.1891,0.2996,0.1767,0.2551,0.2968,0.1546,0.0488,0.073,0.0845,0.0317,3363.2601,3314.1026,3340.696,3560.696,-0.8691,-0.0076,-0.4572,-0.8823,-0.015,0.2841,1,1,1,1,1,40.9,54.2,
2026-07-29 18:24:00.087,0.0886,0.1974,0.1566,0.0937,0.3855,0.3366,0.2731,0.4204,0.3004,0.1379,0.1891,0.2996,0.1767,0.2551,0.2968,0.1546,0.0488,0.073,0.0845,0.0317,3363.2601,3314.1026,3340.696,3560.696,-0.8691,-0.0076,-0.4572,-0.8823,-0.015,0.2841,1,1,1,1,1,40.9,54.2,
2026-07-29 18:24:01.109,0.0886,0.1974,0.1566,0.0937,0.3855,0.3366,0.2731,0.4204,0.3004,0.1379,0.1891,0.2996,0.1767,0.2551,0.2968,0.1546,0.0488,0.073,0.0845,0.0317,3363.2601,3314.1026,3340.696,3560.696,-0.8691,-0.0076,-0.4572,-0.8823,-0.015,0.2841,1,1,1,1,1,40.9,54.2,
2026-07-29 18:24:02.117,0.0886,0.1974,0.1566,0.0937,0.3855,0.3366,0.2731,0.4204,0.3004,0.1379,0.1891,0.2996,0.1767,0.2551,0.2968,0.1546,0.0488,0.073,0.0845,0.0317,3363.2601,3314.1026,3340.696,3560.696,-0.8691,-0.0076,-0.4572,-0.8823,-0.015,0.2841,1,1,1,1,1,40.9,54.2,
2026-07-29 18:24:03.170,0.0886,0.1974,0.1566,0.0937,0.3855,0.3366,0.2731,0.4204,0.3004,0.1379,0.1891,0.2996,0.1767,0.2551,0.2968,0.1546,0.0488,0.073,0.0845,0.0317,3363.2601,3314.1026,3340.696,3560.696,-0.8691,-0.0076,-0.4572,-0.8823,-0.015,0.2841,1,1,1,1,1,40.9,54.2,
2026-07-29 18:24:04.167,0.0886,0.1974,0.1566,0.0937,0.3855,0.3366,0.2731,0.4204,0.3004,0.1379,0.1891,0.2996,0.1767,0.2551,0.2968,0.1546,0.0488,0.073,0.0845,0.0317,3363.2601,3314.1026,3340.696,3560.696,-0.8691,-0.0076,-0.4572,-0.8823,-0.015,0.2841,1,1,1,1,1,40.9,54.2,
2026-07-29 18:24:05.213,0.0886,0.1974,0.1566,0.0937,0.3855,0.3366,0.2731,0.4204,0.3004,0.1379,0.1891,0.2996,0.1767,0.2551,0.2968,0.1546,0.0488,0.073,0.0845,0.0317,3363.2601,3314.1026,3340.696,3560.696,-0.8691,-0.0076,-0.4572,-0.8823,-0.015,0.2841,1,1,1,1,1,40.9,54.2,
2026-07-29 18:24:06.238,0.0886,0.1974,0.1566,0.0937,0.3855,0.3366,0.2731,0.4204,0.3004,0.1379,0.1891,0.2996,0.1767,0.2551,0.2968,0.1546,0.0488,0.073,0.0845,0.0317,3363.2601,3314.1026,3340.696,3560.696,-0.8691,-0.0076,-0.4572,-0.8823,-0.015,0.2841,1,1,1,1,1,40.9,54.2,
2026-07-29 18:24:07.258,0.0886,0.1974,0.1566,0.0937,0.3855,0.3366,0.2731,0.4204,0.3004,0.1379,0.1891,0.2996,0.1767,0.2551,0.2968,0.1546,0.0488,0.073,0.0845,0.0317,3363.2601,3314.1026,3340.696,3560.696,-0.8691,-0.0076,-0.4572,-0.8823,-0.015,0.2841,1,1,1,1,1,40.9,54.2,
2026-07-29 18:24:08.253,0.0886,0.1974,0.1566,0.0937,0.3855,0.3366,0.2731,0.4204,0.3004,0.1379,0.1891,0.2996,0.1767,0.2551,0.2968,0.1546,0.0488,0.073,0.0845,0.0317,3363.2601,3314.1026,3340.696,3560.696,-0.8691,-0.0076,-0.4572,-0.8823,-0.015,0.2841,1,1,1,1,1,40.9,54.2,
2026-07-29 18:24:09.313,0.0886,0.1974,0.1566,0.0937,0.3855,0.3366,0.2731,0.4204,0.3004,0.1379,0.1891,0.2996,0.1767,0.2551,0.2968,0.1546,0.0488,0.073,0.0845,0.0317,3363.2601,3314.1026,3340.696,3560.696,-0.8691,-0.0076,-0.4572,-0.8823,-0.015,0.2841,1,1,1,1,1,40.9,54.2,
2026-07-29 18:24:10.290,0.0886,0.1974,0.1566,0.0937,0.3855,0.3366,0.2731,0.4204,0.3004,0.1379,0.1891,0.2996,0.1767,0.2551,0.2968,0.1546,0.0488,0.073,0.0845,0.0317,3363.2601,3314.1026,3340.696,3560.696,-0.8691,-0.0076,-0.4572,-0.8823,-0.015,0.2841,1,1,1,1,1,40.9,54.2,
2026-07-29 18:24:11.284,0.0886,0.1974,0.1566,0.0937,0.3855,0.3366,0.2731,0.4204,0.3004,0.1379,0.1891,0.2996,0.1767,0.2551,0.2968,0.1546,0.0488,0.073,0.0845,0.0317,3363.2601,3314.1026,3340.696,3560.696,-0.8691,-0.0076,-0.4572,-0.8823,-0.015,0.2841,1,1,1,1,1,40.9,54.2,
2026-07-29 18:24:12.336,0.0886,0.1974,0.1566,0.0937,0.3855,0.3366,0.2731,0.4204,0.3004,0.1379,0.1891,0.2996,0.1767,0.2551,0.2968,0.1546,0.0488,0.073,0.0845,0.0317,3363.2601,3314.1026,3340.696,3560.696,-0.8691,-0.0076,-0.4572,-0.8823,-0.015,0.2841,1,1,1,1,1,40.9,54.2,
2026-07-29 18:24:13.336,0.0886,0.1974,0.1566,0.0937,0.3855,0.3366,0.2731,0.4204,0.3004,0.1379,0.1891,0.2996,0.1767,0.2551,0.2968,0.1546,0.0488,0.073,0.0845,0.0317,3363.2601,3314.1026,3340.696,3560.696,-0.8691,-0.0076,-0.4572,-0.8823,-0.015,0.2841,1,1,1,1,1,40.9,54.2,
2026-07-29 18:24:14.389,0.0886,0.1974,0.1566,0.0937,0.3855,0.3366,0.2731,0.4204,0.3004,0.1379,0.1891,0.2996,0.1767,0.2551,0.2968,0.1546,0.0488,0.073,0.0845,0.0317,3363.2601,3314.1026,3340.696,3560.696,-0.8691,-0.0076,-0.4572,-0.8823,-0.015,0.2841,1,1,1,1,1,40.9,54.2,
2026-07-29 18:24:15.392,0.0886,0.1974,0.1566,0.0937,0.3855,0.3366,0.2731,0.4204,0.3004,0.1379,0.1891,0.2996,0.1767,0.2551,0.2968,0.1546,0.0488,0.073,0.0845,0.0317,3363.2601,3314.1026,3340.696,3560.696,-0.8691,-0.0076,-0.4572,-0.8823,-0.015,0.2841,1,1,1,1,1,40.9,54.2,
2026-07-29 18:24:16.407,0.0886,0.1974,0.1566,0.0937,0.3855,0.3366,0.2731,0.4204,0.3004,0.1379,0.1891,0.2996,0.1767,0.2551,0.2968,0.1546,0.0488,0.073,0.0845,0.0317,3363.2601,3314.1026,3340.696,3560.696,-0.8691,-0.0076,-0.4572,-0.8823,-0.015,0.2841,1,1,1,1,1,40.9,54.2,
2026-07-29 18:24:17.414,0.0886,0.1974,0.1566,0.0937,0.3855,0.3366,0.2731,0.4204,0.3004,0.1379,0.1891,0.2996,0.1767,0.2551,0.2968,0.1546,0.0488,0.073,0.0845,0.0317,3363.2601,3314.1026,3340.696,3560.696,-0.8691,-0.0076,-0.4572,-0.8823,-0.015,0.2841,1,1,1,1,1,40.9,54.2,
2026-07-29 18:24:18.432,0.0886,0.1974,0.1566,0.0937,0.3855,0.3366,0.2731,0.4204,0.3004,0.1379,0.1891,0.2996,0.1767,0.2551,0.2968,0.1546,0.0488,0.073,0.0845,0.0317,3363.2601,3314.1026,3340.696,3560.696,-0.8691,-0.0076,-0.4572,-0.8823,-0.015,0.2841,1,1,1,1,1,40.9,54.2,
2026-07-29 18:24:19.459,0.0886,0.1974,0.1566,0.0937,0.3855,0.3366,0.2731,0.4204,0.3004,0.1379,0.1891,0.2996,0.1767,0.2551,0.2968,0.1546,0.0488,0.073,0.0845,0.0317,3363.2601,3314.1026,3340.696,3560.696,-0.8691,-0.0076,-0.4572,-0.8823,-0.015,0.2841,1,1,1,1,1,40.9,54.2,
2026-07-29 18:24:20.503,0.0886,0.1974,0.1566,0.0937,0.3855,0.3366,0.2731,0.4204,0.3004,0.1379,0.1891,0.2996,0.1767,0.2551,0.2968,0.1546,0.0488,0.073,0.0845,0.0317,3363.2601,3314.1026,3340.696,3560.696,-0.8691,-0.0076,-0.4572,-0.8823,-0.015,0.2841,1,1,1,1,1,40.9,54.2,
2026-07-29 18:24:21.542,0.0886,0.1974,0.1566,0.0937,0.3855,0.3366,0.2731,0.4204,0.3004,0.1379,0.1891,0.2996,0.1767,0.2551,0.2968,0.1546,0.0488,0.073,0.0845,0.0317,3363.2601,3314.1026,3340.696,3560.696,-0.8691,-0.0076,-0.4572,-0.8823,-0.015,0.2841,1,1,1,1,1,40.9,54.2,
2026-07-29 18:24:22.558,0.0886,0.1974,0.1566,0.0937,0.3855,0.3366,0.2731,0.4204,0.3004,0.1379,0.1891,0.2996,0.1767,0.2551,0.2968,0.1546,0.0488,0.073,0.0845,0.0317,3363.2601,3314.1026,3340.696,3560.696,-0.8691,-0.0076,-0.4572,-0.8823,-0.015,0.2841,1,1,1,1,1,40.9,54.2,
2026-07-29 18:24:23.558,0.0886,0.1974,0.1566,0.0937,0.3855,0.3366,0.2731,0.4204,0.3004,0.1379,0.1891,0.2996,0.1767,0.2551,0.2968,0.1546,0.0488,0.073,0.0845,0.0317,3363.2601,3314.1026,3340.696,3560.696,-0.8691,-0.0076,-0.4572,-0.8823,-0.015,0.2841,1,1,1,1,1,40.9,54.2,
2026-07-29 18:24:24.611,0.0886,0.1974,0.1566,0.0937,0.3855,0.3366,0.2731,0.4204,0.3004,0.1379,0.1891,0.2996,0.1767,0.2551,0.2968,0.1546,0.0488,0.073,0.0845,0.0317,3363.2601,3314.1026,3340.696,3560.696,-0.8691,-0.0076,-0.4572,-0.8823,-0.015,0.2841,1,1,1,1,1,40.9,54.2,
2026-07-29 18:24:25.612,0.0886,0.1974,0.1566,0.0937,0.3855,0.3366,0.2731,0.4204,0.3004,0.1379,0.1891,0.2996,0.1767,0.2551,0.2968,0.1546,0.0488,0.073,0.0845,0.0317,3363.2601,3314.1026,3340.696,3560.696,-0.8691,-0.0076,-0.4572,-0.8823,-0.015,0.2841,1,1,1,1,1,40.9,54.2,
2026-07-29 18:24:26.605,0.0886,0.1974,0.1566,0.0937,0.3855,0.3366,0.2731,0.4204,0.3004,0.1379,0.1891,0.2996,0.1767,0.2551,0.2968,0.1546,0.0488,0.073,0.0845,0.0317,3363.2601,3314.1026,3340.696,3560.696,-0.8691,-0.0076,-0.4572,-0.8823,-0.015,0.2841,1,1,1,1,1,40.9,54.2,
2026-07-29 18:24:27.656,0.0886,0.1974,0.1566,0.0937,0.3855,0.3366,0.2731,0.4204,0.3004,0.1379,0.1891,0.2996,0.1767,0.2551,0.2968,0.1546,0.0488,0.073,0.0845,0.0317,3363.2601,3314.1026,3340.696,3560.696,-0.8691,-0.0076,-0.4572,-0.8823,-0.015,0.2841,1,1,1,1,1,40.9,54.2,
2026-07-29 18:24:28.707,0.0886,0.1974,0.1566,0.0937,0.3855,0.3366,0.2731,0.4204,0.3004,0.1379,0.1891,0.2996,0.1767,0.2551,0.2968,0.1546,0.0488,0.073,0.0845,0.0317,3363.2601,3314.1026,3340.696,3560.696,-0.8691,-0.0076,-0.4572,-0.8823,-0.015,0.2841,1,1,1,1,1,40.9,54.2,
2026-07-29 18:24:29.708,0.0886,0.1974,0.1566,0.0937,0.3855,0.3366,0.2731,0.4204,0.3004,0.1379,0.1891,0.2996,0.1767,0.2551,0.2968,0.1546,0.0488,0.073,0.0845,0.0317,3363.2601,3314.1026,3340.696,3560.696,-0.8691,-0.0076,-0.4572,-0.8823,-0.015,0.2841,1,1,1,1,1,40.9,54.2,
2026-07-29 18:24:30.757,0.0886,0.1974,0.1566,0.0937,0.3855,0.3366,0.2731,0.4204,0.3004,0.1379,0.1891,0.2996,0.1767,0.2551,0.2968,0.1546,0.0488,0.073,0.0845,0.0317,3363.2601,3314.1026,3340.696,3560.696,-0.8691,-0.0076,-0.4572,-0.8823,-0.015,0.2841,1,1,1,1,1,40.9,54.2,
2026-07-29 18:24:31.801,0.0886,0.1974,0.1566,0.0937,0.3855,0.3366,0.2731,0.4204,0.3004,0.1379,0.1891,0.2996,0.1767,0.2551,0.2968,0.1546,0.0488,0.073,0.0845,0.0317,3363.2601,3314.1026,3340.696,3560.696,-0.8691,-0.0076,-0.4572,-0.8823,-0.015,0.2841,1,1,1,1,1,40.9,54.2,
2026-07-29 18:24:32.846,0.0886,0.1974,0.1566,0.0937,0.3855,0.3366,0.2731,0.4204,0.3004,0.1379,0.1891,0.2996,0.1767,0.2551,0.2968,0.1546,0.0488,0.073,0.0845,0.0317,3363.2601,3314.1026,3340.696,3560.696,-0.8691,-0.0076,-0.4572,-0.8823,-0.015,0.2841,1,1,1,1,1,40.9,54.2,
2026-07-29 18:24:33.901,0.0886,0.1974,0.1566,0.0937,0.3855,0.3366,0.2731,0.4204,0.3004,0.1379,0.1891,0.2996,0.1767,0.2551,0.2968,0.1546,0.0488,0.073,0.0845,0.0317,3363.2601,3314.1026,3340.696,3560.696,-0.8691,-0.0076,-0.4572,-0.8823,-0.015,0.2841,1,1,1,1,1,40.9,54.2,
2026-07-29 18:24:34.942,0.0886,0.1974,0.1566,0.0937,0.3855,0.3366,0.2731,0.4204,0.3004,0.1379,0.1891,0.2996,0.1767,0.2551,0.2968,0.1546,0.0488,0.073,0.0845,0.0317,3363.2601,3314.1026,3340.696,3560.696,-0.8691,-0.0076,-0.4572,-0.8823,-0.015,0.2841,1,1,1,1,1,40.9,54.2,
2026-07-29 18:24:35.999,0.0886,0.1974,0.1566,0.0937,0.3855,0.3366,0.2731,0.4204,0.3004,0.1379,0.1891,0.2996,0.1767,0.2551,0.2968,0.1546,0.0488,0.073,0.0845,0.0317,3363.2601,3314.1026,3340.696,3560.696,-0.8691,-0.0076,-0.4572,-0.8823,-0.015,0.2841,1,1,1,1,1,40.9,54.2,
2026-07-29 18:24:36.990,0.0886,0.1974,0.1566,0.0937,0.3855,0.3366,0.2731,0.4204,0.3004,0.1379,0.1891,0.2996,0.1767,0.2551,0.2968,0.1546,0.0488,0.073,0.0845,0.0317,3363.2601,3314.1026,3340.696,3560.696,-0.8691,-0.0076,-0.4572,-0.8823,-0.015,0.2841,1,1,1,1,1,40.9,54.2,
2026-07-29 18:24:38.024,0.0886,0.1974,0.1566,0.0937,0.3855,0.3366,0.2731,0.4204,0.3004,0.1379,0.1891,0.2996,0.1767,0.2551,0.2968,0.1546,0.0488,0.073,0.0845,0.0317,3363.2601,3314.1026,3340.696,3560.696,-0.8691,-0.0076,-0.4572,-0.8823,-0.015,0.2841,1,1,1,1,1,40.9,54.2,
2026-07-29 18:24:39.072,0.0886,0.1974,0.1566,0.0937,0.3855,0.3366,0.2731,0.4204,0.3004,0.1379,0.1891,0.2996,0.1767,0.2551,0.2968,0.1546,0.0488,0.073,0.0845,0.0317,3363.2601,3314.1026,3340.696,3560.696,-0.8691,-0.0076,-0.4572,-0.8823,-0.015,0.2841,1,1,1,1,1,40.9,54.2,
2026-07-29 18:24:40.109,0.0886,0.1974,0.1566,0.0937,0.3855,0.3366,0.2731,0.4204,0.3004,0.1379,0.1891,0.2996,0.1767,0.2551,0.2968,0.1546,0.0488,0.073,0.0845,0.0317,3363.2601,3314.1026,3340.696,3560.696,-0.8691,-0.0076,-0.4572,-0.8823,-0.015,0.2841,1,1,1,1,1,40.9,54.2,
2026-07-29 18:24:41.153,0.0886,0.1974,0.1566,0.0937,0.3855,0.3366,0.2731,0.4204,0.3004,0.1379,0.1891,0.2996,0.1767,0.2551,0.2968,0.1546,0.0488,0.073,0.0845,0.0317,3363.2601,3314.1026,3340.696,3560.696,-0.8691,-0.0076,-0.4572,-0.8823,-0.015,0.2841,1,1,1,1,1,40.9,54.2,
2026-07-29 18:24:42.193,0.0886,0.1974,0.1566,0.0937,0.3855,0.3366,0.2731,0.4204,0.3004,0.1379,0.1891,0.2996,0.1767,0.2551,0.2968,0.1546,0.0488,0.073,0.0845,0.0317,3363.2601,3314.1026,3340.696,3560.696,-0.8691,-0.0076,-0.4572,-0.8823,-0.015,0.2841,1,1,1,1,1,40.9,54.2,
2026-07-29 18:24:43.230,0.0886,0.1974,0.1566,0.0937,0.3855,0.3366,0.2731,0.4204,0.3004,0.1379,0.1891,0.2996,0.1767,0.2551,0.2968,0.1546,0.0488,0.073,0.0845,0.0317,3363.2601,3314.1026,3340.696,3560.696,-0.8691,-0.0076,-0.4572,-0.8823,-0.015,0.2841,1,1,1,1,1,40.9,54.2,
2026-07-29 18:24:44.283,0.0886,0.1974,0.1566,0.0937,0.3855,0.3366,0.2731,0.4204,0.3004,0.1379,0.1891,0.2996,0.1767,0.2551,0.2968,0.1546,0.0488,0.073,0.0845,0.0317,3363.2601,3314.1026,3340.696,3560.696,-0.8691,-0.0076,-0.4572,-0.8823,-0.015,0.2841,1,1,1,1,1,40.9,54.2,
2026-07-29 18:24:45.333,0.0886,0.1974,0.1566,0.0937,0.3855,0.3366,0.2731,0.4204,0.3004,0.1379,0.1891,0.2996,0.1767,0.2551,0.2968,0.1546,0.0488,0.073,0.0845,0.0317,3363.2601,3314.1026,3340.696,3560.696,-0.8691,-0.0076,-0.4572,-0.8823,-0.015,0.2841,1,1,1,1,1,40.9,54.2,
2026-07-29 18:24:46.385,0.0886,0.1974,0.1566,0.0937,0.3855,0.3366,0.2731,0.4204,0.3004,0.1379,0.1891,0.2996,0.1767,0.2551,0.2968,0.1546,0.0488,0.073,0.0845,0.0317,3363.2601,3314.1026,3340.696,3560.696,-0.8691,-0.0076,-0.4572,-0.8823,-0.015,0.2841,1,1,1,1,1,40.9,54.2,
2026-07-29 18:24:47.431,0.0886,0.1974,0.1566,0.0937,0.3855,0.3366,0.2731,0.4204,0.3004,0.1379,0.1891,0.2996,0.1767,0.2551,0.2968,0.1546,0.0488,0.073,0.0845,0.0317,3363.2601,3314.1026,3340.696,3560.696,-0.8691,-0.0076,-0.4572,-0.8823,-0.015,0.2841,1,1,1,1,1,40.9,54.2,
2026-07-29 18:24:48.435,0.0886,0.1974,0.1566,0.0937,0.3855,0.3366,0.2731,0.4204,0.3004,0.1379,0.1891,0.2996,0.1767,0.2551,0.2968,0.1546,0.0488,0.073,0.0845,0.0317,3363.2601,3314.1026,3340.696,3560.696,-0.8691,-0.0076,-0.4572,-0.8823,-0.015,0.2841,1,1,1,1,1,40.9,54.2,
2026-07-29 18:24:49.485,0.0886,0.1974,0.1566,0.0937,0.3855,0.3366,0.2731,0.4204,0.3004,0.1379,0.1891,0.2996,0.1767,0.2551,0.2968,0.1546,0.0488,0.073,0.0845,0.0317,3363.2601,3314.1026,3340.696,3560.696,-0.8691,-0.0076,-0.4572,-0.8823,-0.015,0.2841,1,1,1,1,1,40.9,54.2,
2026-07-29 18:24:50.490,0.0886,0.1974,0.1566,0.0937,0.3855,0.3366,0.2731,0.4204,0.3004,0.1379,0.1891,0.2996,0.1767,0.2551,0.2968,0.1546,0.0488,0.073,0.0845,0.0317,3363.2601,3314.1026,3340.696,3560.696,-0.8691,-0.0076,-0.4572,-0.8823,-0.015,0.2841,1,1,1,1,1,40.9,54.2,
2026-07-29 18:24:51.480,0.0886,0.1974,0.1566,0.0937,0.3855,0.3366,0.2731,0.4204,0.3004,0.1379,0.1891,0.2996,0.1767,0.2551,0.2968,0.1546,0.0488,0.073,0.0845,0.0317,3363.2601,3314.1026,3340.696,3560.696,-0.8691,-0.0076,-0.4572,-0.8823,-0.015,0.2841,1,1,1,1,1,40.9,54.2,
2026-07-29 18:24:52.495,0.0886,0.1974,0.1566,0.0937,0.3855,0.3366,0.2731,0.4204,0.3004,0.1379,0.1891,0.2996,0.1767,0.2551,0.2968,0.1546,0.0488,0.073,0.0845,0.0317,3363.2601,3314.1026,3340.696,3560.696,-0.8691,-0.0076,-0.4572,-0.8823,-0.015,0.2841,1,1,1,1,1,40.9,54.2,
2026-07-29 18:24:53.541,0.0886,0.1974,0.1566,0.0937,0.3855,0.3366,0.2731,0.4204,0.3004,0.1379,0.1891,0.2996,0.1767,0.2551,0.2968,0.1546,0.0488,0.073,0.0845,0.0317,3363.2601,3314.1026,3340.696,3560.696,-0.8691,-0.0076,-0.4572,-0.8823,-0.015,0.2841,1,1,1,1,1,40.9,54.2,
2026-07-29 18:24:54.588,0.0886,0.1974,0.1566,0.0937,0.3855,0.3366,0.2731,0.4204,0.3004,0.1379,0.1891,0.2996,0.1767,0.2551,0.2968,0.1546,0.0488,0.073,0.0845,0.0317,3363.2601,3314.1026,3340.696,3560.696,-0.8691,-0.0076,-0.4572,-0.8823,-0.015,0.2841,1,1,1,1,1,40.9,54.2,
2026-07-29 18:24:55.631,0.0886,0.1974,0.1566,0.0937,0.3855,0.3366,0.2731,0.4204,0.3004,0.1379,0.1891,0.2996,0.1767,0.2551,0.2968,0.1546,0.0488,0.073,0.0845,0.0317,3363.2601,3314.1026,3340.696,3560.696,-0.8691,-0.0076,-0.4572,-0.8823,-0.015,0.2841,1,1,1,1,1,40.9,54.2,
2026-07-29 18:24:56.666,0.0886,0.1974,0.1566,0.0937,0.3855,0.3366,0.2731,0.4204,0.3004,0.1379,0.1891,0.2996,0.1767,0.2551,0.2968,0.1546,0.0488,0.073,0.0845,0.0317,3363.2601,3314.1026,3340.696,3560.696,-0.8691,-0.0076,-0.4572,-0.8823,-0.015,0.2841,1,1,1,1,1,40.9,54.2,
2026-07-29 18:24:57.719,0.0886,0.1974,0.1566,0.0937,0.3855,0.3366,0.2731,0.4204,0.3004,0.1379,0.1891,0.2996,0.1767,0.2551,0.2968,0.1546,0.0488,0.073,0.0845,0.0317,3363.2601,3314.1026,3340.696,3560.696,-0.8691,-0.0076,-0.4572,-0.8823,-0.015,0.2841,1,1,1,1,1,40.9,54.2,
2026-07-29 18:24:58.768,0.0886,0.1974,0.1566,0.0937,0.3855,0.3366,0.2731,0.4204,0.3004,0.1379,0.1891,0.2996,0.1767,0.2551,0.2968,0.1546,0.0488,0.073,0.0845,0.0317,3363.2601,3314.1026,3340.696,3560.696,-0.8691,-0.0076,-0.4572,-0.8823,-0.015,0.2841,1,1,1,1,1,40.9,54.2,
2026-07-29 18:24:59.805,0.0886,0.1974,0.1566,0.0937,0.3855,0.3366,0.2731,0.4204,0.3004,0.1379,0.1891,0.2996,0.1767,0.2551,0.2968,0.1546,0.0488,0.073,0.0845,0.0317,3363.2601,3314.1026,3340.696,3560.696,-0.8691,-0.0076,-0.4572,-0.8823,-0.015,0.2841,1,1,1,1,1,40.9,54.2,
2026-07-29 18:25:00.852,0.0886,0.1974,0.1566,0.0937,0.3855,0.3366,0.2731,0.4204,0.3004,0.1379,0.1891,0.2996,0.1767,0.2551,0.2968,0.1546,0.0488,0.073,0.0845,0.0317,3363.2601,3314.1026,3340.696,3560.696,-0.8691,-0.0076,-0.4572,-0.8823,-0.015,0.2841,1,1,1,1,1,40.9,54.2,
2026-07-29 18:25:01.903,0.0886,0.1974,0.1566,0.0937,0.3855,0.3366,0.2731,0.4204,0.3004,0.1379,0.1891,0.2996,0.1767,0.2551,0.2968,0.1546,0.0488,0.073,0.0845,0.0317,3363.2601,3314.1026,3340.696,3560.696,-0.8691,-0.0076,-0.4572,-0.8823,-0.015,0.2841,1,1,1,1,1,40.9,54.2,
2026-07-29 18:25:02.954,0.0886,0.1974,0.1566,0.0937,0.3855,0.3366,0.2731,0.4204,0.3004,0.1379,0.1891,0.2996,0.1767,0.2551,0.2968,0.1546,0.0488,0.073,0.0845,0.0317,3363.2601,3314.1026,3340.696,3560.696,-0.8691,-0.0076,-0.4572,-0.8823,-0.015,0.2841,1,1,1,1,1,40.9,54.2,
2026-07-29 18:25:04.005,0.0886,0.1974,0.1566,0.0937,0.3855,0.3366,0.2731,0.4204,0.3004,0.1379,0.1891,0.2996,0.1767,0.2551,0.2968,0.1546,0.0488,0.073,0.0845,0.0317,3363.2601,3314.1026,3340.696,3560.696,-0.8691,-0.0076,-0.4572,-0.8823,-0.015,0.2841,1,1,1,1,1,40.9,54.2,
2026-07-29 18:25:05.007,0.0886,0.1974,0.1566,0.0937,0.3855,0.3366,0.2731,0.4204,0.3004,0.1379,0.1891,0.2996,0.1767,0.2551,0.2968,0.1546,0.0488,0.073,0.0845,0.0317,3363.2601,3314.1026,3340.696,3560.696,-0.8691,-0.0076,-0.4572,-0.8823,-0.015,0.2841,1,1,1,1,1,40.9,54.2,
2026-07-29 18:25:06.056,0.0886,0.1974,0.1566,0.0937,0.3855,0.3366,0.2731,0.4204,0.3004,0.1379,0.1891,0.2996,0.1767,0.2551,0.2968,0.1546,0.0488,0.073,0.0845,0.0317,3363.2601,3314.1026,3340.696,3560.696,-0.8691,-0.0076,-0.4572,-0.8823,-0.015,0.2841,1,1,1,1,1,40.9,54.2,
2026-07-29 18:25:07.102,0.0886,0.1974,0.1566,0.0937,0.3855,0.3366,0.2731,0.4204,0.3004,0.1379,0.1891,0.2996,0.1767,0.2551,0.2968,0.1546,0.0488,0.073,0.0845,0.0317,3363.2601,3314.1026,3340.696,3560.696,-0.8691,-0.0076,-0.4572,-0.8823,-0.015,0.2841,1,1,1,1,1,40.9,54.2,
2026-07-29 18:25:08.149,0.0886,0.1974,0.1566,0.0937,0.3855,0.3366,0.2731,0.4204,0.3004,0.1379,0.1891,0.2996,0.1767,0.2551,0.2968,0.1546,0.0488,0.073,0.0845,0.0317,3363.2601,3314.1026,3340.696,3560.696,-0.8691,-0.0076,-0.4572,-0.8823,-0.015,0.2841,1,1,1,1,1,40.9,54.2,
2026-07-29 18:25:09.196,0.0886,0.1974,0.1566,0.0937,0.3855,0.3366,0.2731,0.4204,0.3004,0.1379,0.1891,0.2996,0.1767,0.2551,0.2968,0.1546,0.0488,0.073,0.0845,0.0317,3363.2601,3314.1026,3340.696,3560.696,-0.8691,-0.0076,-0.4572,-0.8823,-0.015,0.2841,1,1,1,1,1,40.9,54.2,
2026-07-29 18:25:10.240,0.0886,0.1974,0.1566,0.0937,0.3855,0.3366,0.2731,0.4204,0.3004,0.1379,0.1891,0.2996,0.1767,0.2551,0.2968,0.1546,0.0488,0.073,0.0845,0.0317,3363.2601,3314.1026,3340.696,3560.696,-0.8691,-0.0076,-0.4572,-0.8823,-0.015,0.2841,1,1,1,1,1,40.9,54.2,
2026-07-29 18:25:11.290,0.0886,0.1974,0.1566,0.0937,0.3855,0.3366,0.2731,0.4204,0.3004,0.1379,0.1891,0.2996,0.1767,0.2551,0.2968,0.1546,0.0488,0.073,0.0845,0.0317,3363.2601,3314.1026,3340.696,3560.696,-0.8691,-0.0076,-0.4572,-0.8823,-0.015,0.2841,1,1,1,1,1,40.9,54.2,
2026-07-29 18:25:12.294,0.0886,0.1974,0.1566,0.0937,0.3855,0.3366,0.2731,0.4204,0.3004,0.1379,0.1891,0.2996,0.1767,0.2551,0.2968,0.1546,0.0488,0.073,0.0845,0.0317,3363.2601,3314.1026,3340.696,3560.696,-0.8691,-0.0076,-0.4572,-0.8823,-0.015,0.2841,1,1,1,1,1,40.9,54.2,
2026-07-29 18:25:13.342,0.0886,0.1974,0.1566,0.0937,0.3855,0.3366,0.2731,0.4204,0.3004,0.1379,0.1891,0.2996,0.1767,0.2551,0.2968,0.1546,0.0488,0.073,0.0845,0.0317,3363.2601,3314.1026,3340.696,3560.696,-0.8691,-0.0076,-0.4572,-0.8823,-0.015,0.2841,1,1,1,1,1,40.9,54.2,
2026-07-29 18:25:14.393,0.0886,0.1974,0.1566,0.0937,0.3855,0.3366,0.2731,0.4204,0.3004,0.1379,0.1891,0.2996,0.1767,0.2551,0.2968,0.1546,0.0488,0.073,0.0845,0.0317,3363.2601,3314.1026,3340.696,3560.696,-0.8691,-0.0076,-0.4572,-0.8823,-0.015,0.2841,1,1,1,1,1,40.9,54.2,
2026-07-29 18:25:15.436,0.0886,0.1974,0.1566,0.0937,0.3855,0.3366,0.2731,0.4204,0.3004,0.1379,0.1891,0.2996,0.1767,0.2551,0.2968,0.1546,0.0488,0.073,0.0845,0.0317,3363.2601,3314.1026,3340.696,3560.696,-0.8691,-0.0076,-0.4572,-0.8823,-0.015,0.2841,1,1,1,1,1,40.9,54.2,
2026-07-29 18:25:16.487,0.0886,0.1974,0.1566,0.0937,0.3855,0.3366,0.2731,0.4204,0.3004,0.1379,0.1891,0.2996,0.1767,0.2551,0.2968,0.1546,0.0488,0.073,0.0845,0.0317,3363.2601,3314.1026,3340.696,3560.696,-0.8691,-0.0076,-0.4572,-0.8823,-0.015,0.2841,1,1,1,1,1,40.9,54.2,
2026-07-29 18:25:17.485,0.0886,0.1974,0.1566,0.0937,0.3855,0.3366,0.2731,0.4204,0.3004,0.1379,0.1891,0.2996,0.1767,0.2551,0.2968,0.1546,0.0488,0.073,0.0845,0.0317,3363.2601,3314.1026,3340.696,3560.696,-0.8691,-0.0076,-0.4572,-0.8823,-0.015,0.2841,1,1,1,1,1,40.9,54.2,
2026-07-29 18:25:18.529,0.0886,0.1974,0.1566,0.0937,0.3855,0.3366,0.2731,0.4204,0.3004,0.1379,0.1891,0.2996,0.1767,0.2551,0.2968,0.1546,0.0488,0.073,0.0845,0.0317,3363.2601,3314.1026,3340.696,3560.696,-0.8691,-0.0076,-0.4572,-0.8823,-0.015,0.2841,1,1,1,1,1,40.9,54.2,
2026-07-29 18:25:19.574,0.0886,0.1974,0.1566,0.0937,0.3855,0.3366,0.2731,0.4204,0.3004,0.1379,0.1891,0.2996,0.1767,0.2551,0.2968,0.1546,0.0488,0.073,0.0845,0.0317,3363.2601,3314.1026,3340.696,3560.696,-0.8691,-0.0076,-0.4572,-0.8823,-0.015,0.2841,1,1,1,1,1,40.9,54.2,
2026-07-29 18:25:20.621,0.0886,0.1974,0.1566,0.0937,0.3855,0.3366,0.2731,0.4204,0.3004,0.1379,0.1891,0.2996,0.1767,0.2551,0.2968,0.1546,0.0488,0.073,0.0845,0.0317,3363.2601,3314.1026,3340.696,3560.696,-0.8691,-0.0076,-0.4572,-0.8823,-0.015,0.2841,1,1,1,1,1,40.9,54.2,
2026-07-29 18:25:21.671,0.0886,0.1974,0.1566,0.0937,0.3855,0.3366,0.2731,0.4204,0.3004,0.1379,0.1891,0.2996,0.1767,0.2551,0.2968,0.1546,0.0488,0.073,0.0845,0.0317,3363.2601,3314.1026,3340.696,3560.696,-0.8691,-0.0076,-0.4572,-0.8823,-0.015,0.2841,1,1,1,1,1,40.9,54.2,
2026-07-29 18:25:22.672,0.0886,0.1974,0.1566,0.0937,0.3855,0.3366,0.2731,0.4204,0.3004,0.1379,0.1891,0.2996,0.1767,0.2551,0.2968,0.1546,0.0488,0.073,0.0845,0.0317,3363.2601,3314.1026,3340.696,3560.696,-0.8691,-0.0076,-0.4572,-0.8823,-0.015,0.2841,1,1,1,1,1,40.9,54.2,
2026-07-29 18:25:23.719,0.0886,0.1974,0.1566,0.0937,0.3855,0.3366,0.2731,0.4204,0.3004,0.1379,0.1891,0.2996,0.1767,0.2551,0.2968,0.1546,0.0488,0.073,0.0845,0.0317,3363.2601,3314.1026,3340.696,3560.696,-0.8691,-0.0076,-0.4572,-0.8823,-0.015,0.2841,1,1,1,1,1,40.9,54.2,
2026-07-29 18:25:24.766,0.0886,0.1974,0.1566,0.0937,0.3855,0.3366,0.2731,0.4204,0.3004,0.1379,0.1891,0.2996,0.1767,0.2551,0.2968,0.1546,0.0488,0.073,0.0845,0.0317,3363.2601,3314.1026,3340.696,3560.696,-0.8691,-0.0076,-0.4572,-0.8823,-0.015,0.2841,1,1,1,1,1,40.9,54.2,
2026-07-29 18:25:25.767,0.0886,0.1974,0.1566,0.0937,0.3855,0.3366,0.2731,0.4204,0.3004,0.1379,0.1891,0.2996,0.1767,0.2551,0.2968,0.1546,0.0488,0.073,0.0845,0.0317,3363.2601,3314.1026,3340.696,3560.696,-0.8691,-0.0076,-0.4572,-0.8823,-0.015,0.2841,1,1,1,1,1,40.9,54.2,
2026-07-29 18:25:26.812,0.0886,0.1974,0.1566,0.0937,0.3855,0.3366,0.2731,0.4204,0.3004,0.1379,0.1891,0.2996,0.1767,0.2551,0.2968,0.1546,0.0488,0.073,0.0845,0.0317,3363.2601,3314.1026,3340.696,3560.696,-0.8691,-0.0076,-0.4572,-0.8823,-0.015,0.2841,1,1,1,1,1,40.9,54.2,
2026-07-29 18:25:27.813,0.0886,0.1974,0.1566,0.0937,0.3855,0.3366,0.2731,0.4204,0.3004,0.1379,0.1891,0.2996,0.1767,0.2551,0.2968,0.1546,0.0488,0.073,0.0845,0.0317,3363.2601,3314.1026,3340.696,3560.696,-0.8691,-0.0076,-0.4572,-0.8823,-0.015,0.2841,1,1,1,1,1,40.9,54.2,
2026-07-29 18:25:28.864,0.0886,0.1974,0.1566,0.0937,0.3855,0.3366,0.2731,0.4204,0.3004,0.1379,0.1891,0.2996,0.1767,0.2551,0.2968,0.1546,0.0488,0.073,0.0845,0.0317,3363.2601,3314.1026,3340.696,3560.696,-0.8691,-0.0076,-0.4572,-0.8823,-0.015,0.2841,1,1,1,1,1,40.9,54.2,
2026-07-29 18:25:29.913,0.0886,0.1974,0.1566,0.0937,0.3855,0.3366,0.2731,0.4204,0.3004,0.1379,0.1891,0.2996,0.1767,0.2551,0.2968,0.1546,0.0488,0.073,0.0845,0.0317,3363.2601,3314.1026,3340.696,3560.696,-0.8691,-0.0076,-0.4572,-0.8823,-0.015,0.2841,1,1,1,1,1,40.9,54.2,
2026-07-29 18:25:30.958,0.0886,0.1974,0.1566,0.0937,0.3855,0.3366,0.2731,0.4204,0.3004,0.1379,0.1891,0.2996,0.1767,0.2551,0.2968,0.1546,0.0488,0.073,0.0845,0.0317,3363.2601,3314.1026,3340.696,3560.696,-0.8691,-0.0076,-0.4572,-0.8823,-0.015,0.2841,1,1,1,1,1,40.9,54.2,
2026-07-29 18:25:31.959,0.0886,0.1974,0.1566,0.0937,0.3855,0.3366,0.2731,0.4204,0.3004,0.1379,0.1891,0.2996,0.1767,0.2551,0.2968,0.1546,0.0488,0.073,0.0845,0.0317,3363.2601,3314.1026,3340.696,3560.696,-0.8691,-0.0076,-0.4572,-0.8823,-0.015,0.2841,1,1,1,1,1,40.9,54.2,
2026-07-29 18:25:32.965,0.0886,0.1974,0.1566,0.0937,0.3855,0.3366,0.2731,0.4204,0.3004,0.1379,0.1891,0.2996,0.1767,0.2551,0.2968,0.1546,0.0488,0.073,0.0845,0.0317,3363.2601,3314.1026,3340.696,3560.696,-0.8691,-0.0076,-0.4572,-0.8823,-0.015,0.2841,1,1,1,1,1,40.9,54.2,
2026-07-29 18:25:33.984,0.0886,0.1974,0.1566,0.0937,0.3855,0.3366,0.2731,0.4204,0.3004,0.1379,0.1891,0.2996,0.1767,0.2551,0.2968,0.1546,0.0488,0.073,0.0845,0.0317,3363.2601,3314.1026,3340.696,3560.696,-0.8691,-0.0076,-0.4572,-0.8823,-0.015,0.2841,1,1,1,1,1,40.9,54.2,
2026-07-29 18:25:34.981,0.0886,0.1974,0.1566,0.0937,0.3855,0.3366,0.2731,0.4204,0.3004,0.1379,0.1891,0.2996,0.1767,0.2551,0.2968,0.1546,0.0488,0.073,0.0845,0.0317,3363.2601,3314.1026,3340.696,3560.696,-0.8691,-0.0076,-0.4572,-0.8823,-0.015,0.2841,1,1,1,1,1,40.9,54.2,
2026-07-29 18:25:35.998,0.0886,0.1974,0.1566,0.0937,0.3855,0.3366,0.2731,0.4204,0.3004,0.1379,0.1891,0.2996,0.1767,0.2551,0.2968,0.1546,0.0488,0.073,0.0845,0.0317,3363.2601,3314.1026,3340.696,3560.696,-0.8691,-0.0076,-0.4572,-0.8823,-0.015,0.2841,1,1,1,1,1,40.9,54.2,
2026-07-29 18:25:37.007,0.0886,0.1974,0.1566,0.0937,0.3855,0.3366,0.2731,0.4204,0.3004,0.1379,0.1891,0.2996,0.1767,0.2551,0.2968,0.1546,0.0488,0.073,0.0845,0.0317,3363.2601,3314.1026,3340.696,3560.696,-0.8691,-0.0076,-0.4572,-0.8823,-0.015,0.2841,1,1,1,1,1,40.9,54.2,
2026-07-29 18:25:38.057,0.0886,0.1974,0.1566,0.0937,0.3855,0.3366,0.2731,0.4204,0.3004,0.1379,0.1891,0.2996,0.1767,0.2551,0.2968,0.1546,0.0488,0.073,0.0845,0.0317,3363.2601,3314.1026,3340.696,3560.696,-0.8691,-0.0076,-0.4572,-0.8823,-0.015,0.2841,1,1,1,1,1,40.9,54.2,
2026-07-29 18:25:39.058,0.0886,0.1974,0.1566,0.0937,0.3855,0.3366,0.2731,0.4204,0.3004,0.1379,0.1891,0.2996,0.1767,0.2551,0.2968,0.1546,0.0488,0.073,0.0845,0.0317,3363.2601,3314.1026,3340.696,3560.696,-0.8691,-0.0076,-0.4572,-0.8823,-0.015,0.2841,1,1,1,1,1,40.9,54.2,
2026-07-29 18:25:40.109,0.0886,0.1974,0.1566,0.0937,0.3855,0.3366,0.2731,0.4204,0.3004,0.1379,0.1891,0.2996,0.1767,0.2551,0.2968,0.1546,0.0488,0.073,0.0845,0.0317,3363.2601,3314.1026,3340.696,3560.696,-0.8691,-0.0076,-0.4572,-0.8823,-0.015,0.2841,1,1,1,1,1,40.9,54.2,
2026-07-29 18:25:41.115,0.0886,0.1974,0.1566,0.0937,0.3855,0.3366,0.2731,0.4204,0.3004,0.1379,0.1891,0.2996,0.1767,0.2551,0.2968,0.1546,0.0488,0.073,0.0845,0.0317,3363.2601,3314.1026,3340.696,3560.696,-0.8691,-0.0076,-0.4572,-0.8823,-0.015,0.2841,1,1,1,1,1,40.9,54.2,
2026-07-29 18:25:42.120,0.0886,0.1974,0.1566,0.0937,0.3855,0.3366,0.2731,0.4204,0.3004,0.1379,0.1891,0.2996,0.1767,0.2551,0.2968,0.1546,0.0488,0.073,0.0845,0.0317,3363.2601,3314.1026,3340.696,3560.696,-0.8691,-0.0076,-0.4572,-0.8823,-0.015,0.2841,1,1,1,1,1,40.9,54.2,
2026-07-29 18:25:43.121,0.0886,0.1974,0.1566,0.0937,0.3855,0.3366,0.2731,0.4204,0.3004,0.1379,0.1891,0.2996,0.1767,0.2551,0.2968,0.1546,0.0488,0.073,0.0845,0.0317,3363.2601,3314.1026,3340.696,3560.696,-0.8691,-0.0076,-0.4572,-0.8823,-0.015,0.2841,1,1,1,1,1,40.9,54.2,
2026-07-29 18:25:44.171,0.0886,0.1974,0.1566,0.0937,0.3855,0.3366,0.2731,0.4204,0.3004,0.1379,0.1891,0.2996,0.1767,0.2551,0.2968,0.1546,0.0488,0.073,0.0845,0.0317,3363.2601,3314.1026,3340.696,3560.696,-0.8691,-0.0076,-0.4572,-0.8823,-0.015,0.2841,1,1,1,1,1,40.9,54.2,
2026-07-29 18:25:45.182,0.0886,0.1974,0.1566,0.0937,0.3855,0.3366,0.2731,0.4204,0.3004,0.1379,0.1891,0.2996,0.1767,0.2551,0.2968,0.1546,0.0488,0.073,0.0845,0.0317,3363.2601,3314.1026,3340.696,3560.696,-0.8691,-0.0076,-0.4572,-0.8823,-0.015,0.2841,1,1,1,1,1,40.9,54.2,
2026-07-29 18:25:46.184,0.0886,0.1974,0.1566,0.0937,0.3855,0.3366,0.2731,0.4204,0.3004,0.1379,0.1891,0.2996,0.1767,0.2551,0.2968,0.1546,0.0488,0.073,0.0845,0.0317,3363.2601,3314.1026,3340.696,3560.696,-0.8691,-0.0076,-0.4572,-0.8823,-0.015,0.2841,1,1,1,1,1,40.9,54.2,
2026-07-29 18:25:47.191,0.0886,0.1974,0.1566,0.0937,0.3855,0.3366,0.2731,0.4204,0.3004,0.1379,0.1891,0.2996,0.1767,0.2551,0.2968,0.1546,0.0488,0.073,0.0845,0.0317,3363.2601,3314.1026,3340.696,3560.696,-0.8691,-0.0076,-0.4572,-0.8823,-0.015,0.2841,1,1,1,1,1,40.9,54.2,
2026-07-29 18:25:48.202,0.0886,0.1974,0.1566,0.0937,0.3855,0.3366,0.2731,0.4204,0.3004,0.1379,0.1891,0.2996,0.1767,0.2551,0.2968,0.1546,0.0488,0.073,0.0845,0.0317,3363.2601,3314.1026,3340.696,3560.696,-0.8691,-0.0076,-0.4572,-0.8823,-0.015,0.2841,1,1,1,1,1,40.9,54.2,
2026-07-29 18:25:49.208,0.0886,0.1974,0.1566,0.0937,0.3855,0.3366,0.2731,0.4204,0.3004,0.1379,0.1891,0.2996,0.1767,0.2551,0.2968,0.1546,0.0488,0.073,0.0845,0.0317,3363.2601,3314.1026,3340.696,3560.696,-0.8691,-0.0076,-0.4572,-0.8823,-0.015,0.2841,1,1,1,1,1,40.9,54.2,
2026-07-29 18:25:50.209,0.0886,0.1974,0.1566,0.0937,0.3855,0.3366,0.2731,0.4204,0.3004,0.1379,0.1891,0.2996,0.1767,0.2551,0.2968,0.1546,0.0488,0.073,0.0845,0.0317,3363.2601,3314.1026,3340.696,3560.696,-0.8691,-0.0076,-0.4572,-0.8823,-0.015,0.2841,1,1,1,1,1,40.9,54.2,
2026-07-29 18:25:51.220,0.0886,0.1974,0.1566,0.0937,0.3855,0.3366,0.2731,0.4204,0.3004,0.1379,0.1891,0.2996,0.1767,0.2551,0.2968,0.1546,0.0488,0.073,0.0845,0.0317,3363.2601,3314.1026,3340.696,3560.696,-0.8691,-0.0076,-0.4572,-0.8823,-0.015,0.2841,1,1,1,1,1,40.9,54.2,
2026-07-29 18:25:52.236,0.0886,0.1974,0.1566,0.0937,0.3855,0.3366,0.2731,0.4204,0.3004,0.1379,0.1891,0.2996,0.1767,0.2551,0.2968,0.1546,0.0488,0.073,0.0845,0.0317,3363.2601,3314.1026,3340.696,3560.696,-0.8691,-0.0076,-0.4572,-0.8823,-0.015,0.2841,1,1,1,1,1,40.9,54.2,
2026-07-29 18:25:53.276,0.0886,0.1974,0.1566,0.0937,0.3855,0.3366,0.2731,0.4204,0.3004,0.1379,0.1891,0.2996,0.1767,0.2551,0.2968,0.1546,0.0488,0.073,0.0845,0.0317,3363.2601,3314.1026,3340.696,3560.696,-0.8691,-0.0076,-0.4572,-0.8823,-0.015,0.2841,1,1,1,1,1,40.9,54.2,
2026-07-29 18:25:54.332,0.0886,0.1974,0.1566,0.0937,0.3855,0.3366,0.2731,0.4204,0.3004,0.1379,0.1891,0.2996,0.1767,0.2551,0.2968,0.1546,0.0488,0.073,0.0845,0.0317,3363.2601,3314.1026,3340.696,3560.696,-0.8691,-0.0076,-0.4572,-0.8823,-0.015,0.2841,1,1,1,1,1,40.9,54.2,
2026-07-29 18:25:55.383,0.0886,0.1974,0.1566,0.0937,0.3855,0.3366,0.2731,0.4204,0.3004,0.1379,0.1891,0.2996,0.1767,0.2551,0.2968,0.1546,0.0488,0.073,0.0845,0.0317,3363.2601,3314.1026,3340.696,3560.696,-0.8691,-0.0076,-0.4572,-0.8823,-0.015,0.2841,1,1,1,1,1,40.9,54.2,
2026-07-29 18:25:56.384,0.0886,0.1974,0.1566,0.0937,0.3855,0.3366,0.2731,0.4204,0.3004,0.1379,0.1891,0.2996,0.1767,0.2551,0.2968,0.1546,0.0488,0.073,0.0845,0.0317,3363.2601,3314.1026,3340.696,3560.696,-0.8691,-0.0076,-0.4572,-0.8823,-0.015,0.2841,1,1,1,1,1,40.9,54.2,
2026-07-29 18:25:57.396,0.0886,0.1974,0.1566,0.0937,0.3855,0.3366,0.2731,0.4204,0.3004,0.1379,0.1891,0.2996,0.1767,0.2551,0.2968,0.1546,0.0488,0.073,0.0845,0.0317,3363.2601,3314.1026,3340.696,3560.696,-0.8691,-0.0076,-0.4572,-0.8823,-0.015,0.2841,1,1,1,1,1,40.9,54.2,
2026-07-29 18:25:58.446,0.0886,0.1974,0.1566,0.0937,0.3855,0.3366,0.2731,0.4204,0.3004,0.1379,0.1891,0.2996,0.1767,0.2551,0.2968,0.1546,0.0488,0.073,0.0845,0.0317,3363.2601,3314.1026,3340.696,3560.696,-0.8691,-0.0076,-0.4572,-0.8823,-0.015,0.2841,1,1,1,1,1,40.9,54.2,
2026-07-29 18:25:59.504,0.0886,0.1974,0.1566,0.0937,0.3855,0.3366,0.2731,0.4204,0.3004,0.1379,0.1891,0.2996,0.1767,0.2551,0.2968,0.1546,0.0488,0.073,0.0845,0.0317,3363.2601,3314.1026,3340.696,3560.696,-0.8691,-0.0076,-0.4572,-0.8823,-0.015,0.2841,1,1,1,1,1,40.9,54.2,
2026-07-29 18:26:00.511,0.0886,0.1974,0.1566,0.0937,0.3855,0.3366,0.2731,0.4204,0.3004,0.1379,0.1891,0.2996,0.1767,0.2551,0.2968,0.1546,0.0488,0.073,0.0845,0.0317,3363.2601,3314.1026,3340.696,3560.696,-0.8691,-0.0076,-0.4572,-0.8823,-0.015,0.2841,1,1,1,1,1,40.9,54.2,
2026-07-29 18:26:01.515,0.0886,0.1974,0.1566,0.0937,0.3855,0.3366,0.2731,0.4204,0.3004,0.1379,0.1891,0.2996,0.1767,0.2551,0.2968,0.1546,0.0488,0.073,0.0845,0.0317,3363.2601,3314.1026,3340.696,3560.696,-0.8691,-0.0076,-0.4572,-0.8823,-0.015,0.2841,1,1,1,1,1,40.9,54.2,
2026-07-29 18:26:02.528,0.0886,0.1974,0.1566,0.0937,0.3855,0.3366,0.2731,0.4204,0.3004,0.1379,0.1891,0.2996,0.1767,0.2551,0.2968,0.1546,0.0488,0.073,0.0845,0.0317,3363.2601,3314.1026,3340.696,3560.696,-0.8691,-0.0076,-0.4572,-0.8823,-0.015,0.2841,1,1,1,1,1,40.9,54.2,
2026-07-29 18:26:03.531,0.0886,0.1974,0.1566,0.0937,0.3855,0.3366,0.2731,0.4204,0.3004,0.1379,0.1891,0.2996,0.1767,0.2551,0.2968,0.1546,0.0488,0.073,0.0845,0.0317,3363.2601,3314.1026,3340.696,3560.696,-0.8691,-0.0076,-0.4572,-0.8823,-0.015,0.2841,1,1,1,1,1,40.9,54.2,
2026-07-29 18:26:04.540,0.0886,0.1974,0.1566,0.0937,0.3855,0.3366,0.2731,0.4204,0.3004,0.1379,0.1891,0.2996,0.1767,0.2551,0.2968,0.1546,0.0488,0.073,0.0845,0.0317,3363.2601,3314.1026,3340.696,3560.696,-0.8691,-0.0076,-0.4572,-0.8823,-0.015,0.2841,1,1,1,1,1,40.9,54.2,
2026-07-29 18:26:05.549,0.0886,0.1974,0.1566,0.0937,0.3855,0.3366,0.2731,0.4204,0.3004,0.1379,0.1891,0.2996,0.1767,0.2551,0.2968,0.1546,0.0488,0.073,0.0845,0.0317,3363.2601,3314.1026,3340.696,3560.696,-0.8691,-0.0076,-0.4572,-0.8823,-0.015,0.2841,1,1,1,1,1,40.9,54.2,
2026-07-29 18:26:06.554,0.0886,0.1974,0.1566,0.0937,0.3855,0.3366,0.2731,0.4204,0.3004,0.1379,0.1891,0.2996,0.1767,0.2551,0.2968,0.1546,0.0488,0.073,0.0845,0.0317,3363.2601,3314.1026,3340.696,3560.696,-0.8691,-0.0076,-0.4572,-0.8823,-0.015,0.2841,1,1,1,1,1,40.9,54.2,
2026-07-29 18:26:07.556,0.0886,0.1974,0.1566,0.0937,0.3855,0.3366,0.2731,0.4204,0.3004,0.1379,0.1891,0.2996,0.1767,0.2551,0.2968,0.1546,0.0488,0.073,0.0845,0.0317,3363.2601,3314.1026,3340.696,3560.696,-0.8691,-0.0076,-0.4572,-0.8823,-0.015,0.2841,1,1,1,1,1,40.9,54.2,
2026-07-29 18:26:08.562,0.0886,0.1974,0.1566,0.0937,0.3855,0.3366,0.2731,0.4204,0.3004,0.1379,0.1891,0.2996,0.1767,0.2551,0.2968,0.1546,0.0488,0.073,0.0845,0.0317,3363.2601,3314.1026,3340.696,3560.696,-0.8691,-0.0076,-0.4572,-0.8823,-0.015,0.2841,1,1,1,1,1,40.9,54.2,
2026-07-29 18:26:09.565,0.0886,0.1974,0.1566,0.0937,0.3855,0.3366,0.2731,0.4204,0.3004,0.1379,0.1891,0.2996,0.1767,0.2551,0.2968,0.1546,0.0488,0.073,0.0845,0.0317,3363.2601,3314.1026,3340.696,3560.696,-0.8691,-0.0076,-0.4572,-0.8823,-0.015,0.2841,1,1,1,1,1,40.9,54.2,
2026-07-29 18:26:10.610,0.0886,0.1974,0.1566,0.0937,0.3855,0.3366,0.2731,0.4204,0.3004,0.1379,0.1891,0.2996,0.1767,0.2551,0.2968,0.1546,0.0488,0.073,0.0845,0.0317,3363.2601,3314.1026,3340.696,3560.696,-0.8691,-0.0076,-0.4572,-0.8823,-0.015,0.2841,1,1,1,1,1,40.9,54.2,
2026-07-29 18:26:11.617,0.0886,0.1974,0.1566,0.0937,0.3855,0.3366,0.2731,0.4204,0.3004,0.1379,0.1891,0.2996,0.1767,0.2551,0.2968,0.1546,0.0488,0.073,0.0845,0.0317,3363.2601,3314.1026,3340.696,3560.696,-0.8691,-0.0076,-0.4572,-0.8823,-0.015,0.2841,1,1,1,1,1,40.9,54.2,
2026-07-29 18:26:12.662,0.0886,0.1974,0.1566,0.0937,0.3855,0.3366,0.2731,0.4204,0.3004,0.1379,0.1891,0.2996,0.1767,0.2551,0.2968,0.1546,0.0488,0.073,0.0845,0.0317,3363.2601,3314.1026,3340.696,3560.696,-0.8691,-0.0076,-0.4572,-0.8823,-0.015,0.2841,1,1,1,1,1,40.9,54.2,
2026-07-29 18:26:13.708,0.0886,0.1974,0.1566,0.0937,0.3855,0.3366,0.2731,0.4204,0.3004,0.1379,0.1891,0.2996,0.1767,0.2551,0.2968,0.1546,0.0488,0.073,0.0845,0.0317,3363.2601,3314.1026,3340.696,3560.696,-0.8691,-0.0076,-0.4572,-0.8823,-0.015,0.2841,1,1,1,1,1,40.9,54.2,
2026-07-29 18:26:14.760,0.0886,0.1974,0.1566,0.0937,0.3855,0.3366,0.2731,0.4204,0.3004,0.1379,0.1891,0.2996,0.1767,0.2551,0.2968,0.1546,0.0488,0.073,0.0845,0.0317,3363.2601,3314.1026,3340.696,3560.696,-0.8691,-0.0076,-0.4572,-0.8823,-0.015,0.2841,1,1,1,1,1,40.9,54.2,
2026-07-29 18:26:15.814,0.0886,0.1974,0.1566,0.0937,0.3855,0.3366,0.2731,0.4204,0.3004,0.1379,0.1891,0.2996,0.1767,0.2551,0.2968,0.1546,0.0488,0.073,0.0845,0.0317,3363.2601,3314.1026,3340.696,3560.696,-0.8691,-0.0076,-0.4572,-0.8823,-0.015,0.2841,1,1,1,1,1,40.9,54.2,
2026-07-29 18:26:16.818,0.0886,0.1974,0.1566,0.0937,0.3855,0.3366,0.2731,0.4204,0.3004,0.1379,0.1891,0.2996,0.1767,0.2551,0.2968,0.1546,0.0488,0.073,0.0845,0.0317,3363.2601,3314.1026,3340.696,3560.696,-0.8691,-0.0076,-0.4572,-0.8823,-0.015,0.2841,1,1,1,1,1,40.9,54.2,
2026-07-29 18:26:17.826,0.0886,0.1974,0.1566,0.0937,0.3855,0.3366,0.2731,0.4204,0.3004,0.1379,0.1891,0.2996,0.1767,0.2551,0.2968,0.1546,0.0488,0.073,0.0845,0.0317,3363.2601,3314.1026,3340.696,3560.696,-0.8691,-0.0076,-0.4572,-0.8823,-0.015,0.2841,1,1,1,1,1,40.9,54.2,
2026-07-29 18:26:18.835,0.0886,0.1974,0.1566,0.0937,0.3855,0.3366,0.2731,0.4204,0.3004,0.1379,0.1891,0.2996,0.1767,0.2551,0.2968,0.1546,0.0488,0.073,0.0845,0.0317,3363.2601,3314.1026,3340.696,3560.696,-0.8691,-0.0076,-0.4572,-0.8823,-0.015,0.2841,1,1,1,1,1,40.9,54.2,
2026-07-29 18:26:19.838,0.0886,0.1974,0.1566,0.0937,0.3855,0.3366,0.2731,0.4204,0.3004,0.1379,0.1891,0.2996,0.1767,0.2551,0.2968,0.1546,0.0488,0.073,0.0845,0.0317,3363.2601,3314.1026,3340.696,3560.696,-0.8691,-0.0076,-0.4572,-0.8823,-0.015,0.2841,1,1,1,1,1,40.9,54.2,
2026-07-29 18:26:20.839,0.0886,0.1974,0.1566,0.0937,0.3855,0.3366,0.2731,0.4204,0.3004,0.1379,0.1891,0.2996,0.1767,0.2551,0.2968,0.1546,0.0488,0.073,0.0845,0.0317,3363.2601,3314.1026,3340.696,3560.696,-0.8691,-0.0076,-0.4572,-0.8823,-0.015,0.2841,1,1,1,1,1,40.9,54.2,
2026-07-29 18:26:21.895,0.0886,0.1974,0.1566,0.0937,0.3855,0.3366,0.2731,0.4204,0.3004,0.1379,0.1891,0.2996,0.1767,0.2551,0.2968,0.1546,0.0488,0.073,0.0845,0.0317,3363.2601,3314.1026,3340.696,3560.696,-0.8691,-0.0076,-0.4572,-0.8823,-0.015,0.2841,1,1,1,1,1,40.9,54.2,
2026-07-29 18:26:22.901,0.0886,0.1974,0.1566,0.0937,0.3855,0.3366,0.2731,0.4204,0.3004,0.1379,0.1891,0.2996,0.1767,0.2551,0.2968,0.1546,0.0488,0.073,0.0845,0.0317,3363.2601,3314.1026,3340.696,3560.696,-0.8691,-0.0076,-0.4572,-0.8823,-0.015,0.2841,1,1,1,1,1,40.9,54.2,
2026-07-29 18:26:23.910,0.0886,0.1974,0.1566,0.0937,0.3855,0.3366,0.2731,0.4204,0.3004,0.1379,0.1891,0.2996,0.1767,0.2551,0.2968,0.1546,0.0488,0.073,0.0845,0.0317,3363.2601,3314.1026,3340.696,3560.696,-0.8691,-0.0076,-0.4572,-0.8823,-0.015,0.2841,1,1,1,1,1,40.9,54.2,
2026-07-29 18:26:24.914,0.0886,0.1974,0.1566,0.0937,0.3855,0.3366,0.2731,0.4204,0.3004,0.1379,0.1891,0.2996,0.1767,0.2551,0.2968,0.1546,0.0488,0.073,0.0845,0.0317,3363.2601,3314.1026,3340.696,3560.696,-0.8691,-0.0076,-0.4572,-0.8823,-0.015,0.2841,1,1,1,1,1,40.9,54.2,
2026-07-29 18:26:25.914,0.0886,0.1974,0.1566,0.0937,0.3855,0.3366,0.2731,0.4204,0.3004,0.1379,0.1891,0.2996,0.1767,0.2551,0.2968,0.1546,0.0488,0.073,0.0845,0.0317,3363.2601,3314.1026,3340.696,3560.696,-0.8691,-0.0076,-0.4572,-0.8823,-0.015,0.2841,1,1,1,1,1,40.9,54.2,
2026-07-29 18:26:26.920,0.0886,0.1974,0.1566,0.0937,0.3855,0.3366,0.2731,0.4204,0.3004,0.1379,0.1891,0.2996,0.1767,0.2551,0.2968,0.1546,0.0488,0.073,0.0845,0.0317,3363.2601,3314.1026,3340.696,3560.696,-0.8691,-0.0076,-0.4572,-0.8823,-0.015,0.2841,1,1,1,1,1,40.9,54.2,
2026-07-29 18:26:27.967,0.0886,0.1974,0.1566,0.0937,0.3855,0.3366,0.2731,0.4204,0.3004,0.1379,0.1891,0.2996,0.1767,0.2551,0.2968,0.1546,0.0488,0.073,0.0845,0.0317,3363.2601,3314.1026,3340.696,3560.696,-0.8691,-0.0076,-0.4572,-0.8823,-0.015,0.2841,1,1,1,1,1,40.9,54.2,
2026-07-29 18:26:28.969,0.0886,0.1974,0.1566,0.0937,0.3855,0.3366,0.2731,0.4204,0.3004,0.1379,0.1891,0.2996,0.1767,0.2551,0.2968,0.1546,0.0488,0.073,0.0845,0.0317,3363.2601,3314.1026,3340.696,3560.696,-0.8691,-0.0076,-0.4572,-0.8823,-0.015,0.2841,1,1,1,1,1,40.9,54.2,
2026-07-29 18:26:29.973,0.0886,0.1974,0.1566,0.0937,0.3855,0.3366,0.2731,0.4204,0.3004,0.1379,0.1891,0.2996,0.1767,0.2551,0.2968,0.1546,0.0488,0.073,0.0845,0.0317,3363.2601,3314.1026,3340.696,3560.696,-0.8691,-0.0076,-0.4572,-0.8823,-0.015,0.2841,1,1,1,1,1,40.9,54.2,
2026-07-29 18:26:30.973,0.0886,0.1974,0.1566,0.0937,0.3855,0.3366,0.2731,0.4204,0.3004,0.1379,0.1891,0.2996,0.1767,0.2551,0.2968,0.1546,0.0488,0.073,0.0845,0.0317,3363.2601,3314.1026,3340.696,3560.696,-0.8691,-0.0076,-0.4572,-0.8823,-0.015,0.2841,1,1,1,1,1,40.9,54.2,
2026-07-29 18:26:32.023,0.0886,0.1974,0.1566,0.0937,0.3855,0.3366,0.2731,0.4204,0.3004,0.1379,0.1891,0.2996,0.1767,0.2551,0.2968,0.1546,0.0488,0.073,0.0845,0.0317,3363.2601,3314.1026,3340.696,3560.696,-0.8691,-0.0076,-0.4572,-0.8823,-0.015,0.2841,1,1,1,1,1,40.9,54.2,
2026-07-29 18:26:33.074,0.0886,0.1974,0.1566,0.0937,0.3855,0.3366,0.2731,0.4204,0.3004,0.1379,0.1891,0.2996,0.1767,0.2551,0.2968,0.1546,0.0488,0.073,0.0845,0.0317,3363.2601,3314.1026,3340.696,3560.696,-0.8691,-0.0076,-0.4572,-0.8823,-0.015,0.2841,1,1,1,1,1,40.9,54.2,
2026-07-29 18:26:34.078,0.0886,0.1974,0.1566,0.0937,0.3855,0.3366,0.2731,0.4204,0.3004,0.1379,0.1891,0.2996,0.1767,0.2551,0.2968,0.1546,0.0488,0.073,0.0845,0.0317,3363.2601,3314.1026,3340.696,3560.696,-0.8691,-0.0076,-0.4572,-0.8823,-0.015,0.2841,1,1,1,1,1,40.9,54.2,
2026-07-29 18:26:35.082,0.0886,0.1974,0.1566,0.0937,0.3855,0.3366,0.2731,0.4204,0.3004,0.1379,0.1891,0.2996,0.1767,0.2551,0.2968,0.1546,0.0488,0.073,0.0845,0.0317,3363.2601,3314.1026,3340.696,3560.696,-0.8691,-0.0076,-0.4572,-0.8823,-0.015,0.2841,1,1,1,1,1,40.9,54.2,
2026-07-29 18:26:36.085,0.0886,0.1974,0.1566,0.0937,0.3855,0.3366,0.2731,0.4204,0.3004,0.1379,0.1891,0.2996,0.1767,0.2551,0.2968,0.1546,0.0488,0.073,0.0845,0.0317,3363.2601,3314.1026,3340.696,3560.696,-0.8691,-0.0076,-0.4572,-0.8823,-0.015,0.2841,1,1,1,1,1,40.9,54.2,
2026-07-29 18:26:37.134,0.0886,0.1974,0.1566,0.0937,0.3855,0.3366,0.2731,0.4204,0.3004,0.1379,0.1891,0.2996,0.1767,0.2551,0.2968,0.1546,0.0488,0.073,0.0845,0.0317,3363.2601,3314.1026,3340.696,3560.696,-0.8691,-0.0076,-0.4572,-0.8823,-0.015,0.2841,1,1,1,1,1,40.9,54.2,
2026-07-29 18:26:38.186,0.0886,0.1974,0.1566,0.0937,0.3855,0.3366,0.2731,0.4204,0.3004,0.1379,0.1891,0.2996,0.1767,0.2551,0.2968,0.1546,0.0488,0.073,0.0845,0.0317,3363.2601,3314.1026,3340.696,3560.696,-0.8691,-0.0076,-0.4572,-0.8823,-0.015,0.2841,1,1,1,1,1,40.9,54.2,
2026-07-29 18:26:39.187,0.0886,0.1974,0.1566,0.0937,0.3855,0.3366,0.2731,0.4204,0.3004,0.1379,0.1891,0.2996,0.1767,0.2551,0.2968,0.1546,0.0488,0.073,0.0845,0.0317,3363.2601,3314.1026,3340.696,3560.696,-0.8691,-0.0076,-0.4572,-0.8823,-0.015,0.2841,1,1,1,1,1,40.9,54.2,
2026-07-29 18:26:40.227,0.0886,0.1974,0.1566,0.0937,0.3855,0.3366,0.2731,0.4204,0.3004,0.1379,0.1891,0.2996,0.1767,0.2551,0.2968,0.1546,0.0488,0.073,0.0845,0.0317,3363.2601,3314.1026,3340.696,3560.696,-0.8691,-0.0076,-0.4572,-0.8823,-0.015,0.2841,1,1,1,1,1,40.9,54.2,
2026-07-29 18:26:41.277,0.0886,0.1974,0.1566,0.0937,0.3855,0.3366,0.2731,0.4204,0.3004,0.1379,0.1891,0.2996,0.1767,0.2551,0.2968,0.1546,0.0488,0.073,0.0845,0.0317,3363.2601,3314.1026,3340.696,3560.696,-0.8691,-0.0076,-0.4572,-0.8823,-0.015,0.2841,1,1,1,1,1,40.9,54.2,
2026-07-29 18:26:42.285,0.0886,0.1974,0.1566,0.0937,0.3855,0.3366,0.2731,0.4204,0.3004,0.1379,0.1891,0.2996,0.1767,0.2551,0.2968,0.1546,0.0488,0.073,0.0845,0.0317,3363.2601,3314.1026,3340.696,3560.696,-0.8691,-0.0076,-0.4572,-0.8823,-0.015,0.2841,1,1,1,1,1,40.9,54.2,
2026-07-29 18:26:43.286,0.0886,0.1974,0.1566,0.0937,0.3855,0.3366,0.2731,0.4204,0.3004,0.1379,0.1891,0.2996,0.1767,0.2551,0.2968,0.1546,0.0488,0.073,0.0845,0.0317,3363.2601,3314.1026,3340.696,3560.696,-0.8691,-0.0076,-0.4572,-0.8823,-0.015,0.2841,1,1,1,1,1,40.9,54.2,
2026-07-29 18:26:44.293,0.0886,0.1974,0.1566,0.0937,0.3855,0.3366,0.2731,0.4204,0.3004,0.1379,0.1891,0.2996,0.1767,0.2551,0.2968,0.1546,0.0488,0.073,0.0845,0.0317,3363.2601,3314.1026,3340.696,3560.696,-0.8691,-0.0076,-0.4572,-0.8823,-0.015,0.2841,1,1,1,1,1,40.9,54.2,
2026-07-29 18:26:45.293,0.0886,0.1974,0.1566,0.0937,0.3855,0.3366,0.2731,0.4204,0.3004,0.1379,0.1891,0.2996,0.1767,0.2551,0.2968,0.1546,0.0488,0.073,0.0845,0.0317,3363.2601,3314.1026,3340.696,3560.696,-0.8691,-0.0076,-0.4572,-0.8823,-0.015,0.2841,1,1,1,1,1,40.9,54.2,
2026-07-29 18:26:46.341,0.0886,0.1974,0.1566,0.0937,0.3855,0.3366,0.2731,0.4204,0.3004,0.1379,0.1891,0.2996,0.1767,0.2551,0.2968,0.1546,0.0488,0.073,0.0845,0.0317,3363.2601,3314.1026,3340.696,3560.696,-0.8691,-0.0076,-0.4572,-0.8823,-0.015,0.2841,1,1,1,1,1,40.9,54.2,
2026-07-29 18:26:47.344,0.0886,0.1974,0.1566,0.0937,0.3855,0.3366,0.2731,0.4204,0.3004,0.1379,0.1891,0.2996,0.1767,0.2551,0.2968,0.1546,0.0488,0.073,0.0845,0.0317,3363.2601,3314.1026,3340.696,3560.696,-0.8691,-0.0076,-0.4572,-0.8823,-0.015,0.2841,1,1,1,1,1,40.9,54.2,
2026-07-29 18:26:48.396,0.0886,0.1974,0.1566,0.0937,0.3855,0.3366,0.2731,0.4204,0.3004,0.1379,0.1891,0.2996,0.1767,0.2551,0.2968,0.1546,0.0488,0.073,0.0845,0.0317,3363.2601,3314.1026,3340.696,3560.696,-0.8691,-0.0076,-0.4572,-0.8823,-0.015,0.2841,1,1,1,1,1,40.9,54.2,
2026-07-29 18:26:49.444,0.0886,0.1974,0.1566,0.0937,0.3855,0.3366,0.2731,0.4204,0.3004,0.1379,0.1891,0.2996,0.1767,0.2551,0.2968,0.1546,0.0488,0.073,0.0845,0.0317,3363.2601,3314.1026,3340.696,3560.696,-0.8691,-0.0076,-0.4572,-0.8823,-0.015,0.2841,1,1,1,1,1,40.9,54.2,
2026-07-29 18:26:50.497,0.0886,0.1974,0.1566,0.0937,0.3855,0.3366,0.2731,0.4204,0.3004,0.1379,0.1891,0.2996,0.1767,0.2551,0.2968,0.1546,0.0488,0.073,0.0845,0.0317,3363.2601,3314.1026,3340.696,3560.696,-0.8691,-0.0076,-0.4572,-0.8823,-0.015,0.2841,1,1,1,1,1,40.9,54.2,
2026-07-29 18:26:51.504,0.0886,0.1974,0.1566,0.0937,0.3855,0.3366,0.2731,0.4204,0.3004,0.1379,0.1891,0.2996,0.1767,0.2551,0.2968,0.1546,0.0488,0.073,0.0845,0.0317,3363.2601,3314.1026,3340.696,3560.696,-0.8691,-0.0076,-0.4572,-0.8823,-0.015,0.2841,1,1,1,1,1,40.9,54.2,
2026-07-29 18:26:52.509,0.0886,0.1974,0.1566,0.0937,0.3855,0.3366,0.2731,0.4204,0.3004,0.1379,0.1891,0.2996,0.1767,0.2551,0.2968,0.1546,0.0488,0.073,0.0845,0.0317,3363.2601,3314.1026,3340.696,3560.696,-0.8691,-0.0076,-0.4572,-0.8823,-0.015,0.2841,1,1,1,1,1,40.9,54.2,
2026-07-29 18:26:53.516,0.0886,0.1974,0.1566,0.0937,0.3855,0.3366,0.2731,0.4204,0.3004,0.1379,0.1891,0.2996,0.1767,0.2551,0.2968,0.1546,0.0488,0.073,0.0845,0.0317,3363.2601,3314.1026,3340.696,3560.696,-0.8691,-0.0076,-0.4572,-0.8823,-0.015,0.2841,1,1,1,1,1,40.9,54.2,
2026-07-29 18:26:54.519,0.0886,0.1974,0.1566,0.0937,0.3855,0.3366,0.2731,0.4204,0.3004,0.1379,0.1891,0.2996,0.1767,0.2551,0.2968,0.1546,0.0488,0.073,0.0845,0.0317,3363.2601,3314.1026,3340.696,3560.696,-0.8691,-0.0076,-0.4572,-0.8823,-0.015,0.2841,1,1,1,1,1,40.9,54.2,
2026-07-29 18:26:55.522,0.0886,0.1974,0.1566,0.0937,0.3855,0.3366,0.2731,0.4204,0.3004,0.1379,0.1891,0.2996,0.1767,0.2551,0.2968,0.1546,0.0488,0.073,0.0845,0.0317,3363.2601,3314.1026,3340.696,3560.696,-0.8691,-0.0076,-0.4572,-0.8823,-0.015,0.2841,1,1,1,1,1,40.9,54.2,
2026-07-29 18:26:56.573,0.0886,0.1974,0.1566,0.0937,0.3855,0.3366,0.2731,0.4204,0.3004,0.1379,0.1891,0.2996,0.1767,0.2551,0.2968,0.1546,0.0488,0.073,0.0845,0.0317,3363.2601,3314.1026,3340.696,3560.696,-0.8691,-0.0076,-0.4572,-0.8823,-0.015,0.2841,1,1,1,1,1,40.9,54.2,
2026-07-29 18:26:57.574,0.0886,0.1974,0.1566,0.0937,0.3855,0.3366,0.2731,0.4204,0.3004,0.1379,0.1891,0.2996,0.1767,0.2551,0.2968,0.1546,0.0488,0.073,0.0845,0.0317,3363.2601,3314.1026,3340.696,3560.696,-0.8691,-0.0076,-0.4572,-0.8823,-0.015,0.2841,1,1,1,1,1,40.9,54.2,
2026-07-29 18:26:58.576,0.0886,0.1974,0.1566,0.0937,0.3855,0.3366,0.2731,0.4204,0.3004,0.1379,0.1891,0.2996,0.1767,0.2551,0.2968,0.1546,0.0488,0.073,0.0845,0.0317,3363.2601,3314.1026,3340.696,3560.696,-0.8691,-0.0076,-0.4572,-0.8823,-0.015,0.2841,1,1,1,1,1,40.9,54.2,
2026-07-29 18:26:59.624,0.0886,0.1974,0.1566,0.0937,0.3855,0.3366,0.2731,0.4204,0.3004,0.1379,0.1891,0.2996,0.1767,0.2551,0.2968,0.1546,0.0488,0.073,0.0845,0.0317,3363.2601,3314.1026,3340.696,3560.696,-0.8691,-0.0076,-0.4572,-0.8823,-0.015,0.2841,1,1,1,1,1,40.9,54.2,
2026-07-29 18:27:00.682,0.0886,0.1974,0.1566,0.0937,0.3855,0.3366,0.2731,0.4204,0.3004,0.1379,0.1891,0.2996,0.1767,0.2551,0.2968,0.1546,0.0488,0.073,0.0845,0.0317,3363.2601,3314.1026,3340.696,3560.696,-0.8691,-0.0076,-0.4572,-0.8823,-0.015,0.2841,1,1,1,1,1,40.9,54.2,
2026-07-29 18:27:01.686,0.0886,0.1974,0.1566,0.0937,0.3855,0.3366,0.2731,0.4204,0.3004,0.1379,0.1891,0.2996,0.1767,0.2551,0.2968,0.1546,0.0488,0.073,0.0845,0.0317,3363.2601,3314.1026,3340.696,3560.696,-0.8691,-0.0076,-0.4572,-0.8823,-0.015,0.2841,1,1,1,1,1,40.9,54.2,
2026-07-29 18:27:02.688,0.0886,0.1974,0.1566,0.0937,0.3855,0.3366,0.2731,0.4204,0.3004,0.1379,0.1891,0.2996,0.1767,0.2551,0.2968,0.1546,0.0488,0.073,0.0845,0.0317,3363.2601,3314.1026,3340.696,3560.696,-0.8691,-0.0076,-0.4572,-0.8823,-0.015,0.2841,1,1,1,1,1,40.9,54.2,
2026-07-29 18:27:03.737,0.0886,0.1974,0.1566,0.0937,0.3855,0.3366,0.2731,0.4204,0.3004,0.1379,0.1891,0.2996,0.1767,0.2551,0.2968,0.1546,0.0488,0.073,0.0845,0.0317,3363.2601,3314.1026,3340.696,3560.696,-0.8691,-0.0076,-0.4572,-0.8823,-0.015,0.2841,1,1,1,1,1,40.9,54.2,
2026-07-29 18:27:04.741,0.0886,0.1974,0.1566,0.0937,0.3855,0.3366,0.2731,0.4204,0.3004,0.1379,0.1891,0.2996,0.1767,0.2551,0.2968,0.1546,0.0488,0.073,0.0845,0.0317,3363.2601,3314.1026,3340.696,3560.696,-0.8691,-0.0076,-0.4572,-0.8823,-0.015,0.2841,1,1,1,1,1,40.9,54.2,
2026-07-29 18:27:05.789,0.0886,0.1974,0.1566,0.0937,0.3855,0.3366,0.2731,0.4204,0.3004,0.1379,0.1891,0.2996,0.1767,0.2551,0.2968,0.1546,0.0488,0.073,0.0845,0.0317,3363.2601,3314.1026,3340.696,3560.696,-0.8691,-0.0076,-0.4572,-0.8823,-0.015,0.2841,1,1,1,1,1,40.9,54.2,
2026-07-29 18:27:06.791,0.0886,0.1974,0.1566,0.0937,0.3855,0.3366,0.2731,0.4204,0.3004,0.1379,0.1891,0.2996,0.1767,0.2551,0.2968,0.1546,0.0488,0.073,0.0845,0.0317,3363.2601,3314.1026,3340.696,3560.696,-0.8691,-0.0076,-0.4572,-0.8823,-0.015,0.2841,1,1,1,1,1,40.9,54.2,
2026-07-29 18:27:07.839,0.0886,0.1974,0.1566,0.0937,0.3855,0.3366,0.2731,0.4204,0.3004,0.1379,0.1891,0.2996,0.1767,0.2551,0.2968,0.1546,0.0488,0.073,0.0845,0.0317,3363.2601,3314.1026,3340.696,3560.696,-0.8691,-0.0076,-0.4572,-0.8823,-0.015,0.2841,1,1,1,1,1,40.9,54.2,
2026-07-29 18:27:08.837,0.0886,0.1974,0.1566,0.0937,0.3855,0.3366,0.2731,0.4204,0.3004,0.1379,0.1891,0.2996,0.1767,0.2551,0.2968,0.1546,0.0488,0.073,0.0845,0.0317,3363.2601,3314.1026,3340.696,3560.696,-0.8691,-0.0076,-0.4572,-0.8823,-0.015,0.2841,1,1,1,1,1,40.9,54.2,
2026-07-29 18:27:09.886,0.0886,0.1974,0.1566,0.0937,0.3855,0.3366,0.2731,0.4204,0.3004,0.1379,0.1891,0.2996,0.1767,0.2551,0.2968,0.1546,0.0488,0.073,0.0845,0.0317,3363.2601,3314.1026,3340.696,3560.696,-0.8691,-0.0076,-0.4572,-0.8823,-0.015,0.2841,1,1,1,1,1,40.9,54.2,
2026-07-29 18:27:10.935,0.0886,0.1974,0.1566,0.0937,0.3855,0.3366,0.2731,0.4204,0.3004,0.1379,0.1891,0.2996,0.1767,0.2551,0.2968,0.1546,0.0488,0.073,0.0845,0.0317,3363.2601,3314.1026,3340.696,3560.696,-0.8691,-0.0076,-0.4572,-0.8823,-0.015,0.2841,1,1,1,1,1,40.9,54.2,
2026-07-29 18:27:11.937,0.0886,0.1974,0.1566,0.0937,0.3855,0.3366,0.2731,0.4204,0.3004,0.1379,0.1891,0.2996,0.1767,0.2551,0.2968,0.1546,0.0488,0.073,0.0845,0.0317,3363.2601,3314.1026,3340.696,3560.696,-0.8691,-0.0076,-0.4572,-0.8823,-0.015,0.2841,1,1,1,1,1,40.9,54.2,
2026-07-29 18:27:12.943,0.0886,0.1974,0.1566,0.0937,0.3855,0.3366,0.2731,0.4204,0.3004,0.1379,0.1891,0.2996,0.1767,0.2551,0.2968,0.1546,0.0488,0.073,0.0845,0.0317,3363.2601,3314.1026,3340.696,3560.696,-0.8691,-0.0076,-0.4572,-0.8823,-0.015,0.2841,1,1,1,1,1,40.9,54.2,
2026-07-29 18:27:13.947,0.0886,0.1974,0.1566,0.0937,0.3855,0.3366,0.2731,0.4204,0.3004,0.1379,0.1891,0.2996,0.1767,0.2551,0.2968,0.1546,0.0488,0.073,0.0845,0.0317,3363.2601,3314.1026,3340.696,3560.696,-0.8691,-0.0076,-0.4572,-0.8823,-0.015,0.2841,1,1,1,1,1,40.9,54.2,
2026-07-29 18:27:14.949,0.0886,0.1974,0.1566,0.0937,0.3855,0.3366,0.2731,0.4204,0.3004,0.1379,0.1891,0.2996,0.1767,0.2551,0.2968,0.1546,0.0488,0.073,0.0845,0.0317,3363.2601,3314.1026,3340.696,3560.696,-0.8691,-0.0076,-0.4572,-0.8823,-0.015,0.2841,1,1,1,1,1,40.9,54.2,
2026-07-29 18:27:16.002,0.0886,0.1974,0.1566,0.0937,0.3855,0.3366,0.2731,0.4204,0.3004,0.1379,0.1891,0.2996,0.1767,0.2551,0.2968,0.1546,0.0488,0.073,0.0845,0.0317,3363.2601,3314.1026,3340.696,3560.696,-0.8691,-0.0076,-0.4572,-0.8823,-0.015,0.2841,1,1,1,1,1,40.9,54.2,
2026-07-29 18:27:17.008,0.0886,0.1974,0.1566,0.0937,0.3855,0.3366,0.2731,0.4204,0.3004,0.1379,0.1891,0.2996,0.1767,0.2551,0.2968,0.1546,0.0488,0.073,0.0845,0.0317,3363.2601,3314.1026,3340.696,3560.696,-0.8691,-0.0076,-0.4572,-0.8823,-0.015,0.2841,1,1,1,1,1,40.9,54.2,
2026-07-29 18:27:18.007,0.0886,0.1974,0.1566,0.0937,0.3855,0.3366,0.2731,0.4204,0.3004,0.1379,0.1891,0.2996,0.1767,0.2551,0.2968,0.1546,0.0488,0.073,0.0845,0.0317,3363.2601,3314.1026,3340.696,3560.696,-0.8691,-0.0076,-0.4572,-0.8823,-0.015,0.2841,1,1,1,1,1,40.9,54.2,
2026-07-29 18:27:19.056,0.0886,0.1974,0.1566,0.0937,0.3855,0.3366,0.2731,0.4204,0.3004,0.1379,0.1891,0.2996,0.1767,0.2551,0.2968,0.1546,0.0488,0.073,0.0845,0.0317,3363.2601,3314.1026,3340.696,3560.696,-0.8691,-0.0076,-0.4572,-0.8823,-0.015,0.2841,1,1,1,1,1,40.9,54.2,
2026-07-29 18:27:20.058,0.0886,0.1974,0.1566,0.0937,0.3855,0.3366,0.2731,0.4204,0.3004,0.1379,0.1891,0.2996,0.1767,0.2551,0.2968,0.1546,0.0488,0.073,0.0845,0.0317,3363.2601,3314.1026,3340.696,3560.696,-0.8691,-0.0076,-0.4572,-0.8823,-0.015,0.2841,1,1,1,1,1,40.9,54.2,
2026-07-29 18:27:21.061,0.0886,0.1974,0.1566,0.0937,0.3855,0.3366,0.2731,0.4204,0.3004,0.1379,0.1891,0.2996,0.1767,0.2551,0.2968,0.1546,0.0488,0.073,0.0845,0.0317,3363.2601,3314.1026,3340.696,3560.696,-0.8691,-0.0076,-0.4572,-0.8823,-0.015,0.2841,1,1,1,1,1,40.9,54.2,
2026-07-29 18:27:22.113,0.0886,0.1974,0.1566,0.0937,0.3855,0.3366,0.2731,0.4204,0.3004,0.1379,0.1891,0.2996,0.1767,0.2551,0.2968,0.1546,0.0488,0.073,0.0845,0.0317,3363.2601,3314.1026,3340.696,3560.696,-0.8691,-0.0076,-0.4572,-0.8823,-0.015,0.2841,1,1,1,1,1,40.9,54.2,
2026-07-29 18:27:23.119,0.0886,0.1974,0.1566,0.0937,0.3855,0.3366,0.2731,0.4204,0.3004,0.1379,0.1891,0.2996,0.1767,0.2551,0.2968,0.1546,0.0488,0.073,0.0845,0.0317,3363.2601,3314.1026,3340.696,3560.696,-0.8691,-0.0076,-0.4572,-0.8823,-0.015,0.2841,1,1,1,1,1,40.9,54.2,
2026-07-29 18:27:24.118,0.0886,0.1974,0.1566,0.0937,0.3855,0.3366,0.2731,0.4204,0.3004,0.1379,0.1891,0.2996,0.1767,0.2551,0.2968,0.1546,0.0488,0.073,0.0845,0.0317,3363.2601,3314.1026,3340.696,3560.696,-0.8691,-0.0076,-0.4572,-0.8823,-0.015,0.2841,1,1,1,1,1,40.9,54.2,
2026-07-29 18:27:25.125,0.0886,0.1974,0.1566,0.0937,0.3855,0.3366,0.2731,0.4204,0.3004,0.1379,0.1891,0.2996,0.1767,0.2551,0.2968,0.1546,0.0488,0.073,0.0845,0.0317,3363.2601,3314.1026,3340.696,3560.696,-0.8691,-0.0076,-0.4572,-0.8823,-0.015,0.2841,1,1,1,1,1,40.9,54.2,
2026-07-29 18:27:26.130,0.0886,0.1974,0.1566,0.0937,0.3855,0.3366,0.2731,0.4204,0.3004,0.1379,0.1891,0.2996,0.1767,0.2551,0.2968,0.1546,0.0488,0.073,0.0845,0.0317,3363.2601,3314.1026,3340.696,3560.696,-0.8691,-0.0076,-0.4572,-0.8823,-0.015,0.2841,1,1,1,1,1,40.9,54.2,
2026-07-29 18:27:27.183,0.0886,0.1974,0.1566,0.0937,0.3855,0.3366,0.2731,0.4204,0.3004,0.1379,0.1891,0.2996,0.1767,0.2551,0.2968,0.1546,0.0488,0.073,0.0845,0.0317,3363.2601,3314.1026,3340.696,3560.696,-0.8691,-0.0076,-0.4572,-0.8823,-0.015,0.2841,1,1,1,1,1,40.9,54.2,
2026-07-29 18:27:28.185,0.0886,0.1974,0.1566,0.0937,0.3855,0.3366,0.2731,0.4204,0.3004,0.1379,0.1891,0.2996,0.1767,0.2551,0.2968,0.1546,0.0488,0.073,0.0845,0.0317,3363.2601,3314.1026,3340.696,3560.696,-0.8691,-0.0076,-0.4572,-0.8823,-0.015,0.2841,1,1,1,1,1,40.9,54.2,
2026-07-29 18:27:29.187,0.0886,0.1974,0.1566,0.0937,0.3855,0.3366,0.2731,0.4204,0.3004,0.1379,0.1891,0.2996,0.1767,0.2551,0.2968,0.1546,0.0488,0.073,0.0845,0.0317,3363.2601,3314.1026,3340.696,3560.696,-0.8691,-0.0076,-0.4572,-0.8823,-0.015,0.2841,1,1,1,1,1,40.9,54.2,
2026-07-29 18:27:30.246,0.0886,0.1974,0.1566,0.0937,0.3855,0.3366,0.2731,0.4204,0.3004,0.1379,0.1891,0.2996,0.1767,0.2551,0.2968,0.1546,0.0488,0.073,0.0845,0.0317,3363.2601,3314.1026,3340.696,3560.696,-0.8691,-0.0076,-0.4572,-0.8823,-0.015,0.2841,1,1,1,1,1,40.9,54.2,
2026-07-29 18:27:31.241,0.0886,0.1974,0.1566,0.0937,0.3855,0.3366,0.2731,0.4204,0.3004,0.1379,0.1891,0.2996,0.1767,0.2551,0.2968,0.1546,0.0488,0.073,0.0845,0.0317,3363.2601,3314.1026,3340.696,3560.696,-0.8691,-0.0076,-0.4572,-0.8823,-0.015,0.2841,1,1,1,1,1,40.9,54.2,
2026-07-29 18:27:32.295,0.0886,0.1974,0.1566,0.0937,0.3855,0.3366,0.2731,0.4204,0.3004,0.1379,0.1891,0.2996,0.1767,0.2551,0.2968,0.1546,0.0488,0.073,0.0845,0.0317,3363.2601,3314.1026,3340.696,3560.696,-0.8691,-0.0076,-0.4572,-0.8823,-0.015,0.2841,1,1,1,1,1,40.9,54.2,
2026-07-29 18:27:33.295,0.0886,0.1974,0.1566,0.0937,0.3855,0.3366,0.2731,0.4204,0.3004,0.1379,0.1891,0.2996,0.1767,0.2551,0.2968,0.1546,0.0488,0.073,0.0845,0.0317,3363.2601,3314.1026,3340.696,3560.696,-0.8691,-0.0076,-0.4572,-0.8823,-0.015,0.2841,1,1,1,1,1,40.9,54.2,
2026-07-29 18:27:34.291,0.0886,0.1974,0.1566,0.0937,0.3855,0.3366,0.2731,0.4204,0.3004,0.1379,0.1891,0.2996,0.1767,0.2551,0.2968,0.1546,0.0488,0.073,0.0845,0.0317,3363.2601,3314.1026,3340.696,3560.696,-0.8691,-0.0076,-0.4572,-0.8823,-0.015,0.2841,1,1,1,1,1,40.9,54.2,
2026-07-29 18:27:35.338,0.0886,0.1974,0.1566,0.0937,0.3855,0.3366,0.2731,0.4204,0.3004,0.1379,0.1891,0.2996,0.1767,0.2551,0.2968,0.1546,0.0488,0.073,0.0845,0.0317,3363.2601,3314.1026,3340.696,3560.696,-0.8691,-0.0076,-0.4572,-0.8823,-0.015,0.2841,1,1,1,1,1,40.9,54.2,
2026-07-29 18:27:36.399,0.0886,0.1974,0.1566,0.0937,0.3855,0.3366,0.2731,0.4204,0.3004,0.1379,0.1891,0.2996,0.1767,0.2551,0.2968,0.1546,0.0488,0.073,0.0845,0.0317,3363.2601,3314.1026,3340.696,3560.696,-0.8691,-0.0076,-0.4572,-0.8823,-0.015,0.2841,1,1,1,1,1,40.9,54.2,
2026-07-29 18:27:37.404,0.0886,0.1974,0.1566,0.0937,0.3855,0.3366,0.2731,0.4204,0.3004,0.1379,0.1891,0.2996,0.1767,0.2551,0.2968,0.1546,0.0488,0.073,0.0845,0.0317,3363.2601,3314.1026,3340.696,3560.696,-0.8691,-0.0076,-0.4572,-0.8823,-0.015,0.2841,1,1,1,1,1,40.9,54.2,
2026-07-29 18:27:38.404,0.0886,0.1974,0.1566,0.0937,0.3855,0.3366,0.2731,0.4204,0.3004,0.1379,0.1891,0.2996,0.1767,0.2551,0.2968,0.1546,0.0488,0.073,0.0845,0.0317,3363.2601,3314.1026,3340.696,3560.696,-0.8691,-0.0076,-0.4572,-0.8823,-0.015,0.2841,1,1,1,1,1,40.9,54.2,
2026-07-29 18:27:39.409,0.0886,0.1974,0.1566,0.0937,0.3855,0.3366,0.2731,0.4204,0.3004,0.1379,0.1891,0.2996,0.1767,0.2551,0.2968,0.1546,0.0488,0.073,0.0845,0.0317,3363.2601,3314.1026,3340.696,3560.696,-0.8691,-0.0076,-0.4572,-0.8823,-0.015,0.2841,1,1,1,1,1,40.9,54.2,
2026-07-29 18:27:40.417,0.0886,0.1974,0.1566,0.0937,0.3855,0.3366,0.2731,0.4204,0.3004,0.1379,0.1891,0.2996,0.1767,0.2551,0.2968,0.1546,0.0488,0.073,0.0845,0.0317,3363.2601,3314.1026,3340.696,3560.696,-0.8691,-0.0076,-0.4572,-0.8823,-0.015,0.2841,1,1,1,1,1,40.9,54.2,
2026-07-29 18:27:41.418,0.0886,0.1974,0.1566,0.0937,0.3855,0.3366,0.2731,0.4204,0.3004,0.1379,0.1891,0.2996,0.1767,0.2551,0.2968,0.1546,0.0488,0.073,0.0845,0.0317,3363.2601,3314.1026,3340.696,3560.696,-0.8691,-0.0076,-0.4572,-0.8823,-0.015,0.2841,1,1,1,1,1,40.9,54.2,
2026-07-29 18:27:42.465,0.0886,0.1974,0.1566,0.0937,0.3855,0.3366,0.2731,0.4204,0.3004,0.1379,0.1891,0.2996,0.1767,0.2551,0.2968,0.1546,0.0488,0.073,0.0845,0.0317,3363.2601,3314.1026,3340.696,3560.696,-0.8691,-0.0076,-0.4572,-0.8823,-0.015,0.2841,1,1,1,1,1,40.9,54.2,
2026-07-29 18:27:43.466,0.0886,0.1974,0.1566,0.0937,0.3855,0.3366,0.2731,0.4204,0.3004,0.1379,0.1891,0.2996,0.1767,0.2551,0.2968,0.1546,0.0488,0.073,0.0845,0.0317,3363.2601,3314.1026,3340.696,3560.696,-0.8691,-0.0076,-0.4572,-0.8823,-0.015,0.2841,1,1,1,1,1,40.9,54.2,
2026-07-29 18:27:44.473,0.0886,0.1974,0.1566,0.0937,0.3855,0.3366,0.2731,0.4204,0.3004,0.1379,0.1891,0.2996,0.1767,0.2551,0.2968,0.1546,0.0488,0.073,0.0845,0.0317,3363.2601,3314.1026,3340.696,3560.696,-0.8691,-0.0076,-0.4572,-0.8823,-0.015,0.2841,1,1,1,1,1,40.9,54.2,
2026-07-29 18:27:45.490,0.0886,0.1974,0.1566,0.0937,0.3855,0.3366,0.2731,0.4204,0.3004,0.1379,0.1891,0.2996,0.1767,0.2551,0.2968,0.1546,0.0488,0.073,0.0845,0.0317,3363.2601,3314.1026,3340.696,3560.696,-0.8691,-0.0076,-0.4572,-0.8823,-0.015,0.2841,1,1,1,1,1,40.9,54.2,
2026-07-29 18:27:46.490,0.0886,0.1974,0.1566,0.0937,0.3855,0.3366,0.2731,0.4204,0.3004,0.1379,0.1891,0.2996,0.1767,0.2551,0.2968,0.1546,0.0488,0.073,0.0845,0.0317,3363.2601,3314.1026,3340.696,3560.696,-0.8691,-0.0076,-0.4572,-0.8823,-0.015,0.2841,1,1,1,1,1,40.9,54.2,
2026-07-29 18:27:47.501,0.0886,0.1974,0.1566,0.0937,0.3855,0.3366,0.2731,0.4204,0.3004,0.1379,0.1891,0.2996,0.1767,0.2551,0.2968,0.1546,0.0488,0.073,0.0845,0.0317,3363.2601,3314.1026,3340.696,3560.696,-0.8691,-0.0076,-0.4572,-0.8823,-0.015,0.2841,1,1,1,1,1,40.9,54.2,
2026-07-29 18:27:48.503,0.0886,0.1974,0.1566,0.0937,0.3855,0.3366,0.2731,0.4204,0.3004,0.1379,0.1891,0.2996,0.1767,0.2551,0.2968,0.1546,0.0488,0.073,0.0845,0.0317,3363.2601,3314.1026,3340.696,3560.696,-0.8691,-0.0076,-0.4572,-0.8823,-0.015,0.2841,1,1,1,1,1,40.9,54.2,
2026-07-29 18:27:49.556,0.0886,0.1974,0.1566,0.0937,0.3855,0.3366,0.2731,0.4204,0.3004,0.1379,0.1891,0.2996,0.1767,0.2551,0.2968,0.1546,0.0488,0.073,0.0845,0.0317,3363.2601,3314.1026,3340.696,3560.696,-0.8691,-0.0076,-0.4572,-0.8823,-0.015,0.2841,1,1,1,1,1,40.9,54.2,
2026-07-29 18:27:50.560,0.0886,0.1974,0.1566,0.0937,0.3855,0.3366,0.2731,0.4204,0.3004,0.1379,0.1891,0.2996,0.1767,0.2551,0.2968,0.1546,0.0488,0.073,0.0845,0.0317,3363.2601,3314.1026,3340.696,3560.696,-0.8691,-0.0076,-0.4572,-0.8823,-0.015,0.2841,1,1,1,1,1,40.9,54.2,
2026-07-29 18:27:51.610,0.0886,0.1974,0.1566,0.0937,0.3855,0.3366,0.2731,0.4204,0.3004,0.1379,0.1891,0.2996,0.1767,0.2551,0.2968,0.1546,0.0488,0.073,0.0845,0.0317,3363.2601,3314.1026,3340.696,3560.696,-0.8691,-0.0076,-0.4572,-0.8823,-0.015,0.2841,1,1,1,1,1,40.9,54.2,
2026-07-29 18:27:52.661,0.0886,0.1974,0.1566,0.0937,0.3855,0.3366,0.2731,0.4204,0.3004,0.1379,0.1891,0.2996,0.1767,0.2551,0.2968,0.1546,0.0488,0.073,0.0845,0.0317,3363.2601,3314.1026,3340.696,3560.696,-0.8691,-0.0076,-0.4572,-0.8823,-0.015,0.2841,1,1,1,1,1,40.9,54.2,
2026-07-29 18:27:53.661,0.0886,0.1974,0.1566,0.0937,0.3855,0.3366,0.2731,0.4204,0.3004,0.1379,0.1891,0.2996,0.1767,0.2551,0.2968,0.1546,0.0488,0.073,0.0845,0.0317,3363.2601,3314.1026,3340.696,3560.696,-0.8691,-0.0076,-0.4572,-0.8823,-0.015,0.2841,1,1,1,1,1,40.9,54.2,
2026-07-29 18:27:54.714,0.0886,0.1974,0.1566,0.0937,0.3855,0.3366,0.2731,0.4204,0.3004,0.1379,0.1891,0.2996,0.1767,0.2551,0.2968,0.1546,0.0488,0.073,0.0845,0.0317,3363.2601,3314.1026,3340.696,3560.696,-0.8691,-0.0076,-0.4572,-0.8823,-0.015,0.2841,1,1,1,1,1,40.9,54.2,
2026-07-29 18:27:55.766,0.0886,0.1974,0.1566,0.0937,0.3855,0.3366,0.2731,0.4204,0.3004,0.1379,0.1891,0.2996,0.1767,0.2551,0.2968,0.1546,0.0488,0.073,0.0845,0.0317,3363.2601,3314.1026,3340.696,3560.696,-0.8691,-0.0076,-0.4572,-0.8823,-0.015,0.2841,1,1,1,1,1,40.9,54.2,
2026-07-29 18:27:56.772,0.0886,0.1974,0.1566,0.0937,0.3855,0.3366,0.2731,0.4204,0.3004,0.1379,0.1891,0.2996,0.1767,0.2551,0.2968,0.1546,0.0488,0.073,0.0845,0.0317,3363.2601,3314.1026,3340.696,3560.696,-0.8691,-0.0076,-0.4572,-0.8823,-0.015,0.2841,1,1,1,1,1,40.9,54.2,
2026-07-29 18:27:57.771,0.0886,0.1974,0.1566,0.0937,0.3855,0.3366,0.2731,0.4204,0.3004,0.1379,0.1891,0.2996,0.1767,0.2551,0.2968,0.1546,0.0488,0.073,0.0845,0.0317,3363.2601,3314.1026,3340.696,3560.696,-0.8691,-0.0076,-0.4572,-0.8823,-0.015,0.2841,1,1,1,1,1,40.9,54.2,
2026-07-29 18:27:58.819,0.0886,0.1974,0.1566,0.0937,0.3855,0.3366,0.2731,0.4204,0.3004,0.1379,0.1891,0.2996,0.1767,0.2551,0.2968,0.1546,0.0488,0.073,0.0845,0.0317,3363.2601,3314.1026,3340.696,3560.696,-0.8691,-0.0076,-0.4572,-0.8823,-0.015,0.2841,1,1,1,1,1,40.9,54.2,
2026-07-29 18:27:59.872,0.0886,0.1974,0.1566,0.0937,0.3855,0.3366,0.2731,0.4204,0.3004,0.1379,0.1891,0.2996,0.1767,0.2551,0.2968,0.1546,0.0488,0.073,0.0845,0.0317,3363.2601,3314.1026,3340.696,3560.696,-0.8691,-0.0076,-0.4572,-0.8823,-0.015,0.2841,1,1,1,1,1,40.9,54.2,
2026-07-29 18:28:00.876,0.0886,0.1974,0.1566,0.0937,0.3855,0.3366,0.2731,0.4204,0.3004,0.1379,0.1891,0.2996,0.1767,0.2551,0.2968,0.1546,0.0488,0.073,0.0845,0.0317,3363.2601,3314.1026,3340.696,3560.696,-0.8691,-0.0076,-0.4572,-0.8823,-0.015,0.2841,1,1,1,1,1,40.9,54.2,
2026-07-29 18:28:01.888,0.0886,0.1974,0.1566,0.0937,0.3855,0.3366,0.2731,0.4204,0.3004,0.1379,0.1891,0.2996,0.1767,0.2551,0.2968,0.1546,0.0488,0.073,0.0845,0.0317,3363.2601,3314.1026,3340.696,3560.696,-0.8691,-0.0076,-0.4572,-0.8823,-0.015,0.2841,1,1,1,1,1,40.9,54.2,
2026-07-29 18:28:02.888,0.0886,0.1974,0.1566,0.0937,0.3855,0.3366,0.2731,0.4204,0.3004,0.1379,0.1891,0.2996,0.1767,0.2551,0.2968,0.1546,0.0488,0.073,0.0845,0.0317,3363.2601,3314.1026,3340.696,3560.696,-0.8691,-0.0076,-0.4572,-0.8823,-0.015,0.2841,1,1,1,1,1,40.9,54.2,
2026-07-29 18:28:03.894,0.0886,0.1974,0.1566,0.0937,0.3855,0.3366,0.2731,0.4204,0.3004,0.1379,0.1891,0.2996,0.1767,0.2551,0.2968,0.1546,0.0488,0.073,0.0845,0.0317,3363.2601,3314.1026,3340.696,3560.696,-0.8691,-0.0076,-0.4572,-0.8823,-0.015,0.2841,1,1,1,1,1,40.9,54.2,
2026-07-29 18:28:04.897,0.0886,0.1974,0.1566,0.0937,0.3855,0.3366,0.2731,0.4204,0.3004,0.1379,0.1891,0.2996,0.1767,0.2551,0.2968,0.1546,0.0488,0.073,0.0845,0.0317,3363.2601,3314.1026,3340.696,3560.696,-0.8691,-0.0076,-0.4572,-0.8823,-0.015,0.2841,1,1,1,1,1,40.9,54.2,
2026-07-29 18:28:05.900,0.0886,0.1974,0.1566,0.0937,0.3855,0.3366,0.2731,0.4204,0.3004,0.1379,0.1891,0.2996,0.1767,0.2551,0.2968,0.1546,0.0488,0.073,0.0845,0.0317,3363.2601,3314.1026,3340.696,3560.696,-0.8691,-0.0076,-0.4572,-0.8823,-0.015,0.2841,1,1,1,1,1,40.9,54.2,
2026-07-29 18:28:06.902,0.0886,0.1974,0.1566,0.0937,0.3855,0.3366,0.2731,0.4204,0.3004,0.1379,0.1891,0.2996,0.1767,0.2551,0.2968,0.1546,0.0488,0.073,0.0845,0.0317,3363.2601,3314.1026,3340.696,3560.696,-0.8691,-0.0076,-0.4572,-0.8823,-0.015,0.2841,1,1,1,1,1,40.9,54.2,
2026-07-29 18:28:07.903,0.0886,0.1974,0.1566,0.0937,0.3855,0.3366,0.2731,0.4204,0.3004,0.1379,0.1891,0.2996,0.1767,0.2551,0.2968,0.1546,0.0488,0.073,0.0845,0.0317,3363.2601,3314.1026,3340.696,3560.696,-0.8691,-0.0076,-0.4572,-0.8823,-0.015,0.2841,1,1,1,1,1,40.9,54.2,
2026-07-29 18:28:08.955,0.0886,0.1974,0.1566,0.0937,0.3855,0.3366,0.2731,0.4204,0.3004,0.1379,0.1891,0.2996,0.1767,0.2551,0.2968,0.1546,0.0488,0.073,0.0845,0.0317,3363.2601,3314.1026,3340.696,3560.696,-0.8691,-0.0076,-0.4572,-0.8823,-0.015,0.2841,1,1,1,1,1,40.9,54.2,
2026-07-29 18:28:10.006,0.0886,0.1974,0.1566,0.0937,0.3855,0.3366,0.2731,0.4204,0.3004,0.1379,0.1891,0.2996,0.1767,0.2551,0.2968,0.1546,0.0488,0.073,0.0845,0.0317,3363.2601,3314.1026,3340.696,3560.696,-0.8691,-0.0076,-0.4572,-0.8823,-0.015,0.2841,1,1,1,1,1,40.9,54.2,
2026-07-29 18:28:11.060,0.0886,0.1974,0.1566,0.0937,0.3855,0.3366,0.2731,0.4204,0.3004,0.1379,0.1891,0.2996,0.1767,0.2551,0.2968,0.1546,0.0488,0.073,0.0845,0.0317,3363.2601,3314.1026,3340.696,3560.696,-0.8691,-0.0076,-0.4572,-0.8823,-0.015,0.2841,1,1,1,1,1,40.9,54.2,
2026-07-29 18:28:12.068,0.0886,0.1974,0.1566,0.0937,0.3855,0.3366,0.2731,0.4204,0.3004,0.1379,0.1891,0.2996,0.1767,0.2551,0.2968,0.1546,0.0488,0.073,0.0845,0.0317,3363.2601,3314.1026,3340.696,3560.696,-0.8691,-0.0076,-0.4572,-0.8823,-0.015,0.2841,1,1,1,1,1,40.9,54.2,
2026-07-29 18:28:13.064,0.0886,0.1974,0.1566,0.0937,0.3855,0.3366,0.2731,0.4204,0.3004,0.1379,0.1891,0.2996,0.1767,0.2551,0.2968,0.1546,0.0488,0.073,0.0845,0.0317,3363.2601,3314.1026,3340.696,3560.696,-0.8691,-0.0076,-0.4572,-0.8823,-0.015,0.2841,1,1,1,1,1,40.9,54.2,
2026-07-29 18:28:14.115,0.0886,0.1974,0.1566,0.0937,0.3855,0.3366,0.2731,0.4204,0.3004,0.1379,0.1891,0.2996,0.1767,0.2551,0.2968,0.1546,0.0488,0.073,0.0845,0.0317,3363.2601,3314.1026,3340.696,3560.696,-0.8691,-0.0076,-0.4572,-0.8823,-0.015,0.2841,1,1,1,1,1,40.9,54.2,
2026-07-29 18:28:15.166,0.0886,0.1974,0.1566,0.0937,0.3855,0.3366,0.2731,0.4204,0.3004,0.1379,0.1891,0.2996,0.1767,0.2551,0.2968,0.1546,0.0488,0.073,0.0845,0.0317,3363.2601,3314.1026,3340.696,3560.696,-0.8691,-0.0076,-0.4572,-0.8823,-0.015,0.2841,1,1,1,1,1,40.9,54.2,
2026-07-29 18:28:16.172,0.0886,0.1974,0.1566,0.0937,0.3855,0.3366,0.2731,0.4204,0.3004,0.1379,0.1891,0.2996,0.1767,0.2551,0.2968,0.1546,0.0488,0.073,0.0845,0.0317,3363.2601,3314.1026,3340.696,3560.696,-0.8691,-0.0076,-0.4572,-0.8823,-0.015,0.2841,1,1,1,1,1,40.9,54.2,
2026-07-29 18:28:17.181,0.0886,0.1974,0.1566,0.0937,0.3855,0.3366,0.2731,0.4204,0.3004,0.1379,0.1891,0.2996,0.1767,0.2551,0.2968,0.1546,0.0488,0.073,0.0845,0.0317,3363.2601,3314.1026,3340.696,3560.696,-0.8691,-0.0076,-0.4572,-0.8823,-0.015,0.2841,1,1,1,1,1,40.9,54.2,
2026-07-29 18:28:18.188,0.0886,0.1974,0.1566,0.0937,0.3855,0.3366,0.2731,0.4204,0.3004,0.1379,0.1891,0.2996,0.1767,0.2551,0.2968,0.1546,0.0488,0.073,0.0845,0.0317,3363.2601,3314.1026,3340.696,3560.696,-0.8691,-0.0076,-0.4572,-0.8823,-0.015,0.2841,1,1,1,1,1,40.9,54.2,
2026-07-29 18:28:19.190,0.0886,0.1974,0.1566,0.0937,0.3855,0.3366,0.2731,0.4204,0.3004,0.1379,0.1891,0.2996,0.1767,0.2551,0.2968,0.1546,0.0488,0.073,0.0845,0.0317,3363.2601,3314.1026,3340.696,3560.696,-0.8691,-0.0076,-0.4572,-0.8823,-0.015,0.2841,1,1,1,1,1,40.9,54.2,
2026-07-29 18:28:20.240,0.0886,0.1974,0.1566,0.0937,0.3855,0.3366,0.2731,0.4204,0.3004,0.1379,0.1891,0.2996,0.1767,0.2551,0.2968,0.1546,0.0488,0.073,0.0845,0.0317,3363.2601,3314.1026,3340.696,3560.696,-0.8691,-0.0076,-0.4572,-0.8823,-0.015,0.2841,1,1,1,1,1,40.9,54.2,
2026-07-29 18:28:21.240,0.0886,0.1974,0.1566,0.0937,0.3855,0.3366,0.2731,0.4204,0.3004,0.1379,0.1891,0.2996,0.1767,0.2551,0.2968,0.1546,0.0488,0.073,0.0845,0.0317,3363.2601,3314.1026,3340.696,3560.696,-0.8691,-0.0076,-0.4572,-0.8823,-0.015,0.2841,1,1,1,1,1,40.9,54.2,
2026-07-29 18:28:22.290,0.0886,0.1974,0.1566,0.0937,0.3855,0.3366,0.2731,0.4204,0.3004,0.1379,0.1891,0.2996,0.1767,0.2551,0.2968,0.1546,0.0488,0.073,0.0845,0.0317,3363.2601,3314.1026,3340.696,3560.696,-0.8691,-0.0076,-0.4572,-0.8823,-0.015,0.2841,1,1,1,1,1,40.9,54.2,
2026-07-29 18:28:23.337,0.0886,0.1974,0.1566,0.0937,0.3855,0.3366,0.2731,0.4204,0.3004,0.1379,0.1891,0.2996,0.1767,0.2551,0.2968,0.1546,0.0488,0.073,0.0845,0.0317,3363.2601,3314.1026,3340.696,3560.696,-0.8691,-0.0076,-0.4572,-0.8823,-0.015,0.2841,1,1,1,1,1,40.9,54.2,
2026-07-29 18:28:24.346,0.0886,0.1974,0.1566,0.0937,0.3855,0.3366,0.2731,0.4204,0.3004,0.1379,0.1891,0.2996,0.1767,0.2551,0.2968,0.1546,0.0488,0.073,0.0845,0.0317,3363.2601,3314.1026,3340.696,3560.696,-0.8691,-0.0076,-0.4572,-0.8823,-0.015,0.2841,1,1,1,1,1,40.9,54.2,
2026-07-29 18:28:25.397,0.0886,0.1974,0.1566,0.0937,0.3855,0.3366,0.2731,0.4204,0.3004,0.1379,0.1891,0.2996,0.1767,0.2551,0.2968,0.1546,0.0488,0.073,0.0845,0.0317,3363.2601,3314.1026,3340.696,3560.696,-0.8691,-0.0076,-0.4572,-0.8823,-0.015,0.2841,1,1,1,1,1,40.9,54.2,
2026-07-29 18:28:26.448,0.0886,0.1974,0.1566,0.0937,0.3855,0.3366,0.2731,0.4204,0.3004,0.1379,0.1891,0.2996,0.1767,0.2551,0.2968,0.1546,0.0488,0.073,0.0845,0.0317,3363.2601,3314.1026,3340.696,3560.696,-0.8691,-0.0076,-0.4572,-0.8823,-0.015,0.2841,1,1,1,1,1,40.9,54.2,
2026-07-29 18:28:27.451,0.0886,0.1974,0.1566,0.0937,0.3855,0.3366,0.2731,0.4204,0.3004,0.1379,0.1891,0.2996,0.1767,0.2551,0.2968,0.1546,0.0488,0.073,0.0845,0.0317,3363.2601,3314.1026,3340.696,3560.696,-0.8691,-0.0076,-0.4572,-0.8823,-0.015,0.2841,1,1,1,1,1,40.9,54.2,
2026-07-29 18:28:28.451,0.0886,0.1974,0.1566,0.0937,0.3855,0.3366,0.2731,0.4204,0.3004,0.1379,0.1891,0.2996,0.1767,0.2551,0.2968,0.1546,0.0488,0.073,0.0845,0.0317,3363.2601,3314.1026,3340.696,3560.696,-0.8691,-0.0076,-0.4572,-0.8823,-0.015,0.2841,1,1,1,1,1,40.9,54.2,
2026-07-29 18:28:29.505,0.0886,0.1974,0.1566,0.0937,0.3855,0.3366,0.2731,0.4204,0.3004,0.1379,0.1891,0.2996,0.1767,0.2551,0.2968,0.1546,0.0488,0.073,0.0845,0.0317,3363.2601,3314.1026,3340.696,3560.696,-0.8691,-0.0076,-0.4572,-0.8823,-0.015,0.2841,1,1,1,1,1,40.9,54.2,
2026-07-29 18:28:30.505,0.0886,0.1974,0.1566,0.0937,0.3855,0.3366,0.2731,0.4204,0.3004,0.1379,0.1891,0.2996,0.1767,0.2551,0.2968,0.1546,0.0488,0.073,0.0845,0.0317,3363.2601,3314.1026,3340.696,3560.696,-0.8691,-0.0076,-0.4572,-0.8823,-0.015,0.2841,1,1,1,1,1,40.9,54.2,
2026-07-29 18:28:31.510,0.0886,0.1974,0.1566,0.0937,0.3855,0.3366,0.2731,0.4204,0.3004,0.1379,0.1891,0.2996,0.1767,0.2551,0.2968,0.1546,0.0488,0.073,0.0845,0.0317,3363.2601,3314.1026,3340.696,3560.696,-0.8691,-0.0076,-0.4572,-0.8823,-0.015,0.2841,1,1,1,1,1,40.9,54.2,
2026-07-29 18:28:32.511,0.0886,0.1974,0.1566,0.0937,0.3855,0.3366,0.2731,0.4204,0.3004,0.1379,0.1891,0.2996,0.1767,0.2551,0.2968,0.1546,0.0488,0.073,0.0845,0.0317,3363.2601,3314.1026,3340.696,3560.696,-0.8691,-0.0076,-0.4572,-0.8823,-0.015,0.2841,1,1,1,1,1,40.9,54.2,
2026-07-29 18:28:33.514,0.0886,0.1974,0.1566,0.0937,0.3855,0.3366,0.2731,0.4204,0.3004,0.1379,0.1891,0.2996,0.1767,0.2551,0.2968,0.1546,0.0488,0.073,0.0845,0.0317,3363.2601,3314.1026,3340.696,3560.696,-0.8691,-0.0076,-0.4572,-0.8823,-0.015,0.2841,1,1,1,1,1,40.9,54.2,
2026-07-29 18:28:34.561,0.0886,0.1974,0.1566,0.0937,0.3855,0.3366,0.2731,0.4204,0.3004,0.1379,0.1891,0.2996,0.1767,0.2551,0.2968,0.1546,0.0488,0.073,0.0845,0.0317,3363.2601,3314.1026,3340.696,3560.696,-0.8691,-0.0076,-0.4572,-0.8823,-0.015,0.2841,1,1,1,1,1,40.9,54.2,
2026-07-29 18:28:35.600,0.0886,0.1974,0.1566,0.0937,0.3855,0.3366,0.2731,0.4204,0.3004,0.1379,0.1891,0.2996,0.1767,0.2551,0.2968,0.1546,0.0488,0.073,0.0845,0.0317,3363.2601,3314.1026,3340.696,3560.696,-0.8691,-0.0076,-0.4572,-0.8823,-0.015,0.2841,1,1,1,1,1,40.9,54.2,
2026-07-29 18:28:36.655,0.0886,0.1974,0.1566,0.0937,0.3855,0.3366,0.2731,0.4204,0.3004,0.1379,0.1891,0.2996,0.1767,0.2551,0.2968,0.1546,0.0488,0.073,0.0845,0.0317,3363.2601,3314.1026,3340.696,3560.696,-0.8691,-0.0076,-0.4572,-0.8823,-0.015,0.2841,1,1,1,1,1,40.9,54.2,
2026-07-29 18:28:37.701,0.0886,0.1974,0.1566,0.0937,0.3855,0.3366,0.2731,0.4204,0.3004,0.1379,0.1891,0.2996,0.1767,0.2551,0.2968,0.1546,0.0488,0.073,0.0845,0.0317,3363.2601,3314.1026,3340.696,3560.696,-0.8691,-0.0076,-0.4572,-0.8823,-0.015,0.2841,1,1,1,1,1,40.9,54.2,
2026-07-29 18:28:38.752,0.0886,0.1974,0.1566,0.0937,0.3855,0.3366,0.2731,0.4204,0.3004,0.1379,0.1891,0.2996,0.1767,0.2551,0.2968,0.1546,0.0488,0.073,0.0845,0.0317,3363.2601,3314.1026,3340.696,3560.696,-0.8691,-0.0076,-0.4572,-0.8823,-0.015,0.2841,1,1,1,1,1,40.9,54.2,
2026-07-29 18:28:39.751,0.0886,0.1974,0.1566,0.0937,0.3855,0.3366,0.2731,0.4204,0.3004,0.1379,0.1891,0.2996,0.1767,0.2551,0.2968,0.1546,0.0488,0.073,0.0845,0.0317,3363.2601,3314.1026,3340.696,3560.696,-0.8691,-0.0076,-0.4572,-0.8823,-0.015,0.2841,1,1,1,1,1,40.9,54.2,
2026-07-29 18:28:40.802,0.0886,0.1974,0.1566,0.0937,0.3855,0.3366,0.2731,0.4204,0.3004,0.1379,0.1891,0.2996,0.1767,0.2551,0.2968,0.1546,0.0488,0.073,0.0845,0.0317,3363.2601,3314.1026,3340.696,3560.696,-0.8691,-0.0076,-0.4572,-0.8823,-0.015,0.2841,1,1,1,1,1,40.9,54.2,
2026-07-29 18:28:41.857,0.0886,0.1974,0.1566,0.0937,0.3855,0.3366,0.2731,0.4204,0.3004,0.1379,0.1891,0.2996,0.1767,0.2551,0.2968,0.1546,0.0488,0.073,0.0845,0.0317,3363.2601,3314.1026,3340.696,3560.696,-0.8691,-0.0076,-0.4572,-0.8823,-0.015,0.2841,1,1,1,1,1,40.9,54.2,
2026-07-29 18:28:42.858,0.0886,0.1974,0.1566,0.0937,0.3855,0.3366,0.2731,0.4204,0.3004,0.1379,0.1891,0.2996,0.1767,0.2551,0.2968,0.1546,0.0488,0.073,0.0845,0.0317,3363.2601,3314.1026,3340.696,3560.696,-0.8691,-0.0076,-0.4572,-0.8823,-0.015,0.2841,1,1,1,1,1,40.9,54.2,
2026-07-29 18:28:43.866,0.0886,0.1974,0.1566,0.0937,0.3855,0.3366,0.2731,0.4204,0.3004,0.1379,0.1891,0.2996,0.1767,0.2551,0.2968,0.1546,0.0488,0.073,0.0845,0.0317,3363.2601,3314.1026,3340.696,3560.696,-0.8691,-0.0076,-0.4572,-0.8823,-0.015,0.2841,1,1,1,1,1,40.9,54.2,
2026-07-29 18:28:44.912,0.0886,0.1974,0.1566,0.0937,0.3855,0.3366,0.2731,0.4204,0.3004,0.1379,0.1891,0.2996,0.1767,0.2551,0.2968,0.1546,0.0488,0.073,0.0845,0.0317,3363.2601,3314.1026,3340.696,3560.696,-0.8691,-0.0076,-0.4572,-0.8823,-0.015,0.2841,1,1,1,1,1,40.9,54.2,
2026-07-29 18:28:45.915,0.0886,0.1974,0.1566,0.0937,0.3855,0.3366,0.2731,0.4204,0.3004,0.1379,0.1891,0.2996,0.1767,0.2551,0.2968,0.1546,0.0488,0.073,0.0845,0.0317,3363.2601,3314.1026,3340.696,3560.696,-0.8691,-0.0076,-0.4572,-0.8823,-0.015,0.2841,1,1,1,1,1,40.9,54.2,
2026-07-29 18:28:46.919,0.0886,0.1974,0.1566,0.0937,0.3855,0.3366,0.2731,0.4204,0.3004,0.1379,0.1891,0.2996,0.1767,0.2551,0.2968,0.1546,0.0488,0.073,0.0845,0.0317,3363.2601,3314.1026,3340.696,3560.696,-0.8691,-0.0076,-0.4572,-0.8823,-0.015,0.2841,1,1,1,1,1,40.9,54.2,
2026-07-29 18:28:47.964,0.0886,0.1974,0.1566,0.0937,0.3855,0.3366,0.2731,0.4204,0.3004,0.1379,0.1891,0.2996,0.1767,0.2551,0.2968,0.1546,0.0488,0.073,0.0845,0.0317,3363.2601,3314.1026,3340.696,3560.696,-0.8691,-0.0076,-0.4572,-0.8823,-0.015,0.2841,1,1,1,1,1,40.9,54.2,
2026-07-29 18:28:48.973,0.0886,0.1974,0.1566,0.0937,0.3855,0.3366,0.2731,0.4204,0.3004,0.1379,0.1891,0.2996,0.1767,0.2551,0.2968,0.1546,0.0488,0.073,0.0845,0.0317,3363.2601,3314.1026,3340.696,3560.696,-0.8691,-0.0076,-0.4572,-0.8823,-0.015,0.2841,1,1,1,1,1,40.9,54.2,
2026-07-29 18:28:50.023,0.0886,0.1974,0.1566,0.0937,0.3855,0.3366,0.2731,0.4204,0.3004,0.1379,0.1891,0.2996,0.1767,0.2551,0.2968,0.1546,0.0488,0.073,0.0845,0.0317,3363.2601,3314.1026,3340.696,3560.696,-0.8691,-0.0076,-0.4572,-0.8823,-0.015,0.2841,1,1,1,1,1,40.9,54.2,
2026-07-29 18:28:51.028,0.0886,0.1974,0.1566,0.0937,0.3855,0.3366,0.2731,0.4204,0.3004,0.1379,0.1891,0.2996,0.1767,0.2551,0.2968,0.1546,0.0488,0.073,0.0845,0.0317,3363.2601,3314.1026,3340.696,3560.696,-0.8691,-0.0076,-0.4572,-0.8823,-0.015,0.2841,1,1,1,1,1,40.9,54.2,
2026-07-29 18:28:52.074,0.0886,0.1974,0.1566,0.0937,0.3855,0.3366,0.2731,0.4204,0.3004,0.1379,0.1891,0.2996,0.1767,0.2551,0.2968,0.1546,0.0488,0.073,0.0845,0.0317,3363.2601,3314.1026,3340.696,3560.696,-0.8691,-0.0076,-0.4572,-0.8823,-0.015,0.2841,1,1,1,1,1,40.9,54.2,
2026-07-29 18:28:53.121,0.0886,0.1974,0.1566,0.0937,0.3855,0.3366,0.2731,0.4204,0.3004,0.1379,0.1891,0.2996,0.1767,0.2551,0.2968,0.1546,0.0488,0.073,0.0845,0.0317,3363.2601,3314.1026,3340.696,3560.696,-0.8691,-0.0076,-0.4572,-0.8823,-0.015,0.2841,1,1,1,1,1,40.9,54.2,
2026-07-29 18:28:54.121,0.0886,0.1974,0.1566,0.0937,0.3855,0.3366,0.2731,0.4204,0.3004,0.1379,0.1891,0.2996,0.1767,0.2551,0.2968,0.1546,0.0488,0.073,0.0845,0.0317,3363.2601,3314.1026,3340.696,3560.696,-0.8691,-0.0076,-0.4572,-0.8823,-0.015,0.2841,1,1,1,1,1,40.9,54.2,
2026-07-29 18:28:55.170,0.0886,0.1974,0.1566,0.0937,0.3855,0.3366,0.2731,0.4204,0.3004,0.1379,0.1891,0.2996,0.1767,0.2551,0.2968,0.1546,0.0488,0.073,0.0845,0.0317,3363.2601,3314.1026,3340.696,3560.696,-0.8691,-0.0076,-0.4572,-0.8823,-0.015,0.2841,1,1,1,1,1,40.9,54.2,
2026-07-29 18:28:56.227,0.0886,0.1974,0.1566,0.0937,0.3855,0.3366,0.2731,0.4204,0.3004,0.1379,0.1891,0.2996,0.1767,0.2551,0.2968,0.1546,0.0488,0.073,0.0845,0.0317,3363.2601,3314.1026,3340.696,3560.696,-0.8691,-0.0076,-0.4572,-0.8823,-0.015,0.2841,1,1,1,1,1,40.9,54.2,
2026-07-29 18:28:57.227,0.0886,0.1974,0.1566,0.0937,0.3855,0.3366,0.2731,0.4204,0.3004,0.1379,0.1891,0.2996,0.1767,0.2551,0.2968,0.1546,0.0488,0.073,0.0845,0.0317,3363.2601,3314.1026,3340.696,3560.696,-0.8691,-0.0076,-0.4572,-0.8823,-0.015,0.2841,1,1,1,1,1,40.9,54.2,
2026-07-29 18:28:58.229,0.0886,0.1974,0.1566,0.0937,0.3855,0.3366,0.2731,0.4204,0.3004,0.1379,0.1891,0.2996,0.1767,0.2551,0.2968,0.1546,0.0488,0.073,0.0845,0.0317,3363.2601,3314.1026,3340.696,3560.696,-0.8691,-0.0076,-0.4572,-0.8823,-0.015,0.2841,1,1,1,1,1,40.9,54.2,
2026-07-29 18:28:59.227,0.0886,0.1974,0.1566,0.0937,0.3855,0.3366,0.2731,0.4204,0.3004,0.1379,0.1891,0.2996,0.1767,0.2551,0.2968,0.1546,0.0488,0.073,0.0845,0.0317,3363.2601,3314.1026,3340.696,3560.696,-0.8691,-0.0076,-0.4572,-0.8823,-0.015,0.2841,1,1,1,1,1,40.9,54.2,
2026-07-29 18:29:00.272,0.0886,0.1974,0.1566,0.0937,0.3855,0.3366,0.2731,0.4204,0.3004,0.1379,0.1891,0.2996,0.1767,0.2551,0.2968,0.1546,0.0488,0.073,0.0845,0.0317,3363.2601,3314.1026,3340.696,3560.696,-0.8691,-0.0076,-0.4572,-0.8823,-0.015,0.2841,1,1,1,1,1,40.9,54.2,
2026-07-29 18:29:01.284,0.0886,0.1974,0.1566,0.0937,0.3855,0.3366,0.2731,0.4204,0.3004,0.1379,0.1891,0.2996,0.1767,0.2551,0.2968,0.1546,0.0488,0.073,0.0845,0.0317,3363.2601,3314.1026,3340.696,3560.696,-0.8691,-0.0076,-0.4572,-0.8823,-0.015,0.2841,1,1,1,1,1,40.9,54.2,
2026-07-29 18:29:02.283,0.0886,0.1974,0.1566,0.0937,0.3855,0.3366,0.2731,0.4204,0.3004,0.1379,0.1891,0.2996,0.1767,0.2551,0.2968,0.1546,0.0488,0.073,0.0845,0.0317,3363.2601,3314.1026,3340.696,3560.696,-0.8691,-0.0076,-0.4572,-0.8823,-0.015,0.2841,1,1,1,1,1,40.9,54.2,
2026-07-29 18:29:03.292,0.0886,0.1974,0.1566,0.0937,0.3855,0.3366,0.2731,0.4204,0.3004,0.1379,0.1891,0.2996,0.1767,0.2551,0.2968,0.1546,0.0488,0.073,0.0845,0.0317,3363.2601,3314.1026,3340.696,3560.696,-0.8691,-0.0076,-0.4572,-0.8823,-0.015,0.2841,1,1,1,1,1,40.9,54.2,
2026-07-29 18:29:04.308,0.0886,0.1974,0.1566,0.0937,0.3855,0.3366,0.2731,0.4204,0.3004,0.1379,0.1891,0.2996,0.1767,0.2551,0.2968,0.1546,0.0488,0.073,0.0845,0.0317,3363.2601,3314.1026,3340.696,3560.696,-0.8691,-0.0076,-0.4572,-0.8823,-0.015,0.2841,1,1,1,1,1,40.9,54.2,
2026-07-29 18:29:05.320,0.0886,0.1974,0.1566,0.0937,0.3855,0.3366,0.2731,0.4204,0.3004,0.1379,0.1891,0.2996,0.1767,0.2551,0.2968,0.1546,0.0488,0.073,0.0845,0.0317,3363.2601,3314.1026,3340.696,3560.696,-0.8691,-0.0076,-0.4572,-0.8823,-0.015,0.2841,1,1,1,1,1,40.9,54.2,
2026-07-29 18:29:06.327,0.0886,0.1974,0.1566,0.0937,0.3855,0.3366,0.2731,0.4204,0.3004,0.1379,0.1891,0.2996,0.1767,0.2551,0.2968,0.1546,0.0488,0.073,0.0845,0.0317,3363.2601,3314.1026,3340.696,3560.696,-0.8691,-0.0076,-0.4572,-0.8823,-0.015,0.2841,1,1,1,1,1,40.9,54.2,
2026-07-29 18:29:07.377,0.0886,0.1974,0.1566,0.0937,0.3855,0.3366,0.2731,0.4204,0.3004,0.1379,0.1891,0.2996,0.1767,0.2551,0.2968,0.1546,0.0488,0.073,0.0845,0.0317,3363.2601,3314.1026,3340.696,3560.696,-0.8691,-0.0076,-0.4572,-0.8823,-0.015,0.2841,1,1,1,1,1,40.9,54.2,
2026-07-29 18:29:08.375,0.0886,0.1974,0.1566,0.0937,0.3855,0.3366,0.2731,0.4204,0.3004,0.1379,0.1891,0.2996,0.1767,0.2551,0.2968,0.1546,0.0488,0.073,0.0845,0.0317,3363.2601,3314.1026,3340.696,3560.696,-0.8691,-0.0076,-0.4572,-0.8823,-0.015,0.2841,1,1,1,1,1,40.9,54.2,
2026-07-29 18:29:09.376,0.0886,0.1974,0.1566,0.0937,0.3855,0.3366,0.2731,0.4204,0.3004,0.1379,0.1891,0.2996,0.1767,0.2551,0.2968,0.1546,0.0488,0.073,0.0845,0.0317,3363.2601,3314.1026,3340.696,3560.696,-0.8691,-0.0076,-0.4572,-0.8823,-0.015,0.2841,1,1,1,1,1,40.9,54.2,
2026-07-29 18:29:10.376,0.0886,0.1974,0.1566,0.0937,0.3855,0.3366,0.2731,0.4204,0.3004,0.1379,0.1891,0.2996,0.1767,0.2551,0.2968,0.1546,0.0488,0.073,0.0845,0.0317,3363.2601,3314.1026,3340.696,3560.696,-0.8691,-0.0076,-0.4572,-0.8823,-0.015,0.2841,1,1,1,1,1,40.9,54.2,
2026-07-29 18:29:11.425,0.0886,0.1974,0.1566,0.0937,0.3855,0.3366,0.2731,0.4204,0.3004,0.1379,0.1891,0.2996,0.1767,0.2551,0.2968,0.1546,0.0488,0.073,0.0845,0.0317,3363.2601,3314.1026,3340.696,3560.696,-0.8691,-0.0076,-0.4572,-0.8823,-0.015,0.2841,1,1,1,1,1,40.9,54.2,
2026-07-29 18:29:12.430,0.0886,0.1974,0.1566,0.0937,0.3855,0.3366,0.2731,0.4204,0.3004,0.1379,0.1891,0.2996,0.1767,0.2551,0.2968,0.1546,0.0488,0.073,0.0845,0.0317,3363.2601,3314.1026,3340.696,3560.696,-0.8691,-0.0076,-0.4572,-0.8823,-0.015,0.2841,1,1,1,1,1,40.9,54.2,
2026-07-29 18:29:13.425,0.0886,0.1974,0.1566,0.0937,0.3855,0.3366,0.2731,0.4204,0.3004,0.1379,0.1891,0.2996,0.1767,0.2551,0.2968,0.1546,0.0488,0.073,0.0845,0.0317,3363.2601,3314.1026,3340.696,3560.696,-0.8691,-0.0076,-0.4572,-0.8823,-0.015,0.2841,1,1,1,1,1,40.9,54.2,
2026-07-29 18:29:14.484,0.0886,0.1974,0.1566,0.0937,0.3855,0.3366,0.2731,0.4204,0.3004,0.1379,0.1891,0.2996,0.1767,0.2551,0.2968,0.1546,0.0488,0.073,0.0845,0.0317,3363.2601,3314.1026,3340.696,3560.696,-0.8691,-0.0076,-0.4572,-0.8823,-0.015,0.2841,1,1,1,1,1,40.9,54.2,
2026-07-29 18:29:15.486,0.0886,0.1974,0.1566,0.0937,0.3855,0.3366,0.2731,0.4204,0.3004,0.1379,0.1891,0.2996,0.1767,0.2551,0.2968,0.1546,0.0488,0.073,0.0845,0.0317,3363.2601,3314.1026,3340.696,3560.696,-0.8691,-0.0076,-0.4572,-0.8823,-0.015,0.2841,1,1,1,1,1,40.9,54.2,
2026-07-29 18:29:16.486,0.0886,0.1974,0.1566,0.0937,0.3855,0.3366,0.2731,0.4204,0.3004,0.1379,0.1891,0.2996,0.1767,0.2551,0.2968,0.1546,0.0488,0.073,0.0845,0.0317,3363.2601,3314.1026,3340.696,3560.696,-0.8691,-0.0076,-0.4572,-0.8823,-0.015,0.2841,1,1,1,1,1,40.9,54.2,
2026-07-29 18:29:17.497,0.0886,0.1974,0.1566,0.0937,0.3855,0.3366,0.2731,0.4204,0.3004,0.1379,0.1891,0.2996,0.1767,0.2551,0.2968,0.1546,0.0488,0.073,0.0845,0.0317,3363.2601,3314.1026,3340.696,3560.696,-0.8691,-0.0076,-0.4572,-0.8823,-0.015,0.2841,1,1,1,1,1,40.9,54.2,
2026-07-29 18:29:18.504,0.0886,0.1974,0.1566,0.0937,0.3855,0.3366,0.2731,0.4204,0.3004,0.1379,0.1891,0.2996,0.1767,0.2551,0.2968,0.1546,0.0488,0.073,0.0845,0.0317,3363.2601,3314.1026,3340.696,3560.696,-0.8691,-0.0076,-0.4572,-0.8823,-0.015,0.2841,1,1,1,1,1,40.9,54.2,
2026-07-29 18:29:19.505,0.0886,0.1974,0.1566,0.0937,0.3855,0.3366,0.2731,0.4204,0.3004,0.1379,0.1891,0.2996,0.1767,0.2551,0.2968,0.1546,0.0488,0.073,0.0845,0.0317,3363.2601,3314.1026,3340.696,3560.696,-0.8691,-0.0076,-0.4572,-0.8823,-0.015,0.2841,1,1,1,1,1,40.9,54.2,
2026-07-29 18:29:20.507,0.0886,0.1974,0.1566,0.0937,0.3855,0.3366,0.2731,0.4204,0.3004,0.1379,0.1891,0.2996,0.1767,0.2551,0.2968,0.1546,0.0488,0.073,0.0845,0.0317,3363.2601,3314.1026,3340.696,3560.696,-0.8691,-0.0076,-0.4572,-0.8823,-0.015,0.2841,1,1,1,1,1,40.9,54.2,
2026-07-29 18:29:21.519,0.0886,0.1974,0.1566,0.0937,0.3855,0.3366,0.2731,0.4204,0.3004,0.1379,0.1891,0.2996,0.1767,0.2551,0.2968,0.1546,0.0488,0.073,0.0845,0.0317,3363.2601,3314.1026,3340.696,3560.696,-0.8691,-0.0076,-0.4572,-0.8823,-0.015,0.2841,1,1,1,1,1,40.9,54.2,
2026-07-29 18:29:22.521,0.0886,0.1974,0.1566,0.0937,0.3855,0.3366,0.2731,0.4204,0.3004,0.1379,0.1891,0.2996,0.1767,0.2551,0.2968,0.1546,0.0488,0.073,0.0845,0.0317,3363.2601,3314.1026,3340.696,3560.696,-0.8691,-0.0076,-0.4572,-0.8823,-0.015,0.2841,1,1,1,1,1,40.9,54.2,
2026-07-29 18:29:23.571,0.0886,0.1974,0.1566,0.0937,0.3855,0.3366,0.2731,0.4204,0.3004,0.1379,0.1891,0.2996,0.1767,0.2551,0.2968,0.1546,0.0488,0.073,0.0845,0.0317,3363.2601,3314.1026,3340.696,3560.696,-0.8691,-0.0076,-0.4572,-0.8823,-0.015,0.2841,1,1,1,1,1,40.9,54.2,
2026-07-29 18:29:24.620,0.0886,0.1974,0.1566,0.0937,0.3855,0.3366,0.2731,0.4204,0.3004,0.1379,0.1891,0.2996,0.1767,0.2551,0.2968,0.1546,0.0488,0.073,0.0845,0.0317,3363.2601,3314.1026,3340.696,3560.696,-0.8691,-0.0076,-0.4572,-0.8823,-0.015,0.2841,1,1,1,1,1,40.9,54.2,
2026-07-29 18:29:25.621,0.0886,0.1974,0.1566,0.0937,0.3855,0.3366,0.2731,0.4204,0.3004,0.1379,0.1891,0.2996,0.1767,0.2551,0.2968,0.1546,0.0488,0.073,0.0845,0.0317,3363.2601,3314.1026,3340.696,3560.696,-0.8691,-0.0076,-0.4572,-0.8823,-0.015,0.2841,1,1,1,1,1,40.9,54.2,
2026-07-29 18:29:26.621,0.0886,0.1974,0.1566,0.0937,0.3855,0.3366,0.2731,0.4204,0.3004,0.1379,0.1891,0.2996,0.1767,0.2551,0.2968,0.1546,0.0488,0.073,0.0845,0.0317,3363.2601,3314.1026,3340.696,3560.696,-0.8691,-0.0076,-0.4572,-0.8823,-0.015,0.2841,1,1,1,1,1,40.9,54.2,
2026-07-29 18:29:27.625,0.0886,0.1974,0.1566,0.0937,0.3855,0.3366,0.2731,0.4204,0.3004,0.1379,0.1891,0.2996,0.1767,0.2551,0.2968,0.1546,0.0488,0.073,0.0845,0.0317,3363.2601,3314.1026,3340.696,3560.696,-0.8691,-0.0076,-0.4572,-0.8823,-0.015,0.2841,1,1,1,1,1,40.9,54.2,
2026-07-29 18:29:28.629,0.0886,0.1974,0.1566,0.0937,0.3855,0.3366,0.2731,0.4204,0.3004,0.1379,0.1891,0.2996,0.1767,0.2551,0.2968,0.1546,0.0488,0.073,0.0845,0.0317,3363.2601,3314.1026,3340.696,3560.696,-0.8691,-0.0076,-0.4572,-0.8823,-0.015,0.2841,1,1,1,1,1,40.9,54.2,
2026-07-29 18:29:29.631,0.0886,0.1974,0.1566,0.0937,0.3855,0.3366,0.2731,0.4204,0.3004,0.1379,0.1891,0.2996,0.1767,0.2551,0.2968,0.1546,0.0488,0.073,0.0845,0.0317,3363.2601,3314.1026,3340.696,3560.696,-0.8691,-0.0076,-0.4572,-0.8823,-0.015,0.2841,1,1,1,1,1,40.9,54.2,
2026-07-29 18:29:30.683,0.0886,0.1974,0.1566,0.0937,0.3855,0.3366,0.2731,0.4204,0.3004,0.1379,0.1891,0.2996,0.1767,0.2551,0.2968,0.1546,0.0488,0.073,0.0845,0.0317,3363.2601,3314.1026,3340.696,3560.696,-0.8691,-0.0076,-0.4572,-0.8823,-0.015,0.2841,1,1,1,1,1,40.9,54.2,
2026-07-29 18:29:31.684,0.0886,0.1974,0.1566,0.0937,0.3855,0.3366,0.2731,0.4204,0.3004,0.1379,0.1891,0.2996,0.1767,0.2551,0.2968,0.1546,0.0488,0.073,0.0845,0.0317,3363.2601,3314.1026,3340.696,3560.696,-0.8691,-0.0076,-0.4572,-0.8823,-0.015,0.2841,1,1,1,1,1,40.9,54.2,
2026-07-29 18:29:32.684,0.0886,0.1974,0.1566,0.0937,0.3855,0.3366,0.2731,0.4204,0.3004,0.1379,0.1891,0.2996,0.1767,0.2551,0.2968,0.1546,0.0488,0.073,0.0845,0.0317,3363.2601,3314.1026,3340.696,3560.696,-0.8691,-0.0076,-0.4572,-0.8823,-0.015,0.2841,1,1,1,1,1,40.9,54.2,
2026-07-29 18:29:33.730,0.0886,0.1974,0.1566,0.0937,0.3855,0.3366,0.2731,0.4204,0.3004,0.1379,0.1891,0.2996,0.1767,0.2551,0.2968,0.1546,0.0488,0.073,0.0845,0.0317,3363.2601,3314.1026,3340.696,3560.696,-0.8691,-0.0076,-0.4572,-0.8823,-0.015,0.2841,1,1,1,1,1,40.9,54.2,
2026-07-29 18:29:34.741,0.0886,0.1974,0.1566,0.0937,0.3855,0.3366,0.2731,0.4204,0.3004,0.1379,0.1891,0.2996,0.1767,0.2551,0.2968,0.1546,0.0488,0.073,0.0845,0.0317,3363.2601,3314.1026,3340.696,3560.696,-0.8691,-0.0076,-0.4572,-0.8823,-0.015,0.2841,1,1,1,1,1,40.9,54.2,
2026-07-29 18:29:35.746,0.0886,0.1974,0.1566,0.0937,0.3855,0.3366,0.2731,0.4204,0.3004,0.1379,0.1891,0.2996,0.1767,0.2551,0.2968,0.1546,0.0488,0.073,0.0845,0.0317,3363.2601,3314.1026,3340.696,3560.696,-0.8691,-0.0076,-0.4572,-0.8823,-0.015,0.2841,1,1,1,1,1,40.9,54.2,
2026-07-29 18:29:36.748,0.0886,0.1974,0.1566,0.0937,0.3855,0.3366,0.2731,0.4204,0.3004,0.1379,0.1891,0.2996,0.1767,0.2551,0.2968,0.1546,0.0488,0.073,0.0845,0.0317,3363.2601,3314.1026,3340.696,3560.696,-0.8691,-0.0076,-0.4572,-0.8823,-0.015,0.2841,1,1,1,1,1,40.9,54.2,
2026-07-29 18:29:37.753,0.0886,0.1974,0.1566,0.0937,0.3855,0.3366,0.2731,0.4204,0.3004,0.1379,0.1891,0.2996,0.1767,0.2551,0.2968,0.1546,0.0488,0.073,0.0845,0.0317,3363.2601,3314.1026,3340.696,3560.696,-0.8691,-0.0076,-0.4572,-0.8823,-0.015,0.2841,1,1,1,1,1,40.9,54.2,
2026-07-29 18:29:38.802,0.0886,0.1974,0.1566,0.0937,0.3855,0.3366,0.2731,0.4204,0.3004,0.1379,0.1891,0.2996,0.1767,0.2551,0.2968,0.1546,0.0488,0.073,0.0845,0.0317,3363.2601,3314.1026,3340.696,3560.696,-0.8691,-0.0076,-0.4572,-0.8823,-0.015,0.2841,1,1,1,1,1,40.9,54.2,
2026-07-29 18:29:39.808,0.0886,0.1974,0.1566,0.0937,0.3855,0.3366,0.2731,0.4204,0.3004,0.1379,0.1891,0.2996,0.1767,0.2551,0.2968,0.1546,0.0488,0.073,0.0845,0.0317,3363.2601,3314.1026,3340.696,3560.696,-0.8691,-0.0076,-0.4572,-0.8823,-0.015,0.2841,1,1,1,1,1,40.9,54.2,
2026-07-29 18:29:40.809,0.0886,0.1974,0.1566,0.0937,0.3855,0.3366,0.2731,0.4204,0.3004,0.1379,0.1891,0.2996,0.1767,0.2551,0.2968,0.1546,0.0488,0.073,0.0845,0.0317,3363.2601,3314.1026,3340.696,3560.696,-0.8691,-0.0076,-0.4572,-0.8823,-0.015,0.2841,1,1,1,1,1,40.9,54.2,
2026-07-29 18:29:41.809,0.0886,0.1974,0.1566,0.0937,0.3855,0.3366,0.2731,0.4204,0.3004,0.1379,0.1891,0.2996,0.1767,0.2551,0.2968,0.1546,0.0488,0.073,0.0845,0.0317,3363.2601,3314.1026,3340.696,3560.696,-0.8691,-0.0076,-0.4572,-0.8823,-0.015,0.2841,1,1,1,1,1,40.9,54.2,
2026-07-29 18:29:42.859,0.0886,0.1974,0.1566,0.0937,0.3855,0.3366,0.2731,0.4204,0.3004,0.1379,0.1891,0.2996,0.1767,0.2551,0.2968,0.1546,0.0488,0.073,0.0845,0.0317,3363.2601,3314.1026,3340.696,3560.696,-0.8691,-0.0076,-0.4572,-0.8823,-0.015,0.2841,1,1,1,1,1,40.9,54.2,
2026-07-29 18:29:43.863,0.0886,0.1974,0.1566,0.0937,0.3855,0.3366,0.2731,0.4204,0.3004,0.1379,0.1891,0.2996,0.1767,0.2551,0.2968,0.1546,0.0488,0.073,0.0845,0.0317,3363.2601,3314.1026,3340.696,3560.696,-0.8691,-0.0076,-0.4572,-0.8823,-0.015,0.2841,1,1,1,1,1,40.9,54.2,
2026-07-29 18:29:44.869,0.0886,0.1974,0.1566,0.0937,0.3855,0.3366,0.2731,0.4204,0.3004,0.1379,0.1891,0.2996,0.1767,0.2551,0.2968,0.1546,0.0488,0.073,0.0845,0.0317,3363.2601,3314.1026,3340.696,3560.696,-0.8691,-0.0076,-0.4572,-0.8823,-0.015,0.2841,1,1,1,1,1,40.9,54.2,
2026-07-29 18:29:45.915,0.0886,0.1974,0.1566,0.0937,0.3855,0.3366,0.2731,0.4204,0.3004,0.1379,0.1891,0.2996,0.1767,0.2551,0.2968,0.1546,0.0488,0.073,0.0845,0.0317,3363.2601,3314.1026,3340.696,3560.696,-0.8691,-0.0076,-0.4572,-0.8823,-0.015,0.2841,1,1,1,1,1,40.9,54.2,
2026-07-29 18:29:46.968,0.0886,0.1974,0.1566,0.0937,0.3855,0.3366,0.2731,0.4204,0.3004,0.1379,0.1891,0.2996,0.1767,0.2551,0.2968,0.1546,0.0488,0.073,0.0845,0.0317,3363.2601,3314.1026,3340.696,3560.696,-0.8691,-0.0076,-0.4572,-0.8823,-0.015,0.2841,1,1,1,1,1,40.9,54.2,
2026-07-29 18:29:47.975,0.0886,0.1974,0.1566,0.0937,0.3855,0.3366,0.2731,0.4204,0.3004,0.1379,0.1891,0.2996,0.1767,0.2551,0.2968,0.1546,0.0488,0.073,0.0845,0.0317,3363.2601,3314.1026,3340.696,3560.696,-0.8691,-0.0076,-0.4572,-0.8823,-0.015,0.2841,1,1,1,1,1,40.9,54.2,
2026-07-29 18:29:48.978,0.0886,0.1974,0.1566,0.0937,0.3855,0.3366,0.2731,0.4204,0.3004,0.1379,0.1891,0.2996,0.1767,0.2551,0.2968,0.1546,0.0488,0.073,0.0845,0.0317,3363.2601,3314.1026,3340.696,3560.696,-0.8691,-0.0076,-0.4572,-0.8823,-0.015,0.2841,1,1,1,1,1,40.9,54.2,
2026-07-29 18:29:50.021,0.0886,0.1974,0.1566,0.0937,0.3855,0.3366,0.2731,0.4204,0.3004,0.1379,0.1891,0.2996,0.1767,0.2551,0.2968,0.1546,0.0488,0.073,0.0845,0.0317,3363.2601,3314.1026,3340.696,3560.696,-0.8691,-0.0076,-0.4572,-0.8823,-0.015,0.2841,1,1,1,1,1,40.9,54.2,
2026-07-29 18:29:51.076,0.0886,0.1974,0.1566,0.0937,0.3855,0.3366,0.2731,0.4204,0.3004,0.1379,0.1891,0.2996,0.1767,0.2551,0.2968,0.1546,0.0488,0.073,0.0845,0.0317,3363.2601,3314.1026,3340.696,3560.696,-0.8691,-0.0076,-0.4572,-0.8823,-0.015,0.2841,1,1,1,1,1,40.9,54.2,
2026-07-29 18:29:52.075,0.0886,0.1974,0.1566,0.0937,0.3855,0.3366,0.2731,0.4204,0.3004,0.1379,0.1891,0.2996,0.1767,0.2551,0.2968,0.1546,0.0488,0.073,0.0845,0.0317,3363.2601,3314.1026,3340.696,3560.696,-0.8691,-0.0076,-0.4572,-0.8823,-0.015,0.2841,1,1,1,1,1,40.9,54.2,
2026-07-29 18:29:53.078,0.0886,0.1974,0.1566,0.0937,0.3855,0.3366,0.2731,0.4204,0.3004,0.1379,0.1891,0.2996,0.1767,0.2551,0.2968,0.1546,0.0488,0.073,0.0845,0.0317,3363.2601,3314.1026,3340.696,3560.696,-0.8691,-0.0076,-0.4572,-0.8823,-0.015,0.2841,1,1,1,1,1,40.9,54.2,
2026-07-29 18:29:54.074,0.0886,0.1974,0.1566,0.0937,0.3855,0.3366,0.2731,0.4204,0.3004,0.1379,0.1891,0.2996,0.1767,0.2551,0.2968,0.1546,0.0488,0.073,0.0845,0.0317,3363.2601,3314.1026,3340.696,3560.696,-0.8691,-0.0076,-0.4572,-0.8823,-0.015,0.2841,1,1,1,1,1,40.9,54.2,
2026-07-29 18:29:55.093,0.0886,0.1974,0.1566,0.0937,0.3855,0.3366,0.2731,0.4204,0.3004,0.1379,0.1891,0.2996,0.1767,0.2551,0.2968,0.1546,0.0488,0.073,0.0845,0.0317,3363.2601,3314.1026,3340.696,3560.696,-0.8691,-0.0076,-0.4572,-0.8823,-0.015,0.2841,1,1,1,1,1,40.9,54.2,
2026-07-29 18:29:56.094,0.0886,0.1974,0.1566,0.0937,0.3855,0.3366,0.2731,0.4204,0.3004,0.1379,0.1891,0.2996,0.1767,0.2551,0.2968,0.1546,0.0488,0.073,0.0845,0.0317,3363.2601,3314.1026,3340.696,3560.696,-0.8691,-0.0076,-0.4572,-0.8823,-0.015,0.2841,1,1,1,1,1,40.9,54.2,
2026-07-29 18:29:57.098,0.0886,0.1974,0.1566,0.0937,0.3855,0.3366,0.2731,0.4204,0.3004,0.1379,0.1891,0.2996,0.1767,0.2551,0.2968,0.1546,0.0488,0.073,0.0845,0.0317,3363.2601,3314.1026,3340.696,3560.696,-0.8691,-0.0076,-0.4572,-0.8823,-0.015,0.2841,1,1,1,1,1,40.9,54.2,
2026-07-29 18:29:58.102,0.0886,0.1974,0.1566,0.0937,0.3855,0.3366,0.2731,0.4204,0.3004,0.1379,0.1891,0.2996,0.1767,0.2551,0.2968,0.1546,0.0488,0.073,0.0845,0.0317,3363.2601,3314.1026,3340.696,3560.696,-0.8691,-0.0076,-0.4572,-0.8823,-0.015,0.2841,1,1,1,1,1,40.9,54.2,
2026-07-29 18:29:59.105,0.0886,0.1974,0.1566,0.0937,0.3855,0.3366,0.2731,0.4204,0.3004,0.1379,0.1891,0.2996,0.1767,0.2551,0.2968,0.1546,0.0488,0.073,0.0845,0.0317,3363.2601,3314.1026,3340.696,3560.696,-0.8691,-0.0076,-0.4572,-0.8823,-0.015,0.2841,1,1,1,1,1,40.9,54.2,
2026-07-29 18:30:00.105,0.0886,0.1974,0.1566,0.0937,0.3855,0.3366,0.2731,0.4204,0.3004,0.1379,0.1891,0.2996,0.1767,0.2551,0.2968,0.1546,0.0488,0.073,0.0845,0.0317,3363.2601,3314.1026,3340.696,3560.696,-0.8691,-0.0076,-0.4572,-0.8823,-0.015,0.2841,1,1,1,1,1,40.9,54.2,
2026-07-29 18:30:01.159,0.0886,0.1974,0.1566,0.0937,0.3855,0.3366,0.2731,0.4204,0.3004,0.1379,0.1891,0.2996,0.1767,0.2551,0.2968,0.1546,0.0488,0.073,0.0845,0.0317,3363.2601,3314.1026,3340.696,3560.696,-0.8691,-0.0076,-0.4572,-0.8823,-0.015,0.2841,1,1,1,1,1,40.9,54.2,
2026-07-29 18:30:02.162,0.0886,0.1974,0.1566,0.0937,0.3855,0.3366,0.2731,0.4204,0.3004,0.1379,0.1891,0.2996,0.1767,0.2551,0.2968,0.1546,0.0488,0.073,0.0845,0.0317,3363.2601,3314.1026,3340.696,3560.696,-0.8691,-0.0076,-0.4572,-0.8823,-0.015,0.2841,1,1,1,1,1,40.9,54.2,
2026-07-29 18:30:03.167,0.0886,0.1974,0.1566,0.0937,0.3855,0.3366,0.2731,0.4204,0.3004,0.1379,0.1891,0.2996,0.1767,0.2551,0.2968,0.1546,0.0488,0.073,0.0845,0.0317,3363.2601,3314.1026,3340.696,3560.696,-0.8691,-0.0076,-0.4572,-0.8823,-0.015,0.2841,1,1,1,1,1,40.9,54.2,
2026-07-29 18:30:04.169,0.0886,0.1974,0.1566,0.0937,0.3855,0.3366,0.2731,0.4204,0.3004,0.1379,0.1891,0.2996,0.1767,0.2551,0.2968,0.1546,0.0488,0.073,0.0845,0.0317,3363.2601,3314.1026,3340.696,3560.696,-0.8691,-0.0076,-0.4572,-0.8823,-0.015,0.2841,1,1,1,1,1,40.9,54.2,
2026-07-29 18:30:05.180,0.0886,0.1974,0.1566,0.0937,0.3855,0.3366,0.2731,0.4204,0.3004,0.1379,0.1891,0.2996,0.1767,0.2551,0.2968,0.1546,0.0488,0.073,0.0845,0.0317,3363.2601,3314.1026,3340.696,3560.696,-0.8691,-0.0076,-0.4572,-0.8823,-0.015,0.2841,1,1,1,1,1,40.9,54.2,
2026-07-29 18:30:06.183,0.0886,0.1974,0.1566,0.0937,0.3855,0.3366,0.2731,0.4204,0.3004,0.1379,0.1891,0.2996,0.1767,0.2551,0.2968,0.1546,0.0488,0.073,0.0845,0.0317,3363.2601,3314.1026,3340.696,3560.696,-0.8691,-0.0076,-0.4572,-0.8823,-0.015,0.2841,1,1,1,1,1,40.9,54.2,
2026-07-29 18:30:07.188,0.0886,0.1974,0.1566,0.0937,0.3855,0.3366,0.2731,0.4204,0.3004,0.1379,0.1891,0.2996,0.1767,0.2551,0.2968,0.1546,0.0488,0.073,0.0845,0.0317,3363.2601,3314.1026,3340.696,3560.696,-0.8691,-0.0076,-0.4572,-0.8823,-0.015,0.2841,1,1,1,1,1,40.9,54.2,
2026-07-29 18:30:08.194,0.0886,0.1974,0.1566,0.0937,0.3855,0.3366,0.2731,0.4204,0.3004,0.1379,0.1891,0.2996,0.1767,0.2551,0.2968,0.1546,0.0488,0.073,0.0845,0.0317,3363.2601,3314.1026,3340.696,3560.696,-0.8691,-0.0076,-0.4572,-0.8823,-0.015,0.2841,1,1,1,1,1,40.9,54.2,
2026-07-29 18:30:09.189,0.0886,0.1974,0.1566,0.0937,0.3855,0.3366,0.2731,0.4204,0.3004,0.1379,0.1891,0.2996,0.1767,0.2551,0.2968,0.1546,0.0488,0.073,0.0845,0.0317,3363.2601,3314.1026,3340.696,3560.696,-0.8691,-0.0076,-0.4572,-0.8823,-0.015,0.2841,1,1,1,1,1,40.9,54.2,
2026-07-29 18:30:10.199,0.0886,0.1974,0.1566,0.0937,0.3855,0.3366,0.2731,0.4204,0.3004,0.1379,0.1891,0.2996,0.1767,0.2551,0.2968,0.1546,0.0488,0.073,0.0845,0.0317,3363.2601,3314.1026,3340.696,3560.696,-0.8691,-0.0076,-0.4572,-0.8823,-0.015,0.2841,1,1,1,1,1,40.9,54.2,
2026-07-29 18:30:11.205,0.0886,0.1974,0.1566,0.0937,0.3855,0.3366,0.2731,0.4204,0.3004,0.1379,0.1891,0.2996,0.1767,0.2551,0.2968,0.1546,0.0488,0.073,0.0845,0.0317,3363.2601,3314.1026,3340.696,3560.696,-0.8691,-0.0076,-0.4572,-0.8823,-0.015,0.2841,1,1,1,1,1,40.9,54.2,
2026-07-29 18:30:12.211,0.0886,0.1974,0.1566,0.0937,0.3855,0.3366,0.2731,0.4204,0.3004,0.1379,0.1891,0.2996,0.1767,0.2551,0.2968,0.1546,0.0488,0.073,0.0845,0.0317,3363.2601,3314.1026,3340.696,3560.696,-0.8691,-0.0076,-0.4572,-0.8823,-0.015,0.2841,1,1,1,1,1,40.9,54.2,
2026-07-29 18:30:13.205,0.0886,0.1974,0.1566,0.0937,0.3855,0.3366,0.2731,0.4204,0.3004,0.1379,0.1891,0.2996,0.1767,0.2551,0.2968,0.1546,0.0488,0.073,0.0845,0.0317,3363.2601,3314.1026,3340.696,3560.696,-0.8691,-0.0076,-0.4572,-0.8823,-0.015,0.2841,1,1,1,1,1,40.9,54.2,
2026-07-29 18:30:14.215,0.0886,0.1974,0.1566,0.0937,0.3855,0.3366,0.2731,0.4204,0.3004,0.1379,0.1891,0.2996,0.1767,0.2551,0.2968,0.1546,0.0488,0.073,0.0845,0.0317,3363.2601,3314.1026,3340.696,3560.696,-0.8691,-0.0076,-0.4572,-0.8823,-0.015,0.2841,1,1,1,1,1,40.9,54.2,
2026-07-29 18:30:15.217,0.0886,0.1974,0.1566,0.0937,0.3855,0.3366,0.2731,0.4204,0.3004,0.1379,0.1891,0.2996,0.1767,0.2551,0.2968,0.1546,0.0488,0.073,0.0845,0.0317,3363.2601,3314.1026,3340.696,3560.696,-0.8691,-0.0076,-0.4572,-0.8823,-0.015,0.2841,1,1,1,1,1,40.9,54.2,
2026-07-29 18:30:16.272,0.0886,0.1974,0.1566,0.0937,0.3855,0.3366,0.2731,0.4204,0.3004,0.1379,0.1891,0.2996,0.1767,0.2551,0.2968,0.1546,0.0488,0.073,0.0845,0.0317,3363.2601,3314.1026,3340.696,3560.696,-0.8691,-0.0076,-0.4572,-0.8823,-0.015,0.2841,1,1,1,1,1,40.9,54.2,
2026-07-29 18:30:17.275,0.0886,0.1974,0.1566,0.0937,0.3855,0.3366,0.2731,0.4204,0.3004,0.1379,0.1891,0.2996,0.1767,0.2551,0.2968,0.1546,0.0488,0.073,0.0845,0.0317,3363.2601,3314.1026,3340.696,3560.696,-0.8691,-0.0076,-0.4572,-0.8823,-0.015,0.2841,1,1,1,1,1,40.9,54.2,
2026-07-29 18:30:18.325,0.0886,0.1974,0.1566,0.0937,0.3855,0.3366,0.2731,0.4204,0.3004,0.1379,0.1891,0.2996,0.1767,0.2551,0.2968,0.1546,0.0488,0.073,0.0845,0.0317,3363.2601,3314.1026,3340.696,3560.696,-0.8691,-0.0076,-0.4572,-0.8823,-0.015,0.2841,1,1,1,1,1,40.9,54.2,
2026-07-29 18:30:19.327,0.0886,0.1974,0.1566,0.0937,0.3855,0.3366,0.2731,0.4204,0.3004,0.1379,0.1891,0.2996,0.1767,0.2551,0.2968,0.1546,0.0488,0.073,0.0845,0.0317,3363.2601,3314.1026,3340.696,3560.696,-0.8691,-0.0076,-0.4572,-0.8823,-0.015,0.2841,1,1,1,1,1,40.9,54.2,
2026-07-29 18:30:20.332,0.0886,0.1974,0.1566,0.0937,0.3855,0.3366,0.2731,0.4204,0.3004,0.1379,0.1891,0.2996,0.1767,0.2551,0.2968,0.1546,0.0488,0.073,0.0845,0.0317,3363.2601,3314.1026,3340.696,3560.696,-0.8691,-0.0076,-0.4572,-0.8823,-0.015,0.2841,1,1,1,1,1,40.9,54.2,
2026-07-29 18:30:21.335,0.0886,0.1974,0.1566,0.0937,0.3855,0.3366,0.2731,0.4204,0.3004,0.1379,0.1891,0.2996,0.1767,0.2551,0.2968,0.1546,0.0488,0.073,0.0845,0.0317,3363.2601,3314.1026,3340.696,3560.696,-0.8691,-0.0076,-0.4572,-0.8823,-0.015,0.2841,1,1,1,1,1,40.9,54.2,
2026-07-29 18:30:22.334,0.0886,0.1974,0.1566,0.0937,0.3855,0.3366,0.2731,0.4204,0.3004,0.1379,0.1891,0.2996,0.1767,0.2551,0.2968,0.1546,0.0488,0.073,0.0845,0.0317,3363.2601,3314.1026,3340.696,3560.696,-0.8691,-0.0076,-0.4572,-0.8823,-0.015,0.2841,1,1,1,1,1,40.9,54.2,
2026-07-29 18:30:23.384,0.0886,0.1974,0.1566,0.0937,0.3855,0.3366,0.2731,0.4204,0.3004,0.1379,0.1891,0.2996,0.1767,0.2551,0.2968,0.1546,0.0488,0.073,0.0845,0.0317,3363.2601,3314.1026,3340.696,3560.696,-0.8691,-0.0076,-0.4572,-0.8823,-0.015,0.2841,1,1,1,1,1,40.9,54.2,
2026-07-29 18:30:24.392,0.0886,0.1974,0.1566,0.0937,0.3855,0.3366,0.2731,0.4204,0.3004,0.1379,0.1891,0.2996,0.1767,0.2551,0.2968,0.1546,0.0488,0.073,0.0845,0.0317,3363.2601,3314.1026,3340.696,3560.696,-0.8691,-0.0076,-0.4572,-0.8823,-0.015,0.2841,1,1,1,1,1,40.9,54.2,
2026-07-29 18:30:25.398,0.0886,0.1974,0.1566,0.0937,0.3855,0.3366,0.2731,0.4204,0.3004,0.1379,0.1891,0.2996,0.1767,0.2551,0.2968,0.1546,0.0488,0.073,0.0845,0.0317,3363.2601,3314.1026,3340.696,3560.696,-0.8691,-0.0076,-0.4572,-0.8823,-0.015,0.2841,1,1,1,1,1,40.9,54.2,
2026-07-29 18:30:26.449,0.0886,0.1974,0.1566,0.0937,0.3855,0.3366,0.2731,0.4204,0.3004,0.1379,0.1891,0.2996,0.1767,0.2551,0.2968,0.1546,0.0488,0.073,0.0845,0.0317,3363.2601,3314.1026,3340.696,3560.696,-0.8691,-0.0076,-0.4572,-0.8823,-0.015,0.2841,1,1,1,1,1,40.9,54.2,
2026-07-29 18:30:27.503,0.0886,0.1974,0.1566,0.0937,0.3855,0.3366,0.2731,0.4204,0.3004,0.1379,0.1891,0.2996,0.1767,0.2551,0.2968,0.1546,0.0488,0.073,0.0845,0.0317,3363.2601,3314.1026,3340.696,3560.696,-0.8691,-0.0076,-0.4572,-0.8823,-0.015,0.2841,1,1,1,1,1,40.9,54.2,
2026-07-29 18:30:28.506,0.0886,0.1974,0.1566,0.0937,0.3855,0.3366,0.2731,0.4204,0.3004,0.1379,0.1891,0.2996,0.1767,0.2551,0.2968,0.1546,0.0488,0.073,0.0845,0.0317,3363.2601,3314.1026,3340.696,3560.696,-0.8691,-0.0076,-0.4572,-0.8823,-0.015,0.2841,1,1,1,1,1,40.9,54.2,
2026-07-29 18:30:29.511,0.0886,0.1974,0.1566,0.0937,0.3855,0.3366,0.2731,0.4204,0.3004,0.1379,0.1891,0.2996,0.1767,0.2551,0.2968,0.1546,0.0488,0.073,0.0845,0.0317,3363.2601,3314.1026,3340.696,3560.696,-0.8691,-0.0076,-0.4572,-0.8823,-0.015,0.2841,1,1,1,1,1,40.9,54.2,
2026-07-29 18:30:30.511,0.0886,0.1974,0.1566,0.0937,0.3855,0.3366,0.2731,0.4204,0.3004,0.1379,0.1891,0.2996,0.1767,0.2551,0.2968,0.1546,0.0488,0.073,0.0845,0.0317,3363.2601,3314.1026,3340.696,3560.696,-0.8691,-0.0076,-0.4572,-0.8823,-0.015,0.2841,1,1,1,1,1,40.9,54.2,
2026-07-29 18:30:31.529,0.0886,0.1974,0.1566,0.0937,0.3855,0.3366,0.2731,0.4204,0.3004,0.1379,0.1891,0.2996,0.1767,0.2551,0.2968,0.1546,0.0488,0.073,0.0845,0.0317,3363.2601,3314.1026,3340.696,3560.696,-0.8691,-0.0076,-0.4572,-0.8823,-0.015,0.2841,1,1,1,1,1,40.9,54.2,
2026-07-29 18:30:32.576,0.0886,0.1974,0.1566,0.0937,0.3855,0.3366,0.2731,0.4204,0.3004,0.1379,0.1891,0.2996,0.1767,0.2551,0.2968,0.1546,0.0488,0.073,0.0845,0.0317,3363.2601,3314.1026,3340.696,3560.696,-0.8691,-0.0076,-0.4572,-0.8823,-0.015,0.2841,1,1,1,1,1,40.9,54.2,
2026-07-29 18:30:33.582,0.0886,0.1974,0.1566,0.0937,0.3855,0.3366,0.2731,0.4204,0.3004,0.1379,0.1891,0.2996,0.1767,0.2551,0.2968,0.1546,0.0488,0.073,0.0845,0.0317,3363.2601,3314.1026,3340.696,3560.696,-0.8691,-0.0076,-0.4572,-0.8823,-0.015,0.2841,1,1,1,1,1,40.9,54.2,
2026-07-29 18:30:34.584,0.0886,0.1974,0.1566,0.0937,0.3855,0.3366,0.2731,0.4204,0.3004,0.1379,0.1891,0.2996,0.1767,0.2551,0.2968,0.1546,0.0488,0.073,0.0845,0.0317,3363.2601,3314.1026,3340.696,3560.696,-0.8691,-0.0076,-0.4572,-0.8823,-0.015,0.2841,1,1,1,1,1,40.9,54.2,
2026-07-29 18:30:35.591,0.0886,0.1974,0.1566,0.0937,0.3855,0.3366,0.2731,0.4204,0.3004,0.1379,0.1891,0.2996,0.1767,0.2551,0.2968,0.1546,0.0488,0.073,0.0845,0.0317,3363.2601,3314.1026,3340.696,3560.696,-0.8691,-0.0076,-0.4572,-0.8823,-0.015,0.2841,1,1,1,1,1,40.9,54.2,
2026-07-29 18:30:36.597,0.0886,0.1974,0.1566,0.0937,0.3855,0.3366,0.2731,0.4204,0.3004,0.1379,0.1891,0.2996,0.1767,0.2551,0.2968,0.1546,0.0488,0.073,0.0845,0.0317,3363.2601,3314.1026,3340.696,3560.696,-0.8691,-0.0076,-0.4572,-0.8823,-0.015,0.2841,1,1,1,1,1,40.9,54.2,
2026-07-29 18:30:37.601,0.0886,0.1974,0.1566,0.0937,0.3855,0.3366,0.2731,0.4204,0.3004,0.1379,0.1891,0.2996,0.1767,0.2551,0.2968,0.1546,0.0488,0.073,0.0845,0.0317,3363.2601,3314.1026,3340.696,3560.696,-0.8691,-0.0076,-0.4572,-0.8823,-0.015,0.2841,1,1,1,1,1,40.9,54.2,
2026-07-29 18:30:38.652,0.0886,0.1974,0.1566,0.0937,0.3855,0.3366,0.2731,0.4204,0.3004,0.1379,0.1891,0.2996,0.1767,0.2551,0.2968,0.1546,0.0488,0.073,0.0845,0.0317,3363.2601,3314.1026,3340.696,3560.696,-0.8691,-0.0076,-0.4572,-0.8823,-0.015,0.2841,1,1,1,1,1,40.9,54.2,
2026-07-29 18:30:39.704,0.0886,0.1974,0.1566,0.0937,0.3855,0.3366,0.2731,0.4204,0.3004,0.1379,0.1891,0.2996,0.1767,0.2551,0.2968,0.1546,0.0488,0.073,0.0845,0.0317,3363.2601,3314.1026,3340.696,3560.696,-0.8691,-0.0076,-0.4572,-0.8823,-0.015,0.2841,1,1,1,1,1,40.9,54.2,
2026-07-29 18:30:40.706,0.0886,0.1974,0.1566,0.0937,0.3855,0.3366,0.2731,0.4204,0.3004,0.1379,0.1891,0.2996,0.1767,0.2551,0.2968,0.1546,0.0488,0.073,0.0845,0.0317,3363.2601,3314.1026,3340.696,3560.696,-0.8691,-0.0076,-0.4572,-0.8823,-0.015,0.2841,1,1,1,1,1,40.9,54.2,
2026-07-29 18:30:41.756,0.0886,0.1974,0.1566,0.0937,0.3855,0.3366,0.2731,0.4204,0.3004,0.1379,0.1891,0.2996,0.1767,0.2551,0.2968,0.1546,0.0488,0.073,0.0845,0.0317,3363.2601,3314.1026,3340.696,3560.696,-0.8691,-0.0076,-0.4572,-0.8823,-0.015,0.2841,1,1,1,1,1,40.9,54.2,
2026-07-29 18:30:42.757,0.0886,0.1974,0.1566,0.0937,0.3855,0.3366,0.2731,0.4204,0.3004,0.1379,0.1891,0.2996,0.1767,0.2551,0.2968,0.1546,0.0488,0.073,0.0845,0.0317,3363.2601,3314.1026,3340.696,3560.696,-0.8691,-0.0076,-0.4572,-0.8823,-0.015,0.2841,1,1,1,1,1,40.9,54.2,
2026-07-29 18:30:43.758,0.0886,0.1974,0.1566,0.0937,0.3855,0.3366,0.2731,0.4204,0.3004,0.1379,0.1891,0.2996,0.1767,0.2551,0.2968,0.1546,0.0488,0.073,0.0845,0.0317,3363.2601,3314.1026,3340.696,3560.696,-0.8691,-0.0076,-0.4572,-0.8823,-0.015,0.2841,1,1,1,1,1,40.9,54.2,
2026-07-29 18:30:44.757,0.0886,0.1974,0.1566,0.0937,0.3855,0.3366,0.2731,0.4204,0.3004,0.1379,0.1891,0.2996,0.1767,0.2551,0.2968,0.1546,0.0488,0.073,0.0845,0.0317,3363.2601,3314.1026,3340.696,3560.696,-0.8691,-0.0076,-0.4572,-0.8823,-0.015,0.2841,1,1,1,1,1,40.9,54.2,
2026-07-29 18:30:45.762,0.0886,0.1974,0.1566,0.0937,0.3855,0.3366,0.2731,0.4204,0.3004,0.1379,0.1891,0.2996,0.1767,0.2551,0.2968,0.1546,0.0488,0.073,0.0845,0.0317,3363.2601,3314.1026,3340.696,3560.696,-0.8691,-0.0076,-0.4572,-0.8823,-0.015,0.2841,1,1,1,1,1,40.9,54.2,
2026-07-29 18:30:46.762,0.0886,0.1974,0.1566,0.0937,0.3855,0.3366,0.2731,0.4204,0.3004,0.1379,0.1891,0.2996,0.1767,0.2551,0.2968,0.1546,0.0488,0.073,0.0845,0.0317,3363.2601,3314.1026,3340.696,3560.696,-0.8691,-0.0076,-0.4572,-0.8823,-0.015,0.2841,1,1,1,1,1,40.9,54.2,
2026-07-29 18:30:47.763,0.0886,0.1974,0.1566,0.0937,0.3855,0.3366,0.2731,0.4204,0.3004,0.1379,0.1891,0.2996,0.1767,0.2551,0.2968,0.1546,0.0488,0.073,0.0845,0.0317,3363.2601,3314.1026,3340.696,3560.696,-0.8691,-0.0076,-0.4572,-0.8823,-0.015,0.2841,1,1,1,1,1,40.9,54.2,
2026-07-29 18:30:48.808,0.0886,0.1974,0.1566,0.0937,0.3855,0.3366,0.2731,0.4204,0.3004,0.1379,0.1891,0.2996,0.1767,0.2551,0.2968,0.1546,0.0488,0.073,0.0845,0.0317,3363.2601,3314.1026,3340.696,3560.696,-0.8691,-0.0076,-0.4572,-0.8823,-0.015,0.2841,1,1,1,1,1,40.9,54.2,
2026-07-29 18:30:49.857,0.0886,0.1974,0.1566,0.0937,0.3855,0.3366,0.2731,0.4204,0.3004,0.1379,0.1891,0.2996,0.1767,0.2551,0.2968,0.1546,0.0488,0.073,0.0845,0.0317,3363.2601,3314.1026,3340.696,3560.696,-0.8691,-0.0076,-0.4572,-0.8823,-0.015,0.2841,1,1,1,1,1,40.9,54.2,
2026-07-29 18:30:50.858,0.0886,0.1974,0.1566,0.0937,0.3855,0.3366,0.2731,0.4204,0.3004,0.1379,0.1891,0.2996,0.1767,0.2551,0.2968,0.1546,0.0488,0.073,0.0845,0.0317,3363.2601,3314.1026,3340.696,3560.696,-0.8691,-0.0076,-0.4572,-0.8823,-0.015,0.2841,1,1,1,1,1,40.9,54.2,
2026-07-29 18:30:51.863,0.0886,0.1974,0.1566,0.0937,0.3855,0.3366,0.2731,0.4204,0.3004,0.1379,0.1891,0.2996,0.1767,0.2551,0.2968,0.1546,0.0488,0.073,0.0845,0.0317,3363.2601,3314.1026,3340.696,3560.696,-0.8691,-0.0076,-0.4572,-0.8823,-0.015,0.2841,1,1,1,1,1,40.9,54.2,
2026-07-29 18:30:52.871,0.0886,0.1974,0.1566,0.0937,0.3855,0.3366,0.2731,0.4204,0.3004,0.1379,0.1891,0.2996,0.1767,0.2551,0.2968,0.1546,0.0488,0.073,0.0845,0.0317,3363.2601,3314.1026,3340.696,3560.696,-0.8691,-0.0076,-0.4572,-0.8823,-0.015,0.2841,1,1,1,1,1,40.9,54.2,
2026-07-29 18:30:53.871,0.0886,0.1974,0.1566,0.0937,0.3855,0.3366,0.2731,0.4204,0.3004,0.1379,0.1891,0.2996,0.1767,0.2551,0.2968,0.1546,0.0488,0.073,0.0845,0.0317,3363.2601,3314.1026,3340.696,3560.696,-0.8691,-0.0076,-0.4572,-0.8823,-0.015,0.2841,1,1,1,1,1,40.9,54.2,
2026-07-29 18:30:54.921,0.0886,0.1974,0.1566,0.0937,0.3855,0.3366,0.2731,0.4204,0.3004,0.1379,0.1891,0.2996,0.1767,0.2551,0.2968,0.1546,0.0488,0.073,0.0845,0.0317,3363.2601,3314.1026,3340.696,3560.696,-0.8691,-0.0076,-0.4572,-0.8823,-0.015,0.2841,1,1,1,1,1,40.9,54.2,
2026-07-29 18:30:55.974,0.0886,0.1974,0.1566,0.0937,0.3855,0.3366,0.2731,0.4204,0.3004,0.1379,0.1891,0.2996,0.1767,0.2551,0.2968,0.1546,0.0488,0.073,0.0845,0.0317,3363.2601,3314.1026,3340.696,3560.696,-0.8691,-0.0076,-0.4572,-0.8823,-0.015,0.2841,1,1,1,1,1,40.9,54.2,
2026-07-29 18:30:56.975,0.0886,0.1974,0.1566,0.0937,0.3855,0.3366,0.2731,0.4204,0.3004,0.1379,0.1891,0.2996,0.1767,0.2551,0.2968,0.1546,0.0488,0.073,0.0845,0.0317,3363.2601,3314.1026,3340.696,3560.696,-0.8691,-0.0076,-0.4572,-0.8823,-0.015,0.2841,1,1,1,1,1,40.9,54.2,
2026-07-29 18:30:57.984,0.0886,0.1974,0.1566,0.0937,0.3855,0.3366,0.2731,0.4204,0.3004,0.1379,0.1891,0.2996,0.1767,0.2551,0.2968,0.1546,0.0488,0.073,0.0845,0.0317,3363.2601,3314.1026,3340.696,3560.696,-0.8691,-0.0076,-0.4572,-0.8823,-0.015,0.2841,1,1,1,1,1,40.9,54.2,
2026-07-29 18:30:58.987,0.0886,0.1974,0.1566,0.0937,0.3855,0.3366,0.2731,0.4204,0.3004,0.1379,0.1891,0.2996,0.1767,0.2551,0.2968,0.1546,0.0488,0.073,0.0845,0.0317,3363.2601,3314.1026,3340.696,3560.696,-0.8691,-0.0076,-0.4572,-0.8823,-0.015,0.2841,1,1,1,1,1,40.9,54.2,
2026-07-29 18:31:00.031,0.0886,0.1974,0.1566,0.0937,0.3855,0.3366,0.2731,0.4204,0.3004,0.1379,0.1891,0.2996,0.1767,0.2551,0.2968,0.1546,0.0488,0.073,0.0845,0.0317,3363.2601,3314.1026,3340.696,3560.696,-0.8691,-0.0076,-0.4572,-0.8823,-0.015,0.2841,1,1,1,1,1,40.9,54.2,
2026-07-29 18:31:01.085,0.0886,0.1974,0.1566,0.0937,0.3855,0.3366,0.2731,0.4204,0.3004,0.1379,0.1891,0.2996,0.1767,0.2551,0.2968,0.1546,0.0488,0.073,0.0845,0.0317,3363.2601,3314.1026,3340.696,3560.696,-0.8691,-0.0076,-0.4572,-0.8823,-0.015,0.2841,1,1,1,1,1,40.9,54.2,
2026-07-29 18:31:02.086,0.0886,0.1974,0.1566,0.0937,0.3855,0.3366,0.2731,0.4204,0.3004,0.1379,0.1891,0.2996,0.1767,0.2551,0.2968,0.1546,0.0488,0.073,0.0845,0.0317,3363.2601,3314.1026,3340.696,3560.696,-0.8691,-0.0076,-0.4572,-0.8823,-0.015,0.2841,1,1,1,1,1,40.9,54.2,
2026-07-29 18:31:03.094,0.0886,0.1974,0.1566,0.0937,0.3855,0.3366,0.2731,0.4204,0.3004,0.1379,0.1891,0.2996,0.1767,0.2551,0.2968,0.1546,0.0488,0.073,0.0845,0.0317,3363.2601,3314.1026,3340.696,3560.696,-0.8691,-0.0076,-0.4572,-0.8823,-0.015,0.2841,1,1,1,1,1,40.9,54.2,
2026-07-29 18:31:04.138,0.0886,0.1974,0.1566,0.0937,0.3855,0.3366,0.2731,0.4204,0.3004,0.1379,0.1891,0.2996,0.1767,0.2551,0.2968,0.1546,0.0488,0.073,0.0845,0.0317,3363.2601,3314.1026,3340.696,3560.696,-0.8691,-0.0076,-0.4572,-0.8823,-0.015,0.2841,1,1,1,1,1,40.9,54.2,
2026-07-29 18:31:05.189,0.0886,0.1974,0.1566,0.0937,0.3855,0.3366,0.2731,0.4204,0.3004,0.1379,0.1891,0.2996,0.1767,0.2551,0.2968,0.1546,0.0488,0.073,0.0845,0.0317,3363.2601,3314.1026,3340.696,3560.696,-0.8691,-0.0076,-0.4572,-0.8823,-0.015,0.2841,1,1,1,1,1,40.9,54.2,
2026-07-29 18:31:06.195,0.0886,0.1974,0.1566,0.0937,0.3855,0.3366,0.2731,0.4204,0.3004,0.1379,0.1891,0.2996,0.1767,0.2551,0.2968,0.1546,0.0488,0.073,0.0845,0.0317,3363.2601,3314.1026,3340.696,3560.696,-0.8691,-0.0076,-0.4572,-0.8823,-0.015,0.2841,1,1,1,1,1,40.9,54.2,
2026-07-29 18:31:07.197,0.0886,0.1974,0.1566,0.0937,0.3855,0.3366,0.2731,0.4204,0.3004,0.1379,0.1891,0.2996,0.1767,0.2551,0.2968,0.1546,0.0488,0.073,0.0845,0.0317,3363.2601,3314.1026,3340.696,3560.696,-0.8691,-0.0076,-0.4572,-0.8823,-0.015,0.2841,1,1,1,1,1,40.9,54.2,
2026-07-29 18:31:08.248,0.0886,0.1974,0.1566,0.0937,0.3855,0.3366,0.2731,0.4204,0.3004,0.1379,0.1891,0.2996,0.1767,0.2551,0.2968,0.1546,0.0488,0.073,0.0845,0.0317,3363.2601,3314.1026,3340.696,3560.696,-0.8691,-0.0076,-0.4572,-0.8823,-0.015,0.2841,1,1,1,1,1,40.9,54.2,
2026-07-29 18:31:09.258,0.0886,0.1974,0.1566,0.0937,0.3855,0.3366,0.2731,0.4204,0.3004,0.1379,0.1891,0.2996,0.1767,0.2551,0.2968,0.1546,0.0488,0.073,0.0845,0.0317,3363.2601,3314.1026,3340.696,3560.696,-0.8691,-0.0076,-0.4572,-0.8823,-0.015,0.2841,1,1,1,1,1,40.9,54.2,
2026-07-29 18:31:10.304,0.0886,0.1974,0.1566,0.0937,0.3855,0.3366,0.2731,0.4204,0.3004,0.1379,0.1891,0.2996,0.1767,0.2551,0.2968,0.1546,0.0488,0.073,0.0845,0.0317,3363.2601,3314.1026,3340.696,3560.696,-0.8691,-0.0076,-0.4572,-0.8823,-0.015,0.2841,1,1,1,1,1,40.9,54.2,
2026-07-29 18:31:11.358,0.0886,0.1974,0.1566,0.0937,0.3855,0.3366,0.2731,0.4204,0.3004,0.1379,0.1891,0.2996,0.1767,0.2551,0.2968,0.1546,0.0488,0.073,0.0845,0.0317,3363.2601,3314.1026,3340.696,3560.696,-0.8691,-0.0076,-0.4572,-0.8823,-0.015,0.2841,1,1,1,1,1,40.9,54.2,
2026-07-29 18:31:12.360,0.0886,0.1974,0.1566,0.0937,0.3855,0.3366,0.2731,0.4204,0.3004,0.1379,0.1891,0.2996,0.1767,0.2551,0.2968,0.1546,0.0488,0.073,0.0845,0.0317,3363.2601,3314.1026,3340.696,3560.696,-0.8691,-0.0076,-0.4572,-0.8823,-0.015,0.2841,1,1,1,1,1,40.9,54.2,
2026-07-29 18:31:13.360,0.0886,0.1974,0.1566,0.0937,0.3855,0.3366,0.2731,0.4204,0.3004,0.1379,0.1891,0.2996,0.1767,0.2551,0.2968,0.1546,0.0488,0.073,0.0845,0.0317,3363.2601,3314.1026,3340.696,3560.696,-0.8691,-0.0076,-0.4572,-0.8823,-0.015,0.2841,1,1,1,1,1,40.9,54.2,
2026-07-29 18:31:14.364,0.0886,0.1974,0.1566,0.0937,0.3855,0.3366,0.2731,0.4204,0.3004,0.1379,0.1891,0.2996,0.1767,0.2551,0.2968,0.1546,0.0488,0.073,0.0845,0.0317,3363.2601,3314.1026,3340.696,3560.696,-0.8691,-0.0076,-0.4572,-0.8823,-0.015,0.2841,1,1,1,1,1,40.9,54.2,
2026-07-29 18:31:15.369,0.0886,0.1974,0.1566,0.0937,0.3855,0.3366,0.2731,0.4204,0.3004,0.1379,0.1891,0.2996,0.1767,0.2551,0.2968,0.1546,0.0488,0.073,0.0845,0.0317,3363.2601,3314.1026,3340.696,3560.696,-0.8691,-0.0076,-0.4572,-0.8823,-0.015,0.2841,1,1,1,1,1,40.9,54.2,
2026-07-29 18:31:16.420,0.0886,0.1974,0.1566,0.0937,0.3855,0.3366,0.2731,0.4204,0.3004,0.1379,0.1891,0.2996,0.1767,0.2551,0.2968,0.1546,0.0488,0.073,0.0845,0.0317,3363.2601,3314.1026,3340.696,3560.696,-0.8691,-0.0076,-0.4572,-0.8823,-0.015,0.2841,1,1,1,1,1,40.9,54.2,
2026-07-29 18:31:17.420,0.0886,0.1974,0.1566,0.0937,0.3855,0.3366,0.2731,0.4204,0.3004,0.1379,0.1891,0.2996,0.1767,0.2551,0.2968,0.1546,0.0488,0.073,0.0845,0.0317,3363.2601,3314.1026,3340.696,3560.696,-0.8691,-0.0076,-0.4572,-0.8823,-0.015,0.2841,1,1,1,1,1,40.9,54.2,
2026-07-29 18:31:18.426,0.0886,0.1974,0.1566,0.0937,0.3855,0.3366,0.2731,0.4204,0.3004,0.1379,0.1891,0.2996,0.1767,0.2551,0.2968,0.1546,0.0488,0.073,0.0845,0.0317,3363.2601,3314.1026,3340.696,3560.696,-0.8691,-0.0076,-0.4572,-0.8823,-0.015,0.2841,1,1,1,1,1,40.9,54.2,
2026-07-29 18:31:19.429,0.0886,0.1974,0.1566,0.0937,0.3855,0.3366,0.2731,0.4204,0.3004,0.1379,0.1891,0.2996,0.1767,0.2551,0.2968,0.1546,0.0488,0.073,0.0845,0.0317,3363.2601,3314.1026,3340.696,3560.696,-0.8691,-0.0076,-0.4572,-0.8823,-0.015,0.2841,1,1,1,1,1,40.9,54.2,
2026-07-29 18:31:20.432,0.0886,0.1974,0.1566,0.0937,0.3855,0.3366,0.2731,0.4204,0.3004,0.1379,0.1891,0.2996,0.1767,0.2551,0.2968,0.1546,0.0488,0.073,0.0845,0.0317,3363.2601,3314.1026,3340.696,3560.696,-0.8691,-0.0076,-0.4572,-0.8823,-0.015,0.2841,1,1,1,1,1,40.9,54.2,
2026-07-29 18:31:21.474,0.0886,0.1974,0.1566,0.0937,0.3855,0.3366,0.2731,0.4204,0.3004,0.1379,0.1891,0.2996,0.1767,0.2551,0.2968,0.1546,0.0488,0.073,0.0845,0.0317,3363.2601,3314.1026,3340.696,3560.696,-0.8691,-0.0076,-0.4572,-0.8823,-0.015,0.2841,1,1,1,1,1,40.9,54.2,
2026-07-29 18:31:22.526,0.0886,0.1974,0.1566,0.0937,0.3855,0.3366,0.2731,0.4204,0.3004,0.1379,0.1891,0.2996,0.1767,0.2551,0.2968,0.1546,0.0488,0.073,0.0845,0.0317,3363.2601,3314.1026,3340.696,3560.696,-0.8691,-0.0076,-0.4572,-0.8823,-0.015,0.2841,1,1,1,1,1,40.9,54.2,
2026-07-29 18:31:23.532,0.0886,0.1974,0.1566,0.0937,0.3855,0.3366,0.2731,0.4204,0.3004,0.1379,0.1891,0.2996,0.1767,0.2551,0.2968,0.1546,0.0488,0.073,0.0845,0.0317,3363.2601,3314.1026,3340.696,3560.696,-0.8691,-0.0076,-0.4572,-0.8823,-0.015,0.2841,1,1,1,1,1,40.9,54.2,
2026-07-29 18:31:24.584,0.0886,0.1974,0.1566,0.0937,0.3855,0.3366,0.2731,0.4204,0.3004,0.1379,0.1891,0.2996,0.1767,0.2551,0.2968,0.1546,0.0488,0.073,0.0845,0.0317,3363.2601,3314.1026,3340.696,3560.696,-0.8691,-0.0076,-0.4572,-0.8823,-0.015,0.2841,1,1,1,1,1,40.9,54.2,
2026-07-29 18:31:25.587,0.0886,0.1974,0.1566,0.0937,0.3855,0.3366,0.2731,0.4204,0.3004,0.1379,0.1891,0.2996,0.1767,0.2551,0.2968,0.1546,0.0488,0.073,0.0845,0.0317,3363.2601,3314.1026,3340.696,3560.696,-0.8691,-0.0076,-0.4572,-0.8823,-0.015,0.2841,1,1,1,1,1,40.9,54.2,
2026-07-29 18:31:26.588,0.0886,0.1974,0.1566,0.0937,0.3855,0.3366,0.2731,0.4204,0.3004,0.1379,0.1891,0.2996,0.1767,0.2551,0.2968,0.1546,0.0488,0.073,0.0845,0.0317,3363.2601,3314.1026,3340.696,3560.696,-0.8691,-0.0076,-0.4572,-0.8823,-0.015,0.2841,1,1,1,1,1,40.9,54.2,
2026-07-29 18:31:27.591,0.0886,0.1974,0.1566,0.0937,0.3855,0.3366,0.2731,0.4204,0.3004,0.1379,0.1891,0.2996,0.1767,0.2551,0.2968,0.1546,0.0488,0.073,0.0845,0.0317,3363.2601,3314.1026,3340.696,3560.696,-0.8691,-0.0076,-0.4572,-0.8823,-0.015,0.2841,1,1,1,1,1,40.9,54.2,
2026-07-29 18:31:28.598,0.0886,0.1974,0.1566,0.0937,0.3855,0.3366,0.2731,0.4204,0.3004,0.1379,0.1891,0.2996,0.1767,0.2551,0.2968,0.1546,0.0488,0.073,0.0845,0.0317,3363.2601,3314.1026,3340.696,3560.696,-0.8691,-0.0076,-0.4572,-0.8823,-0.015,0.2841,1,1,1,1,1,40.9,54.2,
2026-07-29 18:31:29.647,0.0886,0.1974,0.1566,0.0937,0.3855,0.3366,0.2731,0.4204,0.3004,0.1379,0.1891,0.2996,0.1767,0.2551,0.2968,0.1546,0.0488,0.073,0.0845,0.0317,3363.2601,3314.1026,3340.696,3560.696,-0.8691,-0.0076,-0.4572,-0.8823,-0.015,0.2841,1,1,1,1,1,40.9,54.2,
2026-07-29 18:31:30.658,0.0886,0.1974,0.1566,0.0937,0.3855,0.3366,0.2731,0.4204,0.3004,0.1379,0.1891,0.2996,0.1767,0.2551,0.2968,0.1546,0.0488,0.073,0.0845,0.0317,3363.2601,3314.1026,3340.696,3560.696,-0.8691,-0.0076,-0.4572,-0.8823,-0.015,0.2841,1,1,1,1,1,40.9,54.2,
2026-07-29 18:31:31.663,0.0886,0.1974,0.1566,0.0937,0.3855,0.3366,0.2731,0.4204,0.3004,0.1379,0.1891,0.2996,0.1767,0.2551,0.2968,0.1546,0.0488,0.073,0.0845,0.0317,3363.2601,3314.1026,3340.696,3560.696,-0.8691,-0.0076,-0.4572,-0.8823,-0.015,0.2841,1,1,1,1,1,40.9,54.2,
2026-07-29 18:31:32.662,0.0886,0.1974,0.1566,0.0937,0.3855,0.3366,0.2731,0.4204,0.3004,0.1379,0.1891,0.2996,0.1767,0.2551,0.2968,0.1546,0.0488,0.073,0.0845,0.0317,3363.2601,3314.1026,3340.696,3560.696,-0.8691,-0.0076,-0.4572,-0.8823,-0.015,0.2841,1,1,1,1,1,40.9,54.2,
2026-07-29 18:31:33.665,0.0886,0.1974,0.1566,0.0937,0.3855,0.3366,0.2731,0.4204,0.3004,0.1379,0.1891,0.2996,0.1767,0.2551,0.2968,0.1546,0.0488,0.073,0.0845,0.0317,3363.2601,3314.1026,3340.696,3560.696,-0.8691,-0.0076,-0.4572,-0.8823,-0.015,0.2841,1,1,1,1,1,40.9,54.2,
2026-07-29 18:31:34.668,0.0886,0.1974,0.1566,0.0937,0.3855,0.3366,0.2731,0.4204,0.3004,0.1379,0.1891,0.2996,0.1767,0.2551,0.2968,0.1546,0.0488,0.073,0.0845,0.0317,3363.2601,3314.1026,3340.696,3560.696,-0.8691,-0.0076,-0.4572,-0.8823,-0.015,0.2841,1,1,1,1,1,40.9,54.2,
2026-07-29 18:31:35.719,0.0886,0.1974,0.1566,0.0937,0.3855,0.3366,0.2731,0.4204,0.3004,0.1379,0.1891,0.2996,0.1767,0.2551,0.2968,0.1546,0.0488,0.073,0.0845,0.0317,3363.2601,3314.1026,3340.696,3560.696,-0.8691,-0.0076,-0.4572,-0.8823,-0.015,0.2841,1,1,1,1,1,40.9,54.2,
2026-07-29 18:31:36.720,0.0886,0.1974,0.1566,0.0937,0.3855,0.3366,0.2731,0.4204,0.3004,0.1379,0.1891,0.2996,0.1767,0.2551,0.2968,0.1546,0.0488,0.073,0.0845,0.0317,3363.2601,3314.1026,3340.696,3560.696,-0.8691,-0.0076,-0.4572,-0.8823,-0.015,0.2841,1,1,1,1,1,40.9,54.2,
2026-07-29 18:31:37.768,0.0886,0.1974,0.1566,0.0937,0.3855,0.3366,0.2731,0.4204,0.3004,0.1379,0.1891,0.2996,0.1767,0.2551,0.2968,0.1546,0.0488,0.073,0.0845,0.0317,3363.2601,3314.1026,3340.696,3560.696,-0.8691,-0.0076,-0.4572,-0.8823,-0.015,0.2841,1,1,1,1,1,40.9,54.2,
2026-07-29 18:31:38.779,0.0886,0.1974,0.1566,0.0937,0.3855,0.3366,0.2731,0.4204,0.3004,0.1379,0.1891,0.2996,0.1767,0.2551,0.2968,0.1546,0.0488,0.073,0.0845,0.0317,3363.2601,3314.1026,3340.696,3560.696,-0.8691,-0.0076,-0.4572,-0.8823,-0.015,0.2841,1,1,1,1,1,40.9,54.2,
2026-07-29 18:31:39.828,0.0886,0.1974,0.1566,0.0937,0.3855,0.3366,0.2731,0.4204,0.3004,0.1379,0.1891,0.2996,0.1767,0.2551,0.2968,0.1546,0.0488,0.073,0.0845,0.0317,3363.2601,3314.1026,3340.696,3560.696,-0.8691,-0.0076,-0.4572,-0.8823,-0.015,0.2841,1,1,1,1,1,40.9,54.2,
2026-07-29 18:31:40.831,0.0886,0.1974,0.1566,0.0937,0.3855,0.3366,0.2731,0.4204,0.3004,0.1379,0.1891,0.2996,0.1767,0.2551,0.2968,0.1546,0.0488,0.073,0.0845,0.0317,3363.2601,3314.1026,3340.696,3560.696,-0.8691,-0.0076,-0.4572,-0.8823,-0.015,0.2841,1,1,1,1,1,40.9,54.2,
2026-07-29 18:31:41.833,0.0886,0.1974,0.1566,0.0937,0.3855,0.3366,0.2731,0.4204,0.3004,0.1379,0.1891,0.2996,0.1767,0.2551,0.2968,0.1546,0.0488,0.073,0.0845,0.0317,3363.2601,3314.1026,3340.696,3560.696,-0.8691,-0.0076,-0.4572,-0.8823,-0.015,0.2841,1,1,1,1,1,40.9,54.2,
2026-07-29 18:31:42.880,0.0886,0.1974,0.1566,0.0937,0.3855,0.3366,0.2731,0.4204,0.3004,0.1379,0.1891,0.2996,0.1767,0.2551,0.2968,0.1546,0.0488,0.073,0.0845,0.0317,3363.2601,3314.1026,3340.696,3560.696,-0.8691,-0.0076,-0.4572,-0.8823,-0.015,0.2841,1,1,1,1,1,40.9,54.2,
2026-07-29 18:31:43.885,0.0886,0.1974,0.1566,0.0937,0.3855,0.3366,0.2731,0.4204,0.3004,0.1379,0.1891,0.2996,0.1767,0.2551,0.2968,0.1546,0.0488,0.073,0.0845,0.0317,3363.2601,3314.1026,3340.696,3560.696,-0.8691,-0.0076,-0.4572,-0.8823,-0.015,0.2841,1,1,1,1,1,40.9,54.2,
2026-07-29 18:31:44.886,0.0886,0.1974,0.1566,0.0937,0.3855,0.3366,0.2731,0.4204,0.3004,0.1379,0.1891,0.2996,0.1767,0.2551,0.2968,0.1546,0.0488,0.073,0.0845,0.0317,3363.2601,3314.1026,3340.696,3560.696,-0.8691,-0.0076,-0.4572,-0.8823,-0.015,0.2841,1,1,1,1,1,40.9,54.2,
2026-07-29 18:31:45.931,0.0886,0.1974,0.1566,0.0937,0.3855,0.3366,0.2731,0.4204,0.3004,0.1379,0.1891,0.2996,0.1767,0.2551,0.2968,0.1546,0.0488,0.073,0.0845,0.0317,3363.2601,3314.1026,3340.696,3560.696,-0.8691,-0.0076,-0.4572,-0.8823,-0.015,0.2841,1,1,1,1,1,40.9,54.2,
2026-07-29 18:31:46.988,0.0886,0.1974,0.1566,0.0937,0.3855,0.3366,0.2731,0.4204,0.3004,0.1379,0.1891,0.2996,0.1767,0.2551,0.2968,0.1546,0.0488,0.073,0.0845,0.0317,3363.2601,3314.1026,3340.696,3560.696,-0.8691,-0.0076,-0.4572,-0.8823,-0.015,0.2841,1,1,1,1,1,40.9,54.2,
2026-07-29 18:31:47.991,0.0886,0.1974,0.1566,0.0937,0.3855,0.3366,0.2731,0.4204,0.3004,0.1379,0.1891,0.2996,0.1767,0.2551,0.2968,0.1546,0.0488,0.073,0.0845,0.0317,3363.2601,3314.1026,3340.696,3560.696,-0.8691,-0.0076,-0.4572,-0.8823,-0.015,0.2841,1,1,1,1,1,40.9,54.2,
2026-07-29 18:31:48.996,0.0886,0.1974,0.1566,0.0937,0.3855,0.3366,0.2731,0.4204,0.3004,0.1379,0.1891,0.2996,0.1767,0.2551,0.2968,0.1546,0.0488,0.073,0.0845,0.0317,3363.2601,3314.1026,3340.696,3560.696,-0.8691,-0.0076,-0.4572,-0.8823,-0.015,0.2841,1,1,1,1,1,40.9,54.2,
2026-07-29 18:31:50.005,0.0886,0.1974,0.1566,0.0937,0.3855,0.3366,0.2731,0.4204,0.3004,0.1379,0.1891,0.2996,0.1767,0.2551,0.2968,0.1546,0.0488,0.073,0.0845,0.0317,3363.2601,3314.1026,3340.696,3560.696,-0.8691,-0.0076,-0.4572,-0.8823,-0.015,0.2841,1,1,1,1,1,40.9,54.2,
2026-07-29 18:31:51.006,0.0886,0.1974,0.1566,0.0937,0.3855,0.3366,0.2731,0.4204,0.3004,0.1379,0.1891,0.2996,0.1767,0.2551,0.2968,0.1546,0.0488,0.073,0.0845,0.0317,3363.2601,3314.1026,3340.696,3560.696,-0.8691,-0.0076,-0.4572,-0.8823,-0.015,0.2841,1,1,1,1,1,40.9,54.2,
2026-07-29 18:31:52.065,0.0886,0.1974,0.1566,0.0937,0.3855,0.3366,0.2731,0.4204,0.3004,0.1379,0.1891,0.2996,0.1767,0.2551,0.2968,0.1546,0.0488,0.073,0.0845,0.0317,3363.2601,3314.1026,3340.696,3560.696,-0.8691,-0.0076,-0.4572,-0.8823,-0.015,0.2841,1,1,1,1,1,40.9,54.2,
2026-07-29 18:31:53.066,0.0886,0.1974,0.1566,0.0937,0.3855,0.3366,0.2731,0.4204,0.3004,0.1379,0.1891,0.2996,0.1767,0.2551,0.2968,0.1546,0.0488,0.073,0.0845,0.0317,3363.2601,3314.1026,3340.696,3560.696,-0.8691,-0.0076,-0.4572,-0.8823,-0.015,0.2841,1,1,1,1,1,40.9,54.2,
2026-07-29 18:31:54.113,0.0886,0.1974,0.1566,0.0937,0.3855,0.3366,0.2731,0.4204,0.3004,0.1379,0.1891,0.2996,0.1767,0.2551,0.2968,0.1546,0.0488,0.073,0.0845,0.0317,3363.2601,3314.1026,3340.696,3560.696,-0.8691,-0.0076,-0.4572,-0.8823,-0.015,0.2841,1,1,1,1,1,40.9,54.2,
2026-07-29 18:31:55.115,0.0886,0.1974,0.1566,0.0937,0.3855,0.3366,0.2731,0.4204,0.3004,0.1379,0.1891,0.2996,0.1767,0.2551,0.2968,0.1546,0.0488,0.073,0.0845,0.0317,3363.2601,3314.1026,3340.696,3560.696,-0.8691,-0.0076,-0.4572,-0.8823,-0.015,0.2841,1,1,1,1,1,40.9,54.2,
2026-07-29 18:31:56.124,0.0886,0.1974,0.1566,0.0937,0.3855,0.3366,0.2731,0.4204,0.3004,0.1379,0.1891,0.2996,0.1767,0.2551,0.2968,0.1546,0.0488,0.073,0.0845,0.0317,3363.2601,3314.1026,3340.696,3560.696,-0.8691,-0.0076,-0.4572,-0.8823,-0.015,0.2841,1,1,1,1,1,40.9,54.2,
2026-07-29 18:31:57.124,0.0886,0.1974,0.1566,0.0937,0.3855,0.3366,0.2731,0.4204,0.3004,0.1379,0.1891,0.2996,0.1767,0.2551,0.2968,0.1546,0.0488,0.073,0.0845,0.0317,3363.2601,3314.1026,3340.696,3560.696,-0.8691,-0.0076,-0.4572,-0.8823,-0.015,0.2841,1,1,1,1,1,40.9,54.2,
2026-07-29 18:31:58.128,0.0886,0.1974,0.1566,0.0937,0.3855,0.3366,0.2731,0.4204,0.3004,0.1379,0.1891,0.2996,0.1767,0.2551,0.2968,0.1546,0.0488,0.073,0.0845,0.0317,3363.2601,3314.1026,3340.696,3560.696,-0.8691,-0.0076,-0.4572,-0.8823,-0.015,0.2841,1,1,1,1,1,40.9,54.2,
2026-07-29 18:31:59.128,0.0886,0.1974,0.1566,0.0937,0.3855,0.3366,0.2731,0.4204,0.3004,0.1379,0.1891,0.2996,0.1767,0.2551,0.2968,0.1546,0.0488,0.073,0.0845,0.0317,3363.2601,3314.1026,3340.696,3560.696,-0.8691,-0.0076,-0.4572,-0.8823,-0.015,0.2841,1,1,1,1,1,40.9,54.2,
2026-07-29 18:32:00.176,0.0886,0.1974,0.1566,0.0937,0.3855,0.3366,0.2731,0.4204,0.3004,0.1379,0.1891,0.2996,0.1767,0.2551,0.2968,0.1546,0.0488,0.073,0.0845,0.0317,3363.2601,3314.1026,3340.696,3560.696,-0.8691,-0.0076,-0.4572,-0.8823,-0.015,0.2841,1,1,1,1,1,40.9,54.2,
2026-07-29 18:32:01.185,0.0886,0.1974,0.1566,0.0937,0.3855,0.3366,0.2731,0.4204,0.3004,0.1379,0.1891,0.2996,0.1767,0.2551,0.2968,0.1546,0.0488,0.073,0.0845,0.0317,3363.2601,3314.1026,3340.696,3560.696,-0.8691,-0.0076,-0.4572,-0.8823,-0.015,0.2841,1,1,1,1,1,40.9,54.2,
2026-07-29 18:32:02.188,0.0886,0.1974,0.1566,0.0937,0.3855,0.3366,0.2731,0.4204,0.3004,0.1379,0.1891,0.2996,0.1767,0.2551,0.2968,0.1546,0.0488,0.073,0.0845,0.0317,3363.2601,3314.1026,3340.696,3560.696,-0.8691,-0.0076,-0.4572,-0.8823,-0.015,0.2841,1,1,1,1,1,40.9,54.2,
2026-07-29 18:32:03.190,0.0886,0.1974,0.1566,0.0937,0.3855,0.3366,0.2731,0.4204,0.3004,0.1379,0.1891,0.2996,0.1767,0.2551,0.2968,0.1546,0.0488,0.073,0.0845,0.0317,3363.2601,3314.1026,3340.696,3560.696,-0.8691,-0.0076,-0.4572,-0.8823,-0.015,0.2841,1,1,1,1,1,40.9,54.2,
2026-07-29 18:32:04.188,0.0886,0.1974,0.1566,0.0937,0.3855,0.3366,0.2731,0.4204,0.3004,0.1379,0.1891,0.2996,0.1767,0.2551,0.2968,0.1546,0.0488,0.073,0.0845,0.0317,3363.2601,3314.1026,3340.696,3560.696,-0.8691,-0.0076,-0.4572,-0.8823,-0.015,0.2841,1,1,1,1,1,40.9,54.2,
2026-07-29 18:32:05.238,0.0886,0.1974,0.1566,0.0937,0.3855,0.3366,0.2731,0.4204,0.3004,0.1379,0.1891,0.2996,0.1767,0.2551,0.2968,0.1546,0.0488,0.073,0.0845,0.0317,3363.2601,3314.1026,3340.696,3560.696,-0.8691,-0.0076,-0.4572,-0.8823,-0.015,0.2841,1,1,1,1,1,40.9,54.2,
2026-07-29 18:32:06.237,0.0886,0.1974,0.1566,0.0937,0.3855,0.3366,0.2731,0.4204,0.3004,0.1379,0.1891,0.2996,0.1767,0.2551,0.2968,0.1546,0.0488,0.073,0.0845,0.0317,3363.2601,3314.1026,3340.696,3560.696,-0.8691,-0.0076,-0.4572,-0.8823,-0.015,0.2841,1,1,1,1,1,40.9,54.2,
2026-07-29 18:32:07.291,0.0886,0.1974,0.1566,0.0937,0.3855,0.3366,0.2731,0.4204,0.3004,0.1379,0.1891,0.2996,0.1767,0.2551,0.2968,0.1546,0.0488,0.073,0.0845,0.0317,3363.2601,3314.1026,3340.696,3560.696,-0.8691,-0.0076,-0.4572,-0.8823,-0.015,0.2841,1,1,1,1,1,40.9,54.2,
2026-07-29 18:32:08.294,0.0886,0.1974,0.1566,0.0937,0.3855,0.3366,0.2731,0.4204,0.3004,0.1379,0.1891,0.2996,0.1767,0.2551,0.2968,0.1546,0.0488,0.073,0.0845,0.0317,3363.2601,3314.1026,3340.696,3560.696,-0.8691,-0.0076,-0.4572,-0.8823,-0.015,0.2841,1,1,1,1,1,40.9,54.2,
2026-07-29 18:32:09.296,0.0886,0.1974,0.1566,0.0937,0.3855,0.3366,0.2731,0.4204,0.3004,0.1379,0.1891,0.2996,0.1767,0.2551,0.2968,0.1546,0.0488,0.073,0.0845,0.0317,3363.2601,3314.1026,3340.696,3560.696,-0.8691,-0.0076,-0.4572,-0.8823,-0.015,0.2841,1,1,1,1,1,40.9,54.2,
2026-07-29 18:32:10.298,0.0886,0.1974,0.1566,0.0937,0.3855,0.3366,0.2731,0.4204,0.3004,0.1379,0.1891,0.2996,0.1767,0.2551,0.2968,0.1546,0.0488,0.073,0.0845,0.0317,3363.2601,3314.1026,3340.696,3560.696,-0.8691,-0.0076,-0.4572,-0.8823,-0.015,0.2841,1,1,1,1,1,40.9,54.2,
2026-07-29 18:32:11.301,0.0886,0.1974,0.1566,0.0937,0.3855,0.3366,0.2731,0.4204,0.3004,0.1379,0.1891,0.2996,0.1767,0.2551,0.2968,0.1546,0.0488,0.073,0.0845,0.0317,3363.2601,3314.1026,3340.696,3560.696,-0.8691,-0.0076,-0.4572,-0.8823,-0.015,0.2841,1,1,1,1,1,40.9,54.2,
2026-07-29 18:32:12.310,0.0886,0.1974,0.1566,0.0937,0.3855,0.3366,0.2731,0.4204,0.3004,0.1379,0.1891,0.2996,0.1767,0.2551,0.2968,0.1546,0.0488,0.073,0.0845,0.0317,3363.2601,3314.1026,3340.696,3560.696,-0.8691,-0.0076,-0.4572,-0.8823,-0.015,0.2841,1,1,1,1,1,40.9,54.2,
2026-07-29 18:32:13.359,0.0886,0.1974,0.1566,0.0937,0.3855,0.3366,0.2731,0.4204,0.3004,0.1379,0.1891,0.2996,0.1767,0.2551,0.2968,0.1546,0.0488,0.073,0.0845,0.0317,3363.2601,3314.1026,3340.696,3560.696,-0.8691,-0.0076,-0.4572,-0.8823,-0.015,0.2841,1,1,1,1,1,40.9,54.2,
2026-07-29 18:32:14.357,0.0886,0.1974,0.1566,0.0937,0.3855,0.3366,0.2731,0.4204,0.3004,0.1379,0.1891,0.2996,0.1767,0.2551,0.2968,0.1546,0.0488,0.073,0.0845,0.0317,3363.2601,3314.1026,3340.696,3560.696,-0.8691,-0.0076,-0.4572,-0.8823,-0.015,0.2841,1,1,1,1,1,40.9,54.2,
2026-07-29 18:32:15.360,0.0886,0.1974,0.1566,0.0937,0.3855,0.3366,0.2731,0.4204,0.3004,0.1379,0.1891,0.2996,0.1767,0.2551,0.2968,0.1546,0.0488,0.073,0.0845,0.0317,3363.2601,3314.1026,3340.696,3560.696,-0.8691,-0.0076,-0.4572,-0.8823,-0.015,0.2841,1,1,1,1,1,40.9,54.2,
2026-07-29 18:32:16.413,0.0886,0.1974,0.1566,0.0937,0.3855,0.3366,0.2731,0.4204,0.3004,0.1379,0.1891,0.2996,0.1767,0.2551,0.2968,0.1546,0.0488,0.073,0.0845,0.0317,3363.2601,3314.1026,3340.696,3560.696,-0.8691,-0.0076,-0.4572,-0.8823,-0.015,0.2841,1,1,1,1,1,40.9,54.2,
2026-07-29 18:32:17.416,0.0886,0.1974,0.1566,0.0937,0.3855,0.3366,0.2731,0.4204,0.3004,0.1379,0.1891,0.2996,0.1767,0.2551,0.2968,0.1546,0.0488,0.073,0.0845,0.0317,3363.2601,3314.1026,3340.696,3560.696,-0.8691,-0.0076,-0.4572,-0.8823,-0.015,0.2841,1,1,1,1,1,40.9,54.2,
2026-07-29 18:32:18.417,0.0886,0.1974,0.1566,0.0937,0.3855,0.3366,0.2731,0.4204,0.3004,0.1379,0.1891,0.2996,0.1767,0.2551,0.2968,0.1546,0.0488,0.073,0.0845,0.0317,3363.2601,3314.1026,3340.696,3560.696,-0.8691,-0.0076,-0.4572,-0.8823,-0.015,0.2841,1,1,1,1,1,40.9,54.2,
2026-07-29 18:32:19.433,0.0886,0.1974,0.1566,0.0937,0.3855,0.3366,0.2731,0.4204,0.3004,0.1379,0.1891,0.2996,0.1767,0.2551,0.2968,0.1546,0.0488,0.073,0.0845,0.0317,3363.2601,3314.1026,3340.696,3560.696,-0.8691,-0.0076,-0.4572,-0.8823,-0.015,0.2841,1,1,1,1,1,40.9,54.2,
2026-07-29 18:32:20.436,0.0886,0.1974,0.1566,0.0937,0.3855,0.3366,0.2731,0.4204,0.3004,0.1379,0.1891,0.2996,0.1767,0.2551,0.2968,0.1546,0.0488,0.073,0.0845,0.0317,3363.2601,3314.1026,3340.696,3560.696,-0.8691,-0.0076,-0.4572,-0.8823,-0.015,0.2841,1,1,1,1,1,40.9,54.2,
2026-07-29 18:32:21.488,0.0886,0.1974,0.1566,0.0937,0.3855,0.3366,0.2731,0.4204,0.3004,0.1379,0.1891,0.2996,0.1767,0.2551,0.2968,0.1546,0.0488,0.073,0.0845,0.0317,3363.2601,3314.1026,3340.696,3560.696,-0.8691,-0.0076,-0.4572,-0.8823,-0.015,0.2841,1,1,1,1,1,40.9,54.2,
2026-07-29 18:32:22.493,0.0886,0.1974,0.1566,0.0937,0.3855,0.3366,0.2731,0.4204,0.3004,0.1379,0.1891,0.2996,0.1767,0.2551,0.2968,0.1546,0.0488,0.073,0.0845,0.0317,3363.2601,3314.1026,3340.696,3560.696,-0.8691,-0.0076,-0.4572,-0.8823,-0.015,0.2841,1,1,1,1,1,40.9,54.2,
2026-07-29 18:32:23.494,0.0886,0.1974,0.1566,0.0937,0.3855,0.3366,0.2731,0.4204,0.3004,0.1379,0.1891,0.2996,0.1767,0.2551,0.2968,0.1546,0.0488,0.073,0.0845,0.0317,3363.2601,3314.1026,3340.696,3560.696,-0.8691,-0.0076,-0.4572,-0.8823,-0.015,0.2841,1,1,1,1,1,40.9,54.2,
2026-07-29 18:32:24.541,0.0886,0.1974,0.1566,0.0937,0.3855,0.3366,0.2731,0.4204,0.3004,0.1379,0.1891,0.2996,0.1767,0.2551,0.2968,0.1546,0.0488,0.073,0.0845,0.0317,3363.2601,3314.1026,3340.696,3560.696,-0.8691,-0.0076,-0.4572,-0.8823,-0.015,0.2841,1,1,1,1,1,40.9,54.2,
2026-07-29 18:32:25.590,0.0886,0.1974,0.1566,0.0937,0.3855,0.3366,0.2731,0.4204,0.3004,0.1379,0.1891,0.2996,0.1767,0.2551,0.2968,0.1546,0.0488,0.073,0.0845,0.0317,3363.2601,3314.1026,3340.696,3560.696,-0.8691,-0.0076,-0.4572,-0.8823,-0.015,0.2841,1,1,1,1,1,40.9,54.2,
2026-07-29 18:32:26.591,0.0886,0.1974,0.1566,0.0937,0.3855,0.3366,0.2731,0.4204,0.3004,0.1379,0.1891,0.2996,0.1767,0.2551,0.2968,0.1546,0.0488,0.073,0.0845,0.0317,3363.2601,3314.1026,3340.696,3560.696,-0.8691,-0.0076,-0.4572,-0.8823,-0.015,0.2841,1,1,1,1,1,40.9,54.2,
2026-07-29 18:32:27.590,0.0886,0.1974,0.1566,0.0937,0.3855,0.3366,0.2731,0.4204,0.3004,0.1379,0.1891,0.2996,0.1767,0.2551,0.2968,0.1546,0.0488,0.073,0.0845,0.0317,3363.2601,3314.1026,3340.696,3560.696,-0.8691,-0.0076,-0.4572,-0.8823,-0.015,0.2841,1,1,1,1,1,40.9,54.2,
2026-07-29 18:32:28.639,0.0886,0.1974,0.1566,0.0937,0.3855,0.3366,0.2731,0.4204,0.3004,0.1379,0.1891,0.2996,0.1767,0.2551,0.2968,0.1546,0.0488,0.073,0.0845,0.0317,3363.2601,3314.1026,3340.696,3560.696,-0.8691,-0.0076,-0.4572,-0.8823,-0.015,0.2841,1,1,1,1,1,40.9,54.2,
2026-07-29 18:32:29.692,0.0886,0.1974,0.1566,0.0937,0.3855,0.3366,0.2731,0.4204,0.3004,0.1379,0.1891,0.2996,0.1767,0.2551,0.2968,0.1546,0.0488,0.073,0.0845,0.0317,3363.2601,3314.1026,3340.696,3560.696,-0.8691,-0.0076,-0.4572,-0.8823,-0.015,0.2841,1,1,1,1,1,40.9,54.2,
2026-07-29 18:32:30.692,0.0886,0.1974,0.1566,0.0937,0.3855,0.3366,0.2731,0.4204,0.3004,0.1379,0.1891,0.2996,0.1767,0.2551,0.2968,0.1546,0.0488,0.073,0.0845,0.0317,3363.2601,3314.1026,3340.696,3560.696,-0.8691,-0.0076,-0.4572,-0.8823,-0.015,0.2841,1,1,1,1,1,40.9,54.2,
2026-07-29 18:32:31.691,0.0886,0.1974,0.1566,0.0937,0.3855,0.3366,0.2731,0.4204,0.3004,0.1379,0.1891,0.2996,0.1767,0.2551,0.2968,0.1546,0.0488,0.073,0.0845,0.0317,3363.2601,3314.1026,3340.696,3560.696,-0.8691,-0.0076,-0.4572,-0.8823,-0.015,0.2841,1,1,1,1,1,40.9,54.2,
2026-07-29 18:32:32.741,0.0886,0.1974,0.1566,0.0937,0.3855,0.3366,0.2731,0.4204,0.3004,0.1379,0.1891,0.2996,0.1767,0.2551,0.2968,0.1546,0.0488,0.073,0.0845,0.0317,3363.2601,3314.1026,3340.696,3560.696,-0.8691,-0.0076,-0.4572,-0.8823,-0.015,0.2841,1,1,1,1,1,40.9,54.2,
2026-07-29 18:32:33.791,0.0886,0.1974,0.1566,0.0937,0.3855,0.3366,0.2731,0.4204,0.3004,0.1379,0.1891,0.2996,0.1767,0.2551,0.2968,0.1546,0.0488,0.073,0.0845,0.0317,3363.2601,3314.1026,3340.696,3560.696,-0.8691,-0.0076,-0.4572,-0.8823,-0.015,0.2841,1,1,1,1,1,40.9,54.2,
2026-07-29 18:32:34.803,0.0886,0.1974,0.1566,0.0937,0.3855,0.3366,0.2731,0.4204,0.3004,0.1379,0.1891,0.2996,0.1767,0.2551,0.2968,0.1546,0.0488,0.073,0.0845,0.0317,3363.2601,3314.1026,3340.696,3560.696,-0.8691,-0.0076,-0.4572,-0.8823,-0.015,0.2841,1,1,1,1,1,40.9,54.2,
2026-07-29 18:32:35.816,0.0886,0.1974,0.1566,0.0937,0.3855,0.3366,0.2731,0.4204,0.3004,0.1379,0.1891,0.2996,0.1767,0.2551,0.2968,0.1546,0.0488,0.073,0.0845,0.0317,3363.2601,3314.1026,3340.696,3560.696,-0.8691,-0.0076,-0.4572,-0.8823,-0.015,0.2841,1,1,1,1,1,40.9,54.2,
2026-07-29 18:32:36.819,0.0886,0.1974,0.1566,0.0937,0.3855,0.3366,0.2731,0.4204,0.3004,0.1379,0.1891,0.2996,0.1767,0.2551,0.2968,0.1546,0.0488,0.073,0.0845,0.0317,3363.2601,3314.1026,3340.696,3560.696,-0.8691,-0.0076,-0.4572,-0.8823,-0.015,0.2841,1,1,1,1,1,40.9,54.2,
2026-07-29 18:32:37.823,0.0886,0.1974,0.1566,0.0937,0.3855,0.3366,0.2731,0.4204,0.3004,0.1379,0.1891,0.2996,0.1767,0.2551,0.2968,0.1546,0.0488,0.073,0.0845,0.0317,3363.2601,3314.1026,3340.696,3560.696,-0.8691,-0.0076,-0.4572,-0.8823,-0.015,0.2841,1,1,1,1,1,40.9,54.2,
2026-07-29 18:32:38.876,0.0886,0.1974,0.1566,0.0937,0.3855,0.3366,0.2731,0.4204,0.3004,0.1379,0.1891,0.2996,0.1767,0.2551,0.2968,0.1546,0.0488,0.073,0.0845,0.0317,3363.2601,3314.1026,3340.696,3560.696,-0.8691,-0.0076,-0.4572,-0.8823,-0.015,0.2841,1,1,1,1,1,40.9,54.2,
2026-07-29 18:32:39.877,0.0886,0.1974,0.1566,0.0937,0.3855,0.3366,0.2731,0.4204,0.3004,0.1379,0.1891,0.2996,0.1767,0.2551,0.2968,0.1546,0.0488,0.073,0.0845,0.0317,3363.2601,3314.1026,3340.696,3560.696,-0.8691,-0.0076,-0.4572,-0.8823,-0.015,0.2841,1,1,1,1,1,40.9,54.2,
2026-07-29 18:32:40.883,0.0886,0.1974,0.1566,0.0937,0.3855,0.3366,0.2731,0.4204,0.3004,0.1379,0.1891,0.2996,0.1767,0.2551,0.2968,0.1546,0.0488,0.073,0.0845,0.0317,3363.2601,3314.1026,3340.696,3560.696,-0.8691,-0.0076,-0.4572,-0.8823,-0.015,0.2841,1,1,1,1,1,40.9,54.2,
2026-07-29 18:32:41.887,0.0886,0.1974,0.1566,0.0937,0.3855,0.3366,0.2731,0.4204,0.3004,0.1379,0.1891,0.2996,0.1767,0.2551,0.2968,0.1546,0.0488,0.073,0.0845,0.0317,3363.2601,3314.1026,3340.696,3560.696,-0.8691,-0.0076,-0.4572,-0.8823,-0.015,0.2841,1,1,1,1,1,40.9,54.2,
2026-07-29 18:32:42.895,0.0886,0.1974,0.1566,0.0937,0.3855,0.3366,0.2731,0.4204,0.3004,0.1379,0.1891,0.2996,0.1767,0.2551,0.2968,0.1546,0.0488,0.073,0.0845,0.0317,3363.2601,3314.1026,3340.696,3560.696,-0.8691,-0.0076,-0.4572,-0.8823,-0.015,0.2841,1,1,1,1,1,40.9,54.2,
2026-07-29 18:32:43.898,0.0886,0.1974,0.1566,0.0937,0.3855,0.3366,0.2731,0.4204,0.3004,0.1379,0.1891,0.2996,0.1767,0.2551,0.2968,0.1546,0.0488,0.073,0.0845,0.0317,3363.2601,3314.1026,3340.696,3560.696,-0.8691,-0.0076,-0.4572,-0.8823,-0.015,0.2841,1,1,1,1,1,40.9,54.2,
2026-07-29 18:32:44.899,0.0886,0.1974,0.1566,0.0937,0.3855,0.3366,0.2731,0.4204,0.3004,0.1379,0.1891,0.2996,0.1767,0.2551,0.2968,0.1546,0.0488,0.073,0.0845,0.0317,3363.2601,3314.1026,3340.696,3560.696,-0.8691,-0.0076,-0.4572,-0.8823,-0.015,0.2841,1,1,1,1,1,40.9,54.2,
2026-07-29 18:32:45.946,0.0886,0.1974,0.1566,0.0937,0.3855,0.3366,0.2731,0.4204,0.3004,0.1379,0.1891,0.2996,0.1767,0.2551,0.2968,0.1546,0.0488,0.073,0.0845,0.0317,3363.2601,3314.1026,3340.696,3560.696,-0.8691,-0.0076,-0.4572,-0.8823,-0.015,0.2841,1,1,1,1,1,40.9,54.2,
2026-07-29 18:32:46.951,0.0886,0.1974,0.1566,0.0937,0.3855,0.3366,0.2731,0.4204,0.3004,0.1379,0.1891,0.2996,0.1767,0.2551,0.2968,0.1546,0.0488,0.073,0.0845,0.0317,3363.2601,3314.1026,3340.696,3560.696,-0.8691,-0.0076,-0.4572,-0.8823,-0.015,0.2841,1,1,1,1,1,40.9,54.2,
2026-07-29 18:32:47.960,0.0886,0.1974,0.1566,0.0937,0.3855,0.3366,0.2731,0.4204,0.3004,0.1379,0.1891,0.2996,0.1767,0.2551,0.2968,0.1546,0.0488,0.073,0.0845,0.0317,3363.2601,3314.1026,3340.696,3560.696,-0.8691,-0.0076,-0.4572,-0.8823,-0.015,0.2841,1,1,1,1,1,40.9,54.2,
2026-07-29 18:32:48.962,0.0886,0.1974,0.1566,0.0937,0.3855,0.3366,0.2731,0.4204,0.3004,0.1379,0.1891,0.2996,0.1767,0.2551,0.2968,0.1546,0.0488,0.073,0.0845,0.0317,3363.2601,3314.1026,3340.696,3560.696,-0.8691,-0.0076,-0.4572,-0.8823,-0.015,0.2841,1,1,1,1,1,40.9,54.2,
2026-07-29 18:32:50.012,0.0886,0.1974,0.1566,0.0937,0.3855,0.3366,0.2731,0.4204,0.3004,0.1379,0.1891,0.2996,0.1767,0.2551,0.2968,0.1546,0.0488,0.073,0.0845,0.0317,3363.2601,3314.1026,3340.696,3560.696,-0.8691,-0.0076,-0.4572,-0.8823,-0.015,0.2841,1,1,1,1,1,40.9,54.2,
2026-07-29 18:32:51.017,0.0886,0.1974,0.1566,0.0937,0.3855,0.3366,0.2731,0.4204,0.3004,0.1379,0.1891,0.2996,0.1767,0.2551,0.2968,0.1546,0.0488,0.073,0.0845,0.0317,3363.2601,3314.1026,3340.696,3560.696,-0.8691,-0.0076,-0.4572,-0.8823,-0.015,0.2841,1,1,1,1,1,40.9,54.2,
2026-07-29 18:32:52.021,0.0886,0.1974,0.1566,0.0937,0.3855,0.3366,0.2731,0.4204,0.3004,0.1379,0.1891,0.2996,0.1767,0.2551,0.2968,0.1546,0.0488,0.073,0.0845,0.0317,3363.2601,3314.1026,3340.696,3560.696,-0.8691,-0.0076,-0.4572,-0.8823,-0.015,0.2841,1,1,1,1,1,40.9,54.2,
2026-07-29 18:32:53.030,0.0886,0.1974,0.1566,0.0937,0.3855,0.3366,0.2731,0.4204,0.3004,0.1379,0.1891,0.2996,0.1767,0.2551,0.2968,0.1546,0.0488,0.073,0.0845,0.0317,3363.2601,3314.1026,3340.696,3560.696,-0.8691,-0.0076,-0.4572,-0.8823,-0.015,0.2841,1,1,1,1,1,40.9,54.2,
2026-07-29 18:32:54.084,0.0886,0.1974,0.1566,0.0937,0.3855,0.3366,0.2731,0.4204,0.3004,0.1379,0.1891,0.2996,0.1767,0.2551,0.2968,0.1546,0.0488,0.073,0.0845,0.0317,3363.2601,3314.1026,3340.696,3560.696,-0.8691,-0.0076,-0.4572,-0.8823,-0.015,0.2841,1,1,1,1,1,40.9,54.2,
2026-07-29 18:32:55.084,0.0886,0.1974,0.1566,0.0937,0.3855,0.3366,0.2731,0.4204,0.3004,0.1379,0.1891,0.2996,0.1767,0.2551,0.2968,0.1546,0.0488,0.073,0.0845,0.0317,3363.2601,3314.1026,3340.696,3560.696,-0.8691,-0.0076,-0.4572,-0.8823,-0.015,0.2841,1,1,1,1,1,40.9,54.2,
2026-07-29 18:32:56.093,0.0886,0.1974,0.1566,0.0937,0.3855,0.3366,0.2731,0.4204,0.3004,0.1379,0.1891,0.2996,0.1767,0.2551,0.2968,0.1546,0.0488,0.073,0.0845,0.0317,3363.2601,3314.1026,3340.696,3560.696,-0.8691,-0.0076,-0.4572,-0.8823,-0.015,0.2841,1,1,1,1,1,40.9,54.2,
2026-07-29 18:32:57.095,0.0886,0.1974,0.1566,0.0937,0.3855,0.3366,0.2731,0.4204,0.3004,0.1379,0.1891,0.2996,0.1767,0.2551,0.2968,0.1546,0.0488,0.073,0.0845,0.0317,3363.2601,3314.1026,3340.696,3560.696,-0.8691,-0.0076,-0.4572,-0.8823,-0.015,0.2841,1,1,1,1,1,40.9,54.2,
2026-07-29 18:32:58.089,0.0886,0.1974,0.1566,0.0937,0.3855,0.3366,0.2731,0.4204,0.3004,0.1379,0.1891,0.2996,0.1767,0.2551,0.2968,0.1546,0.0488,0.073,0.0845,0.0317,3363.2601,3314.1026,3340.696,3560.696,-0.8691,-0.0076,-0.4572,-0.8823,-0.015,0.2841,1,1,1,1,1,40.9,54.2,
2026-07-29 18:32:59.144,0.0886,0.1974,0.1566,0.0937,0.3855,0.3366,0.2731,0.4204,0.3004,0.1379,0.1891,0.2996,0.1767,0.2551,0.2968,0.1546,0.0488,0.073,0.0845,0.0317,3363.2601,3314.1026,3340.696,3560.696,-0.8691,-0.0076,-0.4572,-0.8823,-0.015,0.2841,1,1,1,1,1,40.9,54.2,
2026-07-29 18:33:00.144,0.0886,0.1974,0.1566,0.0937,0.3855,0.3366,0.2731,0.4204,0.3004,0.1379,0.1891,0.2996,0.1767,0.2551,0.2968,0.1546,0.0488,0.073,0.0845,0.0317,3363.2601,3314.1026,3340.696,3560.696,-0.8691,-0.0076,-0.4572,-0.8823,-0.015,0.2841,1,1,1,1,1,40.9,54.2,
2026-07-29 18:33:01.149,0.0886,0.1974,0.1566,0.0937,0.3855,0.3366,0.2731,0.4204,0.3004,0.1379,0.1891,0.2996,0.1767,0.2551,0.2968,0.1546,0.0488,0.073,0.0845,0.0317,3363.2601,3314.1026,3340.696,3560.696,-0.8691,-0.0076,-0.4572,-0.8823,-0.015,0.2841,1,1,1,1,1,40.9,54.2,
2026-07-29 18:33:02.159,0.0886,0.1974,0.1566,0.0937,0.3855,0.3366,0.2731,0.4204,0.3004,0.1379,0.1891,0.2996,0.1767,0.2551,0.2968,0.1546,0.0488,0.073,0.0845,0.0317,3363.2601,3314.1026,3340.696,3560.696,-0.8691,-0.0076,-0.4572,-0.8823,-0.015,0.2841,1,1,1,1,1,40.9,54.2,
2026-07-29 18:33:03.160,0.0886,0.1974,0.1566,0.0937,0.3855,0.3366,0.2731,0.4204,0.3004,0.1379,0.1891,0.2996,0.1767,0.2551,0.2968,0.1546,0.0488,0.073,0.0845,0.0317,3363.2601,3314.1026,3340.696,3560.696,-0.8691,-0.0076,-0.4572,-0.8823,-0.015,0.2841,1,1,1,1,1,40.9,54.2,
2026-07-29 18:33:04.171,0.0886,0.1974,0.1566,0.0937,0.3855,0.3366,0.2731,0.4204,0.3004,0.1379,0.1891,0.2996,0.1767,0.2551,0.2968,0.1546,0.0488,0.073,0.0845,0.0317,3363.2601,3314.1026,3340.696,3560.696,-0.8691,-0.0076,-0.4572,-0.8823,-0.015,0.2841,1,1,1,1,1,40.9,54.2,
2026-07-29 18:33:05.220,0.0886,0.1974,0.1566,0.0937,0.3855,0.3366,0.2731,0.4204,0.3004,0.1379,0.1891,0.2996,0.1767,0.2551,0.2968,0.1546,0.0488,0.073,0.0845,0.0317,3363.2601,3314.1026,3340.696,3560.696,-0.8691,-0.0076,-0.4572,-0.8823,-0.015,0.2841,1,1,1,1,1,40.9,54.2,
2026-07-29 18:33:06.224,0.0886,0.1974,0.1566,0.0937,0.3855,0.3366,0.2731,0.4204,0.3004,0.1379,0.1891,0.2996,0.1767,0.2551,0.2968,0.1546,0.0488,0.073,0.0845,0.0317,3363.2601,3314.1026,3340.696,3560.696,-0.8691,-0.0076,-0.4572,-0.8823,-0.015,0.2841,1,1,1,1,1,40.9,54.2,
2026-07-29 18:33:07.234,0.0886,0.1974,0.1566,0.0937,0.3855,0.3366,0.2731,0.4204,0.3004,0.1379,0.1891,0.2996,0.1767,0.2551,0.2968,0.1546,0.0488,0.073,0.0845,0.0317,3363.2601,3314.1026,3340.696,3560.696,-0.8691,-0.0076,-0.4572,-0.8823,-0.015,0.2841,1,1,1,1,1,40.9,54.2,
2026-07-29 18:33:08.236,0.0886,0.1974,0.1566,0.0937,0.3855,0.3366,0.2731,0.4204,0.3004,0.1379,0.1891,0.2996,0.1767,0.2551,0.2968,0.1546,0.0488,0.073,0.0845,0.0317,3363.2601,3314.1026,3340.696,3560.696,-0.8691,-0.0076,-0.4572,-0.8823,-0.015,0.2841,1,1,1,1,1,40.9,54.2,
2026-07-29 18:33:09.238,0.0886,0.1974,0.1566,0.0937,0.3855,0.3366,0.2731,0.4204,0.3004,0.1379,0.1891,0.2996,0.1767,0.2551,0.2968,0.1546,0.0488,0.073,0.0845,0.0317,3363.2601,3314.1026,3340.696,3560.696,-0.8691,-0.0076,-0.4572,-0.8823,-0.015,0.2841,1,1,1,1,1,40.9,54.2,
2026-07-29 18:33:10.242,0.0886,0.1974,0.1566,0.0937,0.3855,0.3366,0.2731,0.4204,0.3004,0.1379,0.1891,0.2996,0.1767,0.2551,0.2968,0.1546,0.0488,0.073,0.0845,0.0317,3363.2601,3314.1026,3340.696,3560.696,-0.8691,-0.0076,-0.4572,-0.8823,-0.015,0.2841,1,1,1,1,1,40.9,54.2,
2026-07-29 18:33:11.252,0.0886,0.1974,0.1566,0.0937,0.3855,0.3366,0.2731,0.4204,0.3004,0.1379,0.1891,0.2996,0.1767,0.2551,0.2968,0.1546,0.0488,0.073,0.0845,0.0317,3363.2601,3314.1026,3340.696,3560.696,-0.8691,-0.0076,-0.4572,-0.8823,-0.015,0.2841,1,1,1,1,1,40.9,54.2,
2026-07-29 18:33:12.254,0.0886,0.1974,0.1566,0.0937,0.3855,0.3366,0.2731,0.4204,0.3004,0.1379,0.1891,0.2996,0.1767,0.2551,0.2968,0.1546,0.0488,0.073,0.0845,0.0317,3363.2601,3314.1026,3340.696,3560.696,-0.8691,-0.0076,-0.4572,-0.8823,-0.015,0.2841,1,1,1,1,1,40.9,54.2,
2026-07-29 18:33:13.307,0.0886,0.1974,0.1566,0.0937,0.3855,0.3366,0.2731,0.4204,0.3004,0.1379,0.1891,0.2996,0.1767,0.2551,0.2968,0.1546,0.0488,0.073,0.0845,0.0317,3363.2601,3314.1026,3340.696,3560.696,-0.8691,-0.0076,-0.4572,-0.8823,-0.015,0.2841,1,1,1,1,1,40.9,54.2,
2026-07-29 18:33:14.316,0.0886,0.1974,0.1566,0.0937,0.3855,0.3366,0.2731,0.4204,0.3004,0.1379,0.1891,0.2996,0.1767,0.2551,0.2968,0.1546,0.0488,0.073,0.0845,0.0317,3363.2601,3314.1026,3340.696,3560.696,-0.8691,-0.0076,-0.4572,-0.8823,-0.015,0.2841,1,1,1,1,1,40.9,54.2,
2026-07-29 18:33:15.362,0.0886,0.1974,0.1566,0.0937,0.3855,0.3366,0.2731,0.4204,0.3004,0.1379,0.1891,0.2996,0.1767,0.2551,0.2968,0.1546,0.0488,0.073,0.0845,0.0317,3363.2601,3314.1026,3340.696,3560.696,-0.8691,-0.0076,-0.4572,-0.8823,-0.015,0.2841,1,1,1,1,1,40.9,54.2,
2026-07-29 18:33:16.410,0.0886,0.1974,0.1566,0.0937,0.3855,0.3366,0.2731,0.4204,0.3004,0.1379,0.1891,0.2996,0.1767,0.2551,0.2968,0.1546,0.0488,0.073,0.0845,0.0317,3363.2601,3314.1026,3340.696,3560.696,-0.8691,-0.0076,-0.4572,-0.8823,-0.015,0.2841,1,1,1,1,1,40.9,54.2,
2026-07-29 18:33:17.416,0.0886,0.1974,0.1566,0.0937,0.3855,0.3366,0.2731,0.4204,0.3004,0.1379,0.1891,0.2996,0.1767,0.2551,0.2968,0.1546,0.0488,0.073,0.0845,0.0317,3363.2601,3314.1026,3340.696,3560.696,-0.8691,-0.0076,-0.4572,-0.8823,-0.015,0.2841,1,1,1,1,1,40.9,54.2,
2026-07-29 18:33:18.421,0.0886,0.1974,0.1566,0.0937,0.3855,0.3366,0.2731,0.4204,0.3004,0.1379,0.1891,0.2996,0.1767,0.2551,0.2968,0.1546,0.0488,0.073,0.0845,0.0317,3363.2601,3314.1026,3340.696,3560.696,-0.8691,-0.0076,-0.4572,-0.8823,-0.015,0.2841,1,1,1,1,1,40.9,54.2,
2026-07-29 18:33:19.477,0.0886,0.1974,0.1566,0.0937,0.3855,0.3366,0.2731,0.4204,0.3004,0.1379,0.1891,0.2996,0.1767,0.2551,0.2968,0.1546,0.0488,0.073,0.0845,0.0317,3363.2601,3314.1026,3340.696,3560.696,-0.8691,-0.0076,-0.4572,-0.8823,-0.015,0.2841,1,1,1,1,1,40.9,54.2,
2026-07-29 18:33:20.480,0.0886,0.1974,0.1566,0.0937,0.3855,0.3366,0.2731,0.4204,0.3004,0.1379,0.1891,0.2996,0.1767,0.2551,0.2968,0.1546,0.0488,0.073,0.0845,0.0317,3363.2601,3314.1026,3340.696,3560.696,-0.8691,-0.0076,-0.4572,-0.8823,-0.015,0.2841,1,1,1,1,1,40.9,54.2,
2026-07-29 18:33:21.485,0.0886,0.1974,0.1566,0.0937,0.3855,0.3366,0.2731,0.4204,0.3004,0.1379,0.1891,0.2996,0.1767,0.2551,0.2968,0.1546,0.0488,0.073,0.0845,0.0317,3363.2601,3314.1026,3340.696,3560.696,-0.8691,-0.0076,-0.4572,-0.8823,-0.015,0.2841,1,1,1,1,1,40.9,54.2,
2026-07-29 18:33:22.488,0.0886,0.1974,0.1566,0.0937,0.3855,0.3366,0.2731,0.4204,0.3004,0.1379,0.1891,0.2996,0.1767,0.2551,0.2968,0.1546,0.0488,0.073,0.0845,0.0317,3363.2601,3314.1026,3340.696,3560.696,-0.8691,-0.0076,-0.4572,-0.8823,-0.015,0.2841,1,1,1,1,1,40.9,54.2,
2026-07-29 18:33:23.487,0.0886,0.1974,0.1566,0.0937,0.3855,0.3366,0.2731,0.4204,0.3004,0.1379,0.1891,0.2996,0.1767,0.2551,0.2968,0.1546,0.0488,0.073,0.0845,0.0317,3363.2601,3314.1026,3340.696,3560.696,-0.8691,-0.0076,-0.4572,-0.8823,-0.015,0.2841,1,1,1,1,1,40.9,54.2,
2026-07-29 18:33:24.488,0.0886,0.1974,0.1566,0.0937,0.3855,0.3366,0.2731,0.4204,0.3004,0.1379,0.1891,0.2996,0.1767,0.2551,0.2968,0.1546,0.0488,0.073,0.0845,0.0317,3363.2601,3314.1026,3340.696,3560.696,-0.8691,-0.0076,-0.4572,-0.8823,-0.015,0.2841,1,1,1,1,1,40.9,54.2,
2026-07-29 18:33:25.493,0.0886,0.1974,0.1566,0.0937,0.3855,0.3366,0.2731,0.4204,0.3004,0.1379,0.1891,0.2996,0.1767,0.2551,0.2968,0.1546,0.0488,0.073,0.0845,0.0317,3363.2601,3314.1026,3340.696,3560.696,-0.8691,-0.0076,-0.4572,-0.8823,-0.015,0.2841,1,1,1,1,1,40.9,54.2,
2026-07-29 18:33:26.491,0.0886,0.1974,0.1566,0.0937,0.3855,0.3366,0.2731,0.4204,0.3004,0.1379,0.1891,0.2996,0.1767,0.2551,0.2968,0.1546,0.0488,0.073,0.0845,0.0317,3363.2601,3314.1026,3340.696,3560.696,-0.8691,-0.0076,-0.4572,-0.8823,-0.015,0.2841,1,1,1,1,1,40.9,54.2,
2026-07-29 18:33:27.538,0.0886,0.1974,0.1566,0.0937,0.3855,0.3366,0.2731,0.4204,0.3004,0.1379,0.1891,0.2996,0.1767,0.2551,0.2968,0.1546,0.0488,0.073,0.0845,0.0317,3363.2601,3314.1026,3340.696,3560.696,-0.8691,-0.0076,-0.4572,-0.8823,-0.015,0.2841,1,1,1,1,1,40.9,54.2,
2026-07-29 18:33:28.539,0.0886,0.1974,0.1566,0.0937,0.3855,0.3366,0.2731,0.4204,0.3004,0.1379,0.1891,0.2996,0.1767,0.2551,0.2968,0.1546,0.0488,0.073,0.0845,0.0317,3363.2601,3314.1026,3340.696,3560.696,-0.8691,-0.0076,-0.4572,-0.8823,-0.015,0.2841,1,1,1,1,1,40.9,54.2,
2026-07-29 18:33:29.539,0.0886,0.1974,0.1566,0.0937,0.3855,0.3366,0.2731,0.4204,0.3004,0.1379,0.1891,0.2996,0.1767,0.2551,0.2968,0.1546,0.0488,0.073,0.0845,0.0317,3363.2601,3314.1026,3340.696,3560.696,-0.8691,-0.0076,-0.4572,-0.8823,-0.015,0.2841,1,1,1,1,1,40.9,54.2,
2026-07-29 18:33:30.590,0.0886,0.1974,0.1566,0.0937,0.3855,0.3366,0.2731,0.4204,0.3004,0.1379,0.1891,0.2996,0.1767,0.2551,0.2968,0.1546,0.0488,0.073,0.0845,0.0317,3363.2601,3314.1026,3340.696,3560.696,-0.8691,-0.0076,-0.4572,-0.8823,-0.015,0.2841,1,1,1,1,1,40.9,54.2,
2026-07-29 18:33:31.595,0.0886,0.1974,0.1566,0.0937,0.3855,0.3366,0.2731,0.4204,0.3004,0.1379,0.1891,0.2996,0.1767,0.2551,0.2968,0.1546,0.0488,0.073,0.0845,0.0317,3363.2601,3314.1026,3340.696,3560.696,-0.8691,-0.0076,-0.4572,-0.8823,-0.015,0.2841,1,1,1,1,1,40.9,54.2,
2026-07-29 18:33:32.642,0.0886,0.1974,0.1566,0.0937,0.3855,0.3366,0.2731,0.4204,0.3004,0.1379,0.1891,0.2996,0.1767,0.2551,0.2968,0.1546,0.0488,0.073,0.0845,0.0317,3363.2601,3314.1026,3340.696,3560.696,-0.8691,-0.0076,-0.4572,-0.8823,-0.015,0.2841,1,1,1,1,1,40.9,54.2,
2026-07-29 18:33:33.691,0.0886,0.1974,0.1566,0.0937,0.3855,0.3366,0.2731,0.4204,0.3004,0.1379,0.1891,0.2996,0.1767,0.2551,0.2968,0.1546,0.0488,0.073,0.0845,0.0317,3363.2601,3314.1026,3340.696,3560.696,-0.8691,-0.0076,-0.4572,-0.8823,-0.015,0.2841,1,1,1,1,1,40.9,54.2,
2026-07-29 18:33:34.739,0.0886,0.1974,0.1566,0.0937,0.3855,0.3366,0.2731,0.4204,0.3004,0.1379,0.1891,0.2996,0.1767,0.2551,0.2968,0.1546,0.0488,0.073,0.0845,0.0317,3363.2601,3314.1026,3340.696,3560.696,-0.8691,-0.0076,-0.4572,-0.8823,-0.015,0.2841,1,1,1,1,1,40.9,54.2,
2026-07-29 18:33:35.746,0.0886,0.1974,0.1566,0.0937,0.3855,0.3366,0.2731,0.4204,0.3004,0.1379,0.1891,0.2996,0.1767,0.2551,0.2968,0.1546,0.0488,0.073,0.0845,0.0317,3363.2601,3314.1026,3340.696,3560.696,-0.8691,-0.0076,-0.4572,-0.8823,-0.015,0.2841,1,1,1,1,1,40.9,54.2,
2026-07-29 18:33:36.752,0.0886,0.1974,0.1566,0.0937,0.3855,0.3366,0.2731,0.4204,0.3004,0.1379,0.1891,0.2996,0.1767,0.2551,0.2968,0.1546,0.0488,0.073,0.0845,0.0317,3363.2601,3314.1026,3340.696,3560.696,-0.8691,-0.0076,-0.4572,-0.8823,-0.015,0.2841,1,1,1,1,1,40.9,54.2,
2026-07-29 18:33:37.752,0.0886,0.1974,0.1566,0.0937,0.3855,0.3366,0.2731,0.4204,0.3004,0.1379,0.1891,0.2996,0.1767,0.2551,0.2968,0.1546,0.0488,0.073,0.0845,0.0317,3363.2601,3314.1026,3340.696,3560.696,-0.8691,-0.0076,-0.4572,-0.8823,-0.015,0.2841,1,1,1,1,1,40.9,54.2,
2026-07-29 18:33:38.752,0.0886,0.1974,0.1566,0.0937,0.3855,0.3366,0.2731,0.4204,0.3004,0.1379,0.1891,0.2996,0.1767,0.2551,0.2968,0.1546,0.0488,0.073,0.0845,0.0317,3363.2601,3314.1026,3340.696,3560.696,-0.8691,-0.0076,-0.4572,-0.8823,-0.015,0.2841,1,1,1,1,1,40.9,54.2,
2026-07-29 18:33:39.802,0.0886,0.1974,0.1566,0.0937,0.3855,0.3366,0.2731,0.4204,0.3004,0.1379,0.1891,0.2996,0.1767,0.2551,0.2968,0.1546,0.0488,0.073,0.0845,0.0317,3363.2601,3314.1026,3340.696,3560.696,-0.8691,-0.0076,-0.4572,-0.8823,-0.015,0.2841,1,1,1,1,1,40.9,54.2,
2026-07-29 18:33:40.806,0.0886,0.1974,0.1566,0.0937,0.3855,0.3366,0.2731,0.4204,0.3004,0.1379,0.1891,0.2996,0.1767,0.2551,0.2968,0.1546,0.0488,0.073,0.0845,0.0317,3363.2601,3314.1026,3340.696,3560.696,-0.8691,-0.0076,-0.4572,-0.8823,-0.015,0.2841,1,1,1,1,1,40.9,54.2,
2026-07-29 18:33:41.807,0.0886,0.1974,0.1566,0.0937,0.3855,0.3366,0.2731,0.4204,0.3004,0.1379,0.1891,0.2996,0.1767,0.2551,0.2968,0.1546,0.0488,0.073,0.0845,0.0317,3363.2601,3314.1026,3340.696,3560.696,-0.8691,-0.0076,-0.4572,-0.8823,-0.015,0.2841,1,1,1,1,1,40.9,54.2,
2026-07-29 18:33:42.816,0.0886,0.1974,0.1566,0.0937,0.3855,0.3366,0.2731,0.4204,0.3004,0.1379,0.1891,0.2996,0.1767,0.2551,0.2968,0.1546,0.0488,0.073,0.0845,0.0317,3363.2601,3314.1026,3340.696,3560.696,-0.8691,-0.0076,-0.4572,-0.8823,-0.015,0.2841,1,1,1,1,1,40.9,54.2,
2026-07-29 18:33:43.815,0.0886,0.1974,0.1566,0.0937,0.3855,0.3366,0.2731,0.4204,0.3004,0.1379,0.1891,0.2996,0.1767,0.2551,0.2968,0.1546,0.0488,0.073,0.0845,0.0317,3363.2601,3314.1026,3340.696,3560.696,-0.8691,-0.0076,-0.4572,-0.8823,-0.015,0.2841,1,1,1,1,1,40.9,54.2,
2026-07-29 18:33:44.820,0.0886,0.1974,0.1566,0.0937,0.3855,0.3366,0.2731,0.4204,0.3004,0.1379,0.1891,0.2996,0.1767,0.2551,0.2968,0.1546,0.0488,0.073,0.0845,0.0317,3363.2601,3314.1026,3340.696,3560.696,-0.8691,-0.0076,-0.4572,-0.8823,-0.015,0.2841,1,1,1,1,1,40.9,54.2,
2026-07-29 18:33:45.822,0.0886,0.1974,0.1566,0.0937,0.3855,0.3366,0.2731,0.4204,0.3004,0.1379,0.1891,0.2996,0.1767,0.2551,0.2968,0.1546,0.0488,0.073,0.0845,0.0317,3363.2601,3314.1026,3340.696,3560.696,-0.8691,-0.0076,-0.4572,-0.8823,-0.015,0.2841,1,1,1,1,1,40.9,54.2,
2026-07-29 18:33:46.820,0.0886,0.1974,0.1566,0.0937,0.3855,0.3366,0.2731,0.4204,0.3004,0.1379,0.1891,0.2996,0.1767,0.2551,0.2968,0.1546,0.0488,0.073,0.0845,0.0317,3363.2601,3314.1026,3340.696,3560.696,-0.8691,-0.0076,-0.4572,-0.8823,-0.015,0.2841,1,1,1,1,1,40.9,54.2,
2026-07-29 18:33:47.872,0.0886,0.1974,0.1566,0.0937,0.3855,0.3366,0.2731,0.4204,0.3004,0.1379,0.1891,0.2996,0.1767,0.2551,0.2968,0.1546,0.0488,0.073,0.0845,0.0317,3363.2601,3314.1026,3340.696,3560.696,-0.8691,-0.0076,-0.4572,-0.8823,-0.015,0.2841,1,1,1,1,1,40.9,54.2,
2026-07-29 18:33:48.878,0.0886,0.1974,0.1566,0.0937,0.3855,0.3366,0.2731,0.4204,0.3004,0.1379,0.1891,0.2996,0.1767,0.2551,0.2968,0.1546,0.0488,0.073,0.0845,0.0317,3363.2601,3314.1026,3340.696,3560.696,-0.8691,-0.0076,-0.4572,-0.8823,-0.015,0.2841,1,1,1,1,1,40.9,54.2,
2026-07-29 18:33:49.903,0.0886,0.1974,0.1566,0.0937,0.3855,0.3366,0.2731,0.4204,0.3004,0.1379,0.1891,0.2996,0.1767,0.2551,0.2968,0.1546,0.0488,0.073,0.0845,0.0317,3363.2601,3314.1026,3340.696,3560.696,-0.8691,-0.0076,-0.4572,-0.8823,-0.015,0.2841,1,1,1,1,1,40.9,54.2,
2026-07-29 18:33:50.954,0.0886,0.1974,0.1566,0.0937,0.3855,0.3366,0.2731,0.4204,0.3004,0.1379,0.1891,0.2996,0.1767,0.2551,0.2968,0.1546,0.0488,0.073,0.0845,0.0317,3363.2601,3314.1026,3340.696,3560.696,-0.8691,-0.0076,-0.4572,-0.8823,-0.015,0.2841,1,1,1,1,1,40.9,54.2,
2026-07-29 18:33:51.958,0.0886,0.1974,0.1566,0.0937,0.3855,0.3366,0.2731,0.4204,0.3004,0.1379,0.1891,0.2996,0.1767,0.2551,0.2968,0.1546,0.0488,0.073,0.0845,0.0317,3363.2601,3314.1026,3340.696,3560.696,-0.8691,-0.0076,-0.4572,-0.8823,-0.015,0.2841,1,1,1,1,1,40.9,54.2,
2026-07-29 18:33:52.960,0.0886,0.1974,0.1566,0.0937,0.3855,0.3366,0.2731,0.4204,0.3004,0.1379,0.1891,0.2996,0.1767,0.2551,0.2968,0.1546,0.0488,0.073,0.0845,0.0317,3363.2601,3314.1026,3340.696,3560.696,-0.8691,-0.0076,-0.4572,-0.8823,-0.015,0.2841,1,1,1,1,1,40.9,54.2,
2026-07-29 18:33:53.970,0.0886,0.1974,0.1566,0.0937,0.3855,0.3366,0.2731,0.4204,0.3004,0.1379,0.1891,0.2996,0.1767,0.2551,0.2968,0.1546,0.0488,0.073,0.0845,0.0317,3363.2601,3314.1026,3340.696,3560.696,-0.8691,-0.0076,-0.4572,-0.8823,-0.015,0.2841,1,1,1,1,1,40.9,54.2,
2026-07-29 18:33:54.974,0.0886,0.1974,0.1566,0.0937,0.3855,0.3366,0.2731,0.4204,0.3004,0.1379,0.1891,0.2996,0.1767,0.2551,0.2968,0.1546,0.0488,0.073,0.0845,0.0317,3363.2601,3314.1026,3340.696,3560.696,-0.8691,-0.0076,-0.4572,-0.8823,-0.015,0.2841,1,1,1,1,1,40.9,54.2,
2026-07-29 18:33:55.978,0.0886,0.1974,0.1566,0.0937,0.3855,0.3366,0.2731,0.4204,0.3004,0.1379,0.1891,0.2996,0.1767,0.2551,0.2968,0.1546,0.0488,0.073,0.0845,0.0317,3363.2601,3314.1026,3340.696,3560.696,-0.8691,-0.0076,-0.4572,-0.8823,-0.015,0.2841,1,1,1,1,1,40.9,54.2,
2026-07-29 18:33:57.032,0.0886,0.1974,0.1566,0.0937,0.3855,0.3366,0.2731,0.4204,0.3004,0.1379,0.1891,0.2996,0.1767,0.2551,0.2968,0.1546,0.0488,0.073,0.0845,0.0317,3363.2601,3314.1026,3340.696,3560.696,-0.8691,-0.0076,-0.4572,-0.8823,-0.015,0.2841,1,1,1,1,1,40.9,54.2,
2026-07-29 18:33:58.035,0.0886,0.1974,0.1566,0.0937,0.3855,0.3366,0.2731,0.4204,0.3004,0.1379,0.1891,0.2996,0.1767,0.2551,0.2968,0.1546,0.0488,0.073,0.0845,0.0317,3363.2601,3314.1026,3340.696,3560.696,-0.8691,-0.0076,-0.4572,-0.8823,-0.015,0.2841,1,1,1,1,1,40.9,54.2,
2026-07-29 18:33:59.036,0.0886,0.1974,0.1566,0.0937,0.3855,0.3366,0.2731,0.4204,0.3004,0.1379,0.1891,0.2996,0.1767,0.2551,0.2968,0.1546,0.0488,0.073,0.0845,0.0317,3363.2601,3314.1026,3340.696,3560.696,-0.8691,-0.0076,-0.4572,-0.8823,-0.015,0.2841,1,1,1,1,1,40.9,54.2,
2026-07-29 18:34:00.090,0.0886,0.1974,0.1566,0.0937,0.3855,0.3366,0.2731,0.4204,0.3004,0.1379,0.1891,0.2996,0.1767,0.2551,0.2968,0.1546,0.0488,0.073,0.0845,0.0317,3363.2601,3314.1026,3340.696,3560.696,-0.8691,-0.0076,-0.4572,-0.8823,-0.015,0.2841,1,1,1,1,1,40.9,54.2,
2026-07-29 18:34:01.097,0.0886,0.1974,0.1566,0.0937,0.3855,0.3366,0.2731,0.4204,0.3004,0.1379,0.1891,0.2996,0.1767,0.2551,0.2968,0.1546,0.0488,0.073,0.0845,0.0317,3363.2601,3314.1026,3340.696,3560.696,-0.8691,-0.0076,-0.4572,-0.8823,-0.015,0.2841,1,1,1,1,1,40.9,54.2,
2026-07-29 18:34:02.152,0.0886,0.1974,0.1566,0.0937,0.3855,0.3366,0.2731,0.4204,0.3004,0.1379,0.1891,0.2996,0.1767,0.2551,0.2968,0.1546,0.0488,0.073,0.0845,0.0317,3363.2601,3314.1026,3340.696,3560.696,-0.8691,-0.0076,-0.4572,-0.8823,-0.015,0.2841,1,1,1,1,1,40.9,54.2,
2026-07-29 18:34:03.199,0.0886,0.1974,0.1566,0.0937,0.3855,0.3366,0.2731,0.4204,0.3004,0.1379,0.1891,0.2996,0.1767,0.2551,0.2968,0.1546,0.0488,0.073,0.0845,0.0317,3363.2601,3314.1026,3340.696,3560.696,-0.8691,-0.0076,-0.4572,-0.8823,-0.015,0.2841,1,1,1,1,1,40.9,54.2,
2026-07-29 18:34:04.251,0.0886,0.1974,0.1566,0.0937,0.3855,0.3366,0.2731,0.4204,0.3004,0.1379,0.1891,0.2996,0.1767,0.2551,0.2968,0.1546,0.0488,0.073,0.0845,0.0317,3363.2601,3314.1026,3340.696,3560.696,-0.8691,-0.0076,-0.4572,-0.8823,-0.015,0.2841,1,1,1,1,1,40.9,54.2,
2026-07-29 18:34:05.254,0.0886,0.1974,0.1566,0.0937,0.3855,0.3366,0.2731,0.4204,0.3004,0.1379,0.1891,0.2996,0.1767,0.2551,0.2968,0.1546,0.0488,0.073,0.0845,0.0317,3363.2601,3314.1026,3340.696,3560.696,-0.8691,-0.0076,-0.4572,-0.8823,-0.015,0.2841,1,1,1,1,1,40.9,54.2,
2026-07-29 18:34:06.250,0.0886,0.1974,0.1566,0.0937,0.3855,0.3366,0.2731,0.4204,0.3004,0.1379,0.1891,0.2996,0.1767,0.2551,0.2968,0.1546,0.0488,0.073,0.0845,0.0317,3363.2601,3314.1026,3340.696,3560.696,-0.8691,-0.0076,-0.4572,-0.8823,-0.015,0.2841,1,1,1,1,1,40.9,54.2,
2026-07-29 18:34:07.299,0.0886,0.1974,0.1566,0.0937,0.3855,0.3366,0.2731,0.4204,0.3004,0.1379,0.1891,0.2996,0.1767,0.2551,0.2968,0.1546,0.0488,0.073,0.0845,0.0317,3363.2601,3314.1026,3340.696,3560.696,-0.8691,-0.0076,-0.4572,-0.8823,-0.015,0.2841,1,1,1,1,1,40.9,54.2,
2026-07-29 18:34:08.302,0.0886,0.1974,0.1566,0.0937,0.3855,0.3366,0.2731,0.4204,0.3004,0.1379,0.1891,0.2996,0.1767,0.2551,0.2968,0.1546,0.0488,0.073,0.0845,0.0317,3363.2601,3314.1026,3340.696,3560.696,-0.8691,-0.0076,-0.4572,-0.8823,-0.015,0.2841,1,1,1,1,1,40.9,54.2,
2026-07-29 18:34:09.351,0.0886,0.1974,0.1566,0.0937,0.3855,0.3366,0.2731,0.4204,0.3004,0.1379,0.1891,0.2996,0.1767,0.2551,0.2968,0.1546,0.0488,0.073,0.0845,0.0317,3363.2601,3314.1026,3340.696,3560.696,-0.8691,-0.0076,-0.4572,-0.8823,-0.015,0.2841,1,1,1,1,1,40.9,54.2,
2026-07-29 18:34:10.401,0.0886,0.1974,0.1566,0.0937,0.3855,0.3366,0.2731,0.4204,0.3004,0.1379,0.1891,0.2996,0.1767,0.2551,0.2968,0.1546,0.0488,0.073,0.0845,0.0317,3363.2601,3314.1026,3340.696,3560.696,-0.8691,-0.0076,-0.4572,-0.8823,-0.015,0.2841,1,1,1,1,1,40.9,54.2,
2026-07-29 18:34:11.407,0.0886,0.1974,0.1566,0.0937,0.3855,0.3366,0.2731,0.4204,0.3004,0.1379,0.1891,0.2996,0.1767,0.2551,0.2968,0.1546,0.0488,0.073,0.0845,0.0317,3363.2601,3314.1026,3340.696,3560.696,-0.8691,-0.0076,-0.4572,-0.8823,-0.015,0.2841,1,1,1,1,1,40.9,54.2,
2026-07-29 18:34:12.458,0.0886,0.1974,0.1566,0.0937,0.3855,0.3366,0.2731,0.4204,0.3004,0.1379,0.1891,0.2996,0.1767,0.2551,0.2968,0.1546,0.0488,0.073,0.0845,0.0317,3363.2601,3314.1026,3340.696,3560.696,-0.8691,-0.0076,-0.4572,-0.8823,-0.015,0.2841,1,1,1,1,1,40.9,54.2,
2026-07-29 18:34:13.491,0.0886,0.1974,0.1566,0.0937,0.3855,0.3366,0.2731,0.4204,0.3004,0.1379,0.1891,0.2996,0.1767,0.2551,0.2968,0.1546,0.0488,0.073,0.0845,0.0317,3363.2601,3314.1026,3340.696,3560.696,-0.8691,-0.0076,-0.4572,-0.8823,-0.015,0.2841,1,1,1,1,1,40.9,54.2,
2026-07-29 18:34:14.499,0.0886,0.1974,0.1566,0.0937,0.3855,0.3366,0.2731,0.4204,0.3004,0.1379,0.1891,0.2996,0.1767,0.2551,0.2968,0.1546,0.0488,0.073,0.0845,0.0317,3363.2601,3314.1026,3340.696,3560.696,-0.8691,-0.0076,-0.4572,-0.8823,-0.015,0.2841,1,1,1,1,1,40.9,54.2,
2026-07-29 18:34:15.506,0.0886,0.1974,0.1566,0.0937,0.3855,0.3366,0.2731,0.4204,0.3004,0.1379,0.1891,0.2996,0.1767,0.2551,0.2968,0.1546,0.0488,0.073,0.0845,0.0317,3363.2601,3314.1026,3340.696,3560.696,-0.8691,-0.0076,-0.4572,-0.8823,-0.015,0.2841,1,1,1,1,1,40.9,54.2,
2026-07-29 18:34:16.514,0.0886,0.1974,0.1566,0.0937,0.3855,0.3366,0.2731,0.4204,0.3004,0.1379,0.1891,0.2996,0.1767,0.2551,0.2968,0.1546,0.0488,0.073,0.0845,0.0317,3363.2601,3314.1026,3340.696,3560.696,-0.8691,-0.0076,-0.4572,-0.8823,-0.015,0.2841,1,1,1,1,1,40.9,54.2,
2026-07-29 18:34:17.562,0.0886,0.1974,0.1566,0.0937,0.3855,0.3366,0.2731,0.4204,0.3004,0.1379,0.1891,0.2996,0.1767,0.2551,0.2968,0.1546,0.0488,0.073,0.0845,0.0317,3363.2601,3314.1026,3340.696,3560.696,-0.8691,-0.0076,-0.4572,-0.8823,-0.015,0.2841,1,1,1,1,1,40.9,54.2,
2026-07-29 18:34:18.567,0.0886,0.1974,0.1566,0.0937,0.3855,0.3366,0.2731,0.4204,0.3004,0.1379,0.1891,0.2996,0.1767,0.2551,0.2968,0.1546,0.0488,0.073,0.0845,0.0317,3363.2601,3314.1026,3340.696,3560.696,-0.8691,-0.0076,-0.4572,-0.8823,-0.015,0.2841,1,1,1,1,1,40.9,54.2,
2026-07-29 18:34:19.575,0.0886,0.1974,0.1566,0.0937,0.3855,0.3366,0.2731,0.4204,0.3004,0.1379,0.1891,0.2996,0.1767,0.2551,0.2968,0.1546,0.0488,0.073,0.0845,0.0317,3363.2601,3314.1026,3340.696,3560.696,-0.8691,-0.0076,-0.4572,-0.8823,-0.015,0.2841,1,1,1,1,1,40.9,54.2,
2026-07-29 18:34:20.585,0.0886,0.1974,0.1566,0.0937,0.3855,0.3366,0.2731,0.4204,0.3004,0.1379,0.1891,0.2996,0.1767,0.2551,0.2968,0.1546,0.0488,0.073,0.0845,0.0317,3363.2601,3314.1026,3340.696,3560.696,-0.8691,-0.0076,-0.4572,-0.8823,-0.015,0.2841,1,1,1,1,1,40.9,54.2,
2026-07-29 18:34:21.588,0.0886,0.1974,0.1566,0.0937,0.3855,0.3366,0.2731,0.4204,0.3004,0.1379,0.1891,0.2996,0.1767,0.2551,0.2968,0.1546,0.0488,0.073,0.0845,0.0317,3363.2601,3314.1026,3340.696,3560.696,-0.8691,-0.0076,-0.4572,-0.8823,-0.015,0.2841,1,1,1,1,1,40.9,54.2,
2026-07-29 18:34:22.638,0.0886,0.1974,0.1566,0.0937,0.3855,0.3366,0.2731,0.4204,0.3004,0.1379,0.1891,0.2996,0.1767,0.2551,0.2968,0.1546,0.0488,0.073,0.0845,0.0317,3363.2601,3314.1026,3340.696,3560.696,-0.8691,-0.0076,-0.4572,-0.8823,-0.015,0.2841,1,1,1,1,1,40.9,54.2,
2026-07-29 18:34:23.643,0.0886,0.1974,0.1566,0.0937,0.3855,0.3366,0.2731,0.4204,0.3004,0.1379,0.1891,0.2996,0.1767,0.2551,0.2968,0.1546,0.0488,0.073,0.0845,0.0317,3363.2601,3314.1026,3340.696,3560.696,-0.8691,-0.0076,-0.4572,-0.8823,-0.015,0.2841,1,1,1,1,1,40.9,54.2,
2026-07-29 18:34:24.693,0.0886,0.1974,0.1566,0.0937,0.3855,0.3366,0.2731,0.4204,0.3004,0.1379,0.1891,0.2996,0.1767,0.2551,0.2968,0.1546,0.0488,0.073,0.0845,0.0317,3363.2601,3314.1026,3340.696,3560.696,-0.8691,-0.0076,-0.4572,-0.8823,-0.015,0.2841,1,1,1,1,1,40.9,54.2,
2026-07-29 18:34:25.698,0.0886,0.1974,0.1566,0.0937,0.3855,0.3366,0.2731,0.4204,0.3004,0.1379,0.1891,0.2996,0.1767,0.2551,0.2968,0.1546,0.0488,0.073,0.0845,0.0317,3363.2601,3314.1026,3340.696,3560.696,-0.8691,-0.0076,-0.4572,-0.8823,-0.015,0.2841,1,1,1,1,1,40.9,54.2,
2026-07-29 18:34:26.702,0.0886,0.1974,0.1566,0.0937,0.3855,0.3366,0.2731,0.4204,0.3004,0.1379,0.1891,0.2996,0.1767,0.2551,0.2968,0.1546,0.0488,0.073,0.0845,0.0317,3363.2601,3314.1026,3340.696,3560.696,-0.8691,-0.0076,-0.4572,-0.8823,-0.015,0.2841,1,1,1,1,1,40.9,54.2,
2026-07-29 18:34:27.706,0.0886,0.1974,0.1566,0.0937,0.3855,0.3366,0.2731,0.4204,0.3004,0.1379,0.1891,0.2996,0.1767,0.2551,0.2968,0.1546,0.0488,0.073,0.0845,0.0317,3363.2601,3314.1026,3340.696,3560.696,-0.8691,-0.0076,-0.4572,-0.8823,-0.015,0.2841,1,1,1,1,1,40.9,54.2,
2026-07-29 18:34:28.759,0.0886,0.1974,0.1566,0.0937,0.3855,0.3366,0.2731,0.4204,0.3004,0.1379,0.1891,0.2996,0.1767,0.2551,0.2968,0.1546,0.0488,0.073,0.0845,0.0317,3363.2601,3314.1026,3340.696,3560.696,-0.8691,-0.0076,-0.4572,-0.8823,-0.015,0.2841,1,1,1,1,1,40.9,54.2,
2026-07-29 18:34:29.763,0.0886,0.1974,0.1566,0.0937,0.3855,0.3366,0.2731,0.4204,0.3004,0.1379,0.1891,0.2996,0.1767,0.2551,0.2968,0.1546,0.0488,0.073,0.0845,0.0317,3363.2601,3314.1026,3340.696,3560.696,-0.8691,-0.0076,-0.4572,-0.8823,-0.015,0.2841,1,1,1,1,1,40.9,54.2,
2026-07-29 18:34:30.764,0.0886,0.1974,0.1566,0.0937,0.3855,0.3366,0.2731,0.4204,0.3004,0.1379,0.1891,0.2996,0.1767,0.2551,0.2968,0.1546,0.0488,0.073,0.0845,0.0317,3363.2601,3314.1026,3340.696,3560.696,-0.8691,-0.0076,-0.4572,-0.8823,-0.015,0.2841,1,1,1,1,1,40.9,54.2,
2026-07-29 18:34:31.775,0.0886,0.1974,0.1566,0.0937,0.3855,0.3366,0.2731,0.4204,0.3004,0.1379,0.1891,0.2996,0.1767,0.2551,0.2968,0.1546,0.0488,0.073,0.0845,0.0317,3363.2601,3314.1026,3340.696,3560.696,-0.8691,-0.0076,-0.4572,-0.8823,-0.015,0.2841,1,1,1,1,1,40.9,54.2,
2026-07-29 18:34:32.776,0.0886,0.1974,0.1566,0.0937,0.3855,0.3366,0.2731,0.4204,0.3004,0.1379,0.1891,0.2996,0.1767,0.2551,0.2968,0.1546,0.0488,0.073,0.0845,0.0317,3363.2601,3314.1026,3340.696,3560.696,-0.8691,-0.0076,-0.4572,-0.8823,-0.015,0.2841,1,1,1,1,1,40.9,54.2,
2026-07-29 18:34:33.785,0.0886,0.1974,0.1566,0.0937,0.3855,0.3366,0.2731,0.4204,0.3004,0.1379,0.1891,0.2996,0.1767,0.2551,0.2968,0.1546,0.0488,0.073,0.0845,0.0317,3363.2601,3314.1026,3340.696,3560.696,-0.8691,-0.0076,-0.4572,-0.8823,-0.015,0.2841,1,1,1,1,1,40.9,54.2,
2026-07-29 18:34:34.786,0.0886,0.1974,0.1566,0.0937,0.3855,0.3366,0.2731,0.4204,0.3004,0.1379,0.1891,0.2996,0.1767,0.2551,0.2968,0.1546,0.0488,0.073,0.0845,0.0317,3363.2601,3314.1026,3340.696,3560.696,-0.8691,-0.0076,-0.4572,-0.8823,-0.015,0.2841,1,1,1,1,1,40.9,54.2,
2026-07-29 18:34:35.792,0.0886,0.1974,0.1566,0.0937,0.3855,0.3366,0.2731,0.4204,0.3004,0.1379,0.1891,0.2996,0.1767,0.2551,0.2968,0.1546,0.0488,0.073,0.0845,0.0317,3363.2601,3314.1026,3340.696,3560.696,-0.8691,-0.0076,-0.4572,-0.8823,-0.015,0.2841,1,1,1,1,1,40.9,54.2,
2026-07-29 18:34:36.796,0.0886,0.1974,0.1566,0.0937,0.3855,0.3366,0.2731,0.4204,0.3004,0.1379,0.1891,0.2996,0.1767,0.2551,0.2968,0.1546,0.0488,0.073,0.0845,0.0317,3363.2601,3314.1026,3340.696,3560.696,-0.8691,-0.0076,-0.4572,-0.8823,-0.015,0.2841,1,1,1,1,1,40.9,54.2,
2026-07-29 18:34:37.797,0.0886,0.1974,0.1566,0.0937,0.3855,0.3366,0.2731,0.4204,0.3004,0.1379,0.1891,0.2996,0.1767,0.2551,0.2968,0.1546,0.0488,0.073,0.0845,0.0317,3363.2601,3314.1026,3340.696,3560.696,-0.8691,-0.0076,-0.4572,-0.8823,-0.015,0.2841,1,1,1,1,1,40.9,54.2,
2026-07-29 18:34:38.800,0.0886,0.1974,0.1566,0.0937,0.3855,0.3366,0.2731,0.4204,0.3004,0.1379,0.1891,0.2996,0.1767,0.2551,0.2968,0.1546,0.0488,0.073,0.0845,0.0317,3363.2601,3314.1026,3340.696,3560.696,-0.8691,-0.0076,-0.4572,-0.8823,-0.015,0.2841,1,1,1,1,1,40.9,54.2,
2026-07-29 18:34:39.800,0.0886,0.1974,0.1566,0.0937,0.3855,0.3366,0.2731,0.4204,0.3004,0.1379,0.1891,0.2996,0.1767,0.2551,0.2968,0.1546,0.0488,0.073,0.0845,0.0317,3363.2601,3314.1026,3340.696,3560.696,-0.8691,-0.0076,-0.4572,-0.8823,-0.015,0.2841,1,1,1,1,1,40.9,54.2,
2026-07-29 18:34:40.854,0.0886,0.1974,0.1566,0.0937,0.3855,0.3366,0.2731,0.4204,0.3004,0.1379,0.1891,0.2996,0.1767,0.2551,0.2968,0.1546,0.0488,0.073,0.0845,0.0317,3363.2601,3314.1026,3340.696,3560.696,-0.8691,-0.0076,-0.4572,-0.8823,-0.015,0.2841,1,1,1,1,1,40.9,54.2,
2026-07-29 18:34:41.851,0.0886,0.1974,0.1566,0.0937,0.3855,0.3366,0.2731,0.4204,0.3004,0.1379,0.1891,0.2996,0.1767,0.2551,0.2968,0.1546,0.0488,0.073,0.0845,0.0317,3363.2601,3314.1026,3340.696,3560.696,-0.8691,-0.0076,-0.4572,-0.8823,-0.015,0.2841,1,1,1,1,1,40.9,54.2,
2026-07-29 18:34:42.906,0.0886,0.1974,0.1566,0.0937,0.3855,0.3366,0.2731,0.4204,0.3004,0.1379,0.1891,0.2996,0.1767,0.2551,0.2968,0.1546,0.0488,0.073,0.0845,0.0317,3363.2601,3314.1026,3340.696,3560.696,-0.8691,-0.0076,-0.4572,-0.8823,-0.015,0.2841,1,1,1,1,1,40.9,54.2,
2026-07-29 18:34:43.905,0.0886,0.1974,0.1566,0.0937,0.3855,0.3366,0.2731,0.4204,0.3004,0.1379,0.1891,0.2996,0.1767,0.2551,0.2968,0.1546,0.0488,0.073,0.0845,0.0317,3363.2601,3314.1026,3340.696,3560.696,-0.8691,-0.0076,-0.4572,-0.8823,-0.015,0.2841,1,1,1,1,1,40.9,54.2,
2026-07-29 18:34:44.951,0.0886,0.1974,0.1566,0.0937,0.3855,0.3366,0.2731,0.4204,0.3004,0.1379,0.1891,0.2996,0.1767,0.2551,0.2968,0.1546,0.0488,0.073,0.0845,0.0317,3363.2601,3314.1026,3340.696,3560.696,-0.8691,-0.0076,-0.4572,-0.8823,-0.015,0.2841,1,1,1,1,1,40.9,54.2,
2026-07-29 18:34:46.006,0.0886,0.1974,0.1566,0.0937,0.3855,0.3366,0.2731,0.4204,0.3004,0.1379,0.1891,0.2996,0.1767,0.2551,0.2968,0.1546,0.0488,0.073,0.0845,0.0317,3363.2601,3314.1026,3340.696,3560.696,-0.8691,-0.0076,-0.4572,-0.8823,-0.015,0.2841,1,1,1,1,1,40.9,54.2,
2026-07-29 18:34:47.008,0.0886,0.1974,0.1566,0.0937,0.3855,0.3366,0.2731,0.4204,0.3004,0.1379,0.1891,0.2996,0.1767,0.2551,0.2968,0.1546,0.0488,0.073,0.0845,0.0317,3363.2601,3314.1026,3340.696,3560.696,-0.8691,-0.0076,-0.4572,-0.8823,-0.015,0.2841,1,1,1,1,1,40.9,54.2,
2026-07-29 18:34:48.059,0.0886,0.1974,0.1566,0.0937,0.3855,0.3366,0.2731,0.4204,0.3004,0.1379,0.1891,0.2996,0.1767,0.2551,0.2968,0.1546,0.0488,0.073,0.0845,0.0317,3363.2601,3314.1026,3340.696,3560.696,-0.8691,-0.0076,-0.4572,-0.8823,-0.015,0.2841,1,1,1,1,1,40.9,54.2,
2026-07-29 18:34:49.076,0.0886,0.1974,0.1566,0.0937,0.3855,0.3366,0.2731,0.4204,0.3004,0.1379,0.1891,0.2996,0.1767,0.2551,0.2968,0.1546,0.0488,0.073,0.0845,0.0317,3363.2601,3314.1026,3340.696,3560.696,-0.8691,-0.0076,-0.4572,-0.8823,-0.015,0.2841,1,1,1,1,1,40.9,54.2,
2026-07-29 18:34:50.088,0.0886,0.1974,0.1566,0.0937,0.3855,0.3366,0.2731,0.4204,0.3004,0.1379,0.1891,0.2996,0.1767,0.2551,0.2968,0.1546,0.0488,0.073,0.0845,0.0317,3363.2601,3314.1026,3340.696,3560.696,-0.8691,-0.0076,-0.4572,-0.8823,-0.015,0.2841,1,1,1,1,1,40.9,54.2,
2026-07-29 18:34:51.138,0.0886,0.1974,0.1566,0.0937,0.3855,0.3366,0.2731,0.4204,0.3004,0.1379,0.1891,0.2996,0.1767,0.2551,0.2968,0.1546,0.0488,0.073,0.0845,0.0317,3363.2601,3314.1026,3340.696,3560.696,-0.8691,-0.0076,-0.4572,-0.8823,-0.015,0.2841,1,1,1,1,1,40.9,54.2,
2026-07-29 18:34:52.140,0.0886,0.1974,0.1566,0.0937,0.3855,0.3366,0.2731,0.4204,0.3004,0.1379,0.1891,0.2996,0.1767,0.2551,0.2968,0.1546,0.0488,0.073,0.0845,0.0317,3363.2601,3314.1026,3340.696,3560.696,-0.8691,-0.0076,-0.4572,-0.8823,-0.015,0.2841,1,1,1,1,1,40.9,54.2,
2026-07-29 18:34:53.150,0.0886,0.1974,0.1566,0.0937,0.3855,0.3366,0.2731,0.4204,0.3004,0.1379,0.1891,0.2996,0.1767,0.2551,0.2968,0.1546,0.0488,0.073,0.0845,0.0317,3363.2601,3314.1026,3340.696,3560.696,-0.8691,-0.0076,-0.4572,-0.8823,-0.015,0.2841,1,1,1,1,1,40.9,54.2,
2026-07-29 18:34:54.197,0.0886,0.1974,0.1566,0.0937,0.3855,0.3366,0.2731,0.4204,0.3004,0.1379,0.1891,0.2996,0.1767,0.2551,0.2968,0.1546,0.0488,0.073,0.0845,0.0317,3363.2601,3314.1026,3340.696,3560.696,-0.8691,-0.0076,-0.4572,-0.8823,-0.015,0.2841,1,1,1,1,1,40.9,54.2,
2026-07-29 18:34:55.250,0.0886,0.1974,0.1566,0.0937,0.3855,0.3366,0.2731,0.4204,0.3004,0.1379,0.1891,0.2996,0.1767,0.2551,0.2968,0.1546,0.0488,0.073,0.0845,0.0317,3363.2601,3314.1026,3340.696,3560.696,-0.8691,-0.0076,-0.4572,-0.8823,-0.015,0.2841,1,1,1,1,1,40.9,54.2,
2026-07-29 18:34:56.255,0.0886,0.1974,0.1566,0.0937,0.3855,0.3366,0.2731,0.4204,0.3004,0.1379,0.1891,0.2996,0.1767,0.2551,0.2968,0.1546,0.0488,0.073,0.0845,0.0317,3363.2601,3314.1026,3340.696,3560.696,-0.8691,-0.0076,-0.4572,-0.8823,-0.015,0.2841,1,1,1,1,1,40.9,54.2,
2026-07-29 18:34:57.258,0.0886,0.1974,0.1566,0.0937,0.3855,0.3366,0.2731,0.4204,0.3004,0.1379,0.1891,0.2996,0.1767,0.2551,0.2968,0.1546,0.0488,0.073,0.0845,0.0317,3363.2601,3314.1026,3340.696,3560.696,-0.8691,-0.0076,-0.4572,-0.8823,-0.015,0.2841,1,1,1,1,1,40.9,54.2,
2026-07-29 18:34:58.260,0.0886,0.1974,0.1566,0.0937,0.3855,0.3366,0.2731,0.4204,0.3004,0.1379,0.1891,0.2996,0.1767,0.2551,0.2968,0.1546,0.0488,0.073,0.0845,0.0317,3363.2601,3314.1026,3340.696,3560.696,-0.8691,-0.0076,-0.4572,-0.8823,-0.015,0.2841,1,1,1,1,1,40.9,54.2,
2026-07-29 18:34:59.266,0.0886,0.1974,0.1566,0.0937,0.3855,0.3366,0.2731,0.4204,0.3004,0.1379,0.1891,0.2996,0.1767,0.2551,0.2968,0.1546,0.0488,0.073,0.0845,0.0317,3363.2601,3314.1026,3340.696,3560.696,-0.8691,-0.0076,-0.4572,-0.8823,-0.015,0.2841,1,1,1,1,1,40.9,54.2,
2026-07-29 18:35:00.268,0.0886,0.1974,0.1566,0.0937,0.3855,0.3366,0.2731,0.4204,0.3004,0.1379,0.1891,0.2996,0.1767,0.2551,0.2968,0.1546,0.0488,0.073,0.0845,0.0317,3363.2601,3314.1026,3340.696,3560.696,-0.8691,-0.0076,-0.4572,-0.8823,-0.015,0.2841,1,1,1,1,1,40.9,54.2,
2026-07-29 18:35:01.275,0.0886,0.1974,0.1566,0.0937,0.3855,0.3366,0.2731,0.4204,0.3004,0.1379,0.1891,0.2996,0.1767,0.2551,0.2968,0.1546,0.0488,0.073,0.0845,0.0317,3363.2601,3314.1026,3340.696,3560.696,-0.8691,-0.0076,-0.4572,-0.8823,-0.015,0.2841,1,1,1,1,1,40.9,54.2,
2026-07-29 18:35:02.272,0.0886,0.1974,0.1566,0.0937,0.3855,0.3366,0.2731,0.4204,0.3004,0.1379,0.1891,0.2996,0.1767,0.2551,0.2968,0.1546,0.0488,0.073,0.0845,0.0317,3363.2601,3314.1026,3340.696,3560.696,-0.8691,-0.0076,-0.4572,-0.8823,-0.015,0.2841,1,1,1,1,1,40.9,54.2,
2026-07-29 18:35:03.324,0.0886,0.1974,0.1566,0.0937,0.3855,0.3366,0.2731,0.4204,0.3004,0.1379,0.1891,0.2996,0.1767,0.2551,0.2968,0.1546,0.0488,0.073,0.0845,0.0317,3363.2601,3314.1026,3340.696,3560.696,-0.8691,-0.0076,-0.4572,-0.8823,-0.015,0.2841,1,1,1,1,1,40.9,54.2,
2026-07-29 18:35:04.370,0.0886,0.1974,0.1566,0.0937,0.3855,0.3366,0.2731,0.4204,0.3004,0.1379,0.1891,0.2996,0.1767,0.2551,0.2968,0.1546,0.0488,0.073,0.0845,0.0317,3363.2601,3314.1026,3340.696,3560.696,-0.8691,-0.0076,-0.4572,-0.8823,-0.015,0.2841,1,1,1,1,1,40.9,54.2,
2026-07-29 18:35:05.377,0.0886,0.1974,0.1566,0.0937,0.3855,0.3366,0.2731,0.4204,0.3004,0.1379,0.1891,0.2996,0.1767,0.2551,0.2968,0.1546,0.0488,0.073,0.0845,0.0317,3363.2601,3314.1026,3340.696,3560.696,-0.8691,-0.0076,-0.4572,-0.8823,-0.015,0.2841,1,1,1,1,1,40.9,54.2,
2026-07-29 18:35:06.385,0.0886,0.1974,0.1566,0.0937,0.3855,0.3366,0.2731,0.4204,0.3004,0.1379,0.1891,0.2996,0.1767,0.2551,0.2968,0.1546,0.0488,0.073,0.0845,0.0317,3363.2601,3314.1026,3340.696,3560.696,-0.8691,-0.0076,-0.4572,-0.8823,-0.015,0.2841,1,1,1,1,1,40.9,54.2,
2026-07-29 18:35:07.385,0.0886,0.1974,0.1566,0.0937,0.3855,0.3366,0.2731,0.4204,0.3004,0.1379,0.1891,0.2996,0.1767,0.2551,0.2968,0.1546,0.0488,0.073,0.0845,0.0317,3363.2601,3314.1026,3340.696,3560.696,-0.8691,-0.0076,-0.4572,-0.8823,-0.015,0.2841,1,1,1,1,1,40.9,54.2,
2026-07-29 18:35:08.433,0.0886,0.1974,0.1566,0.0937,0.3855,0.3366,0.2731,0.4204,0.3004,0.1379,0.1891,0.2996,0.1767,0.2551,0.2968,0.1546,0.0488,0.073,0.0845,0.0317,3363.2601,3314.1026,3340.696,3560.696,-0.8691,-0.0076,-0.4572,-0.8823,-0.015,0.2841,1,1,1,1,1,40.9,54.2,
2026-07-29 18:35:09.438,0.0886,0.1974,0.1566,0.0937,0.3855,0.3366,0.2731,0.4204,0.3004,0.1379,0.1891,0.2996,0.1767,0.2551,0.2968,0.1546,0.0488,0.073,0.0845,0.0317,3363.2601,3314.1026,3340.696,3560.696,-0.8691,-0.0076,-0.4572,-0.8823,-0.015,0.2841,1,1,1,1,1,40.9,54.2,
2026-07-29 18:35:10.440,0.0886,0.1974,0.1566,0.0937,0.3855,0.3366,0.2731,0.4204,0.3004,0.1379,0.1891,0.2996,0.1767,0.2551,0.2968,0.1546,0.0488,0.073,0.0845,0.0317,3363.2601,3314.1026,3340.696,3560.696,-0.8691,-0.0076,-0.4572,-0.8823,-0.015,0.2841,1,1,1,1,1,40.9,54.2,
2026-07-29 18:35:11.443,0.0886,0.1974,0.1566,0.0937,0.3855,0.3366,0.2731,0.4204,0.3004,0.1379,0.1891,0.2996,0.1767,0.2551,0.2968,0.1546,0.0488,0.073,0.0845,0.0317,3363.2601,3314.1026,3340.696,3560.696,-0.8691,-0.0076,-0.4572,-0.8823,-0.015,0.2841,1,1,1,1,1,40.9,54.2,
2026-07-29 18:35:12.446,0.0886,0.1974,0.1566,0.0937,0.3855,0.3366,0.2731,0.4204,0.3004,0.1379,0.1891,0.2996,0.1767,0.2551,0.2968,0.1546,0.0488,0.073,0.0845,0.0317,3363.2601,3314.1026,3340.696,3560.696,-0.8691,-0.0076,-0.4572,-0.8823,-0.015,0.2841,1,1,1,1,1,40.9,54.2,
2026-07-29 18:35:13.451,0.0886,0.1974,0.1566,0.0937,0.3855,0.3366,0.2731,0.4204,0.3004,0.1379,0.1891,0.2996,0.1767,0.2551,0.2968,0.1546,0.0488,0.073,0.0845,0.0317,3363.2601,3314.1026,3340.696,3560.696,-0.8691,-0.0076,-0.4572,-0.8823,-0.015,0.2841,1,1,1,1,1,40.9,54.2,
2026-07-29 18:35:14.461,0.0886,0.1974,0.1566,0.0937,0.3855,0.3366,0.2731,0.4204,0.3004,0.1379,0.1891,0.2996,0.1767,0.2551,0.2968,0.1546,0.0488,0.073,0.0845,0.0317,3363.2601,3314.1026,3340.696,3560.696,-0.8691,-0.0076,-0.4572,-0.8823,-0.015,0.2841,1,1,1,1,1,40.9,54.2,
2026-07-29 18:35:15.465,0.0886,0.1974,0.1566,0.0937,0.3855,0.3366,0.2731,0.4204,0.3004,0.1379,0.1891,0.2996,0.1767,0.2551,0.2968,0.1546,0.0488,0.073,0.0845,0.0317,3363.2601,3314.1026,3340.696,3560.696,-0.8691,-0.0076,-0.4572,-0.8823,-0.015,0.2841,1,1,1,1,1,40.9,54.2,
2026-07-29 18:35:16.470,0.0886,0.1974,0.1566,0.0937,0.3855,0.3366,0.2731,0.4204,0.3004,0.1379,0.1891,0.2996,0.1767,0.2551,0.2968,0.1546,0.0488,0.073,0.0845,0.0317,3363.2601,3314.1026,3340.696,3560.696,-0.8691,-0.0076,-0.4572,-0.8823,-0.015,0.2841,1,1,1,1,1,40.9,54.2,
2026-07-29 18:35:17.487,0.0886,0.1974,0.1566,0.0937,0.3855,0.3366,0.2731,0.4204,0.3004,0.1379,0.1891,0.2996,0.1767,0.2551,0.2968,0.1546,0.0488,0.073,0.0845,0.0317,3363.2601,3314.1026,3340.696,3560.696,-0.8691,-0.0076,-0.4572,-0.8823,-0.015,0.2841,1,1,1,1,1,40.9,54.2,
2026-07-29 18:35:18.493,0.0886,0.1974,0.1566,0.0937,0.3855,0.3366,0.2731,0.4204,0.3004,0.1379,0.1891,0.2996,0.1767,0.2551,0.2968,0.1546,0.0488,0.073,0.0845,0.0317,3363.2601,3314.1026,3340.696,3560.696,-0.8691,-0.0076,-0.4572,-0.8823,-0.015,0.2841,1,1,1,1,1,40.9,54.2,
2026-07-29 18:35:19.496,0.0886,0.1974,0.1566,0.0937,0.3855,0.3366,0.2731,0.4204,0.3004,0.1379,0.1891,0.2996,0.1767,0.2551,0.2968,0.1546,0.0488,0.073,0.0845,0.0317,3363.2601,3314.1026,3340.696,3560.696,-0.8691,-0.0076,-0.4572,-0.8823,-0.015,0.2841,1,1,1,1,1,40.9,54.2,
2026-07-29 18:35:20.506,0.0886,0.1974,0.1566,0.0937,0.3855,0.3366,0.2731,0.4204,0.3004,0.1379,0.1891,0.2996,0.1767,0.2551,0.2968,0.1546,0.0488,0.073,0.0845,0.0317,3363.2601,3314.1026,3340.696,3560.696,-0.8691,-0.0076,-0.4572,-0.8823,-0.015,0.2841,1,1,1,1,1,40.9,54.2,
2026-07-29 18:35:21.508,0.0886,0.1974,0.1566,0.0937,0.3855,0.3366,0.2731,0.4204,0.3004,0.1379,0.1891,0.2996,0.1767,0.2551,0.2968,0.1546,0.0488,0.073,0.0845,0.0317,3363.2601,3314.1026,3340.696,3560.696,-0.8691,-0.0076,-0.4572,-0.8823,-0.015,0.2841,1,1,1,1,1,40.9,54.2,
2026-07-29 18:35:22.558,0.0886,0.1974,0.1566,0.0937,0.3855,0.3366,0.2731,0.4204,0.3004,0.1379,0.1891,0.2996,0.1767,0.2551,0.2968,0.1546,0.0488,0.073,0.0845,0.0317,3363.2601,3314.1026,3340.696,3560.696,-0.8691,-0.0076,-0.4572,-0.8823,-0.015,0.2841,1,1,1,1,1,40.9,54.2,
2026-07-29 18:35:23.558,0.0886,0.1974,0.1566,0.0937,0.3855,0.3366,0.2731,0.4204,0.3004,0.1379,0.1891,0.2996,0.1767,0.2551,0.2968,0.1546,0.0488,0.073,0.0845,0.0317,3363.2601,3314.1026,3340.696,3560.696,-0.8691,-0.0076,-0.4572,-0.8823,-0.015,0.2841,1,1,1,1,1,40.9,54.2,
2026-07-29 18:35:24.559,0.0886,0.1974,0.1566,0.0937,0.3855,0.3366,0.2731,0.4204,0.3004,0.1379,0.1891,0.2996,0.1767,0.2551,0.2968,0.1546,0.0488,0.073,0.0845,0.0317,3363.2601,3314.1026,3340.696,3560.696,-0.8691,-0.0076,-0.4572,-0.8823,-0.015,0.2841,1,1,1,1,1,40.9,54.2,
2026-07-29 18:35:25.607,0.0886,0.1974,0.1566,0.0937,0.3855,0.3366,0.2731,0.4204,0.3004,0.1379,0.1891,0.2996,0.1767,0.2551,0.2968,0.1546,0.0488,0.073,0.0845,0.0317,3363.2601,3314.1026,3340.696,3560.696,-0.8691,-0.0076,-0.4572,-0.8823,-0.015,0.2841,1,1,1,1,1,40.9,54.2,
2026-07-29 18:35:26.653,0.0886,0.1974,0.1566,0.0937,0.3855,0.3366,0.2731,0.4204,0.3004,0.1379,0.1891,0.2996,0.1767,0.2551,0.2968,0.1546,0.0488,0.073,0.0845,0.0317,3363.2601,3314.1026,3340.696,3560.696,-0.8691,-0.0076,-0.4572,-0.8823,-0.015,0.2841,1,1,1,1,1,40.9,54.2,
2026-07-29 18:35:27.655,0.0886,0.1974,0.1566,0.0937,0.3855,0.3366,0.2731,0.4204,0.3004,0.1379,0.1891,0.2996,0.1767,0.2551,0.2968,0.1546,0.0488,0.073,0.0845,0.0317,3363.2601,3314.1026,3340.696,3560.696,-0.8691,-0.0076,-0.4572,-0.8823,-0.015,0.2841,1,1,1,1,1,40.9,54.2,
2026-07-29 18:35:28.703,0.0886,0.1974,0.1566,0.0937,0.3855,0.3366,0.2731,0.4204,0.3004,0.1379,0.1891,0.2996,0.1767,0.2551,0.2968,0.1546,0.0488,0.073,0.0845,0.0317,3363.2601,3314.1026,3340.696,3560.696,-0.8691,-0.0076,-0.4572,-0.8823,-0.015,0.2841,1,1,1,1,1,40.9,54.2,
2026-07-29 18:35:29.705,0.0886,0.1974,0.1566,0.0937,0.3855,0.3366,0.2731,0.4204,0.3004,0.1379,0.1891,0.2996,0.1767,0.2551,0.2968,0.1546,0.0488,0.073,0.0845,0.0317,3363.2601,3314.1026,3340.696,3560.696,-0.8691,-0.0076,-0.4572,-0.8823,-0.015,0.2841,1,1,1,1,1,40.9,54.2,
2026-07-29 18:35:30.705,0.0886,0.1974,0.1566,0.0937,0.3855,0.3366,0.2731,0.4204,0.3004,0.1379,0.1891,0.2996,0.1767,0.2551,0.2968,0.1546,0.0488,0.073,0.0845,0.0317,3363.2601,3314.1026,3340.696,3560.696,-0.8691,-0.0076,-0.4572,-0.8823,-0.015,0.2841,1,1,1,1,1,40.9,54.2,
2026-07-29 18:35:31.712,0.0886,0.1974,0.1566,0.0937,0.3855,0.3366,0.2731,0.4204,0.3004,0.1379,0.1891,0.2996,0.1767,0.2551,0.2968,0.1546,0.0488,0.073,0.0845,0.0317,3363.2601,3314.1026,3340.696,3560.696,-0.8691,-0.0076,-0.4572,-0.8823,-0.015,0.2841,1,1,1,1,1,40.9,54.2,
2026-07-29 18:35:32.713,0.0886,0.1974,0.1566,0.0937,0.3855,0.3366,0.2731,0.4204,0.3004,0.1379,0.1891,0.2996,0.1767,0.2551,0.2968,0.1546,0.0488,0.073,0.0845,0.0317,3363.2601,3314.1026,3340.696,3560.696,-0.8691,-0.0076,-0.4572,-0.8823,-0.015,0.2841,1,1,1,1,1,40.9,54.2,
2026-07-29 18:35:33.716,0.0886,0.1974,0.1566,0.0937,0.3855,0.3366,0.2731,0.4204,0.3004,0.1379,0.1891,0.2996,0.1767,0.2551,0.2968,0.1546,0.0488,0.073,0.0845,0.0317,3363.2601,3314.1026,3340.696,3560.696,-0.8691,-0.0076,-0.4572,-0.8823,-0.015,0.2841,1,1,1,1,1,40.9,54.2,
2026-07-29 18:35:34.720,0.0886,0.1974,0.1566,0.0937,0.3855,0.3366,0.2731,0.4204,0.3004,0.1379,0.1891,0.2996,0.1767,0.2551,0.2968,0.1546,0.0488,0.073,0.0845,0.0317,3363.2601,3314.1026,3340.696,3560.696,-0.8691,-0.0076,-0.4572,-0.8823,-0.015,0.2841,1,1,1,1,1,40.9,54.2,
2026-07-29 18:35:35.734,0.0886,0.1974,0.1566,0.0937,0.3855,0.3366,0.2731,0.4204,0.3004,0.1379,0.1891,0.2996,0.1767,0.2551,0.2968,0.1546,0.0488,0.073,0.0845,0.0317,3363.2601,3314.1026,3340.696,3560.696,-0.8691,-0.0076,-0.4572,-0.8823,-0.015,0.2841,1,1,1,1,1,40.9,54.2,
2026-07-29 18:35:36.736,0.0886,0.1974,0.1566,0.0937,0.3855,0.3366,0.2731,0.4204,0.3004,0.1379,0.1891,0.2996,0.1767,0.2551,0.2968,0.1546,0.0488,0.073,0.0845,0.0317,3363.2601,3314.1026,3340.696,3560.696,-0.8691,-0.0076,-0.4572,-0.8823,-0.015,0.2841,1,1,1,1,1,40.9,54.2,
2026-07-29 18:35:37.744,0.0886,0.1974,0.1566,0.0937,0.3855,0.3366,0.2731,0.4204,0.3004,0.1379,0.1891,0.2996,0.1767,0.2551,0.2968,0.1546,0.0488,0.073,0.0845,0.0317,3363.2601,3314.1026,3340.696,3560.696,-0.8691,-0.0076,-0.4572,-0.8823,-0.015,0.2841,1,1,1,1,1,40.9,54.2,
2026-07-29 18:35:38.796,0.0886,0.1974,0.1566,0.0937,0.3855,0.3366,0.2731,0.4204,0.3004,0.1379,0.1891,0.2996,0.1767,0.2551,0.2968,0.1546,0.0488,0.073,0.0845,0.0317,3363.2601,3314.1026,3340.696,3560.696,-0.8691,-0.0076,-0.4572,-0.8823,-0.015,0.2841,1,1,1,1,1,40.9,54.2,
2026-07-29 18:35:39.798,0.0886,0.1974,0.1566,0.0937,0.3855,0.3366,0.2731,0.4204,0.3004,0.1379,0.1891,0.2996,0.1767,0.2551,0.2968,0.1546,0.0488,0.073,0.0845,0.0317,3363.2601,3314.1026,3340.696,3560.696,-0.8691,-0.0076,-0.4572,-0.8823,-0.015,0.2841,1,1,1,1,1,40.9,54.2,
2026-07-29 18:35:40.852,0.0886,0.1974,0.1566,0.0937,0.3855,0.3366,0.2731,0.4204,0.3004,0.1379,0.1891,0.2996,0.1767,0.2551,0.2968,0.1546,0.0488,0.073,0.0845,0.0317,3363.2601,3314.1026,3340.696,3560.696,-0.8691,-0.0076,-0.4572,-0.8823,-0.015,0.2841,1,1,1,1,1,40.9,54.2,
2026-07-29 18:35:41.864,0.0886,0.1974,0.1566,0.0937,0.3855,0.3366,0.2731,0.4204,0.3004,0.1379,0.1891,0.2996,0.1767,0.2551,0.2968,0.1546,0.0488,0.073,0.0845,0.0317,3363.2601,3314.1026,3340.696,3560.696,-0.8691,-0.0076,-0.4572,-0.8823,-0.015,0.2841,1,1,1,1,1,40.9,54.2,
2026-07-29 18:35:42.865,0.0886,0.1974,0.1566,0.0937,0.3855,0.3366,0.2731,0.4204,0.3004,0.1379,0.1891,0.2996,0.1767,0.2551,0.2968,0.1546,0.0488,0.073,0.0845,0.0317,3363.2601,3314.1026,3340.696,3560.696,-0.8691,-0.0076,-0.4572,-0.8823,-0.015,0.2841,1,1,1,1,1,40.9,54.2,
2026-07-29 18:35:43.865,0.0886,0.1974,0.1566,0.0937,0.3855,0.3366,0.2731,0.4204,0.3004,0.1379,0.1891,0.2996,0.1767,0.2551,0.2968,0.1546,0.0488,0.073,0.0845,0.0317,3363.2601,3314.1026,3340.696,3560.696,-0.8691,-0.0076,-0.4572,-0.8823,-0.015,0.2841,1,1,1,1,1,40.9,54.2,
2026-07-29 18:35:44.869,0.0886,0.1974,0.1566,0.0937,0.3855,0.3366,0.2731,0.4204,0.3004,0.1379,0.1891,0.2996,0.1767,0.2551,0.2968,0.1546,0.0488,0.073,0.0845,0.0317,3363.2601,3314.1026,3340.696,3560.696,-0.8691,-0.0076,-0.4572,-0.8823,-0.015,0.2841,1,1,1,1,1,40.9,54.2,
2026-07-29 18:35:45.920,0.0886,0.1974,0.1566,0.0937,0.3855,0.3366,0.2731,0.4204,0.3004,0.1379,0.1891,0.2996,0.1767,0.2551,0.2968,0.1546,0.0488,0.073,0.0845,0.0317,3363.2601,3314.1026,3340.696,3560.696,-0.8691,-0.0076,-0.4572,-0.8823,-0.015,0.2841,1,1,1,1,1,40.9,54.2,
2026-07-29 18:35:46.971,0.0886,0.1974,0.1566,0.0937,0.3855,0.3366,0.2731,0.4204,0.3004,0.1379,0.1891,0.2996,0.1767,0.2551,0.2968,0.1546,0.0488,0.073,0.0845,0.0317,3363.2601,3314.1026,3340.696,3560.696,-0.8691,-0.0076,-0.4572,-0.8823,-0.015,0.2841,1,1,1,1,1,40.9,54.2,
2026-07-29 18:35:47.972,0.0886,0.1974,0.1566,0.0937,0.3855,0.3366,0.2731,0.4204,0.3004,0.1379,0.1891,0.2996,0.1767,0.2551,0.2968,0.1546,0.0488,0.073,0.0845,0.0317,3363.2601,3314.1026,3340.696,3560.696,-0.8691,-0.0076,-0.4572,-0.8823,-0.015,0.2841,1,1,1,1,1,40.9,54.2,
2026-07-29 18:35:48.973,0.0886,0.1974,0.1566,0.0937,0.3855,0.3366,0.2731,0.4204,0.3004,0.1379,0.1891,0.2996,0.1767,0.2551,0.2968,0.1546,0.0488,0.073,0.0845,0.0317,3363.2601,3314.1026,3340.696,3560.696,-0.8691,-0.0076,-0.4572,-0.8823,-0.015,0.2841,1,1,1,1,1,40.9,54.2,
2026-07-29 18:35:49.976,0.0886,0.1974,0.1566,0.0937,0.3855,0.3366,0.2731,0.4204,0.3004,0.1379,0.1891,0.2996,0.1767,0.2551,0.2968,0.1546,0.0488,0.073,0.0845,0.0317,3363.2601,3314.1026,3340.696,3560.696,-0.8691,-0.0076,-0.4572,-0.8823,-0.015,0.2841,1,1,1,1,1,40.9,54.2,
2026-07-29 18:35:50.977,0.0886,0.1974,0.1566,0.0937,0.3855,0.3366,0.2731,0.4204,0.3004,0.1379,0.1891,0.2996,0.1767,0.2551,0.2968,0.1546,0.0488,0.073,0.0845,0.0317,3363.2601,3314.1026,3340.696,3560.696,-0.8691,-0.0076,-0.4572,-0.8823,-0.015,0.2841,1,1,1,1,1,40.9,54.2,
2026-07-29 18:35:51.985,0.0886,0.1974,0.1566,0.0937,0.3855,0.3366,0.2731,0.4204,0.3004,0.1379,0.1891,0.2996,0.1767,0.2551,0.2968,0.1546,0.0488,0.073,0.0845,0.0317,3363.2601,3314.1026,3340.696,3560.696,-0.8691,-0.0076,-0.4572,-0.8823,-0.015,0.2841,1,1,1,1,1,40.9,54.2,
2026-07-29 18:35:52.989,0.0886,0.1974,0.1566,0.0937,0.3855,0.3366,0.2731,0.4204,0.3004,0.1379,0.1891,0.2996,0.1767,0.2551,0.2968,0.1546,0.0488,0.073,0.0845,0.0317,3363.2601,3314.1026,3340.696,3560.696,-0.8691,-0.0076,-0.4572,-0.8823,-0.015,0.2841,1,1,1,1,1,40.9,54.2,
2026-07-29 18:35:53.998,0.0886,0.1974,0.1566,0.0937,0.3855,0.3366,0.2731,0.4204,0.3004,0.1379,0.1891,0.2996,0.1767,0.2551,0.2968,0.1546,0.0488,0.073,0.0845,0.0317,3363.2601,3314.1026,3340.696,3560.696,-0.8691,-0.0076,-0.4572,-0.8823,-0.015,0.2841,1,1,1,1,1,40.9,54.2,
2026-07-29 18:35:55.045,0.0886,0.1974,0.1566,0.0937,0.3855,0.3366,0.2731,0.4204,0.3004,0.1379,0.1891,0.2996,0.1767,0.2551,0.2968,0.1546,0.0488,0.073,0.0845,0.0317,3363.2601,3314.1026,3340.696,3560.696,-0.8691,-0.0076,-0.4572,-0.8823,-0.015,0.2841,1,1,1,1,1,40.9,54.2,
2026-07-29 18:35:56.047,0.0886,0.1974,0.1566,0.0937,0.3855,0.3366,0.2731,0.4204,0.3004,0.1379,0.1891,0.2996,0.1767,0.2551,0.2968,0.1546,0.0488,0.073,0.0845,0.0317,3363.2601,3314.1026,3340.696,3560.696,-0.8691,-0.0076,-0.4572,-0.8823,-0.015,0.2841,1,1,1,1,1,40.9,54.2,
2026-07-29 18:35:57.097,0.0886,0.1974,0.1566,0.0937,0.3855,0.3366,0.2731,0.4204,0.3004,0.1379,0.1891,0.2996,0.1767,0.2551,0.2968,0.1546,0.0488,0.073,0.0845,0.0317,3363.2601,3314.1026,3340.696,3560.696,-0.8691,-0.0076,-0.4572,-0.8823,-0.015,0.2841,1,1,1,1,1,40.9,54.2,
2026-07-29 18:35:58.145,0.0886,0.1974,0.1566,0.0937,0.3855,0.3366,0.2731,0.4204,0.3004,0.1379,0.1891,0.2996,0.1767,0.2551,0.2968,0.1546,0.0488,0.073,0.0845,0.0317,3363.2601,3314.1026,3340.696,3560.696,-0.8691,-0.0076,-0.4572,-0.8823,-0.015,0.2841,1,1,1,1,1,40.9,54.2,
2026-07-29 18:35:59.194,0.0886,0.1974,0.1566,0.0937,0.3855,0.3366,0.2731,0.4204,0.3004,0.1379,0.1891,0.2996,0.1767,0.2551,0.2968,0.1546,0.0488,0.073,0.0845,0.0317,3363.2601,3314.1026,3340.696,3560.696,-0.8691,-0.0076,-0.4572,-0.8823,-0.015,0.2841,1,1,1,1,1,40.9,54.2,
2026-07-29 18:36:00.200,0.0886,0.1974,0.1566,0.0937,0.3855,0.3366,0.2731,0.4204,0.3004,0.1379,0.1891,0.2996,0.1767,0.2551,0.2968,0.1546,0.0488,0.073,0.0845,0.0317,3363.2601,3314.1026,3340.696,3560.696,-0.8691,-0.0076,-0.4572,-0.8823,-0.015,0.2841,1,1,1,1,1,40.9,54.2,
2026-07-29 18:36:01.252,0.0886,0.1974,0.1566,0.0937,0.3855,0.3366,0.2731,0.4204,0.3004,0.1379,0.1891,0.2996,0.1767,0.2551,0.2968,0.1546,0.0488,0.073,0.0845,0.0317,3363.2601,3314.1026,3340.696,3560.696,-0.8691,-0.0076,-0.4572,-0.8823,-0.015,0.2841,1,1,1,1,1,40.9,54.2,
2026-07-29 18:36:02.258,0.0886,0.1974,0.1566,0.0937,0.3855,0.3366,0.2731,0.4204,0.3004,0.1379,0.1891,0.2996,0.1767,0.2551,0.2968,0.1546,0.0488,0.073,0.0845,0.0317,3363.2601,3314.1026,3340.696,3560.696,-0.8691,-0.0076,-0.4572,-0.8823,-0.015,0.2841,1,1,1,1,1,40.9,54.2,
2026-07-29 18:36:03.263,0.0886,0.1974,0.1566,0.0937,0.3855,0.3366,0.2731,0.4204,0.3004,0.1379,0.1891,0.2996,0.1767,0.2551,0.2968,0.1546,0.0488,0.073,0.0845,0.0317,3363.2601,3314.1026,3340.696,3560.696,-0.8691,-0.0076,-0.4572,-0.8823,-0.015,0.2841,1,1,1,1,1,40.9,54.2,
2026-07-29 18:36:04.309,0.0886,0.1974,0.1566,0.0937,0.3855,0.3366,0.2731,0.4204,0.3004,0.1379,0.1891,0.2996,0.1767,0.2551,0.2968,0.1546,0.0488,0.073,0.0845,0.0317,3363.2601,3314.1026,3340.696,3560.696,-0.8691,-0.0076,-0.4572,-0.8823,-0.015,0.2841,1,1,1,1,1,40.9,54.2,
2026-07-29 18:36:05.314,0.0886,0.1974,0.1566,0.0937,0.3855,0.3366,0.2731,0.4204,0.3004,0.1379,0.1891,0.2996,0.1767,0.2551,0.2968,0.1546,0.0488,0.073,0.0845,0.0317,3363.2601,3314.1026,3340.696,3560.696,-0.8691,-0.0076,-0.4572,-0.8823,-0.015,0.2841,1,1,1,1,1,40.9,54.2,
2026-07-29 18:36:06.342,0.0886,0.1974,0.1566,0.0937,0.3855,0.3366,0.2731,0.4204,0.3004,0.1379,0.1891,0.2996,0.1767,0.2551,0.2968,0.1546,0.0488,0.073,0.0845,0.0317,3363.2601,3314.1026,3340.696,3560.696,-0.8691,-0.0076,-0.4572,-0.8823,-0.015,0.2841,1,1,1,1,1,40.9,54.2,
2026-07-29 18:36:07.344,0.0886,0.1974,0.1566,0.0937,0.3855,0.3366,0.2731,0.4204,0.3004,0.1379,0.1891,0.2996,0.1767,0.2551,0.2968,0.1546,0.0488,0.073,0.0845,0.0317,3363.2601,3314.1026,3340.696,3560.696,-0.8691,-0.0076,-0.4572,-0.8823,-0.015,0.2841,1,1,1,1,1,40.9,54.2,
2026-07-29 18:36:08.396,0.0886,0.1974,0.1566,0.0937,0.3855,0.3366,0.2731,0.4204,0.3004,0.1379,0.1891,0.2996,0.1767,0.2551,0.2968,0.1546,0.0488,0.073,0.0845,0.0317,3363.2601,3314.1026,3340.696,3560.696,-0.8691,-0.0076,-0.4572,-0.8823,-0.015,0.2841,1,1,1,1,1,40.9,54.2,
2026-07-29 18:36:09.397,0.0886,0.1974,0.1566,0.0937,0.3855,0.3366,0.2731,0.4204,0.3004,0.1379,0.1891,0.2996,0.1767,0.2551,0.2968,0.1546,0.0488,0.073,0.0845,0.0317,3363.2601,3314.1026,3340.696,3560.696,-0.8691,-0.0076,-0.4572,-0.8823,-0.015,0.2841,1,1,1,1,1,40.9,54.2,
2026-07-29 18:36:10.402,0.0886,0.1974,0.1566,0.0937,0.3855,0.3366,0.2731,0.4204,0.3004,0.1379,0.1891,0.2996,0.1767,0.2551,0.2968,0.1546,0.0488,0.073,0.0845,0.0317,3363.2601,3314.1026,3340.696,3560.696,-0.8691,-0.0076,-0.4572,-0.8823,-0.015,0.2841,1,1,1,1,1,40.9,54.2,
2026-07-29 18:36:11.405,0.0886,0.1974,0.1566,0.0937,0.3855,0.3366,0.2731,0.4204,0.3004,0.1379,0.1891,0.2996,0.1767,0.2551,0.2968,0.1546,0.0488,0.073,0.0845,0.0317,3363.2601,3314.1026,3340.696,3560.696,-0.8691,-0.0076,-0.4572,-0.8823,-0.015,0.2841,1,1,1,1,1,40.9,54.2,
2026-07-29 18:36:12.455,0.0886,0.1974,0.1566,0.0937,0.3855,0.3366,0.2731,0.4204,0.3004,0.1379,0.1891,0.2996,0.1767,0.2551,0.2968,0.1546,0.0488,0.073,0.0845,0.0317,3363.2601,3314.1026,3340.696,3560.696,-0.8691,-0.0076,-0.4572,-0.8823,-0.015,0.2841,1,1,1,1,1,40.9,54.2,
2026-07-29 18:36:13.506,0.0886,0.1974,0.1566,0.0937,0.3855,0.3366,0.2731,0.4204,0.3004,0.1379,0.1891,0.2996,0.1767,0.2551,0.2968,0.1546,0.0488,0.073,0.0845,0.0317,3363.2601,3314.1026,3340.696,3560.696,-0.8691,-0.0076,-0.4572,-0.8823,-0.015,0.2841,1,1,1,1,1,40.9,54.2,
2026-07-29 18:36:14.506,0.0886,0.1974,0.1566,0.0937,0.3855,0.3366,0.2731,0.4204,0.3004,0.1379,0.1891,0.2996,0.1767,0.2551,0.2968,0.1546,0.0488,0.073,0.0845,0.0317,3363.2601,3314.1026,3340.696,3560.696,-0.8691,-0.0076,-0.4572,-0.8823,-0.015,0.2841,1,1,1,1,1,40.9,54.2,
2026-07-29 18:36:15.506,0.0886,0.1974,0.1566,0.0937,0.3855,0.3366,0.2731,0.4204,0.3004,0.1379,0.1891,0.2996,0.1767,0.2551,0.2968,0.1546,0.0488,0.073,0.0845,0.0317,3363.2601,3314.1026,3340.696,3560.696,-0.8691,-0.0076,-0.4572,-0.8823,-0.015,0.2841,1,1,1,1,1,40.9,54.2,
2026-07-29 18:36:16.511,0.0886,0.1974,0.1566,0.0937,0.3855,0.3366,0.2731,0.4204,0.3004,0.1379,0.1891,0.2996,0.1767,0.2551,0.2968,0.1546,0.0488,0.073,0.0845,0.0317,3363.2601,3314.1026,3340.696,3560.696,-0.8691,-0.0076,-0.4572,-0.8823,-0.015,0.2841,1,1,1,1,1,40.9,54.2,
2026-07-29 18:36:17.512,0.0886,0.1974,0.1566,0.0937,0.3855,0.3366,0.2731,0.4204,0.3004,0.1379,0.1891,0.2996,0.1767,0.2551,0.2968,0.1546,0.0488,0.073,0.0845,0.0317,3363.2601,3314.1026,3340.696,3560.696,-0.8691,-0.0076,-0.4572,-0.8823,-0.015,0.2841,1,1,1,1,1,40.9,54.2,
2026-07-29 18:36:18.516,0.0886,0.1974,0.1566,0.0937,0.3855,0.3366,0.2731,0.4204,0.3004,0.1379,0.1891,0.2996,0.1767,0.2551,0.2968,0.1546,0.0488,0.073,0.0845,0.0317,3363.2601,3314.1026,3340.696,3560.696,-0.8691,-0.0076,-0.4572,-0.8823,-0.015,0.2841,1,1,1,1,1,40.9,54.2,
2026-07-29 18:36:19.520,0.0886,0.1974,0.1566,0.0937,0.3855,0.3366,0.2731,0.4204,0.3004,0.1379,0.1891,0.2996,0.1767,0.2551,0.2968,0.1546,0.0488,0.073,0.0845,0.0317,3363.2601,3314.1026,3340.696,3560.696,-0.8691,-0.0076,-0.4572,-0.8823,-0.015,0.2841,1,1,1,1,1,40.9,54.2,
2026-07-29 18:36:20.569,0.0886,0.1974,0.1566,0.0937,0.3855,0.3366,0.2731,0.4204,0.3004,0.1379,0.1891,0.2996,0.1767,0.2551,0.2968,0.1546,0.0488,0.073,0.0845,0.0317,3363.2601,3314.1026,3340.696,3560.696,-0.8691,-0.0076,-0.4572,-0.8823,-0.015,0.2841,1,1,1,1,1,40.9,54.2,
2026-07-29 18:36:21.610,0.0886,0.1974,0.1566,0.0937,0.3855,0.3366,0.2731,0.4204,0.3004,0.1379,0.1891,0.2996,0.1767,0.2551,0.2968,0.1546,0.0488,0.073,0.0845,0.0317,3363.2601,3314.1026,3340.696,3560.696,-0.8691,-0.0076,-0.4572,-0.8823,-0.015,0.2841,1,1,1,1,1,40.9,54.2,
2026-07-29 18:36:22.661,0.0886,0.1974,0.1566,0.0937,0.3855,0.3366,0.2731,0.4204,0.3004,0.1379,0.1891,0.2996,0.1767,0.2551,0.2968,0.1546,0.0488,0.073,0.0845,0.0317,3363.2601,3314.1026,3340.696,3560.696,-0.8691,-0.0076,-0.4572,-0.8823,-0.015,0.2841,1,1,1,1,1,40.9,54.2,
2026-07-29 18:36:23.664,0.0886,0.1974,0.1566,0.0937,0.3855,0.3366,0.2731,0.4204,0.3004,0.1379,0.1891,0.2996,0.1767,0.2551,0.2968,0.1546,0.0488,0.073,0.0845,0.0317,3363.2601,3314.1026,3340.696,3560.696,-0.8691,-0.0076,-0.4572,-0.8823,-0.015,0.2841,1,1,1,1,1,40.9,54.2,
2026-07-29 18:36:24.716,0.0886,0.1974,0.1566,0.0937,0.3855,0.3366,0.2731,0.4204,0.3004,0.1379,0.1891,0.2996,0.1767,0.2551,0.2968,0.1546,0.0488,0.073,0.0845,0.0317,3363.2601,3314.1026,3340.696,3560.696,-0.8691,-0.0076,-0.4572,-0.8823,-0.015,0.2841,1,1,1,1,1,40.9,54.2,
2026-07-29 18:36:25.715,0.0886,0.1974,0.1566,0.0937,0.3855,0.3366,0.2731,0.4204,0.3004,0.1379,0.1891,0.2996,0.1767,0.2551,0.2968,0.1546,0.0488,0.073,0.0845,0.0317,3363.2601,3314.1026,3340.696,3560.696,-0.8691,-0.0076,-0.4572,-0.8823,-0.015,0.2841,1,1,1,1,1,40.9,54.2,
2026-07-29 18:36:26.764,0.0886,0.1974,0.1566,0.0937,0.3855,0.3366,0.2731,0.4204,0.3004,0.1379,0.1891,0.2996,0.1767,0.2551,0.2968,0.1546,0.0488,0.073,0.0845,0.0317,3363.2601,3314.1026,3340.696,3560.696,-0.8691,-0.0076,-0.4572,-0.8823,-0.015,0.2841,1,1,1,1,1,40.9,54.2,
2026-07-29 18:36:27.771,0.0886,0.1974,0.1566,0.0937,0.3855,0.3366,0.2731,0.4204,0.3004,0.1379,0.1891,0.2996,0.1767,0.2551,0.2968,0.1546,0.0488,0.073,0.0845,0.0317,3363.2601,3314.1026,3340.696,3560.696,-0.8691,-0.0076,-0.4572,-0.8823,-0.015,0.2841,1,1,1,1,1,40.9,54.2,
2026-07-29 18:36:28.773,0.0886,0.1974,0.1566,0.0937,0.3855,0.3366,0.2731,0.4204,0.3004,0.1379,0.1891,0.2996,0.1767,0.2551,0.2968,0.1546,0.0488,0.073,0.0845,0.0317,3363.2601,3314.1026,3340.696,3560.696,-0.8691,-0.0076,-0.4572,-0.8823,-0.015,0.2841,1,1,1,1,1,40.9,54.2,
2026-07-29 18:36:29.823,0.0886,0.1974,0.1566,0.0937,0.3855,0.3366,0.2731,0.4204,0.3004,0.1379,0.1891,0.2996,0.1767,0.2551,0.2968,0.1546,0.0488,0.073,0.0845,0.0317,3363.2601,3314.1026,3340.696,3560.696,-0.8691,-0.0076,-0.4572,-0.8823,-0.015,0.2841,1,1,1,1,1,40.9,54.2,
2026-07-29 18:36:30.828,0.0886,0.1974,0.1566,0.0937,0.3855,0.3366,0.2731,0.4204,0.3004,0.1379,0.1891,0.2996,0.1767,0.2551,0.2968,0.1546,0.0488,0.073,0.0845,0.0317,3363.2601,3314.1026,3340.696,3560.696,-0.8691,-0.0076,-0.4572,-0.8823,-0.015,0.2841,1,1,1,1,1,40.9,54.2,
2026-07-29 18:36:31.832,0.0886,0.1974,0.1566,0.0937,0.3855,0.3366,0.2731,0.4204,0.3004,0.1379,0.1891,0.2996,0.1767,0.2551,0.2968,0.1546,0.0488,0.073,0.0845,0.0317,3363.2601,3314.1026,3340.696,3560.696,-0.8691,-0.0076,-0.4572,-0.8823,-0.015,0.2841,1,1,1,1,1,40.9,54.2,
2026-07-29 18:36:32.886,0.0886,0.1974,0.1566,0.0937,0.3855,0.3366,0.2731,0.4204,0.3004,0.1379,0.1891,0.2996,0.1767,0.2551,0.2968,0.1546,0.0488,0.073,0.0845,0.0317,3363.2601,3314.1026,3340.696,3560.696,-0.8691,-0.0076,-0.4572,-0.8823,-0.015,0.2841,1,1,1,1,1,40.9,54.2,
2026-07-29 18:36:33.889,0.0886,0.1974,0.1566,0.0937,0.3855,0.3366,0.2731,0.4204,0.3004,0.1379,0.1891,0.2996,0.1767,0.2551,0.2968,0.1546,0.0488,0.073,0.0845,0.0317,3363.2601,3314.1026,3340.696,3560.696,-0.8691,-0.0076,-0.4572,-0.8823,-0.015,0.2841,1,1,1,1,1,40.9,54.2,
2026-07-29 18:36:34.921,0.0886,0.1974,0.1566,0.0937,0.3855,0.3366,0.2731,0.4204,0.3004,0.1379,0.1891,0.2996,0.1767,0.2551,0.2968,0.1546,0.0488,0.073,0.0845,0.0317,3363.2601,3314.1026,3340.696,3560.696,-0.8691,-0.0076,-0.4572,-0.8823,-0.015,0.2841,1,1,1,1,1,40.9,54.2,
2026-07-29 18:36:35.931,0.0886,0.1974,0.1566,0.0937,0.3855,0.3366,0.2731,0.4204,0.3004,0.1379,0.1891,0.2996,0.1767,0.2551,0.2968,0.1546,0.0488,0.073,0.0845,0.0317,3363.2601,3314.1026,3340.696,3560.696,-0.8691,-0.0076,-0.4572,-0.8823,-0.015,0.2841,1,1,1,1,1,40.9,54.2,
2026-07-29 18:36:36.930,0.0886,0.1974,0.1566,0.0937,0.3855,0.3366,0.2731,0.4204,0.3004,0.1379,0.1891,0.2996,0.1767,0.2551,0.2968,0.1546,0.0488,0.073,0.0845,0.0317,3363.2601,3314.1026,3340.696,3560.696,-0.8691,-0.0076,-0.4572,-0.8823,-0.015,0.2841,1,1,1,1,1,40.9,54.2,
2026-07-29 18:36:37.954,0.0886,0.1974,0.1566,0.0937,0.3855,0.3366,0.2731,0.4204,0.3004,0.1379,0.1891,0.2996,0.1767,0.2551,0.2968,0.1546,0.0488,0.073,0.0845,0.0317,3363.2601,3314.1026,3340.696,3560.696,-0.8691,-0.0076,-0.4572,-0.8823,-0.015,0.2841,1,1,1,1,1,40.9,54.2,
2026-07-29 18:36:39.003,0.0886,0.1974,0.1566,0.0937,0.3855,0.3366,0.2731,0.4204,0.3004,0.1379,0.1891,0.2996,0.1767,0.2551,0.2968,0.1546,0.0488,0.073,0.0845,0.0317,3363.2601,3314.1026,3340.696,3560.696,-0.8691,-0.0076,-0.4572,-0.8823,-0.015,0.2841,1,1,1,1,1,40.9,54.2,
2026-07-29 18:36:40.050,0.0886,0.1974,0.1566,0.0937,0.3855,0.3366,0.2731,0.4204,0.3004,0.1379,0.1891,0.2996,0.1767,0.2551,0.2968,0.1546,0.0488,0.073,0.0845,0.0317,3363.2601,3314.1026,3340.696,3560.696,-0.8691,-0.0076,-0.4572,-0.8823,-0.015,0.2841,1,1,1,1,1,40.9,54.2,
2026-07-29 18:36:41.056,0.0886,0.1974,0.1566,0.0937,0.3855,0.3366,0.2731,0.4204,0.3004,0.1379,0.1891,0.2996,0.1767,0.2551,0.2968,0.1546,0.0488,0.073,0.0845,0.0317,3363.2601,3314.1026,3340.696,3560.696,-0.8691,-0.0076,-0.4572,-0.8823,-0.015,0.2841,1,1,1,1,1,40.9,54.2,
2026-07-29 18:36:42.102,0.0886,0.1974,0.1566,0.0937,0.3855,0.3366,0.2731,0.4204,0.3004,0.1379,0.1891,0.2996,0.1767,0.2551,0.2968,0.1546,0.0488,0.073,0.0845,0.0317,3363.2601,3314.1026,3340.696,3560.696,-0.8691,-0.0076,-0.4572,-0.8823,-0.015,0.2841,1,1,1,1,1,40.9,54.2,
2026-07-29 18:36:43.152,0.0886,0.1974,0.1566,0.0937,0.3855,0.3366,0.2731,0.4204,0.3004,0.1379,0.1891,0.2996,0.1767,0.2551,0.2968,0.1546,0.0488,0.073,0.0845,0.0317,3363.2601,3314.1026,3340.696,3560.696,-0.8691,-0.0076,-0.4572,-0.8823,-0.015,0.2841,1,1,1,1,1,40.9,54.2,
2026-07-29 18:36:44.153,0.0886,0.1974,0.1566,0.0937,0.3855,0.3366,0.2731,0.4204,0.3004,0.1379,0.1891,0.2996,0.1767,0.2551,0.2968,0.1546,0.0488,0.073,0.0845,0.0317,3363.2601,3314.1026,3340.696,3560.696,-0.8691,-0.0076,-0.4572,-0.8823,-0.015,0.2841,1,1,1,1,1,40.9,54.2,
2026-07-29 18:36:45.155,0.0886,0.1974,0.1566,0.0937,0.3855,0.3366,0.2731,0.4204,0.3004,0.1379,0.1891,0.2996,0.1767,0.2551,0.2968,0.1546,0.0488,0.073,0.0845,0.0317,3363.2601,3314.1026,3340.696,3560.696,-0.8691,-0.0076,-0.4572,-0.8823,-0.015,0.2841,1,1,1,1,1,40.9,54.2,
2026-07-29 18:36:46.159,0.0886,0.1974,0.1566,0.0937,0.3855,0.3366,0.2731,0.4204,0.3004,0.1379,0.1891,0.2996,0.1767,0.2551,0.2968,0.1546,0.0488,0.073,0.0845,0.0317,3363.2601,3314.1026,3340.696,3560.696,-0.8691,-0.0076,-0.4572,-0.8823,-0.015,0.2841,1,1,1,1,1,40.9,54.2,
2026-07-29 18:36:47.210,0.0886,0.1974,0.1566,0.0937,0.3855,0.3366,0.2731,0.4204,0.3004,0.1379,0.1891,0.2996,0.1767,0.2551,0.2968,0.1546,0.0488,0.073,0.0845,0.0317,3363.2601,3314.1026,3340.696,3560.696,-0.8691,-0.0076,-0.4572,-0.8823,-0.015,0.2841,1,1,1,1,1,40.9,54.2,
2026-07-29 18:36:48.213,0.0886,0.1974,0.1566,0.0937,0.3855,0.3366,0.2731,0.4204,0.3004,0.1379,0.1891,0.2996,0.1767,0.2551,0.2968,0.1546,0.0488,0.073,0.0845,0.0317,3363.2601,3314.1026,3340.696,3560.696,-0.8691,-0.0076,-0.4572,-0.8823,-0.015,0.2841,1,1,1,1,1,40.9,54.2,
2026-07-29 18:36:49.215,0.0886,0.1974,0.1566,0.0937,0.3855,0.3366,0.2731,0.4204,0.3004,0.1379,0.1891,0.2996,0.1767,0.2551,0.2968,0.1546,0.0488,0.073,0.0845,0.0317,3363.2601,3314.1026,3340.696,3560.696,-0.8691,-0.0076,-0.4572,-0.8823,-0.015,0.2841,1,1,1,1,1,40.9,54.2,
2026-07-29 18:36:50.266,0.0886,0.1974,0.1566,0.0937,0.3855,0.3366,0.2731,0.4204,0.3004,0.1379,0.1891,0.2996,0.1767,0.2551,0.2968,0.1546,0.0488,0.073,0.0845,0.0317,3363.2601,3314.1026,3340.696,3560.696,-0.8691,-0.0076,-0.4572,-0.8823,-0.015,0.2841,1,1,1,1,1,40.9,54.2,
2026-07-29 18:36:51.270,0.0886,0.1974,0.1566,0.0937,0.3855,0.3366,0.2731,0.4204,0.3004,0.1379,0.1891,0.2996,0.1767,0.2551,0.2968,0.1546,0.0488,0.073,0.0845,0.0317,3363.2601,3314.1026,3340.696,3560.696,-0.8691,-0.0076,-0.4572,-0.8823,-0.015,0.2841,1,1,1,1,1,40.9,54.2,
2026-07-29 18:36:52.265,0.0886,0.1974,0.1566,0.0937,0.3855,0.3366,0.2731,0.4204,0.3004,0.1379,0.1891,0.2996,0.1767,0.2551,0.2968,0.1546,0.0488,0.073,0.0845,0.0317,3363.2601,3314.1026,3340.696,3560.696,-0.8691,-0.0076,-0.4572,-0.8823,-0.015,0.2841,1,1,1,1,1,40.9,54.2,
2026-07-29 18:36:53.324,0.0886,0.1974,0.1566,0.0937,0.3855,0.3366,0.2731,0.4204,0.3004,0.1379,0.1891,0.2996,0.1767,0.2551,0.2968,0.1546,0.0488,0.073,0.0845,0.0317,3363.2601,3314.1026,3340.696,3560.696,-0.8691,-0.0076,-0.4572,-0.8823,-0.015,0.2841,1,1,1,1,1,40.9,54.2,
2026-07-29 18:36:54.324,0.0886,0.1974,0.1566,0.0937,0.3855,0.3366,0.2731,0.4204,0.3004,0.1379,0.1891,0.2996,0.1767,0.2551,0.2968,0.1546,0.0488,0.073,0.0845,0.0317,3363.2601,3314.1026,3340.696,3560.696,-0.8691,-0.0076,-0.4572,-0.8823,-0.015,0.2841,1,1,1,1,1,40.9,54.2,
2026-07-29 18:36:55.326,0.0886,0.1974,0.1566,0.0937,0.3855,0.3366,0.2731,0.4204,0.3004,0.1379,0.1891,0.2996,0.1767,0.2551,0.2968,0.1546,0.0488,0.073,0.0845,0.0317,3363.2601,3314.1026,3340.696,3560.696,-0.8691,-0.0076,-0.4572,-0.8823,-0.015,0.2841,1,1,1,1,1,40.9,54.2,
2026-07-29 18:36:56.337,0.0886,0.1974,0.1566,0.0937,0.3855,0.3366,0.2731,0.4204,0.3004,0.1379,0.1891,0.2996,0.1767,0.2551,0.2968,0.1546,0.0488,0.073,0.0845,0.0317,3363.2601,3314.1026,3340.696,3560.696,-0.8691,-0.0076,-0.4572,-0.8823,-0.015,0.2841,1,1,1,1,1,40.9,54.2,
2026-07-29 18:36:57.387,0.0886,0.1974,0.1566,0.0937,0.3855,0.3366,0.2731,0.4204,0.3004,0.1379,0.1891,0.2996,0.1767,0.2551,0.2968,0.1546,0.0488,0.073,0.0845,0.0317,3363.2601,3314.1026,3340.696,3560.696,-0.8691,-0.0076,-0.4572,-0.8823,-0.015,0.2841,1,1,1,1,1,40.9,54.2,
2026-07-29 18:36:58.392,0.0886,0.1974,0.1566,0.0937,0.3855,0.3366,0.2731,0.4204,0.3004,0.1379,0.1891,0.2996,0.1767,0.2551,0.2968,0.1546,0.0488,0.073,0.0845,0.0317,3363.2601,3314.1026,3340.696,3560.696,-0.8691,-0.0076,-0.4572,-0.8823,-0.015,0.2841,1,1,1,1,1,40.9,54.2,
2026-07-29 18:36:59.444,0.0886,0.1974,0.1566,0.0937,0.3855,0.3366,0.2731,0.4204,0.3004,0.1379,0.1891,0.2996,0.1767,0.2551,0.2968,0.1546,0.0488,0.073,0.0845,0.0317,3363.2601,3314.1026,3340.696,3560.696,-0.8691,-0.0076,-0.4572,-0.8823,-0.015,0.2841,1,1,1,1,1,40.9,54.2,
2026-07-29 18:37:00.495,0.0886,0.1974,0.1566,0.0937,0.3855,0.3366,0.2731,0.4204,0.3004,0.1379,0.1891,0.2996,0.1767,0.2551,0.2968,0.1546,0.0488,0.073,0.0845,0.0317,3363.2601,3314.1026,3340.696,3560.696,-0.8691,-0.0076,-0.4572,-0.8823,-0.015,0.2841,1,1,1,1,1,40.9,54.2,
2026-07-29 18:37:01.498,0.0886,0.1974,0.1566,0.0937,0.3855,0.3366,0.2731,0.4204,0.3004,0.1379,0.1891,0.2996,0.1767,0.2551,0.2968,0.1546,0.0488,0.073,0.0845,0.0317,3363.2601,3314.1026,3340.696,3560.696,-0.8691,-0.0076,-0.4572,-0.8823,-0.015,0.2841,1,1,1,1,1,40.9,54.2,
2026-07-29 18:37:02.506,0.0886,0.1974,0.1566,0.0937,0.3855,0.3366,0.2731,0.4204,0.3004,0.1379,0.1891,0.2996,0.1767,0.2551,0.2968,0.1546,0.0488,0.073,0.0845,0.0317,3363.2601,3314.1026,3340.696,3560.696,-0.8691,-0.0076,-0.4572,-0.8823,-0.015,0.2841,1,1,1,1,1,40.9,54.2,
2026-07-29 18:37:03.508,0.0886,0.1974,0.1566,0.0937,0.3855,0.3366,0.2731,0.4204,0.3004,0.1379,0.1891,0.2996,0.1767,0.2551,0.2968,0.1546,0.0488,0.073,0.0845,0.0317,3363.2601,3314.1026,3340.696,3560.696,-0.8691,-0.0076,-0.4572,-0.8823,-0.015,0.2841,1,1,1,1,1,40.9,54.2,
2026-07-29 18:37:04.509,0.0886,0.1974,0.1566,0.0937,0.3855,0.3366,0.2731,0.4204,0.3004,0.1379,0.1891,0.2996,0.1767,0.2551,0.2968,0.1546,0.0488,0.073,0.0845,0.0317,3363.2601,3314.1026,3340.696,3560.696,-0.8691,-0.0076,-0.4572,-0.8823,-0.015,0.2841,1,1,1,1,1,40.9,54.2,
2026-07-29 18:37:05.558,0.0886,0.1974,0.1566,0.0937,0.3855,0.3366,0.2731,0.4204,0.3004,0.1379,0.1891,0.2996,0.1767,0.2551,0.2968,0.1546,0.0488,0.073,0.0845,0.0317,3363.2601,3314.1026,3340.696,3560.696,-0.8691,-0.0076,-0.4572,-0.8823,-0.015,0.2841,1,1,1,1,1,40.9,54.2,
2026-07-29 18:37:06.562,0.0886,0.1974,0.1566,0.0937,0.3855,0.3366,0.2731,0.4204,0.3004,0.1379,0.1891,0.2996,0.1767,0.2551,0.2968,0.1546,0.0488,0.073,0.0845,0.0317,3363.2601,3314.1026,3340.696,3560.696,-0.8691,-0.0076,-0.4572,-0.8823,-0.015,0.2841,1,1,1,1,1,40.9,54.2,
2026-07-29 18:37:07.564,0.0886,0.1974,0.1566,0.0937,0.3855,0.3366,0.2731,0.4204,0.3004,0.1379,0.1891,0.2996,0.1767,0.2551,0.2968,0.1546,0.0488,0.073,0.0845,0.0317,3363.2601,3314.1026,3340.696,3560.696,-0.8691,-0.0076,-0.4572,-0.8823,-0.015,0.2841,1,1,1,1,1,40.9,54.2,
2026-07-29 18:37:08.615,0.0886,0.1974,0.1566,0.0937,0.3855,0.3366,0.2731,0.4204,0.3004,0.1379,0.1891,0.2996,0.1767,0.2551,0.2968,0.1546,0.0488,0.073,0.0845,0.0317,3363.2601,3314.1026,3340.696,3560.696,-0.8691,-0.0076,-0.4572,-0.8823,-0.015,0.2841,1,1,1,1,1,40.9,54.2,
2026-07-29 18:37:09.619,0.0886,0.1974,0.1566,0.0937,0.3855,0.3366,0.2731,0.4204,0.3004,0.1379,0.1891,0.2996,0.1767,0.2551,0.2968,0.1546,0.0488,0.073,0.0845,0.0317,3363.2601,3314.1026,3340.696,3560.696,-0.8691,-0.0076,-0.4572,-0.8823,-0.015,0.2841,1,1,1,1,1,40.9,54.2,
2026-07-29 18:37:10.622,0.0886,0.1974,0.1566,0.0937,0.3855,0.3366,0.2731,0.4204,0.3004,0.1379,0.1891,0.2996,0.1767,0.2551,0.2968,0.1546,0.0488,0.073,0.0845,0.0317,3363.2601,3314.1026,3340.696,3560.696,-0.8691,-0.0076,-0.4572,-0.8823,-0.015,0.2841,1,1,1,1,1,40.9,54.2,
2026-07-29 18:37:11.623,0.0886,0.1974,0.1566,0.0937,0.3855,0.3366,0.2731,0.4204,0.3004,0.1379,0.1891,0.2996,0.1767,0.2551,0.2968,0.1546,0.0488,0.073,0.0845,0.0317,3363.2601,3314.1026,3340.696,3560.696,-0.8691,-0.0076,-0.4572,-0.8823,-0.015,0.2841,1,1,1,1,1,40.9,54.2,
2026-07-29 18:37:12.631,0.0886,0.1974,0.1566,0.0937,0.3855,0.3366,0.2731,0.4204,0.3004,0.1379,0.1891,0.2996,0.1767,0.2551,0.2968,0.1546,0.0488,0.073,0.0845,0.0317,3363.2601,3314.1026,3340.696,3560.696,-0.8691,-0.0076,-0.4572,-0.8823,-0.015,0.2841,1,1,1,1,1,40.9,54.2,
2026-07-29 18:37:13.648,0.0886,0.1974,0.1566,0.0937,0.3855,0.3366,0.2731,0.4204,0.3004,0.1379,0.1891,0.2996,0.1767,0.2551,0.2968,0.1546,0.0488,0.073,0.0845,0.0317,3363.2601,3314.1026,3340.696,3560.696,-0.8691,-0.0076,-0.4572,-0.8823,-0.015,0.2841,1,1,1,1,1,40.9,54.2,
2026-07-29 18:37:14.647,0.0886,0.1974,0.1566,0.0937,0.3855,0.3366,0.2731,0.4204,0.3004,0.1379,0.1891,0.2996,0.1767,0.2551,0.2968,0.1546,0.0488,0.073,0.0845,0.0317,3363.2601,3314.1026,3340.696,3560.696,-0.8691,-0.0076,-0.4572,-0.8823,-0.015,0.2841,1,1,1,1,1,40.9,54.2,
2026-07-29 18:37:15.704,0.0886,0.1974,0.1566,0.0937,0.3855,0.3366,0.2731,0.4204,0.3004,0.1379,0.1891,0.2996,0.1767,0.2551,0.2968,0.1546,0.0488,0.073,0.0845,0.0317,3363.2601,3314.1026,3340.696,3560.696,-0.8691,-0.0076,-0.4572,-0.8823,-0.015,0.2841,1,1,1,1,1,40.9,54.2,
2026-07-29 18:37:16.724,0.0886,0.1974,0.1566,0.0937,0.3855,0.3366,0.2731,0.4204,0.3004,0.1379,0.1891,0.2996,0.1767,0.2551,0.2968,0.1546,0.0488,0.073,0.0845,0.0317,3363.2601,3314.1026,3340.696,3560.696,-0.8691,-0.0076,-0.4572,-0.8823,-0.015,0.2841,1,1,1,1,1,40.9,54.2,
2026-07-29 18:37:17.739,0.0886,0.1974,0.1566,0.0937,0.3855,0.3366,0.2731,0.4204,0.3004,0.1379,0.1891,0.2996,0.1767,0.2551,0.2968,0.1546,0.0488,0.073,0.0845,0.0317,3363.2601,3314.1026,3340.696,3560.696,-0.8691,-0.0076,-0.4572,-0.8823,-0.015,0.2841,1,1,1,1,1,40.9,54.2,
2026-07-29 18:37:18.744,0.0886,0.1974,0.1566,0.0937,0.3855,0.3366,0.2731,0.4204,0.3004,0.1379,0.1891,0.2996,0.1767,0.2551,0.2968,0.1546,0.0488,0.073,0.0845,0.0317,3363.2601,3314.1026,3340.696,3560.696,-0.8691,-0.0076,-0.4572,-0.8823,-0.015,0.2841,1,1,1,1,1,40.9,54.2,
2026-07-29 18:37:19.799,0.0886,0.1974,0.1566,0.0937,0.3855,0.3366,0.2731,0.4204,0.3004,0.1379,0.1891,0.2996,0.1767,0.2551,0.2968,0.1546,0.0488,0.073,0.0845,0.0317,3363.2601,3314.1026,3340.696,3560.696,-0.8691,-0.0076,-0.4572,-0.8823,-0.015,0.2841,1,1,1,1,1,40.9,54.2,
2026-07-29 18:37:20.814,0.0886,0.1974,0.1566,0.0937,0.3855,0.3366,0.2731,0.4204,0.3004,0.1379,0.1891,0.2996,0.1767,0.2551,0.2968,0.1546,0.0488,0.073,0.0845,0.0317,3363.2601,3314.1026,3340.696,3560.696,-0.8691,-0.0076,-0.4572,-0.8823,-0.015,0.2841,1,1,1,1,1,40.9,54.2,
2026-07-29 18:37:21.819,0.0886,0.1974,0.1566,0.0937,0.3855,0.3366,0.2731,0.4204,0.3004,0.1379,0.1891,0.2996,0.1767,0.2551,0.2968,0.1546,0.0488,0.073,0.0845,0.0317,3363.2601,3314.1026,3340.696,3560.696,-0.8691,-0.0076,-0.4572,-0.8823,-0.015,0.2841,1,1,1,1,1,40.9,54.2,
2026-07-29 18:37:22.821,0.0886,0.1974,0.1566,0.0937,0.3855,0.3366,0.2731,0.4204,0.3004,0.1379,0.1891,0.2996,0.1767,0.2551,0.2968,0.1546,0.0488,0.073,0.0845,0.0317,3363.2601,3314.1026,3340.696,3560.696,-0.8691,-0.0076,-0.4572,-0.8823,-0.015,0.2841,1,1,1,1,1,40.9,54.2,
2026-07-29 18:37:23.868,0.0886,0.1974,0.1566,0.0937,0.3855,0.3366,0.2731,0.4204,0.3004,0.1379,0.1891,0.2996,0.1767,0.2551,0.2968,0.1546,0.0488,0.073,0.0845,0.0317,3363.2601,3314.1026,3340.696,3560.696,-0.8691,-0.0076,-0.4572,-0.8823,-0.015,0.2841,1,1,1,1,1,40.9,54.2,
2026-07-29 18:37:24.870,0.0886,0.1974,0.1566,0.0937,0.3855,0.3366,0.2731,0.4204,0.3004,0.1379,0.1891,0.2996,0.1767,0.2551,0.2968,0.1546,0.0488,0.073,0.0845,0.0317,3363.2601,3314.1026,3340.696,3560.696,-0.8691,-0.0076,-0.4572,-0.8823,-0.015,0.2841,1,1,1,1,1,40.9,54.2,
2026-07-29 18:37:25.920,0.0886,0.1974,0.1566,0.0937,0.3855,0.3366,0.2731,0.4204,0.3004,0.1379,0.1891,0.2996,0.1767,0.2551,0.2968,0.1546,0.0488,0.073,0.0845,0.0317,3363.2601,3314.1026,3340.696,3560.696,-0.8691,-0.0076,-0.4572,-0.8823,-0.015,0.2841,1,1,1,1,1,40.9,54.2,
2026-07-29 18:37:26.973,0.0886,0.1974,0.1566,0.0937,0.3855,0.3366,0.2731,0.4204,0.3004,0.1379,0.1891,0.2996,0.1767,0.2551,0.2968,0.1546,0.0488,0.073,0.0845,0.0317,3363.2601,3314.1026,3340.696,3560.696,-0.8691,-0.0076,-0.4572,-0.8823,-0.015,0.2841,1,1,1,1,1,40.9,54.2,
2026-07-29 18:37:28.014,0.0886,0.1974,0.1566,0.0937,0.3855,0.3366,0.2731,0.4204,0.3004,0.1379,0.1891,0.2996,0.1767,0.2551,0.2968,0.1546,0.0488,0.073,0.0845,0.0317,3363.2601,3314.1026,3340.696,3560.696,-0.8691,-0.0076,-0.4572,-0.8823,-0.015,0.2841,1,1,1,1,1,40.9,54.2,
2026-07-29 18:37:29.066,0.0886,0.1974,0.1566,0.0937,0.3855,0.3366,0.2731,0.4204,0.3004,0.1379,0.1891,0.2996,0.1767,0.2551,0.2968,0.1546,0.0488,0.073,0.0845,0.0317,3363.2601,3314.1026,3340.696,3560.696,-0.8691,-0.0076,-0.4572,-0.8823,-0.015,0.2841,1,1,1,1,1,40.9,54.2,
2026-07-29 18:37:30.071,0.0886,0.1974,0.1566,0.0937,0.3855,0.3366,0.2731,0.4204,0.3004,0.1379,0.1891,0.2996,0.1767,0.2551,0.2968,0.1546,0.0488,0.073,0.0845,0.0317,3363.2601,3314.1026,3340.696,3560.696,-0.8691,-0.0076,-0.4572,-0.8823,-0.015,0.2841,1,1,1,1,1,40.9,54.2,
2026-07-29 18:37:31.074,0.0886,0.1974,0.1566,0.0937,0.3855,0.3366,0.2731,0.4204,0.3004,0.1379,0.1891,0.2996,0.1767,0.2551,0.2968,0.1546,0.0488,0.073,0.0845,0.0317,3363.2601,3314.1026,3340.696,3560.696,-0.8691,-0.0076,-0.4572,-0.8823,-0.015,0.2841,1,1,1,1,1,40.9,54.2,
2026-07-29 18:37:32.076,0.0886,0.1974,0.1566,0.0937,0.3855,0.3366,0.2731,0.4204,0.3004,0.1379,0.1891,0.2996,0.1767,0.2551,0.2968,0.1546,0.0488,0.073,0.0845,0.0317,3363.2601,3314.1026,3340.696,3560.696,-0.8691,-0.0076,-0.4572,-0.8823,-0.015,0.2841,1,1,1,1,1,40.9,54.2,
2026-07-29 18:37:33.127,0.0886,0.1974,0.1566,0.0937,0.3855,0.3366,0.2731,0.4204,0.3004,0.1379,0.1891,0.2996,0.1767,0.2551,0.2968,0.1546,0.0488,0.073,0.0845,0.0317,3363.2601,3314.1026,3340.696,3560.696,-0.8691,-0.0076,-0.4572,-0.8823,-0.015,0.2841,1,1,1,1,1,40.9,54.2,
2026-07-29 18:37:34.179,0.0886,0.1974,0.1566,0.0937,0.3855,0.3366,0.2731,0.4204,0.3004,0.1379,0.1891,0.2996,0.1767,0.2551,0.2968,0.1546,0.0488,0.073,0.0845,0.0317,3363.2601,3314.1026,3340.696,3560.696,-0.8691,-0.0076,-0.4572,-0.8823,-0.015,0.2841,1,1,1,1,1,40.9,54.2,
2026-07-29 18:37:35.188,0.0886,0.1974,0.1566,0.0937,0.3855,0.3366,0.2731,0.4204,0.3004,0.1379,0.1891,0.2996,0.1767,0.2551,0.2968,0.1546,0.0488,0.073,0.0845,0.0317,3363.2601,3314.1026,3340.696,3560.696,-0.8691,-0.0076,-0.4572,-0.8823,-0.015,0.2841,1,1,1,1,1,40.9,54.2,
2026-07-29 18:37:36.247,0.0886,0.1974,0.1566,0.0937,0.3855,0.3366,0.2731,0.4204,0.3004,0.1379,0.1891,0.2996,0.1767,0.2551,0.2968,0.1546,0.0488,0.073,0.0845,0.0317,3363.2601,3314.1026,3340.696,3560.696,-0.8691,-0.0076,-0.4572,-0.8823,-0.015,0.2841,1,1,1,1,1,40.9,54.2,
2026-07-29 18:37:37.298,0.0886,0.1974,0.1566,0.0937,0.3855,0.3366,0.2731,0.4204,0.3004,0.1379,0.1891,0.2996,0.1767,0.2551,0.2968,0.1546,0.0488,0.073,0.0845,0.0317,3363.2601,3314.1026,3340.696,3560.696,-0.8691,-0.0076,-0.4572,-0.8823,-0.015,0.2841,1,1,1,1,1,40.9,54.2,
2026-07-29 18:37:38.347,0.0886,0.1974,0.1566,0.0937,0.3855,0.3366,0.2731,0.4204,0.3004,0.1379,0.1891,0.2996,0.1767,0.2551,0.2968,0.1546,0.0488,0.073,0.0845,0.0317,3363.2601,3314.1026,3340.696,3560.696,-0.8691,-0.0076,-0.4572,-0.8823,-0.015,0.2841,1,1,1,1,1,40.9,54.2,
2026-07-29 18:37:39.393,0.0886,0.1974,0.1566,0.0937,0.3855,0.3366,0.2731,0.4204,0.3004,0.1379,0.1891,0.2996,0.1767,0.2551,0.2968,0.1546,0.0488,0.073,0.0845,0.0317,3363.2601,3314.1026,3340.696,3560.696,-0.8691,-0.0076,-0.4572,-0.8823,-0.015,0.2841,1,1,1,1,1,40.9,54.2,
2026-07-29 18:37:40.442,0.0886,0.1974,0.1566,0.0937,0.3855,0.3366,0.2731,0.4204,0.3004,0.1379,0.1891,0.2996,0.1767,0.2551,0.2968,0.1546,0.0488,0.073,0.0845,0.0317,3363.2601,3314.1026,3340.696,3560.696,-0.8691,-0.0076,-0.4572,-0.8823,-0.015,0.2841,1,1,1,1,1,40.9,54.2,
2026-07-29 18:37:41.482,0.0886,0.1974,0.1566,0.0937,0.3855,0.3366,0.2731,0.4204,0.3004,0.1379,0.1891,0.2996,0.1767,0.2551,0.2968,0.1546,0.0488,0.073,0.0845,0.0317,3363.2601,3314.1026,3340.696,3560.696,-0.8691,-0.0076,-0.4572,-0.8823,-0.015,0.2841,1,1,1,1,1,40.9,54.2,
2026-07-29 18:37:42.537,0.0886,0.1974,0.1566,0.0937,0.3855,0.3366,0.2731,0.4204,0.3004,0.1379,0.1891,0.2996,0.1767,0.2551,0.2968,0.1546,0.0488,0.073,0.0845,0.0317,3363.2601,3314.1026,3340.696,3560.696,-0.8691,-0.0076,-0.4572,-0.8823,-0.015,0.2841,1,1,1,1,1,40.9,54.2,
2026-07-29 18:37:43.545,0.0886,0.1974,0.1566,0.0937,0.3855,0.3366,0.2731,0.4204,0.3004,0.1379,0.1891,0.2996,0.1767,0.2551,0.2968,0.1546,0.0488,0.073,0.0845,0.0317,3363.2601,3314.1026,3340.696,3560.696,-0.8691,-0.0076,-0.4572,-0.8823,-0.015,0.2841,1,1,1,1,1,40.9,54.2,
2026-07-29 18:37:44.596,0.0886,0.1974,0.1566,0.0937,0.3855,0.3366,0.2731,0.4204,0.3004,0.1379,0.1891,0.2996,0.1767,0.2551,0.2968,0.1546,0.0488,0.073,0.0845,0.0317,3363.2601,3314.1026,3340.696,3560.696,-0.8691,-0.0076,-0.4572,-0.8823,-0.015,0.2841,1,1,1,1,1,40.9,54.2,
2026-07-29 18:37:45.645,0.0886,0.1974,0.1566,0.0937,0.3855,0.3366,0.2731,0.4204,0.3004,0.1379,0.1891,0.2996,0.1767,0.2551,0.2968,0.1546,0.0488,0.073,0.0845,0.0317,3363.2601,3314.1026,3340.696,3560.696,-0.8691,-0.0076,-0.4572,-0.8823,-0.015,0.2841,1,1,1,1,1,40.9,54.2,
2026-07-29 18:37:46.648,0.0886,0.1974,0.1566,0.0937,0.3855,0.3366,0.2731,0.4204,0.3004,0.1379,0.1891,0.2996,0.1767,0.2551,0.2968,0.1546,0.0488,0.073,0.0845,0.0317,3363.2601,3314.1026,3340.696,3560.696,-0.8691,-0.0076,-0.4572,-0.8823,-0.015,0.2841,1,1,1,1,1,40.9,54.2,
2026-07-29 18:37:47.695,0.0886,0.1974,0.1566,0.0937,0.3855,0.3366,0.2731,0.4204,0.3004,0.1379,0.1891,0.2996,0.1767,0.2551,0.2968,0.1546,0.0488,0.073,0.0845,0.0317,3363.2601,3314.1026,3340.696,3560.696,-0.8691,-0.0076,-0.4572,-0.8823,-0.015,0.2841,1,1,1,1,1,40.9,54.2,
2026-07-29 18:37:48.744,0.0886,0.1974,0.1566,0.0937,0.3855,0.3366,0.2731,0.4204,0.3004,0.1379,0.1891,0.2996,0.1767,0.2551,0.2968,0.1546,0.0488,0.073,0.0845,0.0317,3363.2601,3314.1026,3340.696,3560.696,-0.8691,-0.0076,-0.4572,-0.8823,-0.015,0.2841,1,1,1,1,1,40.9,54.2,
2026-07-29 18:37:49.795,0.0886,0.1974,0.1566,0.0937,0.3855,0.3366,0.2731,0.4204,0.3004,0.1379,0.1891,0.2996,0.1767,0.2551,0.2968,0.1546,0.0488,0.073,0.0845,0.0317,3363.2601,3314.1026,3340.696,3560.696,-0.8691,-0.0076,-0.4572,-0.8823,-0.015,0.2841,1,1,1,1,1,40.9,54.2,
2026-07-29 18:37:50.798,0.0886,0.1974,0.1566,0.0937,0.3855,0.3366,0.2731,0.4204,0.3004,0.1379,0.1891,0.2996,0.1767,0.2551,0.2968,0.1546,0.0488,0.073,0.0845,0.0317,3363.2601,3314.1026,3340.696,3560.696,-0.8691,-0.0076,-0.4572,-0.8823,-0.015,0.2841,1,1,1,1,1,40.9,54.2,
2026-07-29 18:37:51.800,0.0886,0.1974,0.1566,0.0937,0.3855,0.3366,0.2731,0.4204,0.3004,0.1379,0.1891,0.2996,0.1767,0.2551,0.2968,0.1546,0.0488,0.073,0.0845,0.0317,3363.2601,3314.1026,3340.696,3560.696,-0.8691,-0.0076,-0.4572,-0.8823,-0.015,0.2841,1,1,1,1,1,40.9,54.2,
2026-07-29 18:37:52.801,0.0886,0.1974,0.1566,0.0937,0.3855,0.3366,0.2731,0.4204,0.3004,0.1379,0.1891,0.2996,0.1767,0.2551,0.2968,0.1546,0.0488,0.073,0.0845,0.0317,3363.2601,3314.1026,3340.696,3560.696,-0.8691,-0.0076,-0.4572,-0.8823,-0.015,0.2841,1,1,1,1,1,40.9,54.2,
2026-07-29 18:37:53.851,0.0886,0.1974,0.1566,0.0937,0.3855,0.3366,0.2731,0.4204,0.3004,0.1379,0.1891,0.2996,0.1767,0.2551,0.2968,0.1546,0.0488,0.073,0.0845,0.0317,3363.2601,3314.1026,3340.696,3560.696,-0.8691,-0.0076,-0.4572,-0.8823,-0.015,0.2841,1,1,1,1,1,40.9,54.2,
2026-07-29 18:37:54.857,0.0886,0.1974,0.1566,0.0937,0.3855,0.3366,0.2731,0.4204,0.3004,0.1379,0.1891,0.2996,0.1767,0.2551,0.2968,0.1546,0.0488,0.073,0.0845,0.0317,3363.2601,3314.1026,3340.696,3560.696,-0.8691,-0.0076,-0.4572,-0.8823,-0.015,0.2841,1,1,1,1,1,40.9,54.2,
2026-07-29 18:37:55.858,0.0886,0.1974,0.1566,0.0937,0.3855,0.3366,0.2731,0.4204,0.3004,0.1379,0.1891,0.2996,0.1767,0.2551,0.2968,0.1546,0.0488,0.073,0.0845,0.0317,3363.2601,3314.1026,3340.696,3560.696,-0.8691,-0.0076,-0.4572,-0.8823,-0.015,0.2841,1,1,1,1,1,40.9,54.2,
2026-07-29 18:37:56.862,0.0886,0.1974,0.1566,0.0937,0.3855,0.3366,0.2731,0.4204,0.3004,0.1379,0.1891,0.2996,0.1767,0.2551,0.2968,0.1546,0.0488,0.073,0.0845,0.0317,3363.2601,3314.1026,3340.696,3560.696,-0.8691,-0.0076,-0.4572,-0.8823,-0.015,0.2841,1,1,1,1,1,40.9,54.2,
2026-07-29 18:37:57.866,0.0886,0.1974,0.1566,0.0937,0.3855,0.3366,0.2731,0.4204,0.3004,0.1379,0.1891,0.2996,0.1767,0.2551,0.2968,0.1546,0.0488,0.073,0.0845,0.0317,3363.2601,3314.1026,3340.696,3560.696,-0.8691,-0.0076,-0.4572,-0.8823,-0.015,0.2841,1,1,1,1,1,40.9,54.2,
2026-07-29 18:37:58.870,0.0886,0.1974,0.1566,0.0937,0.3855,0.3366,0.2731,0.4204,0.3004,0.1379,0.1891,0.2996,0.1767,0.2551,0.2968,0.1546,0.0488,0.073,0.0845,0.0317,3363.2601,3314.1026,3340.696,3560.696,-0.8691,-0.0076,-0.4572,-0.8823,-0.015,0.2841,1,1,1,1,1,40.9,54.2,
2026-07-29 18:37:59.867,0.0886,0.1974,0.1566,0.0937,0.3855,0.3366,0.2731,0.4204,0.3004,0.1379,0.1891,0.2996,0.1767,0.2551,0.2968,0.1546,0.0488,0.073,0.0845,0.0317,3363.2601,3314.1026,3340.696,3560.696,-0.8691,-0.0076,-0.4572,-0.8823,-0.015,0.2841,1,1,1,1,1,40.9,54.2,
2026-07-29 18:38:00.873,0.0886,0.1974,0.1566,0.0937,0.3855,0.3366,0.2731,0.4204,0.3004,0.1379,0.1891,0.2996,0.1767,0.2551,0.2968,0.1546,0.0488,0.073,0.0845,0.0317,3363.2601,3314.1026,3340.696,3560.696,-0.8691,-0.0076,-0.4572,-0.8823,-0.015,0.2841,1,1,1,1,1,40.9,54.2,
2026-07-29 18:38:01.881,0.0886,0.1974,0.1566,0.0937,0.3855,0.3366,0.2731,0.4204,0.3004,0.1379,0.1891,0.2996,0.1767,0.2551,0.2968,0.1546,0.0488,0.073,0.0845,0.0317,3363.2601,3314.1026,3340.696,3560.696,-0.8691,-0.0076,-0.4572,-0.8823,-0.015,0.2841,1,1,1,1,1,40.9,54.2,
2026-07-29 18:38:02.928,0.0886,0.1974,0.1566,0.0937,0.3855,0.3366,0.2731,0.4204,0.3004,0.1379,0.1891,0.2996,0.1767,0.2551,0.2968,0.1546,0.0488,0.073,0.0845,0.0317,3363.2601,3314.1026,3340.696,3560.696,-0.8691,-0.0076,-0.4572,-0.8823,-0.015,0.2841,1,1,1,1,1,40.9,54.2,
2026-07-29 18:38:03.928,0.0886,0.1974,0.1566,0.0937,0.3855,0.3366,0.2731,0.4204,0.3004,0.1379,0.1891,0.2996,0.1767,0.2551,0.2968,0.1546,0.0488,0.073,0.0845,0.0317,3363.2601,3314.1026,3340.696,3560.696,-0.8691,-0.0076,-0.4572,-0.8823,-0.015,0.2841,1,1,1,1,1,40.9,54.2,
2026-07-29 18:38:04.931,0.0886,0.1974,0.1566,0.0937,0.3855,0.3366,0.2731,0.4204,0.3004,0.1379,0.1891,0.2996,0.1767,0.2551,0.2968,0.1546,0.0488,0.073,0.0845,0.0317,3363.2601,3314.1026,3340.696,3560.696,-0.8691,-0.0076,-0.4572,-0.8823,-0.015,0.2841,1,1,1,1,1,40.9,54.2,
2026-07-29 18:38:05.941,0.0886,0.1974,0.1566,0.0937,0.3855,0.3366,0.2731,0.4204,0.3004,0.1379,0.1891,0.2996,0.1767,0.2551,0.2968,0.1546,0.0488,0.073,0.0845,0.0317,3363.2601,3314.1026,3340.696,3560.696,-0.8691,-0.0076,-0.4572,-0.8823,-0.015,0.2841,1,1,1,1,1,40.9,54.2,
2026-07-29 18:38:06.944,0.0886,0.1974,0.1566,0.0937,0.3855,0.3366,0.2731,0.4204,0.3004,0.1379,0.1891,0.2996,0.1767,0.2551,0.2968,0.1546,0.0488,0.073,0.0845,0.0317,3363.2601,3314.1026,3340.696,3560.696,-0.8691,-0.0076,-0.4572,-0.8823,-0.015,0.2841,1,1,1,1,1,40.9,54.2,
2026-07-29 18:38:07.995,0.0886,0.1974,0.1566,0.0937,0.3855,0.3366,0.2731,0.4204,0.3004,0.1379,0.1891,0.2996,0.1767,0.2551,0.2968,0.1546,0.0488,0.073,0.0845,0.0317,3363.2601,3314.1026,3340.696,3560.696,-0.8691,-0.0076,-0.4572,-0.8823,-0.015,0.2841,1,1,1,1,1,40.9,54.2,
2026-07-29 18:38:08.997,0.0886,0.1974,0.1566,0.0937,0.3855,0.3366,0.2731,0.4204,0.3004,0.1379,0.1891,0.2996,0.1767,0.2551,0.2968,0.1546,0.0488,0.073,0.0845,0.0317,3363.2601,3314.1026,3340.696,3560.696,-0.8691,-0.0076,-0.4572,-0.8823,-0.015,0.2841,1,1,1,1,1,40.9,54.2,
2026-07-29 18:38:10.008,0.0886,0.1974,0.1566,0.0937,0.3855,0.3366,0.2731,0.4204,0.3004,0.1379,0.1891,0.2996,0.1767,0.2551,0.2968,0.1546,0.0488,0.073,0.0845,0.0317,3363.2601,3314.1026,3340.696,3560.696,-0.8691,-0.0076,-0.4572,-0.8823,-0.015,0.2841,1,1,1,1,1,40.9,54.2,
2026-07-29 18:38:11.008,0.0886,0.1974,0.1566,0.0937,0.3855,0.3366,0.2731,0.4204,0.3004,0.1379,0.1891,0.2996,0.1767,0.2551,0.2968,0.1546,0.0488,0.073,0.0845,0.0317,3363.2601,3314.1026,3340.696,3560.696,-0.8691,-0.0076,-0.4572,-0.8823,-0.015,0.2841,1,1,1,1,1,40.9,54.2,
2026-07-29 18:38:12.068,0.0886,0.1974,0.1566,0.0937,0.3855,0.3366,0.2731,0.4204,0.3004,0.1379,0.1891,0.2996,0.1767,0.2551,0.2968,0.1546,0.0488,0.073,0.0845,0.0317,3363.2601,3314.1026,3340.696,3560.696,-0.8691,-0.0076,-0.4572,-0.8823,-0.015,0.2841,1,1,1,1,1,40.9,54.2,
2026-07-29 18:38:13.067,0.0886,0.1974,0.1566,0.0937,0.3855,0.3366,0.2731,0.4204,0.3004,0.1379,0.1891,0.2996,0.1767,0.2551,0.2968,0.1546,0.0488,0.073,0.0845,0.0317,3363.2601,3314.1026,3340.696,3560.696,-0.8691,-0.0076,-0.4572,-0.8823,-0.015,0.2841,1,1,1,1,1,40.9,54.2,
2026-07-29 18:38:14.073,0.0886,0.1974,0.1566,0.0937,0.3855,0.3366,0.2731,0.4204,0.3004,0.1379,0.1891,0.2996,0.1767,0.2551,0.2968,0.1546,0.0488,0.073,0.0845,0.0317,3363.2601,3314.1026,3340.696,3560.696,-0.8691,-0.0076,-0.4572,-0.8823,-0.015,0.2841,1,1,1,1,1,40.9,54.2,
2026-07-29 18:38:15.121,0.0886,0.1974,0.1566,0.0937,0.3855,0.3366,0.2731,0.4204,0.3004,0.1379,0.1891,0.2996,0.1767,0.2551,0.2968,0.1546,0.0488,0.073,0.0845,0.0317,3363.2601,3314.1026,3340.696,3560.696,-0.8691,-0.0076,-0.4572,-0.8823,-0.015,0.2841,1,1,1,1,1,40.9,54.2,
2026-07-29 18:38:16.172,0.0886,0.1974,0.1566,0.0937,0.3855,0.3366,0.2731,0.4204,0.3004,0.1379,0.1891,0.2996,0.1767,0.2551,0.2968,0.1546,0.0488,0.073,0.0845,0.0317,3363.2601,3314.1026,3340.696,3560.696,-0.8691,-0.0076,-0.4572,-0.8823,-0.015,0.2841,1,1,1,1,1,40.9,54.2,
2026-07-29 18:38:17.177,0.0886,0.1974,0.1566,0.0937,0.3855,0.3366,0.2731,0.4204,0.3004,0.1379,0.1891,0.2996,0.1767,0.2551,0.2968,0.1546,0.0488,0.073,0.0845,0.0317,3363.2601,3314.1026,3340.696,3560.696,-0.8691,-0.0076,-0.4572,-0.8823,-0.015,0.2841,1,1,1,1,1,40.9,54.2,
2026-07-29 18:38:18.180,0.0886,0.1974,0.1566,0.0937,0.3855,0.3366,0.2731,0.4204,0.3004,0.1379,0.1891,0.2996,0.1767,0.2551,0.2968,0.1546,0.0488,0.073,0.0845,0.0317,3363.2601,3314.1026,3340.696,3560.696,-0.8691,-0.0076,-0.4572,-0.8823,-0.015,0.2841,1,1,1,1,1,40.9,54.2,
2026-07-29 18:38:19.230,0.0886,0.1974,0.1566,0.0937,0.3855,0.3366,0.2731,0.4204,0.3004,0.1379,0.1891,0.2996,0.1767,0.2551,0.2968,0.1546,0.0488,0.073,0.0845,0.0317,3363.2601,3314.1026,3340.696,3560.696,-0.8691,-0.0076,-0.4572,-0.8823,-0.015,0.2841,1,1,1,1,1,40.9,54.2,
2026-07-29 18:38:20.231,0.0886,0.1974,0.1566,0.0937,0.3855,0.3366,0.2731,0.4204,0.3004,0.1379,0.1891,0.2996,0.1767,0.2551,0.2968,0.1546,0.0488,0.073,0.0845,0.0317,3363.2601,3314.1026,3340.696,3560.696,-0.8691,-0.0076,-0.4572,-0.8823,-0.015,0.2841,1,1,1,1,1,40.9,54.2,
2026-07-29 18:38:21.231,0.0886,0.1974,0.1566,0.0937,0.3855,0.3366,0.2731,0.4204,0.3004,0.1379,0.1891,0.2996,0.1767,0.2551,0.2968,0.1546,0.0488,0.073,0.0845,0.0317,3363.2601,3314.1026,3340.696,3560.696,-0.8691,-0.0076,-0.4572,-0.8823,-0.015,0.2841,1,1,1,1,1,40.9,54.2,
2026-07-29 18:38:22.233,0.0886,0.1974,0.1566,0.0937,0.3855,0.3366,0.2731,0.4204,0.3004,0.1379,0.1891,0.2996,0.1767,0.2551,0.2968,0.1546,0.0488,0.073,0.0845,0.0317,3363.2601,3314.1026,3340.696,3560.696,-0.8691,-0.0076,-0.4572,-0.8823,-0.015,0.2841,1,1,1,1,1,40.9,54.2,
2026-07-29 18:38:23.234,0.0886,0.1974,0.1566,0.0937,0.3855,0.3366,0.2731,0.4204,0.3004,0.1379,0.1891,0.2996,0.1767,0.2551,0.2968,0.1546,0.0488,0.073,0.0845,0.0317,3363.2601,3314.1026,3340.696,3560.696,-0.8691,-0.0076,-0.4572,-0.8823,-0.015,0.2841,1,1,1,1,1,40.9,54.2,
2026-07-29 18:38:24.286,0.0886,0.1974,0.1566,0.0937,0.3855,0.3366,0.2731,0.4204,0.3004,0.1379,0.1891,0.2996,0.1767,0.2551,0.2968,0.1546,0.0488,0.073,0.0845,0.0317,3363.2601,3314.1026,3340.696,3560.696,-0.8691,-0.0076,-0.4572,-0.8823,-0.015,0.2841,1,1,1,1,1,40.9,54.2,
2026-07-29 18:38:25.290,0.0886,0.1974,0.1566,0.0937,0.3855,0.3366,0.2731,0.4204,0.3004,0.1379,0.1891,0.2996,0.1767,0.2551,0.2968,0.1546,0.0488,0.073,0.0845,0.0317,3363.2601,3314.1026,3340.696,3560.696,-0.8691,-0.0076,-0.4572,-0.8823,-0.015,0.2841,1,1,1,1,1,40.9,54.2,
2026-07-29 18:38:26.290,0.0886,0.1974,0.1566,0.0937,0.3855,0.3366,0.2731,0.4204,0.3004,0.1379,0.1891,0.2996,0.1767,0.2551,0.2968,0.1546,0.0488,0.073,0.0845,0.0317,3363.2601,3314.1026,3340.696,3560.696,-0.8691,-0.0076,-0.4572,-0.8823,-0.015,0.2841,1,1,1,1,1,40.9,54.2,
2026-07-29 18:38:27.294,0.0886,0.1974,0.1566,0.0937,0.3855,0.3366,0.2731,0.4204,0.3004,0.1379,0.1891,0.2996,0.1767,0.2551,0.2968,0.1546,0.0488,0.073,0.0845,0.0317,3363.2601,3314.1026,3340.696,3560.696,-0.8691,-0.0076,-0.4572,-0.8823,-0.015,0.2841,1,1,1,1,1,40.9,54.2,
2026-07-29 18:38:28.306,0.0886,0.1974,0.1566,0.0937,0.3855,0.3366,0.2731,0.4204,0.3004,0.1379,0.1891,0.2996,0.1767,0.2551,0.2968,0.1546,0.0488,0.073,0.0845,0.0317,3363.2601,3314.1026,3340.696,3560.696,-0.8691,-0.0076,-0.4572,-0.8823,-0.015,0.2841,1,1,1,1,1,40.9,54.2,
2026-07-29 18:38:29.353,0.0886,0.1974,0.1566,0.0937,0.3855,0.3366,0.2731,0.4204,0.3004,0.1379,0.1891,0.2996,0.1767,0.2551,0.2968,0.1546,0.0488,0.073,0.0845,0.0317,3363.2601,3314.1026,3340.696,3560.696,-0.8691,-0.0076,-0.4572,-0.8823,-0.015,0.2841,1,1,1,1,1,40.9,54.2,
2026-07-29 18:38:30.402,0.0886,0.1974,0.1566,0.0937,0.3855,0.3366,0.2731,0.4204,0.3004,0.1379,0.1891,0.2996,0.1767,0.2551,0.2968,0.1546,0.0488,0.073,0.0845,0.0317,3363.2601,3314.1026,3340.696,3560.696,-0.8691,-0.0076,-0.4572,-0.8823,-0.015,0.2841,1,1,1,1,1,40.9,54.2,
2026-07-29 18:38:31.448,0.0886,0.1974,0.1566,0.0937,0.3855,0.3366,0.2731,0.4204,0.3004,0.1379,0.1891,0.2996,0.1767,0.2551,0.2968,0.1546,0.0488,0.073,0.0845,0.0317,3363.2601,3314.1026,3340.696,3560.696,-0.8691,-0.0076,-0.4572,-0.8823,-0.015,0.2841,1,1,1,1,1,40.9,54.2,
2026-07-29 18:38:32.448,0.0886,0.1974,0.1566,0.0937,0.3855,0.3366,0.2731,0.4204,0.3004,0.1379,0.1891,0.2996,0.1767,0.2551,0.2968,0.1546,0.0488,0.073,0.0845,0.0317,3363.2601,3314.1026,3340.696,3560.696,-0.8691,-0.0076,-0.4572,-0.8823,-0.015,0.2841,1,1,1,1,1,40.9,54.2,
2026-07-29 18:38:33.494,0.0886,0.1974,0.1566,0.0937,0.3855,0.3366,0.2731,0.4204,0.3004,0.1379,0.1891,0.2996,0.1767,0.2551,0.2968,0.1546,0.0488,0.073,0.0845,0.0317,3363.2601,3314.1026,3340.696,3560.696,-0.8691,-0.0076,-0.4572,-0.8823,-0.015,0.2841,1,1,1,1,1,40.9,54.2,
2026-07-29 18:38:34.538,0.0886,0.1974,0.1566,0.0937,0.3855,0.3366,0.2731,0.4204,0.3004,0.1379,0.1891,0.2996,0.1767,0.2551,0.2968,0.1546,0.0488,0.073,0.0845,0.0317,3363.2601,3314.1026,3340.696,3560.696,-0.8691,-0.0076,-0.4572,-0.8823,-0.015,0.2841,1,1,1,1,1,40.9,54.2,
2026-07-29 18:38:35.590,0.0886,0.1974,0.1566,0.0937,0.3855,0.3366,0.2731,0.4204,0.3004,0.1379,0.1891,0.2996,0.1767,0.2551,0.2968,0.1546,0.0488,0.073,0.0845,0.0317,3363.2601,3314.1026,3340.696,3560.696,-0.8691,-0.0076,-0.4572,-0.8823,-0.015,0.2841,1,1,1,1,1,40.9,54.2,
2026-07-29 18:38:36.600,0.0886,0.1974,0.1566,0.0937,0.3855,0.3366,0.2731,0.4204,0.3004,0.1379,0.1891,0.2996,0.1767,0.2551,0.2968,0.1546,0.0488,0.073,0.0845,0.0317,3363.2601,3314.1026,3340.696,3560.696,-0.8691,-0.0076,-0.4572,-0.8823,-0.015,0.2841,1,1,1,1,1,40.9,54.2,
2026-07-29 18:38:37.598,0.0886,0.1974,0.1566,0.0937,0.3855,0.3366,0.2731,0.4204,0.3004,0.1379,0.1891,0.2996,0.1767,0.2551,0.2968,0.1546,0.0488,0.073,0.0845,0.0317,3363.2601,3314.1026,3340.696,3560.696,-0.8691,-0.0076,-0.4572,-0.8823,-0.015,0.2841,1,1,1,1,1,40.9,54.2,
2026-07-29 18:38:38.602,0.0886,0.1974,0.1566,0.0937,0.3855,0.3366,0.2731,0.4204,0.3004,0.1379,0.1891,0.2996,0.1767,0.2551,0.2968,0.1546,0.0488,0.073,0.0845,0.0317,3363.2601,3314.1026,3340.696,3560.696,-0.8691,-0.0076,-0.4572,-0.8823,-0.015,0.2841,1,1,1,1,1,40.9,54.2,
2026-07-29 18:38:39.608,0.0886,0.1974,0.1566,0.0937,0.3855,0.3366,0.2731,0.4204,0.3004,0.1379,0.1891,0.2996,0.1767,0.2551,0.2968,0.1546,0.0488,0.073,0.0845,0.0317,3363.2601,3314.1026,3340.696,3560.696,-0.8691,-0.0076,-0.4572,-0.8823,-0.015,0.2841,1,1,1,1,1,40.9,54.2,
2026-07-29 18:38:40.635,0.0886,0.1974,0.1566,0.0937,0.3855,0.3366,0.2731,0.4204,0.3004,0.1379,0.1891,0.2996,0.1767,0.2551,0.2968,0.1546,0.0488,0.073,0.0845,0.0317,3363.2601,3314.1026,3340.696,3560.696,-0.8691,-0.0076,-0.4572,-0.8823,-0.015,0.2841,1,1,1,1,1,40.9,54.2,
2026-07-29 18:38:41.634,0.0886,0.1974,0.1566,0.0937,0.3855,0.3366,0.2731,0.4204,0.3004,0.1379,0.1891,0.2996,0.1767,0.2551,0.2968,0.1546,0.0488,0.073,0.0845,0.0317,3363.2601,3314.1026,3340.696,3560.696,-0.8691,-0.0076,-0.4572,-0.8823,-0.015,0.2841,1,1,1,1,1,40.9,54.2,
2026-07-29 18:38:42.687,0.0886,0.1974,0.1566,0.0937,0.3855,0.3366,0.2731,0.4204,0.3004,0.1379,0.1891,0.2996,0.1767,0.2551,0.2968,0.1546,0.0488,0.073,0.0845,0.0317,3363.2601,3314.1026,3340.696,3560.696,-0.8691,-0.0076,-0.4572,-0.8823,-0.015,0.2841,1,1,1,1,1,40.9,54.2,
2026-07-29 18:38:43.689,0.0886,0.1974,0.1566,0.0937,0.3855,0.3366,0.2731,0.4204,0.3004,0.1379,0.1891,0.2996,0.1767,0.2551,0.2968,0.1546,0.0488,0.073,0.0845,0.0317,3363.2601,3314.1026,3340.696,3560.696,-0.8691,-0.0076,-0.4572,-0.8823,-0.015,0.2841,1,1,1,1,1,40.9,54.2,
2026-07-29 18:38:44.687,0.0886,0.1974,0.1566,0.0937,0.3855,0.3366,0.2731,0.4204,0.3004,0.1379,0.1891,0.2996,0.1767,0.2551,0.2968,0.1546,0.0488,0.073,0.0845,0.0317,3363.2601,3314.1026,3340.696,3560.696,-0.8691,-0.0076,-0.4572,-0.8823,-0.015,0.2841,1,1,1,1,1,40.9,54.2,
2026-07-29 18:38:45.691,0.0886,0.1974,0.1566,0.0937,0.3855,0.3366,0.2731,0.4204,0.3004,0.1379,0.1891,0.2996,0.1767,0.2551,0.2968,0.1546,0.0488,0.073,0.0845,0.0317,3363.2601,3314.1026,3340.696,3560.696,-0.8691,-0.0076,-0.4572,-0.8823,-0.015,0.2841,1,1,1,1,1,40.9,54.2,
2026-07-29 18:38:46.686,0.0886,0.1974,0.1566,0.0937,0.3855,0.3366,0.2731,0.4204,0.3004,0.1379,0.1891,0.2996,0.1767,0.2551,0.2968,0.1546,0.0488,0.073,0.0845,0.0317,3363.2601,3314.1026,3340.696,3560.696,-0.8691,-0.0076,-0.4572,-0.8823,-0.015,0.2841,1,1,1,1,1,40.9,54.2,
2026-07-29 18:38:47.743,0.0886,0.1974,0.1566,0.0937,0.3855,0.3366,0.2731,0.4204,0.3004,0.1379,0.1891,0.2996,0.1767,0.2551,0.2968,0.1546,0.0488,0.073,0.0845,0.0317,3363.2601,3314.1026,3340.696,3560.696,-0.8691,-0.0076,-0.4572,-0.8823,-0.015,0.2841,1,1,1,1,1,40.9,54.2,
2026-07-29 18:38:48.792,0.0886,0.1974,0.1566,0.0937,0.3855,0.3366,0.2731,0.4204,0.3004,0.1379,0.1891,0.2996,0.1767,0.2551,0.2968,0.1546,0.0488,0.073,0.0845,0.0317,3363.2601,3314.1026,3340.696,3560.696,-0.8691,-0.0076,-0.4572,-0.8823,-0.015,0.2841,1,1,1,1,1,40.9,54.2,
2026-07-29 18:38:49.796,0.0886,0.1974,0.1566,0.0937,0.3855,0.3366,0.2731,0.4204,0.3004,0.1379,0.1891,0.2996,0.1767,0.2551,0.2968,0.1546,0.0488,0.073,0.0845,0.0317,3363.2601,3314.1026,3340.696,3560.696,-0.8691,-0.0076,-0.4572,-0.8823,-0.015,0.2841,1,1,1,1,1,40.9,54.2,
2026-07-29 18:38:50.852,0.0886,0.1974,0.1566,0.0937,0.3855,0.3366,0.2731,0.4204,0.3004,0.1379,0.1891,0.2996,0.1767,0.2551,0.2968,0.1546,0.0488,0.073,0.0845,0.0317,3363.2601,3314.1026,3340.696,3560.696,-0.8691,-0.0076,-0.4572,-0.8823,-0.015,0.2841,1,1,1,1,1,40.9,54.2,
2026-07-29 18:38:51.895,0.0886,0.1974,0.1566,0.0937,0.3855,0.3366,0.2731,0.4204,0.3004,0.1379,0.1891,0.2996,0.1767,0.2551,0.2968,0.1546,0.0488,0.073,0.0845,0.0317,3363.2601,3314.1026,3340.696,3560.696,-0.8691,-0.0076,-0.4572,-0.8823,-0.015,0.2841,1,1,1,1,1,40.9,54.2,
2026-07-29 18:38:52.945,0.0886,0.1974,0.1566,0.0937,0.3855,0.3366,0.2731,0.4204,0.3004,0.1379,0.1891,0.2996,0.1767,0.2551,0.2968,0.1546,0.0488,0.073,0.0845,0.0317,3363.2601,3314.1026,3340.696,3560.696,-0.8691,-0.0076,-0.4572,-0.8823,-0.015,0.2841,1,1,1,1,1,40.9,54.2,
2026-07-29 18:38:53.992,0.0886,0.1974,0.1566,0.0937,0.3855,0.3366,0.2731,0.4204,0.3004,0.1379,0.1891,0.2996,0.1767,0.2551,0.2968,0.1546,0.0488,0.073,0.0845,0.0317,3363.2601,3314.1026,3340.696,3560.696,-0.8691,-0.0076,-0.4572,-0.8823,-0.015,0.2841,1,1,1,1,1,40.9,54.2,
2026-07-29 18:38:54.993,0.0886,0.1974,0.1566,0.0937,0.3855,0.3366,0.2731,0.4204,0.3004,0.1379,0.1891,0.2996,0.1767,0.2551,0.2968,0.1546,0.0488,0.073,0.0845,0.0317,3363.2601,3314.1026,3340.696,3560.696,-0.8691,-0.0076,-0.4572,-0.8823,-0.015,0.2841,1,1,1,1,1,40.9,54.2,
2026-07-29 18:38:56.040,0.0886,0.1974,0.1566,0.0937,0.3855,0.3366,0.2731,0.4204,0.3004,0.1379,0.1891,0.2996,0.1767,0.2551,0.2968,0.1546,0.0488,0.073,0.0845,0.0317,3363.2601,3314.1026,3340.696,3560.696,-0.8691,-0.0076,-0.4572,-0.8823,-0.015,0.2841,1,1,1,1,1,40.9,54.2,
2026-07-29 18:38:57.087,0.0886,0.1974,0.1566,0.0937,0.3855,0.3366,0.2731,0.4204,0.3004,0.1379,0.1891,0.2996,0.1767,0.2551,0.2968,0.1546,0.0488,0.073,0.0845,0.0317,3363.2601,3314.1026,3340.696,3560.696,-0.8691,-0.0076,-0.4572,-0.8823,-0.015,0.2841,1,1,1,1,1,40.9,54.2,
2026-07-29 18:38:58.091,0.0886,0.1974,0.1566,0.0937,0.3855,0.3366,0.2731,0.4204,0.3004,0.1379,0.1891,0.2996,0.1767,0.2551,0.2968,0.1546,0.0488,0.073,0.0845,0.0317,3363.2601,3314.1026,3340.696,3560.696,-0.8691,-0.0076,-0.4572,-0.8823,-0.015,0.2841,1,1,1,1,1,40.9,54.2,
2026-07-29 18:38:59.095,0.0886,0.1974,0.1566,0.0937,0.3855,0.3366,0.2731,0.4204,0.3004,0.1379,0.1891,0.2996,0.1767,0.2551,0.2968,0.1546,0.0488,0.073,0.0845,0.0317,3363.2601,3314.1026,3340.696,3560.696,-0.8691,-0.0076,-0.4572,-0.8823,-0.015,0.2841,1,1,1,1,1,40.9,54.2,
2026-07-29 18:39:00.106,0.0886,0.1974,0.1566,0.0937,0.3855,0.3366,0.2731,0.4204,0.3004,0.1379,0.1891,0.2996,0.1767,0.2551,0.2968,0.1546,0.0488,0.073,0.0845,0.0317,3363.2601,3314.1026,3340.696,3560.696,-0.8691,-0.0076,-0.4572,-0.8823,-0.015,0.2841,1,1,1,1,1,40.9,54.2,
2026-07-29 18:39:01.113,0.0886,0.1974,0.1566,0.0937,0.3855,0.3366,0.2731,0.4204,0.3004,0.1379,0.1891,0.2996,0.1767,0.2551,0.2968,0.1546,0.0488,0.073,0.0845,0.0317,3363.2601,3314.1026,3340.696,3560.696,-0.8691,-0.0076,-0.4572,-0.8823,-0.015,0.2841,1,1,1,1,1,40.9,54.2,
2026-07-29 18:39:02.115,0.0886,0.1974,0.1566,0.0937,0.3855,0.3366,0.2731,0.4204,0.3004,0.1379,0.1891,0.2996,0.1767,0.2551,0.2968,0.1546,0.0488,0.073,0.0845,0.0317,3363.2601,3314.1026,3340.696,3560.696,-0.8691,-0.0076,-0.4572,-0.8823,-0.015,0.2841,1,1,1,1,1,40.9,54.2,
2026-07-29 18:39:03.172,0.0886,0.1974,0.1566,0.0937,0.3855,0.3366,0.2731,0.4204,0.3004,0.1379,0.1891,0.2996,0.1767,0.2551,0.2968,0.1546,0.0488,0.073,0.0845,0.0317,3363.2601,3314.1026,3340.696,3560.696,-0.8691,-0.0076,-0.4572,-0.8823,-0.015,0.2841,1,1,1,1,1,40.9,54.2,
2026-07-29 18:39:04.176,0.0886,0.1974,0.1566,0.0937,0.3855,0.3366,0.2731,0.4204,0.3004,0.1379,0.1891,0.2996,0.1767,0.2551,0.2968,0.1546,0.0488,0.073,0.0845,0.0317,3363.2601,3314.1026,3340.696,3560.696,-0.8691,-0.0076,-0.4572,-0.8823,-0.015,0.2841,1,1,1,1,1,40.9,54.2,
2026-07-29 18:39:05.226,0.0886,0.1974,0.1566,0.0937,0.3855,0.3366,0.2731,0.4204,0.3004,0.1379,0.1891,0.2996,0.1767,0.2551,0.2968,0.1546,0.0488,0.073,0.0845,0.0317,3363.2601,3314.1026,3340.696,3560.696,-0.8691,-0.0076,-0.4572,-0.8823,-0.015,0.2841,1,1,1,1,1,40.9,54.2,
2026-07-29 18:39:06.231,0.0886,0.1974,0.1566,0.0937,0.3855,0.3366,0.2731,0.4204,0.3004,0.1379,0.1891,0.2996,0.1767,0.2551,0.2968,0.1546,0.0488,0.073,0.0845,0.0317,3363.2601,3314.1026,3340.696,3560.696,-0.8691,-0.0076,-0.4572,-0.8823,-0.015,0.2841,1,1,1,1,1,40.9,54.2,
2026-07-29 18:39:07.285,0.0886,0.1974,0.1566,0.0937,0.3855,0.3366,0.2731,0.4204,0.3004,0.1379,0.1891,0.2996,0.1767,0.2551,0.2968,0.1546,0.0488,0.073,0.0845,0.0317,3363.2601,3314.1026,3340.696,3560.696,-0.8691,-0.0076,-0.4572,-0.8823,-0.015,0.2841,1,1,1,1,1,40.9,54.2,
2026-07-29 18:39:08.286,0.0886,0.1974,0.1566,0.0937,0.3855,0.3366,0.2731,0.4204,0.3004,0.1379,0.1891,0.2996,0.1767,0.2551,0.2968,0.1546,0.0488,0.073,0.0845,0.0317,3363.2601,3314.1026,3340.696,3560.696,-0.8691,-0.0076,-0.4572,-0.8823,-0.015,0.2841,1,1,1,1,1,40.9,54.2,
2026-07-29 18:39:09.330,0.0886,0.1974,0.1566,0.0937,0.3855,0.3366,0.2731,0.4204,0.3004,0.1379,0.1891,0.2996,0.1767,0.2551,0.2968,0.1546,0.0488,0.073,0.0845,0.0317,3363.2601,3314.1026,3340.696,3560.696,-0.8691,-0.0076,-0.4572,-0.8823,-0.015,0.2841,1,1,1,1,1,40.9,54.2,
2026-07-29 18:39:10.336,0.0886,0.1974,0.1566,0.0937,0.3855,0.3366,0.2731,0.4204,0.3004,0.1379,0.1891,0.2996,0.1767,0.2551,0.2968,0.1546,0.0488,0.073,0.0845,0.0317,3363.2601,3314.1026,3340.696,3560.696,-0.8691,-0.0076,-0.4572,-0.8823,-0.015,0.2841,1,1,1,1,1,40.9,54.2,
2026-07-29 18:39:11.345,0.0886,0.1974,0.1566,0.0937,0.3855,0.3366,0.2731,0.4204,0.3004,0.1379,0.1891,0.2996,0.1767,0.2551,0.2968,0.1546,0.0488,0.073,0.0845,0.0317,3363.2601,3314.1026,3340.696,3560.696,-0.8691,-0.0076,-0.4572,-0.8823,-0.015,0.2841,1,1,1,1,1,40.9,54.2,
2026-07-29 18:39:12.351,0.0886,0.1974,0.1566,0.0937,0.3855,0.3366,0.2731,0.4204,0.3004,0.1379,0.1891,0.2996,0.1767,0.2551,0.2968,0.1546,0.0488,0.073,0.0845,0.0317,3363.2601,3314.1026,3340.696,3560.696,-0.8691,-0.0076,-0.4572,-0.8823,-0.015,0.2841,1,1,1,1,1,40.9,54.2,
2026-07-29 18:39:13.352,0.0886,0.1974,0.1566,0.0937,0.3855,0.3366,0.2731,0.4204,0.3004,0.1379,0.1891,0.2996,0.1767,0.2551,0.2968,0.1546,0.0488,0.073,0.0845,0.0317,3363.2601,3314.1026,3340.696,3560.696,-0.8691,-0.0076,-0.4572,-0.8823,-0.015,0.2841,1,1,1,1,1,40.9,54.2,
2026-07-29 18:39:14.403,0.0886,0.1974,0.1566,0.0937,0.3855,0.3366,0.2731,0.4204,0.3004,0.1379,0.1891,0.2996,0.1767,0.2551,0.2968,0.1546,0.0488,0.073,0.0845,0.0317,3363.2601,3314.1026,3340.696,3560.696,-0.8691,-0.0076,-0.4572,-0.8823,-0.015,0.2841,1,1,1,1,1,40.9,54.2,
2026-07-29 18:39:15.451,0.0886,0.1974,0.1566,0.0937,0.3855,0.3366,0.2731,0.4204,0.3004,0.1379,0.1891,0.2996,0.1767,0.2551,0.2968,0.1546,0.0488,0.073,0.0845,0.0317,3363.2601,3314.1026,3340.696,3560.696,-0.8691,-0.0076,-0.4572,-0.8823,-0.015,0.2841,1,1,1,1,1,40.9,54.2,
2026-07-29 18:39:16.467,0.0886,0.1974,0.1566,0.0937,0.3855,0.3366,0.2731,0.4204,0.3004,0.1379,0.1891,0.2996,0.1767,0.2551,0.2968,0.1546,0.0488,0.073,0.0845,0.0317,3363.2601,3314.1026,3340.696,3560.696,-0.8691,-0.0076,-0.4572,-0.8823,-0.015,0.2841,1,1,1,1,1,40.9,54.2,
2026-07-29 18:39:17.473,0.0886,0.1974,0.1566,0.0937,0.3855,0.3366,0.2731,0.4204,0.3004,0.1379,0.1891,0.2996,0.1767,0.2551,0.2968,0.1546,0.0488,0.073,0.0845,0.0317,3363.2601,3314.1026,3340.696,3560.696,-0.8691,-0.0076,-0.4572,-0.8823,-0.015,0.2841,1,1,1,1,1,40.9,54.2,
2026-07-29 18:39:18.475,0.0886,0.1974,0.1566,0.0937,0.3855,0.3366,0.2731,0.4204,0.3004,0.1379,0.1891,0.2996,0.1767,0.2551,0.2968,0.1546,0.0488,0.073,0.0845,0.0317,3363.2601,3314.1026,3340.696,3560.696,-0.8691,-0.0076,-0.4572,-0.8823,-0.015,0.2841,1,1,1,1,1,40.9,54.2,
2026-07-29 18:39:19.521,0.0886,0.1974,0.1566,0.0937,0.3855,0.3366,0.2731,0.4204,0.3004,0.1379,0.1891,0.2996,0.1767,0.2551,0.2968,0.1546,0.0488,0.073,0.0845,0.0317,3363.2601,3314.1026,3340.696,3560.696,-0.8691,-0.0076,-0.4572,-0.8823,-0.015,0.2841,1,1,1,1,1,40.9,54.2,
2026-07-29 18:39:20.523,0.0886,0.1974,0.1566,0.0937,0.3855,0.3366,0.2731,0.4204,0.3004,0.1379,0.1891,0.2996,0.1767,0.2551,0.2968,0.1546,0.0488,0.073,0.0845,0.0317,3363.2601,3314.1026,3340.696,3560.696,-0.8691,-0.0076,-0.4572,-0.8823,-0.015,0.2841,1,1,1,1,1,40.9,54.2,
2026-07-29 18:39:21.573,0.0886,0.1974,0.1566,0.0937,0.3855,0.3366,0.2731,0.4204,0.3004,0.1379,0.1891,0.2996,0.1767,0.2551,0.2968,0.1546,0.0488,0.073,0.0845,0.0317,3363.2601,3314.1026,3340.696,3560.696,-0.8691,-0.0076,-0.4572,-0.8823,-0.015,0.2841,1,1,1,1,1,40.9,54.2,
2026-07-29 18:39:22.617,0.0886,0.1974,0.1566,0.0937,0.3855,0.3366,0.2731,0.4204,0.3004,0.1379,0.1891,0.2996,0.1767,0.2551,0.2968,0.1546,0.0488,0.073,0.0845,0.0317,3363.2601,3314.1026,3340.696,3560.696,-0.8691,-0.0076,-0.4572,-0.8823,-0.015,0.2841,1,1,1,1,1,40.9,54.2,
2026-07-29 18:39:23.614,0.0886,0.1974,0.1566,0.0937,0.3855,0.3366,0.2731,0.4204,0.3004,0.1379,0.1891,0.2996,0.1767,0.2551,0.2968,0.1546,0.0488,0.073,0.0845,0.0317,3363.2601,3314.1026,3340.696,3560.696,-0.8691,-0.0076,-0.4572,-0.8823,-0.015,0.2841,1,1,1,1,1,40.9,54.2,
2026-07-29 18:39:24.670,0.0886,0.1974,0.1566,0.0937,0.3855,0.3366,0.2731,0.4204,0.3004,0.1379,0.1891,0.2996,0.1767,0.2551,0.2968,0.1546,0.0488,0.073,0.0845,0.0317,3363.2601,3314.1026,3340.696,3560.696,-0.8691,-0.0076,-0.4572,-0.8823,-0.015,0.2841,1,1,1,1,1,40.9,54.2,
2026-07-29 18:39:25.718,0.0886,0.1974,0.1566,0.0937,0.3855,0.3366,0.2731,0.4204,0.3004,0.1379,0.1891,0.2996,0.1767,0.2551,0.2968,0.1546,0.0488,0.073,0.0845,0.0317,3363.2601,3314.1026,3340.696,3560.696,-0.8691,-0.0076,-0.4572,-0.8823,-0.015,0.2841,1,1,1,1,1,40.9,54.2,
2026-07-29 18:39:26.767,0.0886,0.1974,0.1566,0.0937,0.3855,0.3366,0.2731,0.4204,0.3004,0.1379,0.1891,0.2996,0.1767,0.2551,0.2968,0.1546,0.0488,0.073,0.0845,0.0317,3363.2601,3314.1026,3340.696,3560.696,-0.8691,-0.0076,-0.4572,-0.8823,-0.015,0.2841,1,1,1,1,1,40.9,54.2,
2026-07-29 18:39:27.815,0.0886,0.1974,0.1566,0.0937,0.3855,0.3366,0.2731,0.4204,0.3004,0.1379,0.1891,0.2996,0.1767,0.2551,0.2968,0.1546,0.0488,0.073,0.0845,0.0317,3363.2601,3314.1026,3340.696,3560.696,-0.8691,-0.0076,-0.4572,-0.8823,-0.015,0.2841,1,1,1,1,1,40.9,54.2,
2026-07-29 18:39:28.818,0.0886,0.1974,0.1566,0.0937,0.3855,0.3366,0.2731,0.4204,0.3004,0.1379,0.1891,0.2996,0.1767,0.2551,0.2968,0.1546,0.0488,0.073,0.0845,0.0317,3363.2601,3314.1026,3340.696,3560.696,-0.8691,-0.0076,-0.4572,-0.8823,-0.015,0.2841,1,1,1,1,1,40.9,54.2,
2026-07-29 18:39:29.866,0.0886,0.1974,0.1566,0.0937,0.3855,0.3366,0.2731,0.4204,0.3004,0.1379,0.1891,0.2996,0.1767,0.2551,0.2968,0.1546,0.0488,0.073,0.0845,0.0317,3363.2601,3314.1026,3340.696,3560.696,-0.8691,-0.0076,-0.4572,-0.8823,-0.015,0.2841,1,1,1,1,1,40.9,54.2,
2026-07-29 18:39:30.915,0.0886,0.1974,0.1566,0.0937,0.3855,0.3366,0.2731,0.4204,0.3004,0.1379,0.1891,0.2996,0.1767,0.2551,0.2968,0.1546,0.0488,0.073,0.0845,0.0317,3363.2601,3314.1026,3340.696,3560.696,-0.8691,-0.0076,-0.4572,-0.8823,-0.015,0.2841,1,1,1,1,1,40.9,54.2,
2026-07-29 18:39:31.914,0.0886,0.1974,0.1566,0.0937,0.3855,0.3366,0.2731,0.4204,0.3004,0.1379,0.1891,0.2996,0.1767,0.2551,0.2968,0.1546,0.0488,0.073,0.0845,0.0317,3363.2601,3314.1026,3340.696,3560.696,-0.8691,-0.0076,-0.4572,-0.8823,-0.015,0.2841,1,1,1,1,1,40.9,54.2,
2026-07-29 18:39:32.965,0.0886,0.1974,0.1566,0.0937,0.3855,0.3366,0.2731,0.4204,0.3004,0.1379,0.1891,0.2996,0.1767,0.2551,0.2968,0.1546,0.0488,0.073,0.0845,0.0317,3363.2601,3314.1026,3340.696,3560.696,-0.8691,-0.0076,-0.4572,-0.8823,-0.015,0.2841,1,1,1,1,1,40.9,54.2,
2026-07-29 18:39:33.973,0.0886,0.1974,0.1566,0.0937,0.3855,0.3366,0.2731,0.4204,0.3004,0.1379,0.1891,0.2996,0.1767,0.2551,0.2968,0.1546,0.0488,0.073,0.0845,0.0317,3363.2601,3314.1026,3340.696,3560.696,-0.8691,-0.0076,-0.4572,-0.8823,-0.015,0.2841,1,1,1,1,1,40.9,54.2,
2026-07-29 18:39:34.988,0.0886,0.1974,0.1566,0.0937,0.3855,0.3366,0.2731,0.4204,0.3004,0.1379,0.1891,0.2996,0.1767,0.2551,0.2968,0.1546,0.0488,0.073,0.0845,0.0317,3363.2601,3314.1026,3340.696,3560.696,-0.8691,-0.0076,-0.4572,-0.8823,-0.015,0.2841,1,1,1,1,1,40.9,54.2,
2026-07-29 18:39:35.993,0.0886,0.1974,0.1566,0.0937,0.3855,0.3366,0.2731,0.4204,0.3004,0.1379,0.1891,0.2996,0.1767,0.2551,0.2968,0.1546,0.0488,0.073,0.0845,0.0317,3363.2601,3314.1026,3340.696,3560.696,-0.8691,-0.0076,-0.4572,-0.8823,-0.015,0.2841,1,1,1,1,1,40.9,54.2,
2026-07-29 18:39:37.042,0.0886,0.1974,0.1566,0.0937,0.3855,0.3366,0.2731,0.4204,0.3004,0.1379,0.1891,0.2996,0.1767,0.2551,0.2968,0.1546,0.0488,0.073,0.0845,0.0317,3363.2601,3314.1026,3340.696,3560.696,-0.8691,-0.0076,-0.4572,-0.8823,-0.015,0.2841,1,1,1,1,1,40.9,54.2,
2026-07-29 18:39:38.093,0.0886,0.1974,0.1566,0.0937,0.3855,0.3366,0.2731,0.4204,0.3004,0.1379,0.1891,0.2996,0.1767,0.2551,0.2968,0.1546,0.0488,0.073,0.0845,0.0317,3363.2601,3314.1026,3340.696,3560.696,-0.8691,-0.0076,-0.4572,-0.8823,-0.015,0.2841,1,1,1,1,1,40.9,54.2,
2026-07-29 18:39:39.143,0.0886,0.1974,0.1566,0.0937,0.3855,0.3366,0.2731,0.4204,0.3004,0.1379,0.1891,0.2996,0.1767,0.2551,0.2968,0.1546,0.0488,0.073,0.0845,0.0317,3363.2601,3314.1026,3340.696,3560.696,-0.8691,-0.0076,-0.4572,-0.8823,-0.015,0.2841,1,1,1,1,1,40.9,54.2,
2026-07-29 18:39:40.152,0.0886,0.1974,0.1566,0.0937,0.3855,0.3366,0.2731,0.4204,0.3004,0.1379,0.1891,0.2996,0.1767,0.2551,0.2968,0.1546,0.0488,0.073,0.0845,0.0317,3363.2601,3314.1026,3340.696,3560.696,-0.8691,-0.0076,-0.4572,-0.8823,-0.015,0.2841,1,1,1,1,1,40.9,54.2,
2026-07-29 18:39:41.204,0.0886,0.1974,0.1566,0.0937,0.3855,0.3366,0.2731,0.4204,0.3004,0.1379,0.1891,0.2996,0.1767,0.2551,0.2968,0.1546,0.0488,0.073,0.0845,0.0317,3363.2601,3314.1026,3340.696,3560.696,-0.8691,-0.0076,-0.4572,-0.8823,-0.015,0.2841,1,1,1,1,1,40.9,54.2,
2026-07-29 18:39:42.200,0.0886,0.1974,0.1566,0.0937,0.3855,0.3366,0.2731,0.4204,0.3004,0.1379,0.1891,0.2996,0.1767,0.2551,0.2968,0.1546,0.0488,0.073,0.0845,0.0317,3363.2601,3314.1026,3340.696,3560.696,-0.8691,-0.0076,-0.4572,-0.8823,-0.015,0.2841,1,1,1,1,1,40.9,54.2,
2026-07-29 18:39:43.246,0.0886,0.1974,0.1566,0.0937,0.3855,0.3366,0.2731,0.4204,0.3004,0.1379,0.1891,0.2996,0.1767,0.2551,0.2968,0.1546,0.0488,0.073,0.0845,0.0317,3363.2601,3314.1026,3340.696,3560.696,-0.8691,-0.0076,-0.4572,-0.8823,-0.015,0.2841,1,1,1,1,1,40.9,54.2,
2026-07-29 18:39:44.297,0.0886,0.1974,0.1566,0.0937,0.3855,0.3366,0.2731,0.4204,0.3004,0.1379,0.1891,0.2996,0.1767,0.2551,0.2968,0.1546,0.0488,0.073,0.0845,0.0317,3363.2601,3314.1026,3340.696,3560.696,-0.8691,-0.0076,-0.4572,-0.8823,-0.015,0.2841,1,1,1,1,1,40.9,54.2,
2026-07-29 18:39:45.303,0.0886,0.1974,0.1566,0.0937,0.3855,0.3366,0.2731,0.4204,0.3004,0.1379,0.1891,0.2996,0.1767,0.2551,0.2968,0.1546,0.0488,0.073,0.0845,0.0317,3363.2601,3314.1026,3340.696,3560.696,-0.8691,-0.0076,-0.4572,-0.8823,-0.015,0.2841,1,1,1,1,1,40.9,54.2,
2026-07-29 18:39:46.304,0.0886,0.1974,0.1566,0.0937,0.3855,0.3366,0.2731,0.4204,0.3004,0.1379,0.1891,0.2996,0.1767,0.2551,0.2968,0.1546,0.0488,0.073,0.0845,0.0317,3363.2601,3314.1026,3340.696,3560.696,-0.8691,-0.0076,-0.4572,-0.8823,-0.015,0.2841,1,1,1,1,1,40.9,54.2,
2026-07-29 18:39:47.303,0.0886,0.1974,0.1566,0.0937,0.3855,0.3366,0.2731,0.4204,0.3004,0.1379,0.1891,0.2996,0.1767,0.2551,0.2968,0.1546,0.0488,0.073,0.0845,0.0317,3363.2601,3314.1026,3340.696,3560.696,-0.8691,-0.0076,-0.4572,-0.8823,-0.015,0.2841,1,1,1,1,1,40.9,54.2,
2026-07-29 18:39:48.352,0.0886,0.1974,0.1566,0.0937,0.3855,0.3366,0.2731,0.4204,0.3004,0.1379,0.1891,0.2996,0.1767,0.2551,0.2968,0.1546,0.0488,0.073,0.0845,0.0317,3363.2601,3314.1026,3340.696,3560.696,-0.8691,-0.0076,-0.4572,-0.8823,-0.015,0.2841,1,1,1,1,1,40.9,54.2,
2026-07-29 18:39:49.360,0.0886,0.1974,0.1566,0.0937,0.3855,0.3366,0.2731,0.4204,0.3004,0.1379,0.1891,0.2996,0.1767,0.2551,0.2968,0.1546,0.0488,0.073,0.0845,0.0317,3363.2601,3314.1026,3340.696,3560.696,-0.8691,-0.0076,-0.4572,-0.8823,-0.015,0.2841,1,1,1,1,1,40.9,54.2,
2026-07-29 18:39:50.360,0.0886,0.1974,0.1566,0.0937,0.3855,0.3366,0.2731,0.4204,0.3004,0.1379,0.1891,0.2996,0.1767,0.2551,0.2968,0.1546,0.0488,0.073,0.0845,0.0317,3363.2601,3314.1026,3340.696,3560.696,-0.8691,-0.0076,-0.4572,-0.8823,-0.015,0.2841,1,1,1,1,1,40.9,54.2,
2026-07-29 18:39:51.365,0.0886,0.1974,0.1566,0.0937,0.3855,0.3366,0.2731,0.4204,0.3004,0.1379,0.1891,0.2996,0.1767,0.2551,0.2968,0.1546,0.0488,0.073,0.0845,0.0317,3363.2601,3314.1026,3340.696,3560.696,-0.8691,-0.0076,-0.4572,-0.8823,-0.015,0.2841,1,1,1,1,1,40.9,54.2,
2026-07-29 18:39:52.368,0.0886,0.1974,0.1566,0.0937,0.3855,0.3366,0.2731,0.4204,0.3004,0.1379,0.1891,0.2996,0.1767,0.2551,0.2968,0.1546,0.0488,0.073,0.0845,0.0317,3363.2601,3314.1026,3340.696,3560.696,-0.8691,-0.0076,-0.4572,-0.8823,-0.015,0.2841,1,1,1,1,1,40.9,54.2,
2026-07-29 18:39:53.370,0.0886,0.1974,0.1566,0.0937,0.3855,0.3366,0.2731,0.4204,0.3004,0.1379,0.1891,0.2996,0.1767,0.2551,0.2968,0.1546,0.0488,0.073,0.0845,0.0317,3363.2601,3314.1026,3340.696,3560.696,-0.8691,-0.0076,-0.4572,-0.8823,-0.015,0.2841,1,1,1,1,1,40.9,54.2,
2026-07-29 18:39:54.373,0.0886,0.1974,0.1566,0.0937,0.3855,0.3366,0.2731,0.4204,0.3004,0.1379,0.1891,0.2996,0.1767,0.2551,0.2968,0.1546,0.0488,0.073,0.0845,0.0317,3363.2601,3314.1026,3340.696,3560.696,-0.8691,-0.0076,-0.4572,-0.8823,-0.015,0.2841,1,1,1,1,1,40.9,54.2,
2026-07-29 18:39:55.422,0.0886,0.1974,0.1566,0.0937,0.3855,0.3366,0.2731,0.4204,0.3004,0.1379,0.1891,0.2996,0.1767,0.2551,0.2968,0.1546,0.0488,0.073,0.0845,0.0317,3363.2601,3314.1026,3340.696,3560.696,-0.8691,-0.0076,-0.4572,-0.8823,-0.015,0.2841,1,1,1,1,1,40.9,54.2,
2026-07-29 18:39:56.422,0.0886,0.1974,0.1566,0.0937,0.3855,0.3366,0.2731,0.4204,0.3004,0.1379,0.1891,0.2996,0.1767,0.2551,0.2968,0.1546,0.0488,0.073,0.0845,0.0317,3363.2601,3314.1026,3340.696,3560.696,-0.8691,-0.0076,-0.4572,-0.8823,-0.015,0.2841,1,1,1,1,1,40.9,54.2,
2026-07-29 18:39:57.428,0.0886,0.1974,0.1566,0.0937,0.3855,0.3366,0.2731,0.4204,0.3004,0.1379,0.1891,0.2996,0.1767,0.2551,0.2968,0.1546,0.0488,0.073,0.0845,0.0317,3363.2601,3314.1026,3340.696,3560.696,-0.8691,-0.0076,-0.4572,-0.8823,-0.015,0.2841,1,1,1,1,1,40.9,54.2,
2026-07-29 18:39:58.476,0.0886,0.1974,0.1566,0.0937,0.3855,0.3366,0.2731,0.4204,0.3004,0.1379,0.1891,0.2996,0.1767,0.2551,0.2968,0.1546,0.0488,0.073,0.0845,0.0317,3363.2601,3314.1026,3340.696,3560.696,-0.8691,-0.0076,-0.4572,-0.8823,-0.015,0.2841,1,1,1,1,1,40.9,54.2,
2026-07-29 18:39:59.523,0.0886,0.1974,0.1566,0.0937,0.3855,0.3366,0.2731,0.4204,0.3004,0.1379,0.1891,0.2996,0.1767,0.2551,0.2968,0.1546,0.0488,0.073,0.0845,0.0317,3363.2601,3314.1026,3340.696,3560.696,-0.8691,-0.0076,-0.4572,-0.8823,-0.015,0.2841,1,1,1,1,1,40.9,54.2,
2026-07-29 18:40:00.529,0.0886,0.1974,0.1566,0.0937,0.3855,0.3366,0.2731,0.4204,0.3004,0.1379,0.1891,0.2996,0.1767,0.2551,0.2968,0.1546,0.0488,0.073,0.0845,0.0317,3363.2601,3314.1026,3340.696,3560.696,-0.8691,-0.0076,-0.4572,-0.8823,-0.015,0.2841,1,1,1,1,1,40.9,54.2,
2026-07-29 18:40:01.579,0.0886,0.1974,0.1566,0.0937,0.3855,0.3366,0.2731,0.4204,0.3004,0.1379,0.1891,0.2996,0.1767,0.2551,0.2968,0.1546,0.0488,0.073,0.0845,0.0317,3363.2601,3314.1026,3340.696,3560.696,-0.8691,-0.0076,-0.4572,-0.8823,-0.015,0.2841,1,1,1,1,1,40.9,54.2,
2026-07-29 18:40:02.585,0.0886,0.1974,0.1566,0.0937,0.3855,0.3366,0.2731,0.4204,0.3004,0.1379,0.1891,0.2996,0.1767,0.2551,0.2968,0.1546,0.0488,0.073,0.0845,0.0317,3363.2601,3314.1026,3340.696,3560.696,-0.8691,-0.0076,-0.4572,-0.8823,-0.015,0.2841,1,1,1,1,1,40.9,54.2,
2026-07-29 18:40:03.630,0.0886,0.1974,0.1566,0.0937,0.3855,0.3366,0.2731,0.4204,0.3004,0.1379,0.1891,0.2996,0.1767,0.2551,0.2968,0.1546,0.0488,0.073,0.0845,0.0317,3363.2601,3314.1026,3340.696,3560.696,-0.8691,-0.0076,-0.4572,-0.8823,-0.015,0.2841,1,1,1,1,1,40.9,54.2,
2026-07-29 18:40:04.636,0.0886,0.1974,0.1566,0.0937,0.3855,0.3366,0.2731,0.4204,0.3004,0.1379,0.1891,0.2996,0.1767,0.2551,0.2968,0.1546,0.0488,0.073,0.0845,0.0317,3363.2601,3314.1026,3340.696,3560.696,-0.8691,-0.0076,-0.4572,-0.8823,-0.015,0.2841,1,1,1,1,1,40.9,54.2,
2026-07-29 18:40:05.688,0.0886,0.1974,0.1566,0.0937,0.3855,0.3366,0.2731,0.4204,0.3004,0.1379,0.1891,0.2996,0.1767,0.2551,0.2968,0.1546,0.0488,0.073,0.0845,0.0317,3363.2601,3314.1026,3340.696,3560.696,-0.8691,-0.0076,-0.4572,-0.8823,-0.015,0.2841,1,1,1,1,1,40.9,54.2,
2026-07-29 18:40:06.737,0.0886,0.1974,0.1566,0.0937,0.3855,0.3366,0.2731,0.4204,0.3004,0.1379,0.1891,0.2996,0.1767,0.2551,0.2968,0.1546,0.0488,0.073,0.0845,0.0317,3363.2601,3314.1026,3340.696,3560.696,-0.8691,-0.0076,-0.4572,-0.8823,-0.015,0.2841,1,1,1,1,1,40.9,54.2,
2026-07-29 18:40:07.738,0.0886,0.1974,0.1566,0.0937,0.3855,0.3366,0.2731,0.4204,0.3004,0.1379,0.1891,0.2996,0.1767,0.2551,0.2968,0.1546,0.0488,0.073,0.0845,0.0317,3363.2601,3314.1026,3340.696,3560.696,-0.8691,-0.0076,-0.4572,-0.8823,-0.015,0.2841,1,1,1,1,1,40.9,54.2,
2026-07-29 18:40:08.788,0.0886,0.1974,0.1566,0.0937,0.3855,0.3366,0.2731,0.4204,0.3004,0.1379,0.1891,0.2996,0.1767,0.2551,0.2968,0.1546,0.0488,0.073,0.0845,0.0317,3363.2601,3314.1026,3340.696,3560.696,-0.8691,-0.0076,-0.4572,-0.8823,-0.015,0.2841,1,1,1,1,1,40.9,54.2,
2026-07-29 18:40:09.788,0.0886,0.1974,0.1566,0.0937,0.3855,0.3366,0.2731,0.4204,0.3004,0.1379,0.1891,0.2996,0.1767,0.2551,0.2968,0.1546,0.0488,0.073,0.0845,0.0317,3363.2601,3314.1026,3340.696,3560.696,-0.8691,-0.0076,-0.4572,-0.8823,-0.015,0.2841,1,1,1,1,1,40.9,54.2,
2026-07-29 18:40:10.792,0.0886,0.1974,0.1566,0.0937,0.3855,0.3366,0.2731,0.4204,0.3004,0.1379,0.1891,0.2996,0.1767,0.2551,0.2968,0.1546,0.0488,0.073,0.0845,0.0317,3363.2601,3314.1026,3340.696,3560.696,-0.8691,-0.0076,-0.4572,-0.8823,-0.015,0.2841,1,1,1,1,1,40.9,54.2,
2026-07-29 18:40:11.840,0.0886,0.1974,0.1566,0.0937,0.3855,0.3366,0.2731,0.4204,0.3004,0.1379,0.1891,0.2996,0.1767,0.2551,0.2968,0.1546,0.0488,0.073,0.0845,0.0317,3363.2601,3314.1026,3340.696,3560.696,-0.8691,-0.0076,-0.4572,-0.8823,-0.015,0.2841,1,1,1,1,1,40.9,54.2,
2026-07-29 18:40:12.843,0.0886,0.1974,0.1566,0.0937,0.3855,0.3366,0.2731,0.4204,0.3004,0.1379,0.1891,0.2996,0.1767,0.2551,0.2968,0.1546,0.0488,0.073,0.0845,0.0317,3363.2601,3314.1026,3340.696,3560.696,-0.8691,-0.0076,-0.4572,-0.8823,-0.015,0.2841,1,1,1,1,1,40.9,54.2,
2026-07-29 18:40:13.892,0.0886,0.1974,0.1566,0.0937,0.3855,0.3366,0.2731,0.4204,0.3004,0.1379,0.1891,0.2996,0.1767,0.2551,0.2968,0.1546,0.0488,0.073,0.0845,0.0317,3363.2601,3314.1026,3340.696,3560.696,-0.8691,-0.0076,-0.4572,-0.8823,-0.015,0.2841,1,1,1,1,1,40.9,54.2,
2026-07-29 18:40:14.890,0.0886,0.1974,0.1566,0.0937,0.3855,0.3366,0.2731,0.4204,0.3004,0.1379,0.1891,0.2996,0.1767,0.2551,0.2968,0.1546,0.0488,0.073,0.0845,0.0317,3363.2601,3314.1026,3340.696,3560.696,-0.8691,-0.0076,-0.4572,-0.8823,-0.015,0.2841,1,1,1,1,1,40.9,54.2,
2026-07-29 18:40:15.938,0.0886,0.1974,0.1566,0.0937,0.3855,0.3366,0.2731,0.4204,0.3004,0.1379,0.1891,0.2996,0.1767,0.2551,0.2968,0.1546,0.0488,0.073,0.0845,0.0317,3363.2601,3314.1026,3340.696,3560.696,-0.8691,-0.0076,-0.4572,-0.8823,-0.015,0.2841,1,1,1,1,1,40.9,54.2,
2026-07-29 18:40:16.946,0.0886,0.1974,0.1566,0.0937,0.3855,0.3366,0.2731,0.4204,0.3004,0.1379,0.1891,0.2996,0.1767,0.2551,0.2968,0.1546,0.0488,0.073,0.0845,0.0317,3363.2601,3314.1026,3340.696,3560.696,-0.8691,-0.0076,-0.4572,-0.8823,-0.015,0.2841,1,1,1,1,1,40.9,54.2,
2026-07-29 18:40:17.948,0.0886,0.1974,0.1566,0.0937,0.3855,0.3366,0.2731,0.4204,0.3004,0.1379,0.1891,0.2996,0.1767,0.2551,0.2968,0.1546,0.0488,0.073,0.0845,0.0317,3363.2601,3314.1026,3340.696,3560.696,-0.8691,-0.0076,-0.4572,-0.8823,-0.015,0.2841,1,1,1,1,1,40.9,54.2,
2026-07-29 18:40:18.947,0.0886,0.1974,0.1566,0.0937,0.3855,0.3366,0.2731,0.4204,0.3004,0.1379,0.1891,0.2996,0.1767,0.2551,0.2968,0.1546,0.0488,0.073,0.0845,0.0317,3363.2601,3314.1026,3340.696,3560.696,-0.8691,-0.0076,-0.4572,-0.8823,-0.015,0.2841,1,1,1,1,1,40.9,54.2,
2026-07-29 18:40:19.954,0.0886,0.1974,0.1566,0.0937,0.3855,0.3366,0.2731,0.4204,0.3004,0.1379,0.1891,0.2996,0.1767,0.2551,0.2968,0.1546,0.0488,0.073,0.0845,0.0317,3363.2601,3314.1026,3340.696,3560.696,-0.8691,-0.0076,-0.4572,-0.8823,-0.015,0.2841,1,1,1,1,1,40.9,54.2,
2026-07-29 18:40:20.956,0.0886,0.1974,0.1566,0.0937,0.3855,0.3366,0.2731,0.4204,0.3004,0.1379,0.1891,0.2996,0.1767,0.2551,0.2968,0.1546,0.0488,0.073,0.0845,0.0317,3363.2601,3314.1026,3340.696,3560.696,-0.8691,-0.0076,-0.4572,-0.8823,-0.015,0.2841,1,1,1,1,1,40.9,54.2,
2026-07-29 18:40:22.009,0.0886,0.1974,0.1566,0.0937,0.3855,0.3366,0.2731,0.4204,0.3004,0.1379,0.1891,0.2996,0.1767,0.2551,0.2968,0.1546,0.0488,0.073,0.0845,0.0317,3363.2601,3314.1026,3340.696,3560.696,-0.8691,-0.0076,-0.4572,-0.8823,-0.015,0.2841,1,1,1,1,1,40.9,54.2,
2026-07-29 18:40:23.061,0.0886,0.1974,0.1566,0.0937,0.3855,0.3366,0.2731,0.4204,0.3004,0.1379,0.1891,0.2996,0.1767,0.2551,0.2968,0.1546,0.0488,0.073,0.0845,0.0317,3363.2601,3314.1026,3340.696,3560.696,-0.8691,-0.0076,-0.4572,-0.8823,-0.015,0.2841,1,1,1,1,1,40.9,54.2,
2026-07-29 18:40:24.112,0.0886,0.1974,0.1566,0.0937,0.3855,0.3366,0.2731,0.4204,0.3004,0.1379,0.1891,0.2996,0.1767,0.2551,0.2968,0.1546,0.0488,0.073,0.0845,0.0317,3363.2601,3314.1026,3340.696,3560.696,-0.8691,-0.0076,-0.4572,-0.8823,-0.015,0.2841,1,1,1,1,1,40.9,54.2,
2026-07-29 18:40:25.117,0.0886,0.1974,0.1566,0.0937,0.3855,0.3366,0.2731,0.4204,0.3004,0.1379,0.1891,0.2996,0.1767,0.2551,0.2968,0.1546,0.0488,0.073,0.0845,0.0317,3363.2601,3314.1026,3340.696,3560.696,-0.8691,-0.0076,-0.4572,-0.8823,-0.015,0.2841,1,1,1,1,1,40.9,54.2,
2026-07-29 18:40:26.114,0.0886,0.1974,0.1566,0.0937,0.3855,0.3366,0.2731,0.4204,0.3004,0.1379,0.1891,0.2996,0.1767,0.2551,0.2968,0.1546,0.0488,0.073,0.0845,0.0317,3363.2601,3314.1026,3340.696,3560.696,-0.8691,-0.0076,-0.4572,-0.8823,-0.015,0.2841,1,1,1,1,1,40.9,54.2,
2026-07-29 18:40:27.162,0.0886,0.1974,0.1566,0.0937,0.3855,0.3366,0.2731,0.4204,0.3004,0.1379,0.1891,0.2996,0.1767,0.2551,0.2968,0.1546,0.0488,0.073,0.0845,0.0317,3363.2601,3314.1026,3340.696,3560.696,-0.8691,-0.0076,-0.4572,-0.8823,-0.015,0.2841,1,1,1,1,1,40.9,54.2,
2026-07-29 18:40:28.212,0.0886,0.1974,0.1566,0.0937,0.3855,0.3366,0.2731,0.4204,0.3004,0.1379,0.1891,0.2996,0.1767,0.2551,0.2968,0.1546,0.0488,0.073,0.0845,0.0317,3363.2601,3314.1026,3340.696,3560.696,-0.8691,-0.0076,-0.4572,-0.8823,-0.015,0.2841,1,1,1,1,1,40.9,54.2,
2026-07-29 18:40:29.214,0.0886,0.1974,0.1566,0.0937,0.3855,0.3366,0.2731,0.4204,0.3004,0.1379,0.1891,0.2996,0.1767,0.2551,0.2968,0.1546,0.0488,0.073,0.0845,0.0317,3363.2601,3314.1026,3340.696,3560.696,-0.8691,-0.0076,-0.4572,-0.8823,-0.015,0.2841,1,1,1,1,1,40.9,54.2,
2026-07-29 18:40:30.217,0.0886,0.1974,0.1566,0.0937,0.3855,0.3366,0.2731,0.4204,0.3004,0.1379,0.1891,0.2996,0.1767,0.2551,0.2968,0.1546,0.0488,0.073,0.0845,0.0317,3363.2601,3314.1026,3340.696,3560.696,-0.8691,-0.0076,-0.4572,-0.8823,-0.015,0.2841,1,1,1,1,1,40.9,54.2,
2026-07-29 18:40:31.215,0.0886,0.1974,0.1566,0.0937,0.3855,0.3366,0.2731,0.4204,0.3004,0.1379,0.1891,0.2996,0.1767,0.2551,0.2968,0.1546,0.0488,0.073,0.0845,0.0317,3363.2601,3314.1026,3340.696,3560.696,-0.8691,-0.0076,-0.4572,-0.8823,-0.015,0.2841,1,1,1,1,1,40.9,54.2,
2026-07-29 18:40:32.217,0.0886,0.1974,0.1566,0.0937,0.3855,0.3366,0.2731,0.4204,0.3004,0.1379,0.1891,0.2996,0.1767,0.2551,0.2968,0.1546,0.0488,0.073,0.0845,0.0317,3363.2601,3314.1026,3340.696,3560.696,-0.8691,-0.0076,-0.4572,-0.8823,-0.015,0.2841,1,1,1,1,1,40.9,54.2,
2026-07-29 18:40:33.268,0.0886,0.1974,0.1566,0.0937,0.3855,0.3366,0.2731,0.4204,0.3004,0.1379,0.1891,0.2996,0.1767,0.2551,0.2968,0.1546,0.0488,0.073,0.0845,0.0317,3363.2601,3314.1026,3340.696,3560.696,-0.8691,-0.0076,-0.4572,-0.8823,-0.015,0.2841,1,1,1,1,1,40.9,54.2,
2026-07-29 18:40:34.270,0.0886,0.1974,0.1566,0.0937,0.3855,0.3366,0.2731,0.4204,0.3004,0.1379,0.1891,0.2996,0.1767,0.2551,0.2968,0.1546,0.0488,0.073,0.0845,0.0317,3363.2601,3314.1026,3340.696,3560.696,-0.8691,-0.0076,-0.4572,-0.8823,-0.015,0.2841,1,1,1,1,1,40.9,54.2,
2026-07-29 18:40:35.274,0.0886,0.1974,0.1566,0.0937,0.3855,0.3366,0.2731,0.4204,0.3004,0.1379,0.1891,0.2996,0.1767,0.2551,0.2968,0.1546,0.0488,0.073,0.0845,0.0317,3363.2601,3314.1026,3340.696,3560.696,-0.8691,-0.0076,-0.4572,-0.8823,-0.015,0.2841,1,1,1,1,1,40.9,54.2,
2026-07-29 18:40:36.333,0.0886,0.1974,0.1566,0.0937,0.3855,0.3366,0.2731,0.4204,0.3004,0.1379,0.1891,0.2996,0.1767,0.2551,0.2968,0.1546,0.0488,0.073,0.0845,0.0317,3363.2601,3314.1026,3340.696,3560.696,-0.8691,-0.0076,-0.4572,-0.8823,-0.015,0.2841,1,1,1,1,1,40.9,54.2,
2026-07-29 18:40:37.336,0.0886,0.1974,0.1566,0.0937,0.3855,0.3366,0.2731,0.4204,0.3004,0.1379,0.1891,0.2996,0.1767,0.2551,0.2968,0.1546,0.0488,0.073,0.0845,0.0317,3363.2601,3314.1026,3340.696,3560.696,-0.8691,-0.0076,-0.4572,-0.8823,-0.015,0.2841,1,1,1,1,1,40.9,54.2,
2026-07-29 18:40:38.341,0.0886,0.1974,0.1566,0.0937,0.3855,0.3366,0.2731,0.4204,0.3004,0.1379,0.1891,0.2996,0.1767,0.2551,0.2968,0.1546,0.0488,0.073,0.0845,0.0317,3363.2601,3314.1026,3340.696,3560.696,-0.8691,-0.0076,-0.4572,-0.8823,-0.015,0.2841,1,1,1,1,1,40.9,54.2,
2026-07-29 18:40:39.393,0.0886,0.1974,0.1566,0.0937,0.3855,0.3366,0.2731,0.4204,0.3004,0.1379,0.1891,0.2996,0.1767,0.2551,0.2968,0.1546,0.0488,0.073,0.0845,0.0317,3363.2601,3314.1026,3340.696,3560.696,-0.8691,-0.0076,-0.4572,-0.8823,-0.015,0.2841,1,1,1,1,1,40.9,54.2,
2026-07-29 18:40:40.400,0.0886,0.1974,0.1566,0.0937,0.3855,0.3366,0.2731,0.4204,0.3004,0.1379,0.1891,0.2996,0.1767,0.2551,0.2968,0.1546,0.0488,0.073,0.0845,0.0317,3363.2601,3314.1026,3340.696,3560.696,-0.8691,-0.0076,-0.4572,-0.8823,-0.015,0.2841,1,1,1,1,1,40.9,54.2,
2026-07-29 18:40:41.404,0.0886,0.1974,0.1566,0.0937,0.3855,0.3366,0.2731,0.4204,0.3004,0.1379,0.1891,0.2996,0.1767,0.2551,0.2968,0.1546,0.0488,0.073,0.0845,0.0317,3363.2601,3314.1026,3340.696,3560.696,-0.8691,-0.0076,-0.4572,-0.8823,-0.015,0.2841,1,1,1,1,1,40.9,54.2,
2026-07-29 18:40:42.413,0.0886,0.1974,0.1566,0.0937,0.3855,0.3366,0.2731,0.4204,0.3004,0.1379,0.1891,0.2996,0.1767,0.2551,0.2968,0.1546,0.0488,0.073,0.0845,0.0317,3363.2601,3314.1026,3340.696,3560.696,-0.8691,-0.0076,-0.4572,-0.8823,-0.015,0.2841,1,1,1,1,1,40.9,54.2,
2026-07-29 18:40:43.417,0.0886,0.1974,0.1566,0.0937,0.3855,0.3366,0.2731,0.4204,0.3004,0.1379,0.1891,0.2996,0.1767,0.2551,0.2968,0.1546,0.0488,0.073,0.0845,0.0317,3363.2601,3314.1026,3340.696,3560.696,-0.8691,-0.0076,-0.4572,-0.8823,-0.015,0.2841,1,1,1,1,1,40.9,54.2,
2026-07-29 18:40:44.467,0.0886,0.1974,0.1566,0.0937,0.3855,0.3366,0.2731,0.4204,0.3004,0.1379,0.1891,0.2996,0.1767,0.2551,0.2968,0.1546,0.0488,0.073,0.0845,0.0317,3363.2601,3314.1026,3340.696,3560.696,-0.8691,-0.0076,-0.4572,-0.8823,-0.015,0.2841,1,1,1,1,1,40.9,54.2,
2026-07-29 18:40:45.518,0.0886,0.1974,0.1566,0.0937,0.3855,0.3366,0.2731,0.4204,0.3004,0.1379,0.1891,0.2996,0.1767,0.2551,0.2968,0.1546,0.0488,0.073,0.0845,0.0317,3363.2601,3314.1026,3340.696,3560.696,-0.8691,-0.0076,-0.4572,-0.8823,-0.015,0.2841,1,1,1,1,1,40.9,54.2,
2026-07-29 18:40:46.529,0.0886,0.1974,0.1566,0.0937,0.3855,0.3366,0.2731,0.4204,0.3004,0.1379,0.1891,0.2996,0.1767,0.2551,0.2968,0.1546,0.0488,0.073,0.0845,0.0317,3363.2601,3314.1026,3340.696,3560.696,-0.8691,-0.0076,-0.4572,-0.8823,-0.015,0.2841,1,1,1,1,1,40.9,54.2,
2026-07-29 18:40:47.579,0.0886,0.1974,0.1566,0.0937,0.3855,0.3366,0.2731,0.4204,0.3004,0.1379,0.1891,0.2996,0.1767,0.2551,0.2968,0.1546,0.0488,0.073,0.0845,0.0317,3363.2601,3314.1026,3340.696,3560.696,-0.8691,-0.0076,-0.4572,-0.8823,-0.015,0.2841,1,1,1,1,1,40.9,54.2,
2026-07-29 18:40:48.587,0.0886,0.1974,0.1566,0.0937,0.3855,0.3366,0.2731,0.4204,0.3004,0.1379,0.1891,0.2996,0.1767,0.2551,0.2968,0.1546,0.0488,0.073,0.0845,0.0317,3363.2601,3314.1026,3340.696,3560.696,-0.8691,-0.0076,-0.4572,-0.8823,-0.015,0.2841,1,1,1,1,1,40.9,54.2,
2026-07-29 18:40:49.589,0.0886,0.1974,0.1566,0.0937,0.3855,0.3366,0.2731,0.4204,0.3004,0.1379,0.1891,0.2996,0.1767,0.2551,0.2968,0.1546,0.0488,0.073,0.0845,0.0317,3363.2601,3314.1026,3340.696,3560.696,-0.8691,-0.0076,-0.4572,-0.8823,-0.015,0.2841,1,1,1,1,1,40.9,54.2,
2026-07-29 18:40:50.600,0.0886,0.1974,0.1566,0.0937,0.3855,0.3366,0.2731,0.4204,0.3004,0.1379,0.1891,0.2996,0.1767,0.2551,0.2968,0.1546,0.0488,0.073,0.0845,0.0317,3363.2601,3314.1026,3340.696,3560.696,-0.8691,-0.0076,-0.4572,-0.8823,-0.015,0.2841,1,1,1,1,1,40.9,54.2,
2026-07-29 18:40:51.601,0.0886,0.1974,0.1566,0.0937,0.3855,0.3366,0.2731,0.4204,0.3004,0.1379,0.1891,0.2996,0.1767,0.2551,0.2968,0.1546,0.0488,0.073,0.0845,0.0317,3363.2601,3314.1026,3340.696,3560.696,-0.8691,-0.0076,-0.4572,-0.8823,-0.015,0.2841,1,1,1,1,1,40.9,54.2,
2026-07-29 18:40:52.603,0.0886,0.1974,0.1566,0.0937,0.3855,0.3366,0.2731,0.4204,0.3004,0.1379,0.1891,0.2996,0.1767,0.2551,0.2968,0.1546,0.0488,0.073,0.0845,0.0317,3363.2601,3314.1026,3340.696,3560.696,-0.8691,-0.0076,-0.4572,-0.8823,-0.015,0.2841,1,1,1,1,1,40.9,54.2,
2026-07-29 18:40:53.608,0.0886,0.1974,0.1566,0.0937,0.3855,0.3366,0.2731,0.4204,0.3004,0.1379,0.1891,0.2996,0.1767,0.2551,0.2968,0.1546,0.0488,0.073,0.0845,0.0317,3363.2601,3314.1026,3340.696,3560.696,-0.8691,-0.0076,-0.4572,-0.8823,-0.015,0.2841,1,1,1,1,1,40.9,54.2,
2026-07-29 18:40:54.609,0.0886,0.1974,0.1566,0.0937,0.3855,0.3366,0.2731,0.4204,0.3004,0.1379,0.1891,0.2996,0.1767,0.2551,0.2968,0.1546,0.0488,0.073,0.0845,0.0317,3363.2601,3314.1026,3340.696,3560.696,-0.8691,-0.0076,-0.4572,-0.8823,-0.015,0.2841,1,1,1,1,1,40.9,54.2,
2026-07-29 18:40:55.655,0.0886,0.1974,0.1566,0.0937,0.3855,0.3366,0.2731,0.4204,0.3004,0.1379,0.1891,0.2996,0.1767,0.2551,0.2968,0.1546,0.0488,0.073,0.0845,0.0317,3363.2601,3314.1026,3340.696,3560.696,-0.8691,-0.0076,-0.4572,-0.8823,-0.015,0.2841,1,1,1,1,1,40.9,54.2,
2026-07-29 18:40:56.702,0.0886,0.1974,0.1566,0.0937,0.3855,0.3366,0.2731,0.4204,0.3004,0.1379,0.1891,0.2996,0.1767,0.2551,0.2968,0.1546,0.0488,0.073,0.0845,0.0317,3363.2601,3314.1026,3340.696,3560.696,-0.8691,-0.0076,-0.4572,-0.8823,-0.015,0.2841,1,1,1,1,1,40.9,54.2,
2026-07-29 18:40:57.707,0.0886,0.1974,0.1566,0.0937,0.3855,0.3366,0.2731,0.4204,0.3004,0.1379,0.1891,0.2996,0.1767,0.2551,0.2968,0.1546,0.0488,0.073,0.0845,0.0317,3363.2601,3314.1026,3340.696,3560.696,-0.8691,-0.0076,-0.4572,-0.8823,-0.015,0.2841,1,1,1,1,1,40.9,54.2,
2026-07-29 18:40:58.707,0.0886,0.1974,0.1566,0.0937,0.3855,0.3366,0.2731,0.4204,0.3004,0.1379,0.1891,0.2996,0.1767,0.2551,0.2968,0.1546,0.0488,0.073,0.0845,0.0317,3363.2601,3314.1026,3340.696,3560.696,-0.8691,-0.0076,-0.4572,-0.8823,-0.015,0.2841,1,1,1,1,1,40.9,54.2,
2026-07-29 18:40:59.710,0.0886,0.1974,0.1566,0.0937,0.3855,0.3366,0.2731,0.4204,0.3004,0.1379,0.1891,0.2996,0.1767,0.2551,0.2968,0.1546,0.0488,0.073,0.0845,0.0317,3363.2601,3314.1026,3340.696,3560.696,-0.8691,-0.0076,-0.4572,-0.8823,-0.015,0.2841,1,1,1,1,1,40.9,54.2,
2026-07-29 18:41:00.714,0.0886,0.1974,0.1566,0.0937,0.3855,0.3366,0.2731,0.4204,0.3004,0.1379,0.1891,0.2996,0.1767,0.2551,0.2968,0.1546,0.0488,0.073,0.0845,0.0317,3363.2601,3314.1026,3340.696,3560.696,-0.8691,-0.0076,-0.4572,-0.8823,-0.015,0.2841,1,1,1,1,1,40.9,54.2,
2026-07-29 18:41:01.717,0.0886,0.1974,0.1566,0.0937,0.3855,0.3366,0.2731,0.4204,0.3004,0.1379,0.1891,0.2996,0.1767,0.2551,0.2968,0.1546,0.0488,0.073,0.0845,0.0317,3363.2601,3314.1026,3340.696,3560.696,-0.8691,-0.0076,-0.4572,-0.8823,-0.015,0.2841,1,1,1,1,1,40.9,54.2,
2026-07-29 18:41:02.718,0.0886,0.1974,0.1566,0.0937,0.3855,0.3366,0.2731,0.4204,0.3004,0.1379,0.1891,0.2996,0.1767,0.2551,0.2968,0.1546,0.0488,0.073,0.0845,0.0317,3363.2601,3314.1026,3340.696,3560.696,-0.8691,-0.0076,-0.4572,-0.8823,-0.015,0.2841,1,1,1,1,1,40.9,54.2,
2026-07-29 18:41:03.763,0.0886,0.1974,0.1566,0.0937,0.3855,0.3366,0.2731,0.4204,0.3004,0.1379,0.1891,0.2996,0.1767,0.2551,0.2968,0.1546,0.0488,0.073,0.0845,0.0317,3363.2601,3314.1026,3340.696,3560.696,-0.8691,-0.0076,-0.4572,-0.8823,-0.015,0.2841,1,1,1,1,1,40.9,54.2,
2026-07-29 18:41:04.812,0.0886,0.1974,0.1566,0.0937,0.3855,0.3366,0.2731,0.4204,0.3004,0.1379,0.1891,0.2996,0.1767,0.2551,0.2968,0.1546,0.0488,0.073,0.0845,0.0317,3363.2601,3314.1026,3340.696,3560.696,-0.8691,-0.0076,-0.4572,-0.8823,-0.015,0.2841,1,1,1,1,1,40.9,54.2,
2026-07-29 18:41:05.860,0.0886,0.1974,0.1566,0.0937,0.3855,0.3366,0.2731,0.4204,0.3004,0.1379,0.1891,0.2996,0.1767,0.2551,0.2968,0.1546,0.0488,0.073,0.0845,0.0317,3363.2601,3314.1026,3340.696,3560.696,-0.8691,-0.0076,-0.4572,-0.8823,-0.015,0.2841,1,1,1,1,1,40.9,54.2,
2026-07-29 18:41:06.859,0.0886,0.1974,0.1566,0.0937,0.3855,0.3366,0.2731,0.4204,0.3004,0.1379,0.1891,0.2996,0.1767,0.2551,0.2968,0.1546,0.0488,0.073,0.0845,0.0317,3363.2601,3314.1026,3340.696,3560.696,-0.8691,-0.0076,-0.4572,-0.8823,-0.015,0.2841,1,1,1,1,1,40.9,54.2,
2026-07-29 18:41:07.872,0.0886,0.1974,0.1566,0.0937,0.3855,0.3366,0.2731,0.4204,0.3004,0.1379,0.1891,0.2996,0.1767,0.2551,0.2968,0.1546,0.0488,0.073,0.0845,0.0317,3363.2601,3314.1026,3340.696,3560.696,-0.8691,-0.0076,-0.4572,-0.8823,-0.015,0.2841,1,1,1,1,1,40.9,54.2,
2026-07-29 18:41:08.878,0.0886,0.1974,0.1566,0.0937,0.3855,0.3366,0.2731,0.4204,0.3004,0.1379,0.1891,0.2996,0.1767,0.2551,0.2968,0.1546,0.0488,0.073,0.0845,0.0317,3363.2601,3314.1026,3340.696,3560.696,-0.8691,-0.0076,-0.4572,-0.8823,-0.015,0.2841,1,1,1,1,1,40.9,54.2,
2026-07-29 18:41:09.927,0.0886,0.1974,0.1566,0.0937,0.3855,0.3366,0.2731,0.4204,0.3004,0.1379,0.1891,0.2996,0.1767,0.2551,0.2968,0.1546,0.0488,0.073,0.0845,0.0317,3363.2601,3314.1026,3340.696,3560.696,-0.8691,-0.0076,-0.4572,-0.8823,-0.015,0.2841,1,1,1,1,1,40.9,54.2,
2026-07-29 18:41:10.928,0.0886,0.1974,0.1566,0.0937,0.3855,0.3366,0.2731,0.4204,0.3004,0.1379,0.1891,0.2996,0.1767,0.2551,0.2968,0.1546,0.0488,0.073,0.0845,0.0317,3363.2601,3314.1026,3340.696,3560.696,-0.8691,-0.0076,-0.4572,-0.8823,-0.015,0.2841,1,1,1,1,1,40.9,54.2,
2026-07-29 18:41:11.932,0.0886,0.1974,0.1566,0.0937,0.3855,0.3366,0.2731,0.4204,0.3004,0.1379,0.1891,0.2996,0.1767,0.2551,0.2968,0.1546,0.0488,0.073,0.0845,0.0317,3363.2601,3314.1026,3340.696,3560.696,-0.8691,-0.0076,-0.4572,-0.8823,-0.015,0.2841,1,1,1,1,1,40.9,54.2,
2026-07-29 18:41:12.931,0.0886,0.1974,0.1566,0.0937,0.3855,0.3366,0.2731,0.4204,0.3004,0.1379,0.1891,0.2996,0.1767,0.2551,0.2968,0.1546,0.0488,0.073,0.0845,0.0317,3363.2601,3314.1026,3340.696,3560.696,-0.8691,-0.0076,-0.4572,-0.8823,-0.015,0.2841,1,1,1,1,1,40.9,54.2,
2026-07-29 18:41:13.974,0.0886,0.1974,0.1566,0.0937,0.3855,0.3366,0.2731,0.4204,0.3004,0.1379,0.1891,0.2996,0.1767,0.2551,0.2968,0.1546,0.0488,0.073,0.0845,0.0317,3363.2601,3314.1026,3340.696,3560.696,-0.8691,-0.0076,-0.4572,-0.8823,-0.015,0.2841,1,1,1,1,1,40.9,54.2,
2026-07-29 18:41:15.025,0.0886,0.1974,0.1566,0.0937,0.3855,0.3366,0.2731,0.4204,0.3004,0.1379,0.1891,0.2996,0.1767,0.2551,0.2968,0.1546,0.0488,0.073,0.0845,0.0317,3363.2601,3314.1026,3340.696,3560.696,-0.8691,-0.0076,-0.4572,-0.8823,-0.015,0.2841,1,1,1,1,1,40.9,54.2,
2026-07-29 18:41:16.027,0.0886,0.1974,0.1566,0.0937,0.3855,0.3366,0.2731,0.4204,0.3004,0.1379,0.1891,0.2996,0.1767,0.2551,0.2968,0.1546,0.0488,0.073,0.0845,0.0317,3363.2601,3314.1026,3340.696,3560.696,-0.8691,-0.0076,-0.4572,-0.8823,-0.015,0.2841,1,1,1,1,1,40.9,54.2,
2026-07-29 18:41:17.037,0.0886,0.1974,0.1566,0.0937,0.3855,0.3366,0.2731,0.4204,0.3004,0.1379,0.1891,0.2996,0.1767,0.2551,0.2968,0.1546,0.0488,0.073,0.0845,0.0317,3363.2601,3314.1026,3340.696,3560.696,-0.8691,-0.0076,-0.4572,-0.8823,-0.015,0.2841,1,1,1,1,1,40.9,54.2,
2026-07-29 18:41:18.077,0.0886,0.1974,0.1566,0.0937,0.3855,0.3366,0.2731,0.4204,0.3004,0.1379,0.1891,0.2996,0.1767,0.2551,0.2968,0.1546,0.0488,0.073,0.0845,0.0317,3363.2601,3314.1026,3340.696,3560.696,-0.8691,-0.0076,-0.4572,-0.8823,-0.015,0.2841,1,1,1,1,1,40.9,54.2,
2026-07-29 18:41:19.127,0.0886,0.1974,0.1566,0.0937,0.3855,0.3366,0.2731,0.4204,0.3004,0.1379,0.1891,0.2996,0.1767,0.2551,0.2968,0.1546,0.0488,0.073,0.0845,0.0317,3363.2601,3314.1026,3340.696,3560.696,-0.8691,-0.0076,-0.4572,-0.8823,-0.015,0.2841,1,1,1,1,1,40.9,54.2,
2026-07-29 18:41:20.130,0.0886,0.1974,0.1566,0.0937,0.3855,0.3366,0.2731,0.4204,0.3004,0.1379,0.1891,0.2996,0.1767,0.2551,0.2968,0.1546,0.0488,0.073,0.0845,0.0317,3363.2601,3314.1026,3340.696,3560.696,-0.8691,-0.0076,-0.4572,-0.8823,-0.015,0.2841,1,1,1,1,1,40.9,54.2,
2026-07-29 18:41:21.179,0.0886,0.1974,0.1566,0.0937,0.3855,0.3366,0.2731,0.4204,0.3004,0.1379,0.1891,0.2996,0.1767,0.2551,0.2968,0.1546,0.0488,0.073,0.0845,0.0317,3363.2601,3314.1026,3340.696,3560.696,-0.8691,-0.0076,-0.4572,-0.8823,-0.015,0.2841,1,1,1,1,1,40.9,54.2,
2026-07-29 18:41:22.226,0.0886,0.1974,0.1566,0.0937,0.3855,0.3366,0.2731,0.4204,0.3004,0.1379,0.1891,0.2996,0.1767,0.2551,0.2968,0.1546,0.0488,0.073,0.0845,0.0317,3363.2601,3314.1026,3340.696,3560.696,-0.8691,-0.0076,-0.4572,-0.8823,-0.015,0.2841,1,1,1,1,1,40.9,54.2,
2026-07-29 18:41:23.234,0.0886,0.1974,0.1566,0.0937,0.3855,0.3366,0.2731,0.4204,0.3004,0.1379,0.1891,0.2996,0.1767,0.2551,0.2968,0.1546,0.0488,0.073,0.0845,0.0317,3363.2601,3314.1026,3340.696,3560.696,-0.8691,-0.0076,-0.4572,-0.8823,-0.015,0.2841,1,1,1,1,1,40.9,54.2,
2026-07-29 18:41:24.281,0.0886,0.1974,0.1566,0.0937,0.3855,0.3366,0.2731,0.4204,0.3004,0.1379,0.1891,0.2996,0.1767,0.2551,0.2968,0.1546,0.0488,0.073,0.0845,0.0317,3363.2601,3314.1026,3340.696,3560.696,-0.8691,-0.0076,-0.4572,-0.8823,-0.015,0.2841,1,1,1,1,1,40.9,54.2,
2026-07-29 18:41:25.297,0.0886,0.1974,0.1566,0.0937,0.3855,0.3366,0.2731,0.4204,0.3004,0.1379,0.1891,0.2996,0.1767,0.2551,0.2968,0.1546,0.0488,0.073,0.0845,0.0317,3363.2601,3314.1026,3340.696,3560.696,-0.8691,-0.0076,-0.4572,-0.8823,-0.015,0.2841,1,1,1,1,1,40.9,54.2,
2026-07-29 18:41:26.295,0.0886,0.1974,0.1566,0.0937,0.3855,0.3366,0.2731,0.4204,0.3004,0.1379,0.1891,0.2996,0.1767,0.2551,0.2968,0.1546,0.0488,0.073,0.0845,0.0317,3363.2601,3314.1026,3340.696,3560.696,-0.8691,-0.0076,-0.4572,-0.8823,-0.015,0.2841,1,1,1,1,1,40.9,54.2,
2026-07-29 18:41:27.343,0.0886,0.1974,0.1566,0.0937,0.3855,0.3366,0.2731,0.4204,0.3004,0.1379,0.1891,0.2996,0.1767,0.2551,0.2968,0.1546,0.0488,0.073,0.0845,0.0317,3363.2601,3314.1026,3340.696,3560.696,-0.8691,-0.0076,-0.4572,-0.8823,-0.015,0.2841,1,1,1,1,1,40.9,54.2,
2026-07-29 18:41:28.345,0.0886,0.1974,0.1566,0.0937,0.3855,0.3366,0.2731,0.4204,0.3004,0.1379,0.1891,0.2996,0.1767,0.2551,0.2968,0.1546,0.0488,0.073,0.0845,0.0317,3363.2601,3314.1026,3340.696,3560.696,-0.8691,-0.0076,-0.4572,-0.8823,-0.015,0.2841,1,1,1,1,1,40.9,54.2,
2026-07-29 18:41:29.397,0.0886,0.1974,0.1566,0.0937,0.3855,0.3366,0.2731,0.4204,0.3004,0.1379,0.1891,0.2996,0.1767,0.2551,0.2968,0.1546,0.0488,0.073,0.0845,0.0317,3363.2601,3314.1026,3340.696,3560.696,-0.8691,-0.0076,-0.4572,-0.8823,-0.015,0.2841,1,1,1,1,1,40.9,54.2,
2026-07-29 18:41:30.445,0.0886,0.1974,0.1566,0.0937,0.3855,0.3366,0.2731,0.4204,0.3004,0.1379,0.1891,0.2996,0.1767,0.2551,0.2968,0.1546,0.0488,0.073,0.0845,0.0317,3363.2601,3314.1026,3340.696,3560.696,-0.8691,-0.0076,-0.4572,-0.8823,-0.015,0.2841,1,1,1,1,1,40.9,54.2,
2026-07-29 18:41:31.496,0.0886,0.1974,0.1566,0.0937,0.3855,0.3366,0.2731,0.4204,0.3004,0.1379,0.1891,0.2996,0.1767,0.2551,0.2968,0.1546,0.0488,0.073,0.0845,0.0317,3363.2601,3314.1026,3340.696,3560.696,-0.8691,-0.0076,-0.4572,-0.8823,-0.015,0.2841,1,1,1,1,1,40.9,54.2,
2026-07-29 18:41:32.495,0.0886,0.1974,0.1566,0.0937,0.3855,0.3366,0.2731,0.4204,0.3004,0.1379,0.1891,0.2996,0.1767,0.2551,0.2968,0.1546,0.0488,0.073,0.0845,0.0317,3363.2601,3314.1026,3340.696,3560.696,-0.8691,-0.0076,-0.4572,-0.8823,-0.015,0.2841,1,1,1,1,1,40.9,54.2,
2026-07-29 18:41:33.542,0.0886,0.1974,0.1566,0.0937,0.3855,0.3366,0.2731,0.4204,0.3004,0.1379,0.1891,0.2996,0.1767,0.2551,0.2968,0.1546,0.0488,0.073,0.0845,0.0317,3363.2601,3314.1026,3340.696,3560.696,-0.8691,-0.0076,-0.4572,-0.8823,-0.015,0.2841,1,1,1,1,1,40.9,54.2,
2026-07-29 18:41:34.540,0.0886,0.1974,0.1566,0.0937,0.3855,0.3366,0.2731,0.4204,0.3004,0.1379,0.1891,0.2996,0.1767,0.2551,0.2968,0.1546,0.0488,0.073,0.0845,0.0317,3363.2601,3314.1026,3340.696,3560.696,-0.8691,-0.0076,-0.4572,-0.8823,-0.015,0.2841,1,1,1,1,1,40.9,54.2,
2026-07-29 18:41:35.556,0.0886,0.1974,0.1566,0.0937,0.3855,0.3366,0.2731,0.4204,0.3004,0.1379,0.1891,0.2996,0.1767,0.2551,0.2968,0.1546,0.0488,0.073,0.0845,0.0317,3363.2601,3314.1026,3340.696,3560.696,-0.8691,-0.0076,-0.4572,-0.8823,-0.015,0.2841,1,1,1,1,1,40.9,54.2,
2026-07-29 18:41:36.561,0.0886,0.1974,0.1566,0.0937,0.3855,0.3366,0.2731,0.4204,0.3004,0.1379,0.1891,0.2996,0.1767,0.2551,0.2968,0.1546,0.0488,0.073,0.0845,0.0317,3363.2601,3314.1026,3340.696,3560.696,-0.8691,-0.0076,-0.4572,-0.8823,-0.015,0.2841,1,1,1,1,1,40.9,54.2,
2026-07-29 18:41:37.611,0.0886,0.1974,0.1566,0.0937,0.3855,0.3366,0.2731,0.4204,0.3004,0.1379,0.1891,0.2996,0.1767,0.2551,0.2968,0.1546,0.0488,0.073,0.0845,0.0317,3363.2601,3314.1026,3340.696,3560.696,-0.8691,-0.0076,-0.4572,-0.8823,-0.015,0.2841,1,1,1,1,1,40.9,54.2,
2026-07-29 18:41:38.662,0.0886,0.1974,0.1566,0.0937,0.3855,0.3366,0.2731,0.4204,0.3004,0.1379,0.1891,0.2996,0.1767,0.2551,0.2968,0.1546,0.0488,0.073,0.0845,0.0317,3363.2601,3314.1026,3340.696,3560.696,-0.8691,-0.0076,-0.4572,-0.8823,-0.015,0.2841,1,1,1,1,1,40.9,54.2,
2026-07-29 18:41:39.666,0.0886,0.1974,0.1566,0.0937,0.3855,0.3366,0.2731,0.4204,0.3004,0.1379,0.1891,0.2996,0.1767,0.2551,0.2968,0.1546,0.0488,0.073,0.0845,0.0317,3363.2601,3314.1026,3340.696,3560.696,-0.8691,-0.0076,-0.4572,-0.8823,-0.015,0.2841,1,1,1,1,1,40.9,54.2,
2026-07-29 18:41:40.666,0.0886,0.1974,0.1566,0.0937,0.3855,0.3366,0.2731,0.4204,0.3004,0.1379,0.1891,0.2996,0.1767,0.2551,0.2968,0.1546,0.0488,0.073,0.0845,0.0317,3363.2601,3314.1026,3340.696,3560.696,-0.8691,-0.0076,-0.4572,-0.8823,-0.015,0.2841,1,1,1,1,1,40.9,54.2,
2026-07-29 18:41:41.667,0.0886,0.1974,0.1566,0.0937,0.3855,0.3366,0.2731,0.4204,0.3004,0.1379,0.1891,0.2996,0.1767,0.2551,0.2968,0.1546,0.0488,0.073,0.0845,0.0317,3363.2601,3314.1026,3340.696,3560.696,-0.8691,-0.0076,-0.4572,-0.8823,-0.015,0.2841,1,1,1,1,1,40.9,54.2,
2026-07-29 18:41:42.669,0.0886,0.1974,0.1566,0.0937,0.3855,0.3366,0.2731,0.4204,0.3004,0.1379,0.1891,0.2996,0.1767,0.2551,0.2968,0.1546,0.0488,0.073,0.0845,0.0317,3363.2601,3314.1026,3340.696,3560.696,-0.8691,-0.0076,-0.4572,-0.8823,-0.015,0.2841,1,1,1,1,1,40.9,54.2,
2026-07-29 18:41:43.719,0.0886,0.1974,0.1566,0.0937,0.3855,0.3366,0.2731,0.4204,0.3004,0.1379,0.1891,0.2996,0.1767,0.2551,0.2968,0.1546,0.0488,0.073,0.0845,0.0317,3363.2601,3314.1026,3340.696,3560.696,-0.8691,-0.0076,-0.4572,-0.8823,-0.015,0.2841,1,1,1,1,1,40.9,54.2,
2026-07-29 18:41:44.768,0.0886,0.1974,0.1566,0.0937,0.3855,0.3366,0.2731,0.4204,0.3004,0.1379,0.1891,0.2996,0.1767,0.2551,0.2968,0.1546,0.0488,0.073,0.0845,0.0317,3363.2601,3314.1026,3340.696,3560.696,-0.8691,-0.0076,-0.4572,-0.8823,-0.015,0.2841,1,1,1,1,1,40.9,54.2,
2026-07-29 18:41:45.774,0.0886,0.1974,0.1566,0.0937,0.3855,0.3366,0.2731,0.4204,0.3004,0.1379,0.1891,0.2996,0.1767,0.2551,0.2968,0.1546,0.0488,0.073,0.0845,0.0317,3363.2601,3314.1026,3340.696,3560.696,-0.8691,-0.0076,-0.4572,-0.8823,-0.015,0.2841,1,1,1,1,1,40.9,54.2,
2026-07-29 18:41:46.777,0.0886,0.1974,0.1566,0.0937,0.3855,0.3366,0.2731,0.4204,0.3004,0.1379,0.1891,0.2996,0.1767,0.2551,0.2968,0.1546,0.0488,0.073,0.0845,0.0317,3363.2601,3314.1026,3340.696,3560.696,-0.8691,-0.0076,-0.4572,-0.8823,-0.015,0.2841,1,1,1,1,1,40.9,54.2,
2026-07-29 18:41:47.787,0.0886,0.1974,0.1566,0.0937,0.3855,0.3366,0.2731,0.4204,0.3004,0.1379,0.1891,0.2996,0.1767,0.2551,0.2968,0.1546,0.0488,0.073,0.0845,0.0317,3363.2601,3314.1026,3340.696,3560.696,-0.8691,-0.0076,-0.4572,-0.8823,-0.015,0.2841,1,1,1,1,1,40.9,54.2,
2026-07-29 18:41:48.796,0.0886,0.1974,0.1566,0.0937,0.3855,0.3366,0.2731,0.4204,0.3004,0.1379,0.1891,0.2996,0.1767,0.2551,0.2968,0.1546,0.0488,0.073,0.0845,0.0317,3363.2601,3314.1026,3340.696,3560.696,-0.8691,-0.0076,-0.4572,-0.8823,-0.015,0.2841,1,1,1,1,1,40.9,54.2,
2026-07-29 18:41:49.804,0.0886,0.1974,0.1566,0.0937,0.3855,0.3366,0.2731,0.4204,0.3004,0.1379,0.1891,0.2996,0.1767,0.2551,0.2968,0.1546,0.0488,0.073,0.0845,0.0317,3363.2601,3314.1026,3340.696,3560.696,-0.8691,-0.0076,-0.4572,-0.8823,-0.015,0.2841,1,1,1,1,1,40.9,54.2,
2026-07-29 18:41:50.851,0.0886,0.1974,0.1566,0.0937,0.3855,0.3366,0.2731,0.4204,0.3004,0.1379,0.1891,0.2996,0.1767,0.2551,0.2968,0.1546,0.0488,0.073,0.0845,0.0317,3363.2601,3314.1026,3340.696,3560.696,-0.8691,-0.0076,-0.4572,-0.8823,-0.015,0.2841,1,1,1,1,1,40.9,54.2,
2026-07-29 18:41:51.852,0.0886,0.1974,0.1566,0.0937,0.3855,0.3366,0.2731,0.4204,0.3004,0.1379,0.1891,0.2996,0.1767,0.2551,0.2968,0.1546,0.0488,0.073,0.0845,0.0317,3363.2601,3314.1026,3340.696,3560.696,-0.8691,-0.0076,-0.4572,-0.8823,-0.015,0.2841,1,1,1,1,1,40.9,54.2,
2026-07-29 18:41:52.897,0.0886,0.1974,0.1566,0.0937,0.3855,0.3366,0.2731,0.4204,0.3004,0.1379,0.1891,0.2996,0.1767,0.2551,0.2968,0.1546,0.0488,0.073,0.0845,0.0317,3363.2601,3314.1026,3340.696,3560.696,-0.8691,-0.0076,-0.4572,-0.8823,-0.015,0.2841,1,1,1,1,1,40.9,54.2,
2026-07-29 18:41:53.945,0.0886,0.1974,0.1566,0.0937,0.3855,0.3366,0.2731,0.4204,0.3004,0.1379,0.1891,0.2996,0.1767,0.2551,0.2968,0.1546,0.0488,0.073,0.0845,0.0317,3363.2601,3314.1026,3340.696,3560.696,-0.8691,-0.0076,-0.4572,-0.8823,-0.015,0.2841,1,1,1,1,1,40.9,54.2,
2026-07-29 18:41:54.994,0.0886,0.1974,0.1566,0.0937,0.3855,0.3366,0.2731,0.4204,0.3004,0.1379,0.1891,0.2996,0.1767,0.2551,0.2968,0.1546,0.0488,0.073,0.0845,0.0317,3363.2601,3314.1026,3340.696,3560.696,-0.8691,-0.0076,-0.4572,-0.8823,-0.015,0.2841,1,1,1,1,1,40.9,54.2,
2026-07-29 18:41:56.034,0.0886,0.1974,0.1566,0.0937,0.3855,0.3366,0.2731,0.4204,0.3004,0.1379,0.1891,0.2996,0.1767,0.2551,0.2968,0.1546,0.0488,0.073,0.0845,0.0317,3363.2601,3314.1026,3340.696,3560.696,-0.8691,-0.0076,-0.4572,-0.8823,-0.015,0.2841,1,1,1,1,1,40.9,54.2,
2026-07-29 18:41:57.091,0.0886,0.1974,0.1566,0.0937,0.3855,0.3366,0.2731,0.4204,0.3004,0.1379,0.1891,0.2996,0.1767,0.2551,0.2968,0.1546,0.0488,0.073,0.0845,0.0317,3363.2601,3314.1026,3340.696,3560.696,-0.8691,-0.0076,-0.4572,-0.8823,-0.015,0.2841,1,1,1,1,1,40.9,54.2,
2026-07-29 18:41:58.093,0.0886,0.1974,0.1566,0.0937,0.3855,0.3366,0.2731,0.4204,0.3004,0.1379,0.1891,0.2996,0.1767,0.2551,0.2968,0.1546,0.0488,0.073,0.0845,0.0317,3363.2601,3314.1026,3340.696,3560.696,-0.8691,-0.0076,-0.4572,-0.8823,-0.015,0.2841,1,1,1,1,1,40.9,54.2,
2026-07-29 18:41:59.144,0.0886,0.1974,0.1566,0.0937,0.3855,0.3366,0.2731,0.4204,0.3004,0.1379,0.1891,0.2996,0.1767,0.2551,0.2968,0.1546,0.0488,0.073,0.0845,0.0317,3363.2601,3314.1026,3340.696,3560.696,-0.8691,-0.0076,-0.4572,-0.8823,-0.015,0.2841,1,1,1,1,1,40.9,54.2,
2026-07-29 18:42:00.144,0.0886,0.1974,0.1566,0.0937,0.3855,0.3366,0.2731,0.4204,0.3004,0.1379,0.1891,0.2996,0.1767,0.2551,0.2968,0.1546,0.0488,0.073,0.0845,0.0317,3363.2601,3314.1026,3340.696,3560.696,-0.8691,-0.0076,-0.4572,-0.8823,-0.015,0.2841,1,1,1,1,1,40.9,54.2,
2026-07-29 18:42:01.196,0.0886,0.1974,0.1566,0.0937,0.3855,0.3366,0.2731,0.4204,0.3004,0.1379,0.1891,0.2996,0.1767,0.2551,0.2968,0.1546,0.0488,0.073,0.0845,0.0317,3363.2601,3314.1026,3340.696,3560.696,-0.8691,-0.0076,-0.4572,-0.8823,-0.015,0.2841,1,1,1,1,1,40.9,54.2,
2026-07-29 18:42:02.200,0.0886,0.1974,0.1566,0.0937,0.3855,0.3366,0.2731,0.4204,0.3004,0.1379,0.1891,0.2996,0.1767,0.2551,0.2968,0.1546,0.0488,0.073,0.0845,0.0317,3363.2601,3314.1026,3340.696,3560.696,-0.8691,-0.0076,-0.4572,-0.8823,-0.015,0.2841,1,1,1,1,1,40.9,54.2,
2026-07-29 18:42:03.248,0.0886,0.1974,0.1566,0.0937,0.3855,0.3366,0.2731,0.4204,0.3004,0.1379,0.1891,0.2996,0.1767,0.2551,0.2968,0.1546,0.0488,0.073,0.0845,0.0317,3363.2601,3314.1026,3340.696,3560.696,-0.8691,-0.0076,-0.4572,-0.8823,-0.015,0.2841,1,1,1,1,1,40.9,54.2,
2026-07-29 18:42:04.248,0.0886,0.1974,0.1566,0.0937,0.3855,0.3366,0.2731,0.4204,0.3004,0.1379,0.1891,0.2996,0.1767,0.2551,0.2968,0.1546,0.0488,0.073,0.0845,0.0317,3363.2601,3314.1026,3340.696,3560.696,-0.8691,-0.0076,-0.4572,-0.8823,-0.015,0.2841,1,1,1,1,1,40.9,54.2,
2026-07-29 18:42:05.288,0.0886,0.1974,0.1566,0.0937,0.3855,0.3366,0.2731,0.4204,0.3004,0.1379,0.1891,0.2996,0.1767,0.2551,0.2968,0.1546,0.0488,0.073,0.0845,0.0317,3363.2601,3314.1026,3340.696,3560.696,-0.8691,-0.0076,-0.4572,-0.8823,-0.015,0.2841,1,1,1,1,1,40.9,54.2,
2026-07-29 18:42:06.343,0.0886,0.1974,0.1566,0.0937,0.3855,0.3366,0.2731,0.4204,0.3004,0.1379,0.1891,0.2996,0.1767,0.2551,0.2968,0.1546,0.0488,0.073,0.0845,0.0317,3363.2601,3314.1026,3340.696,3560.696,-0.8691,-0.0076,-0.4572,-0.8823,-0.015,0.2841,1,1,1,1,1,40.9,54.2,
2026-07-29 18:42:07.347,0.0886,0.1974,0.1566,0.0937,0.3855,0.3366,0.2731,0.4204,0.3004,0.1379,0.1891,0.2996,0.1767,0.2551,0.2968,0.1546,0.0488,0.073,0.0845,0.0317,3363.2601,3314.1026,3340.696,3560.696,-0.8691,-0.0076,-0.4572,-0.8823,-0.015,0.2841,1,1,1,1,1,40.9,54.2,
2026-07-29 18:42:08.364,0.0886,0.1974,0.1566,0.0937,0.3855,0.3366,0.2731,0.4204,0.3004,0.1379,0.1891,0.2996,0.1767,0.2551,0.2968,0.1546,0.0488,0.073,0.0845,0.0317,3363.2601,3314.1026,3340.696,3560.696,-0.8691,-0.0076,-0.4572,-0.8823,-0.015,0.2841,1,1,1,1,1,40.9,54.2,
2026-07-29 18:42:09.429,0.0886,0.1974,0.1566,0.0937,0.3855,0.3366,0.2731,0.4204,0.3004,0.1379,0.1891,0.2996,0.1767,0.2551,0.2968,0.1546,0.0488,0.073,0.0845,0.0317,3363.2601,3314.1026,3340.696,3560.696,-0.8691,-0.0076,-0.4572,-0.8823,-0.015,0.2841,1,1,1,1,1,40.9,54.2,
2026-07-29 18:42:10.434,0.0886,0.1974,0.1566,0.0937,0.3855,0.3366,0.2731,0.4204,0.3004,0.1379,0.1891,0.2996,0.1767,0.2551,0.2968,0.1546,0.0488,0.073,0.0845,0.0317,3363.2601,3314.1026,3340.696,3560.696,-0.8691,-0.0076,-0.4572,-0.8823,-0.015,0.2841,1,1,1,1,1,40.9,54.2,
2026-07-29 18:42:11.445,0.0886,0.1974,0.1566,0.0937,0.3855,0.3366,0.2731,0.4204,0.3004,0.1379,0.1891,0.2996,0.1767,0.2551,0.2968,0.1546,0.0488,0.073,0.0845,0.0317,3363.2601,3314.1026,3340.696,3560.696,-0.8691,-0.0076,-0.4572,-0.8823,-0.015,0.2841,1,1,1,1,1,40.9,54.2,
2026-07-29 18:42:12.445,0.0886,0.1974,0.1566,0.0937,0.3855,0.3366,0.2731,0.4204,0.3004,0.1379,0.1891,0.2996,0.1767,0.2551,0.2968,0.1546,0.0488,0.073,0.0845,0.0317,3363.2601,3314.1026,3340.696,3560.696,-0.8691,-0.0076,-0.4572,-0.8823,-0.015,0.2841,1,1,1,1,1,40.9,54.2,
2026-07-29 18:42:13.459,0.0886,0.1974,0.1566,0.0937,0.3855,0.3366,0.2731,0.4204,0.3004,0.1379,0.1891,0.2996,0.1767,0.2551,0.2968,0.1546,0.0488,0.073,0.0845,0.0317,3363.2601,3314.1026,3340.696,3560.696,-0.8691,-0.0076,-0.4572,-0.8823,-0.015,0.2841,1,1,1,1,1,40.9,54.2,
2026-07-29 18:42:14.476,0.0886,0.1974,0.1566,0.0937,0.3855,0.3366,0.2731,0.4204,0.3004,0.1379,0.1891,0.2996,0.1767,0.2551,0.2968,0.1546,0.0488,0.073,0.0845,0.0317,3363.2601,3314.1026,3340.696,3560.696,-0.8691,-0.0076,-0.4572,-0.8823,-0.015,0.2841,1,1,1,1,1,40.9,54.2,
2026-07-29 18:42:15.500,0.0886,0.1974,0.1566,0.0937,0.3855,0.3366,0.2731,0.4204,0.3004,0.1379,0.1891,0.2996,0.1767,0.2551,0.2968,0.1546,0.0488,0.073,0.0845,0.0317,3363.2601,3314.1026,3340.696,3560.696,-0.8691,-0.0076,-0.4572,-0.8823,-0.015,0.2841,1,1,1,1,1,40.9,54.2,
2026-07-29 18:42:16.529,0.0886,0.1974,0.1566,0.0937,0.3855,0.3366,0.2731,0.4204,0.3004,0.1379,0.1891,0.2996,0.1767,0.2551,0.2968,0.1546,0.0488,0.073,0.0845,0.0317,3363.2601,3314.1026,3340.696,3560.696,-0.8691,-0.0076,-0.4572,-0.8823,-0.015,0.2841,1,1,1,1,1,40.9,54.2,
2026-07-29 18:42:17.532,0.0886,0.1974,0.1566,0.0937,0.3855,0.3366,0.2731,0.4204,0.3004,0.1379,0.1891,0.2996,0.1767,0.2551,0.2968,0.1546,0.0488,0.073,0.0845,0.0317,3363.2601,3314.1026,3340.696,3560.696,-0.8691,-0.0076,-0.4572,-0.8823,-0.015,0.2841,1,1,1,1,1,40.9,54.2,
2026-07-29 18:42:18.560,0.0886,0.1974,0.1566,0.0937,0.3855,0.3366,0.2731,0.4204,0.3004,0.1379,0.1891,0.2996,0.1767,0.2551,0.2968,0.1546,0.0488,0.073,0.0845,0.0317,3363.2601,3314.1026,3340.696,3560.696,-0.8691,-0.0076,-0.4572,-0.8823,-0.015,0.2841,1,1,1,1,1,40.9,54.2,
2026-07-29 18:42:19.608,0.0886,0.1974,0.1566,0.0937,0.3855,0.3366,0.2731,0.4204,0.3004,0.1379,0.1891,0.2996,0.1767,0.2551,0.2968,0.1546,0.0488,0.073,0.0845,0.0317,3363.2601,3314.1026,3340.696,3560.696,-0.8691,-0.0076,-0.4572,-0.8823,-0.015,0.2841,1,1,1,1,1,40.9,54.2,
2026-07-29 18:42:20.633,0.0886,0.1974,0.1566,0.0937,0.3855,0.3366,0.2731,0.4204,0.3004,0.1379,0.1891,0.2996,0.1767,0.2551,0.2968,0.1546,0.0488,0.073,0.0845,0.0317,3363.2601,3314.1026,3340.696,3560.696,-0.8691,-0.0076,-0.4572,-0.8823,-0.015,0.2841,1,1,1,1,1,40.9,54.2,
2026-07-29 18:42:21.637,0.0886,0.1974,0.1566,0.0937,0.3855,0.3366,0.2731,0.4204,0.3004,0.1379,0.1891,0.2996,0.1767,0.2551,0.2968,0.1546,0.0488,0.073,0.0845,0.0317,3363.2601,3314.1026,3340.696,3560.696,-0.8691,-0.0076,-0.4572,-0.8823,-0.015,0.2841,1,1,1,1,1,40.9,54.2,
2026-07-29 18:42:22.668,0.0886,0.1974,0.1566,0.0937,0.3855,0.3366,0.2731,0.4204,0.3004,0.1379,0.1891,0.2996,0.1767,0.2551,0.2968,0.1546,0.0488,0.073,0.0845,0.0317,3363.2601,3314.1026,3340.696,3560.696,-0.8691,-0.0076,-0.4572,-0.8823,-0.015,0.2841,1,1,1,1,1,40.9,54.2,
2026-07-29 18:42:23.695,0.0886,0.1974,0.1566,0.0937,0.3855,0.3366,0.2731,0.4204,0.3004,0.1379,0.1891,0.2996,0.1767,0.2551,0.2968,0.1546,0.0488,0.073,0.0845,0.0317,3363.2601,3314.1026,3340.696,3560.696,-0.8691,-0.0076,-0.4572,-0.8823,-0.015,0.2841,1,1,1,1,1,40.9,54.2,
2026-07-29 18:42:24.702,0.0886,0.1974,0.1566,0.0937,0.3855,0.3366,0.2731,0.4204,0.3004,0.1379,0.1891,0.2996,0.1767,0.2551,0.2968,0.1546,0.0488,0.073,0.0845,0.0317,3363.2601,3314.1026,3340.696,3560.696,-0.8691,-0.0076,-0.4572,-0.8823,-0.015,0.2841,1,1,1,1,1,40.9,54.2,
2026-07-29 18:42:25.728,0.0886,0.1974,0.1566,0.0937,0.3855,0.3366,0.2731,0.4204,0.3004,0.1379,0.1891,0.2996,0.1767,0.2551,0.2968,0.1546,0.0488,0.073,0.0845,0.0317,3363.2601,3314.1026,3340.696,3560.696,-0.8691,-0.0076,-0.4572,-0.8823,-0.015,0.2841,1,1,1,1,1,40.9,54.2,
2026-07-29 18:42:26.738,0.0886,0.1974,0.1566,0.0937,0.3855,0.3366,0.2731,0.4204,0.3004,0.1379,0.1891,0.2996,0.1767,0.2551,0.2968,0.1546,0.0488,0.073,0.0845,0.0317,3363.2601,3314.1026,3340.696,3560.696,-0.8691,-0.0076,-0.4572,-0.8823,-0.015,0.2841,1,1,1,1,1,40.9,54.2,
2026-07-29 18:42:27.743,0.0886,0.1974,0.1566,0.0937,0.3855,0.3366,0.2731,0.4204,0.3004,0.1379,0.1891,0.2996,0.1767,0.2551,0.2968,0.1546,0.0488,0.073,0.0845,0.0317,3363.2601,3314.1026,3340.696,3560.696,-0.8691,-0.0076,-0.4572,-0.8823,-0.015,0.2841,1,1,1,1,1,40.9,54.2,
2026-07-29 18:42:28.759,0.0886,0.1974,0.1566,0.0937,0.3855,0.3366,0.2731,0.4204,0.3004,0.1379,0.1891,0.2996,0.1767,0.2551,0.2968,0.1546,0.0488,0.073,0.0845,0.0317,3363.2601,3314.1026,3340.696,3560.696,-0.8691,-0.0076,-0.4572,-0.8823,-0.015,0.2841,1,1,1,1,1,40.9,54.2,
2026-07-29 18:42:29.774,0.0886,0.1974,0.1566,0.0937,0.3855,0.3366,0.2731,0.4204,0.3004,0.1379,0.1891,0.2996,0.1767,0.2551,0.2968,0.1546,0.0488,0.073,0.0845,0.0317,3363.2601,3314.1026,3340.696,3560.696,-0.8691,-0.0076,-0.4572,-0.8823,-0.015,0.2841,1,1,1,1,1,40.9,54.2,
2026-07-29 18:42:30.805,0.0886,0.1974,0.1566,0.0937,0.3855,0.3366,0.2731,0.4204,0.3004,0.1379,0.1891,0.2996,0.1767,0.2551,0.2968,0.1546,0.0488,0.073,0.0845,0.0317,3363.2601,3314.1026,3340.696,3560.696,-0.8691,-0.0076,-0.4572,-0.8823,-0.015,0.2841,1,1,1,1,1,40.9,54.2,
2026-07-29 18:42:31.824,0.0886,0.1974,0.1566,0.0937,0.3855,0.3366,0.2731,0.4204,0.3004,0.1379,0.1891,0.2996,0.1767,0.2551,0.2968,0.1546,0.0488,0.073,0.0845,0.0317,3363.2601,3314.1026,3340.696,3560.696,-0.8691,-0.0076,-0.4572,-0.8823,-0.015,0.2841,1,1,1,1,1,40.9,54.2,
2026-07-29 18:42:32.817,0.0886,0.1974,0.1566,0.0937,0.3855,0.3366,0.2731,0.4204,0.3004,0.1379,0.1891,0.2996,0.1767,0.2551,0.2968,0.1546,0.0488,0.073,0.0845,0.0317,3363.2601,3314.1026,3340.696,3560.696,-0.8691,-0.0076,-0.4572,-0.8823,-0.015,0.2841,1,1,1,1,1,40.9,54.2,
2026-07-29 18:42:33.817,0.0886,0.1974,0.1566,0.0937,0.3855,0.3366,0.2731,0.4204,0.3004,0.1379,0.1891,0.2996,0.1767,0.2551,0.2968,0.1546,0.0488,0.073,0.0845,0.0317,3363.2601,3314.1026,3340.696,3560.696,-0.8691,-0.0076,-0.4572,-0.8823,-0.015,0.2841,1,1,1,1,1,40.9,54.2,
2026-07-29 18:42:34.818,0.0886,0.1974,0.1566,0.0937,0.3855,0.3366,0.2731,0.4204,0.3004,0.1379,0.1891,0.2996,0.1767,0.2551,0.2968,0.1546,0.0488,0.073,0.0845,0.0317,3363.2601,3314.1026,3340.696,3560.696,-0.8691,-0.0076,-0.4572,-0.8823,-0.015,0.2841,1,1,1,1,1,40.9,54.2,
2026-07-29 18:42:35.819,0.0886,0.1974,0.1566,0.0937,0.3855,0.3366,0.2731,0.4204,0.3004,0.1379,0.1891,0.2996,0.1767,0.2551,0.2968,0.1546,0.0488,0.073,0.0845,0.0317,3363.2601,3314.1026,3340.696,3560.696,-0.8691,-0.0076,-0.4572,-0.8823,-0.015,0.2841,1,1,1,1,1,40.9,54.2,
2026-07-29 18:42:36.869,0.0886,0.1974,0.1566,0.0937,0.3855,0.3366,0.2731,0.4204,0.3004,0.1379,0.1891,0.2996,0.1767,0.2551,0.2968,0.1546,0.0488,0.073,0.0845,0.0317,3363.2601,3314.1026,3340.696,3560.696,-0.8691,-0.0076,-0.4572,-0.8823,-0.015,0.2841,1,1,1,1,1,40.9,54.2,
2026-07-29 18:42:37.915,0.0886,0.1974,0.1566,0.0937,0.3855,0.3366,0.2731,0.4204,0.3004,0.1379,0.1891,0.2996,0.1767,0.2551,0.2968,0.1546,0.0488,0.073,0.0845,0.0317,3363.2601,3314.1026,3340.696,3560.696,-0.8691,-0.0076,-0.4572,-0.8823,-0.015,0.2841,1,1,1,1,1,40.9,54.2,
2026-07-29 18:42:38.962,0.0886,0.1974,0.1566,0.0937,0.3855,0.3366,0.2731,0.4204,0.3004,0.1379,0.1891,0.2996,0.1767,0.2551,0.2968,0.1546,0.0488,0.073,0.0845,0.0317,3363.2601,3314.1026,3340.696,3560.696,-0.8691,-0.0076,-0.4572,-0.8823,-0.015,0.2841,1,1,1,1,1,40.9,54.2,
2026-07-29 18:42:40.015,0.0886,0.1974,0.1566,0.0937,0.3855,0.3366,0.2731,0.4204,0.3004,0.1379,0.1891,0.2996,0.1767,0.2551,0.2968,0.1546,0.0488,0.073,0.0845,0.0317,3363.2601,3314.1026,3340.696,3560.696,-0.8691,-0.0076,-0.4572,-0.8823,-0.015,0.2841,1,1,1,1,1,40.9,54.2,
2026-07-29 18:42:41.066,0.0886,0.1974,0.1566,0.0937,0.3855,0.3366,0.2731,0.4204,0.3004,0.1379,0.1891,0.2996,0.1767,0.2551,0.2968,0.1546,0.0488,0.073,0.0845,0.0317,3363.2601,3314.1026,3340.696,3560.696,-0.8691,-0.0076,-0.4572,-0.8823,-0.015,0.2841,1,1,1,1,1,40.9,54.2,
2026-07-29 18:42:42.069,0.0886,0.1974,0.1566,0.0937,0.3855,0.3366,0.2731,0.4204,0.3004,0.1379,0.1891,0.2996,0.1767,0.2551,0.2968,0.1546,0.0488,0.073,0.0845,0.0317,3363.2601,3314.1026,3340.696,3560.696,-0.8691,-0.0076,-0.4572,-0.8823,-0.015,0.2841,1,1,1,1,1,40.9,54.2,
2026-07-29 18:42:43.110,0.0886,0.1974,0.1566,0.0937,0.3855,0.3366,0.2731,0.4204,0.3004,0.1379,0.1891,0.2996,0.1767,0.2551,0.2968,0.1546,0.0488,0.073,0.0845,0.0317,3363.2601,3314.1026,3340.696,3560.696,-0.8691,-0.0076,-0.4572,-0.8823,-0.015,0.2841,1,1,1,1,1,40.9,54.2,
2026-07-29 18:42:44.136,0.0886,0.1974,0.1566,0.0937,0.3855,0.3366,0.2731,0.4204,0.3004,0.1379,0.1891,0.2996,0.1767,0.2551,0.2968,0.1546,0.0488,0.073,0.0845,0.0317,3363.2601,3314.1026,3340.696,3560.696,-0.8691,-0.0076,-0.4572,-0.8823,-0.015,0.2841,1,1,1,1,1,40.9,54.2,
2026-07-29 18:42:45.178,0.0886,0.1974,0.1566,0.0937,0.3855,0.3366,0.2731,0.4204,0.3004,0.1379,0.1891,0.2996,0.1767,0.2551,0.2968,0.1546,0.0488,0.073,0.0845,0.0317,3363.2601,3314.1026,3340.696,3560.696,-0.8691,-0.0076,-0.4572,-0.8823,-0.015,0.2841,1,1,1,1,1,40.9,54.2,
2026-07-29 18:42:46.226,0.0886,0.1974,0.1566,0.0937,0.3855,0.3366,0.2731,0.4204,0.3004,0.1379,0.1891,0.2996,0.1767,0.2551,0.2968,0.1546,0.0488,0.073,0.0845,0.0317,3363.2601,3314.1026,3340.696,3560.696,-0.8691,-0.0076,-0.4572,-0.8823,-0.015,0.2841,1,1,1,1,1,40.9,54.2,
2026-07-29 18:42:47.273,0.0886,0.1974,0.1566,0.0937,0.3855,0.3366,0.2731,0.4204,0.3004,0.1379,0.1891,0.2996,0.1767,0.2551,0.2968,0.1546,0.0488,0.073,0.0845,0.0317,3363.2601,3314.1026,3340.696,3560.696,-0.8691,-0.0076,-0.4572,-0.8823,-0.015,0.2841,1,1,1,1,1,40.9,54.2,
2026-07-29 18:42:48.320,0.0886,0.1974,0.1566,0.0937,0.3855,0.3366,0.2731,0.4204,0.3004,0.1379,0.1891,0.2996,0.1767,0.2551,0.2968,0.1546,0.0488,0.073,0.0845,0.0317,3363.2601,3314.1026,3340.696,3560.696,-0.8691,-0.0076,-0.4572,-0.8823,-0.015,0.2841,1,1,1,1,1,40.9,54.2,
2026-07-29 18:42:49.370,0.0886,0.1974,0.1566,0.0937,0.3855,0.3366,0.2731,0.4204,0.3004,0.1379,0.1891,0.2996,0.1767,0.2551,0.2968,0.1546,0.0488,0.073,0.0845,0.0317,3363.2601,3314.1026,3340.696,3560.696,-0.8691,-0.0076,-0.4572,-0.8823,-0.015,0.2841,1,1,1,1,1,40.9,54.2,
2026-07-29 18:42:50.370,0.0886,0.1974,0.1566,0.0937,0.3855,0.3366,0.2731,0.4204,0.3004,0.1379,0.1891,0.2996,0.1767,0.2551,0.2968,0.1546,0.0488,0.073,0.0845,0.0317,3363.2601,3314.1026,3340.696,3560.696,-0.8691,-0.0076,-0.4572,-0.8823,-0.015,0.2841,1,1,1,1,1,40.9,54.2,
2026-07-29 18:42:51.372,0.0886,0.1974,0.1566,0.0937,0.3855,0.3366,0.2731,0.4204,0.3004,0.1379,0.1891,0.2996,0.1767,0.2551,0.2968,0.1546,0.0488,0.073,0.0845,0.0317,3363.2601,3314.1026,3340.696,3560.696,-0.8691,-0.0076,-0.4572,-0.8823,-0.015,0.2841,1,1,1,1,1,40.9,54.2,
2026-07-29 18:42:52.373,0.0886,0.1974,0.1566,0.0937,0.3855,0.3366,0.2731,0.4204,0.3004,0.1379,0.1891,0.2996,0.1767,0.2551,0.2968,0.1546,0.0488,0.073,0.0845,0.0317,3363.2601,3314.1026,3340.696,3560.696,-0.8691,-0.0076,-0.4572,-0.8823,-0.015,0.2841,1,1,1,1,1,40.9,54.2,
2026-07-29 18:42:53.419,0.0886,0.1974,0.1566,0.0937,0.3855,0.3366,0.2731,0.4204,0.3004,0.1379,0.1891,0.2996,0.1767,0.2551,0.2968,0.1546,0.0488,0.073,0.0845,0.0317,3363.2601,3314.1026,3340.696,3560.696,-0.8691,-0.0076,-0.4572,-0.8823,-0.015,0.2841,1,1,1,1,1,40.9,54.2,
2026-07-29 18:42:54.468,0.0886,0.1974,0.1566,0.0937,0.3855,0.3366,0.2731,0.4204,0.3004,0.1379,0.1891,0.2996,0.1767,0.2551,0.2968,0.1546,0.0488,0.073,0.0845,0.0317,3363.2601,3314.1026,3340.696,3560.696,-0.8691,-0.0076,-0.4572,-0.8823,-0.015,0.2841,1,1,1,1,1,40.9,54.2,
2026-07-29 18:42:55.515,0.0886,0.1974,0.1566,0.0937,0.3855,0.3366,0.2731,0.4204,0.3004,0.1379,0.1891,0.2996,0.1767,0.2551,0.2968,0.1546,0.0488,0.073,0.0845,0.0317,3363.2601,3314.1026,3340.696,3560.696,-0.8691,-0.0076,-0.4572,-0.8823,-0.015,0.2841,1,1,1,1,1,40.9,54.2,
2026-07-29 18:42:56.516,0.0886,0.1974,0.1566,0.0937,0.3855,0.3366,0.2731,0.4204,0.3004,0.1379,0.1891,0.2996,0.1767,0.2551,0.2968,0.1546,0.0488,0.073,0.0845,0.0317,3363.2601,3314.1026,3340.696,3560.696,-0.8691,-0.0076,-0.4572,-0.8823,-0.015,0.2841,1,1,1,1,1,40.9,54.2,
2026-07-29 18:42:57.556,0.0886,0.1974,0.1566,0.0937,0.3855,0.3366,0.2731,0.4204,0.3004,0.1379,0.1891,0.2996,0.1767,0.2551,0.2968,0.1546,0.0488,0.073,0.0845,0.0317,3363.2601,3314.1026,3340.696,3560.696,-0.8691,-0.0076,-0.4572,-0.8823,-0.015,0.2841,1,1,1,1,1,40.9,54.2,
2026-07-29 18:42:58.598,0.0886,0.1974,0.1566,0.0937,0.3855,0.3366,0.2731,0.4204,0.3004,0.1379,0.1891,0.2996,0.1767,0.2551,0.2968,0.1546,0.0488,0.073,0.0845,0.0317,3363.2601,3314.1026,3340.696,3560.696,-0.8691,-0.0076,-0.4572,-0.8823,-0.015,0.2841,1,1,1,1,1,40.9,54.2,
2026-07-29 18:42:59.648,0.0886,0.1974,0.1566,0.0937,0.3855,0.3366,0.2731,0.4204,0.3004,0.1379,0.1891,0.2996,0.1767,0.2551,0.2968,0.1546,0.0488,0.073,0.0845,0.0317,3363.2601,3314.1026,3340.696,3560.696,-0.8691,-0.0076,-0.4572,-0.8823,-0.015,0.2841,1,1,1,1,1,40.9,54.2,
2026-07-29 18:43:00.652,0.0886,0.1974,0.1566,0.0937,0.3855,0.3366,0.2731,0.4204,0.3004,0.1379,0.1891,0.2996,0.1767,0.2551,0.2968,0.1546,0.0488,0.073,0.0845,0.0317,3363.2601,3314.1026,3340.696,3560.696,-0.8691,-0.0076,-0.4572,-0.8823,-0.015,0.2841,1,1,1,1,1,40.9,54.2,
2026-07-29 18:43:01.668,0.0886,0.1974,0.1566,0.0937,0.3855,0.3366,0.2731,0.4204,0.3004,0.1379,0.1891,0.2996,0.1767,0.2551,0.2968,0.1546,0.0488,0.073,0.0845,0.0317,3363.2601,3314.1026,3340.696,3560.696,-0.8691,-0.0076,-0.4572,-0.8823,-0.015,0.2841,1,1,1,1,1,40.9,54.2,
2026-07-29 18:43:02.704,0.0886,0.1974,0.1566,0.0937,0.3855,0.3366,0.2731,0.4204,0.3004,0.1379,0.1891,0.2996,0.1767,0.2551,0.2968,0.1546,0.0488,0.073,0.0845,0.0317,3363.2601,3314.1026,3340.696,3560.696,-0.8691,-0.0076,-0.4572,-0.8823,-0.015,0.2841,1,1,1,1,1,40.9,54.2,
2026-07-29 18:43:03.749,0.0886,0.1974,0.1566,0.0937,0.3855,0.3366,0.2731,0.4204,0.3004,0.1379,0.1891,0.2996,0.1767,0.2551,0.2968,0.1546,0.0488,0.073,0.0845,0.0317,3363.2601,3314.1026,3340.696,3560.696,-0.8691,-0.0076,-0.4572,-0.8823,-0.015,0.2841,1,1,1,1,1,40.9,54.2,
2026-07-29 18:43:04.788,0.0886,0.1974,0.1566,0.0937,0.3855,0.3366,0.2731,0.4204,0.3004,0.1379,0.1891,0.2996,0.1767,0.2551,0.2968,0.1546,0.0488,0.073,0.0845,0.0317,3363.2601,3314.1026,3340.696,3560.696,-0.8691,-0.0076,-0.4572,-0.8823,-0.015,0.2841,1,1,1,1,1,40.9,54.2,
2026-07-29 18:43:05.826,0.0886,0.1974,0.1566,0.0937,0.3855,0.3366,0.2731,0.4204,0.3004,0.1379,0.1891,0.2996,0.1767,0.2551,0.2968,0.1546,0.0488,0.073,0.0845,0.0317,3363.2601,3314.1026,3340.696,3560.696,-0.8691,-0.0076,-0.4572,-0.8823,-0.015,0.2841,1,1,1,1,1,40.9,54.2,
2026-07-29 18:43:06.869,0.0886,0.1974,0.1566,0.0937,0.3855,0.3366,0.2731,0.4204,0.3004,0.1379,0.1891,0.2996,0.1767,0.2551,0.2968,0.1546,0.0488,0.073,0.0845,0.0317,3363.2601,3314.1026,3340.696,3560.696,-0.8691,-0.0076,-0.4572,-0.8823,-0.015,0.2841,1,1,1,1,1,40.9,54.2,
2026-07-29 18:43:07.879,0.0886,0.1974,0.1566,0.0937,0.3855,0.3366,0.2731,0.4204,0.3004,0.1379,0.1891,0.2996,0.1767,0.2551,0.2968,0.1546,0.0488,0.073,0.0845,0.0317,3363.2601,3314.1026,3340.696,3560.696,-0.8691,-0.0076,-0.4572,-0.8823,-0.015,0.2841,1,1,1,1,1,40.9,54.2,
2026-07-29 18:43:08.924,0.0886,0.1974,0.1566,0.0937,0.3855,0.3366,0.2731,0.4204,0.3004,0.1379,0.1891,0.2996,0.1767,0.2551,0.2968,0.1546,0.0488,0.073,0.0845,0.0317,3363.2601,3314.1026,3340.696,3560.696,-0.8691,-0.0076,-0.4572,-0.8823,-0.015,0.2841,1,1,1,1,1,40.9,54.2,
2026-07-29 18:43:09.973,0.0886,0.1974,0.1566,0.0937,0.3855,0.3366,0.2731,0.4204,0.3004,0.1379,0.1891,0.2996,0.1767,0.2551,0.2968,0.1546,0.0488,0.073,0.0845,0.0317,3363.2601,3314.1026,3340.696,3560.696,-0.8691,-0.0076,-0.4572,-0.8823,-0.015,0.2841,1,1,1,1,1,40.9,54.2,
2026-07-29 18:43:11.023,0.0886,0.1974,0.1566,0.0937,0.3855,0.3366,0.2731,0.4204,0.3004,0.1379,0.1891,0.2996,0.1767,0.2551,0.2968,0.1546,0.0488,0.073,0.0845,0.0317,3363.2601,3314.1026,3340.696,3560.696,-0.8691,-0.0076,-0.4572,-0.8823,-0.015,0.2841,1,1,1,1,1,40.9,54.2,
2026-07-29 18:43:12.069,0.0886,0.1974,0.1566,0.0937,0.3855,0.3366,0.2731,0.4204,0.3004,0.1379,0.1891,0.2996,0.1767,0.2551,0.2968,0.1546,0.0488,0.073,0.0845,0.0317,3363.2601,3314.1026,3340.696,3560.696,-0.8691,-0.0076,-0.4572,-0.8823,-0.015,0.2841,1,1,1,1,1,40.9,54.2,
2026-07-29 18:43:13.117,0.0886,0.1974,0.1566,0.0937,0.3855,0.3366,0.2731,0.4204,0.3004,0.1379,0.1891,0.2996,0.1767,0.2551,0.2968,0.1546,0.0488,0.073,0.0845,0.0317,3363.2601,3314.1026,3340.696,3560.696,-0.8691,-0.0076,-0.4572,-0.8823,-0.015,0.2841,1,1,1,1,1,40.9,54.2,
2026-07-29 18:43:14.162,0.0886,0.1974,0.1566,0.0937,0.3855,0.3366,0.2731,0.4204,0.3004,0.1379,0.1891,0.2996,0.1767,0.2551,0.2968,0.1546,0.0488,0.073,0.0845,0.0317,3363.2601,3314.1026,3340.696,3560.696,-0.8691,-0.0076,-0.4572,-0.8823,-0.015,0.2841,1,1,1,1,1,40.9,54.2,
2026-07-29 18:43:15.210,0.0886,0.1974,0.1566,0.0937,0.3855,0.3366,0.2731,0.4204,0.3004,0.1379,0.1891,0.2996,0.1767,0.2551,0.2968,0.1546,0.0488,0.073,0.0845,0.0317,3363.2601,3314.1026,3340.696,3560.696,-0.8691,-0.0076,-0.4572,-0.8823,-0.015,0.2841,1,1,1,1,1,40.9,54.2,
2026-07-29 18:43:16.262,0.0886,0.1974,0.1566,0.0937,0.3855,0.3366,0.2731,0.4204,0.3004,0.1379,0.1891,0.2996,0.1767,0.2551,0.2968,0.1546,0.0488,0.073,0.0845,0.0317,3363.2601,3314.1026,3340.696,3560.696,-0.8691,-0.0076,-0.4572,-0.8823,-0.015,0.2841,1,1,1,1,1,40.9,54.2,
2026-07-29 18:43:17.266,0.0886,0.1974,0.1566,0.0937,0.3855,0.3366,0.2731,0.4204,0.3004,0.1379,0.1891,0.2996,0.1767,0.2551,0.2968,0.1546,0.0488,0.073,0.0845,0.0317,3363.2601,3314.1026,3340.696,3560.696,-0.8691,-0.0076,-0.4572,-0.8823,-0.015,0.2841,1,1,1,1,1,40.9,54.2,
2026-07-29 18:43:18.315,0.0886,0.1974,0.1566,0.0937,0.3855,0.3366,0.2731,0.4204,0.3004,0.1379,0.1891,0.2996,0.1767,0.2551,0.2968,0.1546,0.0488,0.073,0.0845,0.0317,3363.2601,3314.1026,3340.696,3560.696,-0.8691,-0.0076,-0.4572,-0.8823,-0.015,0.2841,1,1,1,1,1,40.9,54.2,
2026-07-29 18:43:19.363,0.0886,0.1974,0.1566,0.0937,0.3855,0.3366,0.2731,0.4204,0.3004,0.1379,0.1891,0.2996,0.1767,0.2551,0.2968,0.1546,0.0488,0.073,0.0845,0.0317,3363.2601,3314.1026,3340.696,3560.696,-0.8691,-0.0076,-0.4572,-0.8823,-0.015,0.2841,1,1,1,1,1,40.9,54.2,
2026-07-29 18:43:20.367,0.0886,0.1974,0.1566,0.0937,0.3855,0.3366,0.2731,0.4204,0.3004,0.1379,0.1891,0.2996,0.1767,0.2551,0.2968,0.1546,0.0488,0.073,0.0845,0.0317,3363.2601,3314.1026,3340.696,3560.696,-0.8691,-0.0076,-0.4572,-0.8823,-0.015,0.2841,1,1,1,1,1,40.9,54.2,
2026-07-29 18:43:21.368,0.0886,0.1974,0.1566,0.0937,0.3855,0.3366,0.2731,0.4204,0.3004,0.1379,0.1891,0.2996,0.1767,0.2551,0.2968,0.1546,0.0488,0.073,0.0845,0.0317,3363.2601,3314.1026,3340.696,3560.696,-0.8691,-0.0076,-0.4572,-0.8823,-0.015,0.2841,1,1,1,1,1,40.9,54.2,
2026-07-29 18:43:22.414,0.0886,0.1974,0.1566,0.0937,0.3855,0.3366,0.2731,0.4204,0.3004,0.1379,0.1891,0.2996,0.1767,0.2551,0.2968,0.1546,0.0488,0.073,0.0845,0.0317,3363.2601,3314.1026,3340.696,3560.696,-0.8691,-0.0076,-0.4572,-0.8823,-0.015,0.2841,1,1,1,1,1,40.9,54.2,
2026-07-29 18:43:23.418,0.0886,0.1974,0.1566,0.0937,0.3855,0.3366,0.2731,0.4204,0.3004,0.1379,0.1891,0.2996,0.1767,0.2551,0.2968,0.1546,0.0488,0.073,0.0845,0.0317,3363.2601,3314.1026,3340.696,3560.696,-0.8691,-0.0076,-0.4572,-0.8823,-0.015,0.2841,1,1,1,1,1,40.9,54.2,
2026-07-29 18:43:24.466,0.0886,0.1974,0.1566,0.0937,0.3855,0.3366,0.2731,0.4204,0.3004,0.1379,0.1891,0.2996,0.1767,0.2551,0.2968,0.1546,0.0488,0.073,0.0845,0.0317,3363.2601,3314.1026,3340.696,3560.696,-0.8691,-0.0076,-0.4572,-0.8823,-0.015,0.2841,1,1,1,1,1,40.9,54.2,
2026-07-29 18:43:25.517,0.0886,0.1974,0.1566,0.0937,0.3855,0.3366,0.2731,0.4204,0.3004,0.1379,0.1891,0.2996,0.1767,0.2551,0.2968,0.1546,0.0488,0.073,0.0845,0.0317,3363.2601,3314.1026,3340.696,3560.696,-0.8691,-0.0076,-0.4572,-0.8823,-0.015,0.2841,1,1,1,1,1,40.9,54.2,
2026-07-29 18:43:26.565,0.0886,0.1974,0.1566,0.0937,0.3855,0.3366,0.2731,0.4204,0.3004,0.1379,0.1891,0.2996,0.1767,0.2551,0.2968,0.1546,0.0488,0.073,0.0845,0.0317,3363.2601,3314.1026,3340.696,3560.696,-0.8691,-0.0076,-0.4572,-0.8823,-0.015,0.2841,1,1,1,1,1,40.9,54.2,
2026-07-29 18:43:27.616,0.0886,0.1974,0.1566,0.0937,0.3855,0.3366,0.2731,0.4204,0.3004,0.1379,0.1891,0.2996,0.1767,0.2551,0.2968,0.1546,0.0488,0.073,0.0845,0.0317,3363.2601,3314.1026,3340.696,3560.696,-0.8691,-0.0076,-0.4572,-0.8823,-0.015,0.2841,1,1,1,1,1,40.9,54.2,
2026-07-29 18:43:28.669,0.0886,0.1974,0.1566,0.0937,0.3855,0.3366,0.2731,0.4204,0.3004,0.1379,0.1891,0.2996,0.1767,0.2551,0.2968,0.1546,0.0488,0.073,0.0845,0.0317,3363.2601,3314.1026,3340.696,3560.696,-0.8691,-0.0076,-0.4572,-0.8823,-0.015,0.2841,1,1,1,1,1,40.9,54.2,
2026-07-29 18:43:29.668,0.0886,0.1974,0.1566,0.0937,0.3855,0.3366,0.2731,0.4204,0.3004,0.1379,0.1891,0.2996,0.1767,0.2551,0.2968,0.1546,0.0488,0.073,0.0845,0.0317,3363.2601,3314.1026,3340.696,3560.696,-0.8691,-0.0076,-0.4572,-0.8823,-0.015,0.2841,1,1,1,1,1,40.9,54.2,
2026-07-29 18:43:30.718,0.0886,0.1974,0.1566,0.0937,0.3855,0.3366,0.2731,0.4204,0.3004,0.1379,0.1891,0.2996,0.1767,0.2551,0.2968,0.1546,0.0488,0.073,0.0845,0.0317,3363.2601,3314.1026,3340.696,3560.696,-0.8691,-0.0076,-0.4572,-0.8823,-0.015,0.2841,1,1,1,1,1,40.9,54.2,
2026-07-29 18:43:31.766,0.0886,0.1974,0.1566,0.0937,0.3855,0.3366,0.2731,0.4204,0.3004,0.1379,0.1891,0.2996,0.1767,0.2551,0.2968,0.1546,0.0488,0.073,0.0845,0.0317,3363.2601,3314.1026,3340.696,3560.696,-0.8691,-0.0076,-0.4572,-0.8823,-0.015,0.2841,1,1,1,1,1,40.9,54.2,
2026-07-29 18:43:32.818,0.0886,0.1974,0.1566,0.0937,0.3855,0.3366,0.2731,0.4204,0.3004,0.1379,0.1891,0.2996,0.1767,0.2551,0.2968,0.1546,0.0488,0.073,0.0845,0.0317,3363.2601,3314.1026,3340.696,3560.696,-0.8691,-0.0076,-0.4572,-0.8823,-0.015,0.2841,1,1,1,1,1,40.9,54.2,
2026-07-29 18:43:33.866,0.0886,0.1974,0.1566,0.0937,0.3855,0.3366,0.2731,0.4204,0.3004,0.1379,0.1891,0.2996,0.1767,0.2551,0.2968,0.1546,0.0488,0.073,0.0845,0.0317,3363.2601,3314.1026,3340.696,3560.696,-0.8691,-0.0076,-0.4572,-0.8823,-0.015,0.2841,1,1,1,1,1,40.9,54.2,
2026-07-29 18:43:34.912,0.0886,0.1974,0.1566,0.0937,0.3855,0.3366,0.2731,0.4204,0.3004,0.1379,0.1891,0.2996,0.1767,0.2551,0.2968,0.1546,0.0488,0.073,0.0845,0.0317,3363.2601,3314.1026,3340.696,3560.696,-0.8691,-0.0076,-0.4572,-0.8823,-0.015,0.2841,1,1,1,1,1,40.9,54.2,
2026-07-29 18:43:35.969,0.0886,0.1974,0.1566,0.0937,0.3855,0.3366,0.2731,0.4204,0.3004,0.1379,0.1891,0.2996,0.1767,0.2551,0.2968,0.1546,0.0488,0.073,0.0845,0.0317,3363.2601,3314.1026,3340.696,3560.696,-0.8691,-0.0076,-0.4572,-0.8823,-0.015,0.2841,1,1,1,1,1,40.9,54.2,
2026-07-29 18:43:37.017,0.0886,0.1974,0.1566,0.0937,0.3855,0.3366,0.2731,0.4204,0.3004,0.1379,0.1891,0.2996,0.1767,0.2551,0.2968,0.1546,0.0488,0.073,0.0845,0.0317,3363.2601,3314.1026,3340.696,3560.696,-0.8691,-0.0076,-0.4572,-0.8823,-0.015,0.2841,1,1,1,1,1,40.9,54.2,
2026-07-29 18:43:38.065,0.0886,0.1974,0.1566,0.0937,0.3855,0.3366,0.2731,0.4204,0.3004,0.1379,0.1891,0.2996,0.1767,0.2551,0.2968,0.1546,0.0488,0.073,0.0845,0.0317,3363.2601,3314.1026,3340.696,3560.696,-0.8691,-0.0076,-0.4572,-0.8823,-0.015,0.2841,1,1,1,1,1,40.9,54.2,
2026-07-29 18:43:39.117,0.0886,0.1974,0.1566,0.0937,0.3855,0.3366,0.2731,0.4204,0.3004,0.1379,0.1891,0.2996,0.1767,0.2551,0.2968,0.1546,0.0488,0.073,0.0845,0.0317,3363.2601,3314.1026,3340.696,3560.696,-0.8691,-0.0076,-0.4572,-0.8823,-0.015,0.2841,1,1,1,1,1,40.9,54.2,
2026-07-29 18:43:40.119,0.0886,0.1974,0.1566,0.0937,0.3855,0.3366,0.2731,0.4204,0.3004,0.1379,0.1891,0.2996,0.1767,0.2551,0.2968,0.1546,0.0488,0.073,0.0845,0.0317,3363.2601,3314.1026,3340.696,3560.696,-0.8691,-0.0076,-0.4572,-0.8823,-0.015,0.2841,1,1,1,1,1,40.9,54.2,
2026-07-29 18:43:41.148,0.0886,0.1974,0.1566,0.0937,0.3855,0.3366,0.2731,0.4204,0.3004,0.1379,0.1891,0.2996,0.1767,0.2551,0.2968,0.1546,0.0488,0.073,0.0845,0.0317,3363.2601,3314.1026,3340.696,3560.696,-0.8691,-0.0076,-0.4572,-0.8823,-0.015,0.2841,1,1,1,1,1,40.9,54.2,
2026-07-29 18:43:42.186,0.0886,0.1974,0.1566,0.0937,0.3855,0.3366,0.2731,0.4204,0.3004,0.1379,0.1891,0.2996,0.1767,0.2551,0.2968,0.1546,0.0488,0.073,0.0845,0.0317,3363.2601,3314.1026,3340.696,3560.696,-0.8691,-0.0076,-0.4572,-0.8823,-0.015,0.2841,1,1,1,1,1,40.9,54.2,
2026-07-29 18:43:43.222,0.0886,0.1974,0.1566,0.0937,0.3855,0.3366,0.2731,0.4204,0.3004,0.1379,0.1891,0.2996,0.1767,0.2551,0.2968,0.1546,0.0488,0.073,0.0845,0.0317,3363.2601,3314.1026,3340.696,3560.696,-0.8691,-0.0076,-0.4572,-0.8823,-0.015,0.2841,1,1,1,1,1,40.9,54.2,
2026-07-29 18:43:44.224,0.0886,0.1974,0.1566,0.0937,0.3855,0.3366,0.2731,0.4204,0.3004,0.1379,0.1891,0.2996,0.1767,0.2551,0.2968,0.1546,0.0488,0.073,0.0845,0.0317,3363.2601,3314.1026,3340.696,3560.696,-0.8691,-0.0076,-0.4572,-0.8823,-0.015,0.2841,1,1,1,1,1,40.9,54.2,
2026-07-29 18:43:45.228,0.0886,0.1974,0.1566,0.0937,0.3855,0.3366,0.2731,0.4204,0.3004,0.1379,0.1891,0.2996,0.1767,0.2551,0.2968,0.1546,0.0488,0.073,0.0845,0.0317,3363.2601,3314.1026,3340.696,3560.696,-0.8691,-0.0076,-0.4572,-0.8823,-0.015,0.2841,1,1,1,1,1,40.9,54.2,
2026-07-29 18:43:46.230,0.0886,0.1974,0.1566,0.0937,0.3855,0.3366,0.2731,0.4204,0.3004,0.1379,0.1891,0.2996,0.1767,0.2551,0.2968,0.1546,0.0488,0.073,0.0845,0.0317,3363.2601,3314.1026,3340.696,3560.696,-0.8691,-0.0076,-0.4572,-0.8823,-0.015,0.2841,1,1,1,1,1,40.9,54.2,
2026-07-29 18:43:47.287,0.0886,0.1974,0.1566,0.0937,0.3855,0.3366,0.2731,0.4204,0.3004,0.1379,0.1891,0.2996,0.1767,0.2551,0.2968,0.1546,0.0488,0.073,0.0845,0.0317,3363.2601,3314.1026,3340.696,3560.696,-0.8691,-0.0076,-0.4572,-0.8823,-0.015,0.2841,1,1,1,1,1,40.9,54.2,
2026-07-29 18:43:48.287,0.0886,0.1974,0.1566,0.0937,0.3855,0.3366,0.2731,0.4204,0.3004,0.1379,0.1891,0.2996,0.1767,0.2551,0.2968,0.1546,0.0488,0.073,0.0845,0.0317,3363.2601,3314.1026,3340.696,3560.696,-0.8691,-0.0076,-0.4572,-0.8823,-0.015,0.2841,1,1,1,1,1,40.9,54.2,
2026-07-29 18:43:49.291,0.0886,0.1974,0.1566,0.0937,0.3855,0.3366,0.2731,0.4204,0.3004,0.1379,0.1891,0.2996,0.1767,0.2551,0.2968,0.1546,0.0488,0.073,0.0845,0.0317,3363.2601,3314.1026,3340.696,3560.696,-0.8691,-0.0076,-0.4572,-0.8823,-0.015,0.2841,1,1,1,1,1,40.9,54.2,
2026-07-29 18:43:50.300,0.0886,0.1974,0.1566,0.0937,0.3855,0.3366,0.2731,0.4204,0.3004,0.1379,0.1891,0.2996,0.1767,0.2551,0.2968,0.1546,0.0488,0.073,0.0845,0.0317,3363.2601,3314.1026,3340.696,3560.696,-0.8691,-0.0076,-0.4572,-0.8823,-0.015,0.2841,1,1,1,1,1,40.9,54.2,
2026-07-29 18:43:51.346,0.0886,0.1974,0.1566,0.0937,0.3855,0.3366,0.2731,0.4204,0.3004,0.1379,0.1891,0.2996,0.1767,0.2551,0.2968,0.1546,0.0488,0.073,0.0845,0.0317,3363.2601,3314.1026,3340.696,3560.696,-0.8691,-0.0076,-0.4572,-0.8823,-0.015,0.2841,1,1,1,1,1,40.9,54.2,
2026-07-29 18:43:52.351,0.0886,0.1974,0.1566,0.0937,0.3855,0.3366,0.2731,0.4204,0.3004,0.1379,0.1891,0.2996,0.1767,0.2551,0.2968,0.1546,0.0488,0.073,0.0845,0.0317,3363.2601,3314.1026,3340.696,3560.696,-0.8691,-0.0076,-0.4572,-0.8823,-0.015,0.2841,1,1,1,1,1,40.9,54.2,
2026-07-29 18:43:53.358,0.0886,0.1974,0.1566,0.0937,0.3855,0.3366,0.2731,0.4204,0.3004,0.1379,0.1891,0.2996,0.1767,0.2551,0.2968,0.1546,0.0488,0.073,0.0845,0.0317,3363.2601,3314.1026,3340.696,3560.696,-0.8691,-0.0076,-0.4572,-0.8823,-0.015,0.2841,1,1,1,1,1,40.9,54.2,
2026-07-29 18:43:54.359,0.0886,0.1974,0.1566,0.0937,0.3855,0.3366,0.2731,0.4204,0.3004,0.1379,0.1891,0.2996,0.1767,0.2551,0.2968,0.1546,0.0488,0.073,0.0845,0.0317,3363.2601,3314.1026,3340.696,3560.696,-0.8691,-0.0076,-0.4572,-0.8823,-0.015,0.2841,1,1,1,1,1,40.9,54.2,
2026-07-29 18:43:55.407,0.0886,0.1974,0.1566,0.0937,0.3855,0.3366,0.2731,0.4204,0.3004,0.1379,0.1891,0.2996,0.1767,0.2551,0.2968,0.1546,0.0488,0.073,0.0845,0.0317,3363.2601,3314.1026,3340.696,3560.696,-0.8691,-0.0076,-0.4572,-0.8823,-0.015,0.2841,1,1,1,1,1,40.9,54.2,
2026-07-29 18:43:56.413,0.0886,0.1974,0.1566,0.0937,0.3855,0.3366,0.2731,0.4204,0.3004,0.1379,0.1891,0.2996,0.1767,0.2551,0.2968,0.1546,0.0488,0.073,0.0845,0.0317,3363.2601,3314.1026,3340.696,3560.696,-0.8691,-0.0076,-0.4572,-0.8823,-0.015,0.2841,1,1,1,1,1,40.9,54.2,
2026-07-29 18:43:57.415,0.0886,0.1974,0.1566,0.0937,0.3855,0.3366,0.2731,0.4204,0.3004,0.1379,0.1891,0.2996,0.1767,0.2551,0.2968,0.1546,0.0488,0.073,0.0845,0.0317,3363.2601,3314.1026,3340.696,3560.696,-0.8691,-0.0076,-0.4572,-0.8823,-0.015,0.2841,1,1,1,1,1,40.9,54.2,
2026-07-29 18:43:58.418,0.0886,0.1974,0.1566,0.0937,0.3855,0.3366,0.2731,0.4204,0.3004,0.1379,0.1891,0.2996,0.1767,0.2551,0.2968,0.1546,0.0488,0.073,0.0845,0.0317,3363.2601,3314.1026,3340.696,3560.696,-0.8691,-0.0076,-0.4572,-0.8823,-0.015,0.2841,1,1,1,1,1,40.9,54.2,
2026-07-29 18:43:59.421,0.0886,0.1974,0.1566,0.0937,0.3855,0.3366,0.2731,0.4204,0.3004,0.1379,0.1891,0.2996,0.1767,0.2551,0.2968,0.1546,0.0488,0.073,0.0845,0.0317,3363.2601,3314.1026,3340.696,3560.696,-0.8691,-0.0076,-0.4572,-0.8823,-0.015,0.2841,1,1,1,1,1,40.9,54.2,
2026-07-29 18:44:00.428,0.0886,0.1974,0.1566,0.0937,0.3855,0.3366,0.2731,0.4204,0.3004,0.1379,0.1891,0.2996,0.1767,0.2551,0.2968,0.1546,0.0488,0.073,0.0845,0.0317,3363.2601,3314.1026,3340.696,3560.696,-0.8691,-0.0076,-0.4572,-0.8823,-0.015,0.2841,1,1,1,1,1,40.9,54.2,
2026-07-29 18:44:01.429,0.0886,0.1974,0.1566,0.0937,0.3855,0.3366,0.2731,0.4204,0.3004,0.1379,0.1891,0.2996,0.1767,0.2551,0.2968,0.1546,0.0488,0.073,0.0845,0.0317,3363.2601,3314.1026,3340.696,3560.696,-0.8691,-0.0076,-0.4572,-0.8823,-0.015,0.2841,1,1,1,1,1,40.9,54.2,
2026-07-29 18:44:02.434,0.0886,0.1974,0.1566,0.0937,0.3855,0.3366,0.2731,0.4204,0.3004,0.1379,0.1891,0.2996,0.1767,0.2551,0.2968,0.1546,0.0488,0.073,0.0845,0.0317,3363.2601,3314.1026,3340.696,3560.696,-0.8691,-0.0076,-0.4572,-0.8823,-0.015,0.2841,1,1,1,1,1,40.9,54.2,
2026-07-29 18:44:03.447,0.0886,0.1974,0.1566,0.0937,0.3855,0.3366,0.2731,0.4204,0.3004,0.1379,0.1891,0.2996,0.1767,0.2551,0.2968,0.1546,0.0488,0.073,0.0845,0.0317,3363.2601,3314.1026,3340.696,3560.696,-0.8691,-0.0076,-0.4572,-0.8823,-0.015,0.2841,1,1,1,1,1,40.9,54.2,
2026-07-29 18:44:04.447,0.0886,0.1974,0.1566,0.0937,0.3855,0.3366,0.2731,0.4204,0.3004,0.1379,0.1891,0.2996,0.1767,0.2551,0.2968,0.1546,0.0488,0.073,0.0845,0.0317,3363.2601,3314.1026,3340.696,3560.696,-0.8691,-0.0076,-0.4572,-0.8823,-0.015,0.2841,1,1,1,1,1,40.9,54.2,
2026-07-29 18:44:05.453,0.0886,0.1974,0.1566,0.0937,0.3855,0.3366,0.2731,0.4204,0.3004,0.1379,0.1891,0.2996,0.1767,0.2551,0.2968,0.1546,0.0488,0.073,0.0845,0.0317,3363.2601,3314.1026,3340.696,3560.696,-0.8691,-0.0076,-0.4572,-0.8823,-0.015,0.2841,1,1,1,1,1,40.9,54.2,
2026-07-29 18:44:06.456,0.0886,0.1974,0.1566,0.0937,0.3855,0.3366,0.2731,0.4204,0.3004,0.1379,0.1891,0.2996,0.1767,0.2551,0.2968,0.1546,0.0488,0.073,0.0845,0.0317,3363.2601,3314.1026,3340.696,3560.696,-0.8691,-0.0076,-0.4572,-0.8823,-0.015,0.2841,1,1,1,1,1,40.9,54.2,
2026-07-29 18:44:07.460,0.0886,0.1974,0.1566,0.0937,0.3855,0.3366,0.2731,0.4204,0.3004,0.1379,0.1891,0.2996,0.1767,0.2551,0.2968,0.1546,0.0488,0.073,0.0845,0.0317,3363.2601,3314.1026,3340.696,3560.696,-0.8691,-0.0076,-0.4572,-0.8823,-0.015,0.2841,1,1,1,1,1,40.9,54.2,
2026-07-29 18:44:08.465,0.0886,0.1974,0.1566,0.0937,0.3855,0.3366,0.2731,0.4204,0.3004,0.1379,0.1891,0.2996,0.1767,0.2551,0.2968,0.1546,0.0488,0.073,0.0845,0.0317,3363.2601,3314.1026,3340.696,3560.696,-0.8691,-0.0076,-0.4572,-0.8823,-0.015,0.2841,1,1,1,1,1,40.9,54.2,
2026-07-29 18:44:09.515,0.0886,0.1974,0.1566,0.0937,0.3855,0.3366,0.2731,0.4204,0.3004,0.1379,0.1891,0.2996,0.1767,0.2551,0.2968,0.1546,0.0488,0.073,0.0845,0.0317,3363.2601,3314.1026,3340.696,3560.696,-0.8691,-0.0076,-0.4572,-0.8823,-0.015,0.2841,1,1,1,1,1,40.9,54.2,
2026-07-29 18:44:10.516,0.0886,0.1974,0.1566,0.0937,0.3855,0.3366,0.2731,0.4204,0.3004,0.1379,0.1891,0.2996,0.1767,0.2551,0.2968,0.1546,0.0488,0.073,0.0845,0.0317,3363.2601,3314.1026,3340.696,3560.696,-0.8691,-0.0076,-0.4572,-0.8823,-0.015,0.2841,1,1,1,1,1,40.9,54.2,
2026-07-29 18:44:11.519,0.0886,0.1974,0.1566,0.0937,0.3855,0.3366,0.2731,0.4204,0.3004,0.1379,0.1891,0.2996,0.1767,0.2551,0.2968,0.1546,0.0488,0.073,0.0845,0.0317,3363.2601,3314.1026,3340.696,3560.696,-0.8691,-0.0076,-0.4572,-0.8823,-0.015,0.2841,1,1,1,1,1,40.9,54.2,
2026-07-29 18:44:12.568,0.0886,0.1974,0.1566,0.0937,0.3855,0.3366,0.2731,0.4204,0.3004,0.1379,0.1891,0.2996,0.1767,0.2551,0.2968,0.1546,0.0488,0.073,0.0845,0.0317,3363.2601,3314.1026,3340.696,3560.696,-0.8691,-0.0076,-0.4572,-0.8823,-0.015,0.2841,1,1,1,1,1,40.9,54.2,
2026-07-29 18:44:13.620,0.0886,0.1974,0.1566,0.0937,0.3855,0.3366,0.2731,0.4204,0.3004,0.1379,0.1891,0.2996,0.1767,0.2551,0.2968,0.1546,0.0488,0.073,0.0845,0.0317,3363.2601,3314.1026,3340.696,3560.696,-0.8691,-0.0076,-0.4572,-0.8823,-0.015,0.2841,1,1,1,1,1,40.9,54.2,
2026-07-29 18:44:14.668,0.0886,0.1974,0.1566,0.0937,0.3855,0.3366,0.2731,0.4204,0.3004,0.1379,0.1891,0.2996,0.1767,0.2551,0.2968,0.1546,0.0488,0.073,0.0845,0.0317,3363.2601,3314.1026,3340.696,3560.696,-0.8691,-0.0076,-0.4572,-0.8823,-0.015,0.2841,1,1,1,1,1,40.9,54.2,
2026-07-29 18:44:15.674,0.0886,0.1974,0.1566,0.0937,0.3855,0.3366,0.2731,0.4204,0.3004,0.1379,0.1891,0.2996,0.1767,0.2551,0.2968,0.1546,0.0488,0.073,0.0845,0.0317,3363.2601,3314.1026,3340.696,3560.696,-0.8691,-0.0076,-0.4572,-0.8823,-0.015,0.2841,1,1,1,1,1,40.9,54.2,
2026-07-29 18:44:16.676,0.0886,0.1974,0.1566,0.0937,0.3855,0.3366,0.2731,0.4204,0.3004,0.1379,0.1891,0.2996,0.1767,0.2551,0.2968,0.1546,0.0488,0.073,0.0845,0.0317,3363.2601,3314.1026,3340.696,3560.696,-0.8691,-0.0076,-0.4572,-0.8823,-0.015,0.2841,1,1,1,1,1,40.9,54.2,
2026-07-29 18:44:17.680,0.0886,0.1974,0.1566,0.0937,0.3855,0.3366,0.2731,0.4204,0.3004,0.1379,0.1891,0.2996,0.1767,0.2551,0.2968,0.1546,0.0488,0.073,0.0845,0.0317,3363.2601,3314.1026,3340.696,3560.696,-0.8691,-0.0076,-0.4572,-0.8823,-0.015,0.2841,1,1,1,1,1,40.9,54.2,
2026-07-29 18:44:18.730,0.0886,0.1974,0.1566,0.0937,0.3855,0.3366,0.2731,0.4204,0.3004,0.1379,0.1891,0.2996,0.1767,0.2551,0.2968,0.1546,0.0488,0.073,0.0845,0.0317,3363.2601,3314.1026,3340.696,3560.696,-0.8691,-0.0076,-0.4572,-0.8823,-0.015,0.2841,1,1,1,1,1,40.9,54.2,
2026-07-29 18:44:19.780,0.0886,0.1974,0.1566,0.0937,0.3855,0.3366,0.2731,0.4204,0.3004,0.1379,0.1891,0.2996,0.1767,0.2551,0.2968,0.1546,0.0488,0.073,0.0845,0.0317,3363.2601,3314.1026,3340.696,3560.696,-0.8691,-0.0076,-0.4572,-0.8823,-0.015,0.2841,1,1,1,1,1,40.9,54.2,
2026-07-29 18:44:20.790,0.0886,0.1974,0.1566,0.0937,0.3855,0.3366,0.2731,0.4204,0.3004,0.1379,0.1891,0.2996,0.1767,0.2551,0.2968,0.1546,0.0488,0.073,0.0845,0.0317,3363.2601,3314.1026,3340.696,3560.696,-0.8691,-0.0076,-0.4572,-0.8823,-0.015,0.2841,1,1,1,1,1,40.9,54.2,
2026-07-29 18:44:21.790,0.0886,0.1974,0.1566,0.0937,0.3855,0.3366,0.2731,0.4204,0.3004,0.1379,0.1891,0.2996,0.1767,0.2551,0.2968,0.1546,0.0488,0.073,0.0845,0.0317,3363.2601,3314.1026,3340.696,3560.696,-0.8691,-0.0076,-0.4572,-0.8823,-0.015,0.2841,1,1,1,1,1,40.9,54.2,
2026-07-29 18:44:22.841,0.0886,0.1974,0.1566,0.0937,0.3855,0.3366,0.2731,0.4204,0.3004,0.1379,0.1891,0.2996,0.1767,0.2551,0.2968,0.1546,0.0488,0.073,0.0845,0.0317,3363.2601,3314.1026,3340.696,3560.696,-0.8691,-0.0076,-0.4572,-0.8823,-0.015,0.2841,1,1,1,1,1,40.9,54.2,
2026-07-29 18:44:23.843,0.0886,0.1974,0.1566,0.0937,0.3855,0.3366,0.2731,0.4204,0.3004,0.1379,0.1891,0.2996,0.1767,0.2551,0.2968,0.1546,0.0488,0.073,0.0845,0.0317,3363.2601,3314.1026,3340.696,3560.696,-0.8691,-0.0076,-0.4572,-0.8823,-0.015,0.2841,1,1,1,1,1,40.9,54.2,
2026-07-29 18:44:24.894,0.0886,0.1974,0.1566,0.0937,0.3855,0.3366,0.2731,0.4204,0.3004,0.1379,0.1891,0.2996,0.1767,0.2551,0.2968,0.1546,0.0488,0.073,0.0845,0.0317,3363.2601,3314.1026,3340.696,3560.696,-0.8691,-0.0076,-0.4572,-0.8823,-0.015,0.2841,1,1,1,1,1,40.9,54.2,
2026-07-29 18:44:25.943,0.0886,0.1974,0.1566,0.0937,0.3855,0.3366,0.2731,0.4204,0.3004,0.1379,0.1891,0.2996,0.1767,0.2551,0.2968,0.1546,0.0488,0.073,0.0845,0.0317,3363.2601,3314.1026,3340.696,3560.696,-0.8691,-0.0076,-0.4572,-0.8823,-0.015,0.2841,1,1,1,1,1,40.9,54.2,
2026-07-29 18:44:26.945,0.0886,0.1974,0.1566,0.0937,0.3855,0.3366,0.2731,0.4204,0.3004,0.1379,0.1891,0.2996,0.1767,0.2551,0.2968,0.1546,0.0488,0.073,0.0845,0.0317,3363.2601,3314.1026,3340.696,3560.696,-0.8691,-0.0076,-0.4572,-0.8823,-0.015,0.2841,1,1,1,1,1,40.9,54.2,
2026-07-29 18:44:27.948,0.0886,0.1974,0.1566,0.0937,0.3855,0.3366,0.2731,0.4204,0.3004,0.1379,0.1891,0.2996,0.1767,0.2551,0.2968,0.1546,0.0488,0.073,0.0845,0.0317,3363.2601,3314.1026,3340.696,3560.696,-0.8691,-0.0076,-0.4572,-0.8823,-0.015,0.2841,1,1,1,1,1,40.9,54.2,
2026-07-29 18:44:28.955,0.0886,0.1974,0.1566,0.0937,0.3855,0.3366,0.2731,0.4204,0.3004,0.1379,0.1891,0.2996,0.1767,0.2551,0.2968,0.1546,0.0488,0.073,0.0845,0.0317,3363.2601,3314.1026,3340.696,3560.696,-0.8691,-0.0076,-0.4572,-0.8823,-0.015,0.2841,1,1,1,1,1,40.9,54.2,
2026-07-29 18:44:29.955,0.0886,0.1974,0.1566,0.0937,0.3855,0.3366,0.2731,0.4204,0.3004,0.1379,0.1891,0.2996,0.1767,0.2551,0.2968,0.1546,0.0488,0.073,0.0845,0.0317,3363.2601,3314.1026,3340.696,3560.696,-0.8691,-0.0076,-0.4572,-0.8823,-0.015,0.2841,1,1,1,1,1,40.9,54.2,
2026-07-29 18:44:31.008,0.0886,0.1974,0.1566,0.0937,0.3855,0.3366,0.2731,0.4204,0.3004,0.1379,0.1891,0.2996,0.1767,0.2551,0.2968,0.1546,0.0488,0.073,0.0845,0.0317,3363.2601,3314.1026,3340.696,3560.696,-0.8691,-0.0076,-0.4572,-0.8823,-0.015,0.2841,1,1,1,1,1,40.9,54.2,
2026-07-29 18:44:32.012,0.0886,0.1974,0.1566,0.0937,0.3855,0.3366,0.2731,0.4204,0.3004,0.1379,0.1891,0.2996,0.1767,0.2551,0.2968,0.1546,0.0488,0.073,0.0845,0.0317,3363.2601,3314.1026,3340.696,3560.696,-0.8691,-0.0076,-0.4572,-0.8823,-0.015,0.2841,1,1,1,1,1,40.9,54.2,
2026-07-29 18:44:33.060,0.0886,0.1974,0.1566,0.0937,0.3855,0.3366,0.2731,0.4204,0.3004,0.1379,0.1891,0.2996,0.1767,0.2551,0.2968,0.1546,0.0488,0.073,0.0845,0.0317,3363.2601,3314.1026,3340.696,3560.696,-0.8691,-0.0076,-0.4572,-0.8823,-0.015,0.2841,1,1,1,1,1,40.9,54.2,
2026-07-29 18:44:34.070,0.0886,0.1974,0.1566,0.0937,0.3855,0.3366,0.2731,0.4204,0.3004,0.1379,0.1891,0.2996,0.1767,0.2551,0.2968,0.1546,0.0488,0.073,0.0845,0.0317,3363.2601,3314.1026,3340.696,3560.696,-0.8691,-0.0076,-0.4572,-0.8823,-0.015,0.2841,1,1,1,1,1,40.9,54.2,
2026-07-29 18:44:35.080,0.0886,0.1974,0.1566,0.0937,0.3855,0.3366,0.2731,0.4204,0.3004,0.1379,0.1891,0.2996,0.1767,0.2551,0.2968,0.1546,0.0488,0.073,0.0845,0.0317,3363.2601,3314.1026,3340.696,3560.696,-0.8691,-0.0076,-0.4572,-0.8823,-0.015,0.2841,1,1,1,1,1,40.9,54.2,
2026-07-29 18:44:36.085,0.0886,0.1974,0.1566,0.0937,0.3855,0.3366,0.2731,0.4204,0.3004,0.1379,0.1891,0.2996,0.1767,0.2551,0.2968,0.1546,0.0488,0.073,0.0845,0.0317,3363.2601,3314.1026,3340.696,3560.696,-0.8691,-0.0076,-0.4572,-0.8823,-0.015,0.2841,1,1,1,1,1,40.9,54.2,
2026-07-29 18:44:37.134,0.0886,0.1974,0.1566,0.0937,0.3855,0.3366,0.2731,0.4204,0.3004,0.1379,0.1891,0.2996,0.1767,0.2551,0.2968,0.1546,0.0488,0.073,0.0845,0.0317,3363.2601,3314.1026,3340.696,3560.696,-0.8691,-0.0076,-0.4572,-0.8823,-0.015,0.2841,1,1,1,1,1,40.9,54.2,
2026-07-29 18:44:38.141,0.0886,0.1974,0.1566,0.0937,0.3855,0.3366,0.2731,0.4204,0.3004,0.1379,0.1891,0.2996,0.1767,0.2551,0.2968,0.1546,0.0488,0.073,0.0845,0.0317,3363.2601,3314.1026,3340.696,3560.696,-0.8691,-0.0076,-0.4572,-0.8823,-0.015,0.2841,1,1,1,1,1,40.9,54.2,
2026-07-29 18:44:39.146,0.0886,0.1974,0.1566,0.0937,0.3855,0.3366,0.2731,0.4204,0.3004,0.1379,0.1891,0.2996,0.1767,0.2551,0.2968,0.1546,0.0488,0.073,0.0845,0.0317,3363.2601,3314.1026,3340.696,3560.696,-0.8691,-0.0076,-0.4572,-0.8823,-0.015,0.2841,1,1,1,1,1,40.9,54.2,
2026-07-29 18:44:40.191,0.0886,0.1974,0.1566,0.0937,0.3855,0.3366,0.2731,0.4204,0.3004,0.1379,0.1891,0.2996,0.1767,0.2551,0.2968,0.1546,0.0488,0.073,0.0845,0.0317,3363.2601,3314.1026,3340.696,3560.696,-0.8691,-0.0076,-0.4572,-0.8823,-0.015,0.2841,1,1,1,1,1,40.9,54.2,
2026-07-29 18:44:41.195,0.0886,0.1974,0.1566,0.0937,0.3855,0.3366,0.2731,0.4204,0.3004,0.1379,0.1891,0.2996,0.1767,0.2551,0.2968,0.1546,0.0488,0.073,0.0845,0.0317,3363.2601,3314.1026,3340.696,3560.696,-0.8691,-0.0076,-0.4572,-0.8823,-0.015,0.2841,1,1,1,1,1,40.9,54.2,
2026-07-29 18:44:42.199,0.0886,0.1974,0.1566,0.0937,0.3855,0.3366,0.2731,0.4204,0.3004,0.1379,0.1891,0.2996,0.1767,0.2551,0.2968,0.1546,0.0488,0.073,0.0845,0.0317,3363.2601,3314.1026,3340.696,3560.696,-0.8691,-0.0076,-0.4572,-0.8823,-0.015,0.2841,1,1,1,1,1,40.9,54.2,
2026-07-29 18:44:43.242,0.0886,0.1974,0.1566,0.0937,0.3855,0.3366,0.2731,0.4204,0.3004,0.1379,0.1891,0.2996,0.1767,0.2551,0.2968,0.1546,0.0488,0.073,0.0845,0.0317,3363.2601,3314.1026,3340.696,3560.696,-0.8691,-0.0076,-0.4572,-0.8823,-0.015,0.2841,1,1,1,1,1,40.9,54.2,
2026-07-29 18:44:44.297,0.0886,0.1974,0.1566,0.0937,0.3855,0.3366,0.2731,0.4204,0.3004,0.1379,0.1891,0.2996,0.1767,0.2551,0.2968,0.1546,0.0488,0.073,0.0845,0.0317,3363.2601,3314.1026,3340.696,3560.696,-0.8691,-0.0076,-0.4572,-0.8823,-0.015,0.2841,1,1,1,1,1,40.9,54.2,
2026-07-29 18:44:45.347,0.0886,0.1974,0.1566,0.0937,0.3855,0.3366,0.2731,0.4204,0.3004,0.1379,0.1891,0.2996,0.1767,0.2551,0.2968,0.1546,0.0488,0.073,0.0845,0.0317,3363.2601,3314.1026,3340.696,3560.696,-0.8691,-0.0076,-0.4572,-0.8823,-0.015,0.2841,1,1,1,1,1,40.9,54.2,
2026-07-29 18:44:46.349,0.0886,0.1974,0.1566,0.0937,0.3855,0.3366,0.2731,0.4204,0.3004,0.1379,0.1891,0.2996,0.1767,0.2551,0.2968,0.1546,0.0488,0.073,0.0845,0.0317,3363.2601,3314.1026,3340.696,3560.696,-0.8691,-0.0076,-0.4572,-0.8823,-0.015,0.2841,1,1,1,1,1,40.9,54.2,
2026-07-29 18:44:47.363,0.0886,0.1974,0.1566,0.0937,0.3855,0.3366,0.2731,0.4204,0.3004,0.1379,0.1891,0.2996,0.1767,0.2551,0.2968,0.1546,0.0488,0.073,0.0845,0.0317,3363.2601,3314.1026,3340.696,3560.696,-0.8691,-0.0076,-0.4572,-0.8823,-0.015,0.2841,1,1,1,1,1,40.9,54.2,
2026-07-29 18:44:48.368,0.0886,0.1974,0.1566,0.0937,0.3855,0.3366,0.2731,0.4204,0.3004,0.1379,0.1891,0.2996,0.1767,0.2551,0.2968,0.1546,0.0488,0.073,0.0845,0.0317,3363.2601,3314.1026,3340.696,3560.696,-0.8691,-0.0076,-0.4572,-0.8823,-0.015,0.2841,1,1,1,1,1,40.9,54.2,
2026-07-29 18:44:49.422,0.0886,0.1974,0.1566,0.0937,0.3855,0.3366,0.2731,0.4204,0.3004,0.1379,0.1891,0.2996,0.1767,0.2551,0.2968,0.1546,0.0488,0.073,0.0845,0.0317,3363.2601,3314.1026,3340.696,3560.696,-0.8691,-0.0076,-0.4572,-0.8823,-0.015,0.2841,1,1,1,1,1,40.9,54.2,
2026-07-29 18:44:50.427,0.0886,0.1974,0.1566,0.0937,0.3855,0.3366,0.2731,0.4204,0.3004,0.1379,0.1891,0.2996,0.1767,0.2551,0.2968,0.1546,0.0488,0.073,0.0845,0.0317,3363.2601,3314.1026,3340.696,3560.696,-0.8691,-0.0076,-0.4572,-0.8823,-0.015,0.2841,1,1,1,1,1,40.9,54.2,
2026-07-29 18:44:51.476,0.0886,0.1974,0.1566,0.0937,0.3855,0.3366,0.2731,0.4204,0.3004,0.1379,0.1891,0.2996,0.1767,0.2551,0.2968,0.1546,0.0488,0.073,0.0845,0.0317,3363.2601,3314.1026,3340.696,3560.696,-0.8691,-0.0076,-0.4572,-0.8823,-0.015,0.2841,1,1,1,1,1,40.9,54.2,
2026-07-29 18:44:52.527,0.0886,0.1974,0.1566,0.0937,0.3855,0.3366,0.2731,0.4204,0.3004,0.1379,0.1891,0.2996,0.1767,0.2551,0.2968,0.1546,0.0488,0.073,0.0845,0.0317,3363.2601,3314.1026,3340.696,3560.696,-0.8691,-0.0076,-0.4572,-0.8823,-0.015,0.2841,1,1,1,1,1,40.9,54.2,
2026-07-29 18:44:53.575,0.0886,0.1974,0.1566,0.0937,0.3855,0.3366,0.2731,0.4204,0.3004,0.1379,0.1891,0.2996,0.1767,0.2551,0.2968,0.1546,0.0488,0.073,0.0845,0.0317,3363.2601,3314.1026,3340.696,3560.696,-0.8691,-0.0076,-0.4572,-0.8823,-0.015,0.2841,1,1,1,1,1,40.9,54.2,
2026-07-29 18:44:54.624,0.0886,0.1974,0.1566,0.0937,0.3855,0.3366,0.2731,0.4204,0.3004,0.1379,0.1891,0.2996,0.1767,0.2551,0.2968,0.1546,0.0488,0.073,0.0845,0.0317,3363.2601,3314.1026,3340.696,3560.696,-0.8691,-0.0076,-0.4572,-0.8823,-0.015,0.2841,1,1,1,1,1,40.9,54.2,
2026-07-29 18:44:55.628,0.0886,0.1974,0.1566,0.0937,0.3855,0.3366,0.2731,0.4204,0.3004,0.1379,0.1891,0.2996,0.1767,0.2551,0.2968,0.1546,0.0488,0.073,0.0845,0.0317,3363.2601,3314.1026,3340.696,3560.696,-0.8691,-0.0076,-0.4572,-0.8823,-0.015,0.2841,1,1,1,1,1,40.9,54.2,
2026-07-29 18:44:56.677,0.0886,0.1974,0.1566,0.0937,0.3855,0.3366,0.2731,0.4204,0.3004,0.1379,0.1891,0.2996,0.1767,0.2551,0.2968,0.1546,0.0488,0.073,0.0845,0.0317,3363.2601,3314.1026,3340.696,3560.696,-0.8691,-0.0076,-0.4572,-0.8823,-0.015,0.2841,1,1,1,1,1,40.9,54.2,
2026-07-29 18:44:57.688,0.0886,0.1974,0.1566,0.0937,0.3855,0.3366,0.2731,0.4204,0.3004,0.1379,0.1891,0.2996,0.1767,0.2551,0.2968,0.1546,0.0488,0.073,0.0845,0.0317,3363.2601,3314.1026,3340.696,3560.696,-0.8691,-0.0076,-0.4572,-0.8823,-0.015,0.2841,1,1,1,1,1,40.9,54.2,
2026-07-29 18:44:58.692,0.0886,0.1974,0.1566,0.0937,0.3855,0.3366,0.2731,0.4204,0.3004,0.1379,0.1891,0.2996,0.1767,0.2551,0.2968,0.1546,0.0488,0.073,0.0845,0.0317,3363.2601,3314.1026,3340.696,3560.696,-0.8691,-0.0076,-0.4572,-0.8823,-0.015,0.2841,1,1,1,1,1,40.9,54.2,
2026-07-29 18:44:59.696,0.0886,0.1974,0.1566,0.0937,0.3855,0.3366,0.2731,0.4204,0.3004,0.1379,0.1891,0.2996,0.1767,0.2551,0.2968,0.1546,0.0488,0.073,0.0845,0.0317,3363.2601,3314.1026,3340.696,3560.696,-0.8691,-0.0076,-0.4572,-0.8823,-0.015,0.2841,1,1,1,1,1,40.9,54.2,
2026-07-29 18:45:00.697,0.0886,0.1974,0.1566,0.0937,0.3855,0.3366,0.2731,0.4204,0.3004,0.1379,0.1891,0.2996,0.1767,0.2551,0.2968,0.1546,0.0488,0.073,0.0845,0.0317,3363.2601,3314.1026,3340.696,3560.696,-0.8691,-0.0076,-0.4572,-0.8823,-0.015,0.2841,1,1,1,1,1,40.9,54.2,
2026-07-29 18:45:01.698,0.0886,0.1974,0.1566,0.0937,0.3855,0.3366,0.2731,0.4204,0.3004,0.1379,0.1891,0.2996,0.1767,0.2551,0.2968,0.1546,0.0488,0.073,0.0845,0.0317,3363.2601,3314.1026,3340.696,3560.696,-0.8691,-0.0076,-0.4572,-0.8823,-0.015,0.2841,1,1,1,1,1,40.9,54.2,
2026-07-29 18:45:02.704,0.0886,0.1974,0.1566,0.0937,0.3855,0.3366,0.2731,0.4204,0.3004,0.1379,0.1891,0.2996,0.1767,0.2551,0.2968,0.1546,0.0488,0.073,0.0845,0.0317,3363.2601,3314.1026,3340.696,3560.696,-0.8691,-0.0076,-0.4572,-0.8823,-0.015,0.2841,1,1,1,1,1,40.9,54.2,
2026-07-29 18:45:03.732,0.0886,0.1974,0.1566,0.0937,0.3855,0.3366,0.2731,0.4204,0.3004,0.1379,0.1891,0.2996,0.1767,0.2551,0.2968,0.1546,0.0488,0.073,0.0845,0.0317,3363.2601,3314.1026,3340.696,3560.696,-0.8691,-0.0076,-0.4572,-0.8823,-0.015,0.2841,1,1,1,1,1,40.9,54.2,
2026-07-29 18:45:04.734,0.0886,0.1974,0.1566,0.0937,0.3855,0.3366,0.2731,0.4204,0.3004,0.1379,0.1891,0.2996,0.1767,0.2551,0.2968,0.1546,0.0488,0.073,0.0845,0.0317,3363.2601,3314.1026,3340.696,3560.696,-0.8691,-0.0076,-0.4572,-0.8823,-0.015,0.2841,1,1,1,1,1,40.9,54.2,
2026-07-29 18:45:05.787,0.0886,0.1974,0.1566,0.0937,0.3855,0.3366,0.2731,0.4204,0.3004,0.1379,0.1891,0.2996,0.1767,0.2551,0.2968,0.1546,0.0488,0.073,0.0845,0.0317,3363.2601,3314.1026,3340.696,3560.696,-0.8691,-0.0076,-0.4572,-0.8823,-0.015,0.2841,1,1,1,1,1,40.9,54.2,
2026-07-29 18:45:06.835,0.0886,0.1974,0.1566,0.0937,0.3855,0.3366,0.2731,0.4204,0.3004,0.1379,0.1891,0.2996,0.1767,0.2551,0.2968,0.1546,0.0488,0.073,0.0845,0.0317,3363.2601,3314.1026,3340.696,3560.696,-0.8691,-0.0076,-0.4572,-0.8823,-0.015,0.2841,1,1,1,1,1,40.9,54.2,
2026-07-29 18:45:07.839,0.0886,0.1974,0.1566,0.0937,0.3855,0.3366,0.2731,0.4204,0.3004,0.1379,0.1891,0.2996,0.1767,0.2551,0.2968,0.1546,0.0488,0.073,0.0845,0.0317,3363.2601,3314.1026,3340.696,3560.696,-0.8691,-0.0076,-0.4572,-0.8823,-0.015,0.2841,1,1,1,1,1,40.9,54.2,
2026-07-29 18:45:08.887,0.0886,0.1974,0.1566,0.0937,0.3855,0.3366,0.2731,0.4204,0.3004,0.1379,0.1891,0.2996,0.1767,0.2551,0.2968,0.1546,0.0488,0.073,0.0845,0.0317,3363.2601,3314.1026,3340.696,3560.696,-0.8691,-0.0076,-0.4572,-0.8823,-0.015,0.2841,1,1,1,1,1,40.9,54.2,
2026-07-29 18:45:09.893,0.0886,0.1974,0.1566,0.0937,0.3855,0.3366,0.2731,0.4204,0.3004,0.1379,0.1891,0.2996,0.1767,0.2551,0.2968,0.1546,0.0488,0.073,0.0845,0.0317,3363.2601,3314.1026,3340.696,3560.696,-0.8691,-0.0076,-0.4572,-0.8823,-0.015,0.2841,1,1,1,1,1,40.9,54.2,
2026-07-29 18:45:10.895,0.0886,0.1974,0.1566,0.0937,0.3855,0.3366,0.2731,0.4204,0.3004,0.1379,0.1891,0.2996,0.1767,0.2551,0.2968,0.1546,0.0488,0.073,0.0845,0.0317,3363.2601,3314.1026,3340.696,3560.696,-0.8691,-0.0076,-0.4572,-0.8823,-0.015,0.2841,1,1,1,1,1,40.9,54.2,
2026-07-29 18:45:11.938,0.0886,0.1974,0.1566,0.0937,0.3855,0.3366,0.2731,0.4204,0.3004,0.1379,0.1891,0.2996,0.1767,0.2551,0.2968,0.1546,0.0488,0.073,0.0845,0.0317,3363.2601,3314.1026,3340.696,3560.696,-0.8691,-0.0076,-0.4572,-0.8823,-0.015,0.2841,1,1,1,1,1,40.9,54.2,
2026-07-29 18:45:12.988,0.0886,0.1974,0.1566,0.0937,0.3855,0.3366,0.2731,0.4204,0.3004,0.1379,0.1891,0.2996,0.1767,0.2551,0.2968,0.1546,0.0488,0.073,0.0845,0.0317,3363.2601,3314.1026,3340.696,3560.696,-0.8691,-0.0076,-0.4572,-0.8823,-0.015,0.2841,1,1,1,1,1,40.9,54.2,
2026-07-29 18:45:13.992,0.0886,0.1974,0.1566,0.0937,0.3855,0.3366,0.2731,0.4204,0.3004,0.1379,0.1891,0.2996,0.1767,0.2551,0.2968,0.1546,0.0488,0.073,0.0845,0.0317,3363.2601,3314.1026,3340.696,3560.696,-0.8691,-0.0076,-0.4572,-0.8823,-0.015,0.2841,1,1,1,1,1,40.9,54.2,
2026-07-29 18:45:15.038,0.0886,0.1974,0.1566,0.0937,0.3855,0.3366,0.2731,0.4204,0.3004,0.1379,0.1891,0.2996,0.1767,0.2551,0.2968,0.1546,0.0488,0.073,0.0845,0.0317,3363.2601,3314.1026,3340.696,3560.696,-0.8691,-0.0076,-0.4572,-0.8823,-0.015,0.2841,1,1,1,1,1,40.9,54.2,
2026-07-29 18:45:16.090,0.0886,0.1974,0.1566,0.0937,0.3855,0.3366,0.2731,0.4204,0.3004,0.1379,0.1891,0.2996,0.1767,0.2551,0.2968,0.1546,0.0488,0.073,0.0845,0.0317,3363.2601,3314.1026,3340.696,3560.696,-0.8691,-0.0076,-0.4572,-0.8823,-0.015,0.2841,1,1,1,1,1,40.9,54.2,
2026-07-29 18:45:17.139,0.0886,0.1974,0.1566,0.0937,0.3855,0.3366,0.2731,0.4204,0.3004,0.1379,0.1891,0.2996,0.1767,0.2551,0.2968,0.1546,0.0488,0.073,0.0845,0.0317,3363.2601,3314.1026,3340.696,3560.696,-0.8691,-0.0076,-0.4572,-0.8823,-0.015,0.2841,1,1,1,1,1,40.9,54.2,
2026-07-29 18:45:18.189,0.0886,0.1974,0.1566,0.0937,0.3855,0.3366,0.2731,0.4204,0.3004,0.1379,0.1891,0.2996,0.1767,0.2551,0.2968,0.1546,0.0488,0.073,0.0845,0.0317,3363.2601,3314.1026,3340.696,3560.696,-0.8691,-0.0076,-0.4572,-0.8823,-0.015,0.2841,1,1,1,1,1,40.9,54.2,
2026-07-29 18:45:19.240,0.0886,0.1974,0.1566,0.0937,0.3855,0.3366,0.2731,0.4204,0.3004,0.1379,0.1891,0.2996,0.1767,0.2551,0.2968,0.1546,0.0488,0.073,0.0845,0.0317,3363.2601,3314.1026,3340.696,3560.696,-0.8691,-0.0076,-0.4572,-0.8823,-0.015,0.2841,1,1,1,1,1,40.9,54.2,
2026-07-29 18:45:20.292,0.0886,0.1974,0.1566,0.0937,0.3855,0.3366,0.2731,0.4204,0.3004,0.1379,0.1891,0.2996,0.1767,0.2551,0.2968,0.1546,0.0488,0.073,0.0845,0.0317,3363.2601,3314.1026,3340.696,3560.696,-0.8691,-0.0076,-0.4572,-0.8823,-0.015,0.2841,1,1,1,1,1,40.9,54.2,
2026-07-29 18:45:21.304,0.0886,0.1974,0.1566,0.0937,0.3855,0.3366,0.2731,0.4204,0.3004,0.1379,0.1891,0.2996,0.1767,0.2551,0.2968,0.1546,0.0488,0.073,0.0845,0.0317,3363.2601,3314.1026,3340.696,3560.696,-0.8691,-0.0076,-0.4572,-0.8823,-0.015,0.2841,1,1,1,1,1,40.9,54.2,
2026-07-29 18:45:22.353,0.0886,0.1974,0.1566,0.0937,0.3855,0.3366,0.2731,0.4204,0.3004,0.1379,0.1891,0.2996,0.1767,0.2551,0.2968,0.1546,0.0488,0.073,0.0845,0.0317,3363.2601,3314.1026,3340.696,3560.696,-0.8691,-0.0076,-0.4572,-0.8823,-0.015,0.2841,1,1,1,1,1,40.9,54.2,
2026-07-29 18:45:23.405,0.0886,0.1974,0.1566,0.0937,0.3855,0.3366,0.2731,0.4204,0.3004,0.1379,0.1891,0.2996,0.1767,0.2551,0.2968,0.1546,0.0488,0.073,0.0845,0.0317,3363.2601,3314.1026,3340.696,3560.696,-0.8691,-0.0076,-0.4572,-0.8823,-0.015,0.2841,1,1,1,1,1,40.9,54.2,
2026-07-29 18:45:24.408,0.0886,0.1974,0.1566,0.0937,0.3855,0.3366,0.2731,0.4204,0.3004,0.1379,0.1891,0.2996,0.1767,0.2551,0.2968,0.1546,0.0488,0.073,0.0845,0.0317,3363.2601,3314.1026,3340.696,3560.696,-0.8691,-0.0076,-0.4572,-0.8823,-0.015,0.2841,1,1,1,1,1,40.9,54.2,
2026-07-29 18:45:25.417,0.0886,0.1974,0.1566,0.0937,0.3855,0.3366,0.2731,0.4204,0.3004,0.1379,0.1891,0.2996,0.1767,0.2551,0.2968,0.1546,0.0488,0.073,0.0845,0.0317,3363.2601,3314.1026,3340.696,3560.696,-0.8691,-0.0076,-0.4572,-0.8823,-0.015,0.2841,1,1,1,1,1,40.9,54.2,
2026-07-29 18:45:26.423,0.0886,0.1974,0.1566,0.0937,0.3855,0.3366,0.2731,0.4204,0.3004,0.1379,0.1891,0.2996,0.1767,0.2551,0.2968,0.1546,0.0488,0.073,0.0845,0.0317,3363.2601,3314.1026,3340.696,3560.696,-0.8691,-0.0076,-0.4572,-0.8823,-0.015,0.2841,1,1,1,1,1,40.9,54.2,
2026-07-29 18:45:27.429,0.0886,0.1974,0.1566,0.0937,0.3855,0.3366,0.2731,0.4204,0.3004,0.1379,0.1891,0.2996,0.1767,0.2551,0.2968,0.1546,0.0488,0.073,0.0845,0.0317,3363.2601,3314.1026,3340.696,3560.696,-0.8691,-0.0076,-0.4572,-0.8823,-0.015,0.2841,1,1,1,1,1,40.9,54.2,
2026-07-29 18:45:28.427,0.0886,0.1974,0.1566,0.0937,0.3855,0.3366,0.2731,0.4204,0.3004,0.1379,0.1891,0.2996,0.1767,0.2551,0.2968,0.1546,0.0488,0.073,0.0845,0.0317,3363.2601,3314.1026,3340.696,3560.696,-0.8691,-0.0076,-0.4572,-0.8823,-0.015,0.2841,1,1,1,1,1,40.9,54.2,
2026-07-29 18:45:29.477,0.0886,0.1974,0.1566,0.0937,0.3855,0.3366,0.2731,0.4204,0.3004,0.1379,0.1891,0.2996,0.1767,0.2551,0.2968,0.1546,0.0488,0.073,0.0845,0.0317,3363.2601,3314.1026,3340.696,3560.696,-0.8691,-0.0076,-0.4572,-0.8823,-0.015,0.2841,1,1,1,1,1,40.9,54.2,
2026-07-29 18:45:30.526,0.0886,0.1974,0.1566,0.0937,0.3855,0.3366,0.2731,0.4204,0.3004,0.1379,0.1891,0.2996,0.1767,0.2551,0.2968,0.1546,0.0488,0.073,0.0845,0.0317,3363.2601,3314.1026,3340.696,3560.696,-0.8691,-0.0076,-0.4572,-0.8823,-0.015,0.2841,1,1,1,1,1,40.9,54.2,
2026-07-29 18:45:31.528,0.0886,0.1974,0.1566,0.0937,0.3855,0.3366,0.2731,0.4204,0.3004,0.1379,0.1891,0.2996,0.1767,0.2551,0.2968,0.1546,0.0488,0.073,0.0845,0.0317,3363.2601,3314.1026,3340.696,3560.696,-0.8691,-0.0076,-0.4572,-0.8823,-0.015,0.2841,1,1,1,1,1,40.9,54.2,
2026-07-29 18:45:32.577,0.0886,0.1974,0.1566,0.0937,0.3855,0.3366,0.2731,0.4204,0.3004,0.1379,0.1891,0.2996,0.1767,0.2551,0.2968,0.1546,0.0488,0.073,0.0845,0.0317,3363.2601,3314.1026,3340.696,3560.696,-0.8691,-0.0076,-0.4572,-0.8823,-0.015,0.2841,1,1,1,1,1,40.9,54.2,
2026-07-29 18:45:33.580,0.0886,0.1974,0.1566,0.0937,0.3855,0.3366,0.2731,0.4204,0.3004,0.1379,0.1891,0.2996,0.1767,0.2551,0.2968,0.1546,0.0488,0.073,0.0845,0.0317,3363.2601,3314.1026,3340.696,3560.696,-0.8691,-0.0076,-0.4572,-0.8823,-0.015,0.2841,1,1,1,1,1,40.9,54.2,
2026-07-29 18:45:34.631,0.0886,0.1974,0.1566,0.0937,0.3855,0.3366,0.2731,0.4204,0.3004,0.1379,0.1891,0.2996,0.1767,0.2551,0.2968,0.1546,0.0488,0.073,0.0845,0.0317,3363.2601,3314.1026,3340.696,3560.696,-0.8691,-0.0076,-0.4572,-0.8823,-0.015,0.2841,1,1,1,1,1,40.9,54.2,
2026-07-29 18:45:35.646,0.0886,0.1974,0.1566,0.0937,0.3855,0.3366,0.2731,0.4204,0.3004,0.1379,0.1891,0.2996,0.1767,0.2551,0.2968,0.1546,0.0488,0.073,0.0845,0.0317,3363.2601,3314.1026,3340.696,3560.696,-0.8691,-0.0076,-0.4572,-0.8823,-0.015,0.2841,1,1,1,1,1,40.9,54.2,
2026-07-29 18:45:36.649,0.0886,0.1974,0.1566,0.0937,0.3855,0.3366,0.2731,0.4204,0.3004,0.1379,0.1891,0.2996,0.1767,0.2551,0.2968,0.1546,0.0488,0.073,0.0845,0.0317,3363.2601,3314.1026,3340.696,3560.696,-0.8691,-0.0076,-0.4572,-0.8823,-0.015,0.2841,1,1,1,1,1,40.9,54.2,
2026-07-29 18:45:37.653,0.0886,0.1974,0.1566,0.0937,0.3855,0.3366,0.2731,0.4204,0.3004,0.1379,0.1891,0.2996,0.1767,0.2551,0.2968,0.1546,0.0488,0.073,0.0845,0.0317,3363.2601,3314.1026,3340.696,3560.696,-0.8691,-0.0076,-0.4572,-0.8823,-0.015,0.2841,1,1,1,1,1,40.9,54.2,
2026-07-29 18:45:38.704,0.0886,0.1974,0.1566,0.0937,0.3855,0.3366,0.2731,0.4204,0.3004,0.1379,0.1891,0.2996,0.1767,0.2551,0.2968,0.1546,0.0488,0.073,0.0845,0.0317,3363.2601,3314.1026,3340.696,3560.696,-0.8691,-0.0076,-0.4572,-0.8823,-0.015,0.2841,1,1,1,1,1,40.9,54.2,
2026-07-29 18:45:39.749,0.0886,0.1974,0.1566,0.0937,0.3855,0.3366,0.2731,0.4204,0.3004,0.1379,0.1891,0.2996,0.1767,0.2551,0.2968,0.1546,0.0488,0.073,0.0845,0.0317,3363.2601,3314.1026,3340.696,3560.696,-0.8691,-0.0076,-0.4572,-0.8823,-0.015,0.2841,1,1,1,1,1,40.9,54.2,
2026-07-29 18:45:40.753,0.0886,0.1974,0.1566,0.0937,0.3855,0.3366,0.2731,0.4204,0.3004,0.1379,0.1891,0.2996,0.1767,0.2551,0.2968,0.1546,0.0488,0.073,0.0845,0.0317,3363.2601,3314.1026,3340.696,3560.696,-0.8691,-0.0076,-0.4572,-0.8823,-0.015,0.2841,1,1,1,1,1,40.9,54.2,
2026-07-29 18:45:41.755,0.0886,0.1974,0.1566,0.0937,0.3855,0.3366,0.2731,0.4204,0.3004,0.1379,0.1891,0.2996,0.1767,0.2551,0.2968,0.1546,0.0488,0.073,0.0845,0.0317,3363.2601,3314.1026,3340.696,3560.696,-0.8691,-0.0076,-0.4572,-0.8823,-0.015,0.2841,1,1,1,1,1,40.9,54.2,
2026-07-29 18:45:42.796,0.0886,0.1974,0.1566,0.0937,0.3855,0.3366,0.2731,0.4204,0.3004,0.1379,0.1891,0.2996,0.1767,0.2551,0.2968,0.1546,0.0488,0.073,0.0845,0.0317,3363.2601,3314.1026,3340.696,3560.696,-0.8691,-0.0076,-0.4572,-0.8823,-0.015,0.2841,1,1,1,1,1,40.9,54.2,
2026-07-29 18:45:43.808,0.0886,0.1974,0.1566,0.0937,0.3855,0.3366,0.2731,0.4204,0.3004,0.1379,0.1891,0.2996,0.1767,0.2551,0.2968,0.1546,0.0488,0.073,0.0845,0.0317,3363.2601,3314.1026,3340.696,3560.696,-0.8691,-0.0076,-0.4572,-0.8823,-0.015,0.2841,1,1,1,1,1,40.9,54.2,
2026-07-29 18:45:44.801,0.0886,0.1974,0.1566,0.0937,0.3855,0.3366,0.2731,0.4204,0.3004,0.1379,0.1891,0.2996,0.1767,0.2551,0.2968,0.1546,0.0488,0.073,0.0845,0.0317,3363.2601,3314.1026,3340.696,3560.696,-0.8691,-0.0076,-0.4572,-0.8823,-0.015,0.2841,1,1,1,1,1,40.9,54.2,
2026-07-29 18:45:45.857,0.0886,0.1974,0.1566,0.0937,0.3855,0.3366,0.2731,0.4204,0.3004,0.1379,0.1891,0.2996,0.1767,0.2551,0.2968,0.1546,0.0488,0.073,0.0845,0.0317,3363.2601,3314.1026,3340.696,3560.696,-0.8691,-0.0076,-0.4572,-0.8823,-0.015,0.2841,1,1,1,1,1,40.9,54.2,
2026-07-29 18:45:46.858,0.0886,0.1974,0.1566,0.0937,0.3855,0.3366,0.2731,0.4204,0.3004,0.1379,0.1891,0.2996,0.1767,0.2551,0.2968,0.1546,0.0488,0.073,0.0845,0.0317,3363.2601,3314.1026,3340.696,3560.696,-0.8691,-0.0076,-0.4572,-0.8823,-0.015,0.2841,1,1,1,1,1,40.9,54.2,
2026-07-29 18:45:47.910,0.0886,0.1974,0.1566,0.0937,0.3855,0.3366,0.2731,0.4204,0.3004,0.1379,0.1891,0.2996,0.1767,0.2551,0.2968,0.1546,0.0488,0.073,0.0845,0.0317,3363.2601,3314.1026,3340.696,3560.696,-0.8691,-0.0076,-0.4572,-0.8823,-0.015,0.2841,1,1,1,1,1,40.9,54.2,
2026-07-29 18:45:48.911,0.0886,0.1974,0.1566,0.0937,0.3855,0.3366,0.2731,0.4204,0.3004,0.1379,0.1891,0.2996,0.1767,0.2551,0.2968,0.1546,0.0488,0.073,0.0845,0.0317,3363.2601,3314.1026,3340.696,3560.696,-0.8691,-0.0076,-0.4572,-0.8823,-0.015,0.2841,1,1,1,1,1,40.9,54.2,
2026-07-29 18:45:49.912,0.0886,0.1974,0.1566,0.0937,0.3855,0.3366,0.2731,0.4204,0.3004,0.1379,0.1891,0.2996,0.1767,0.2551,0.2968,0.1546,0.0488,0.073,0.0845,0.0317,3363.2601,3314.1026,3340.696,3560.696,-0.8691,-0.0076,-0.4572,-0.8823,-0.015,0.2841,1,1,1,1,1,40.9,54.2,
2026-07-29 18:45:50.920,0.0886,0.1974,0.1566,0.0937,0.3855,0.3366,0.2731,0.4204,0.3004,0.1379,0.1891,0.2996,0.1767,0.2551,0.2968,0.1546,0.0488,0.073,0.0845,0.0317,3363.2601,3314.1026,3340.696,3560.696,-0.8691,-0.0076,-0.4572,-0.8823,-0.015,0.2841,1,1,1,1,1,40.9,54.2,
2026-07-29 18:45:51.918,0.0886,0.1974,0.1566,0.0937,0.3855,0.3366,0.2731,0.4204,0.3004,0.1379,0.1891,0.2996,0.1767,0.2551,0.2968,0.1546,0.0488,0.073,0.0845,0.0317,3363.2601,3314.1026,3340.696,3560.696,-0.8691,-0.0076,-0.4572,-0.8823,-0.015,0.2841,1,1,1,1,1,40.9,54.2,
2026-07-29 18:45:52.970,0.0886,0.1974,0.1566,0.0937,0.3855,0.3366,0.2731,0.4204,0.3004,0.1379,0.1891,0.2996,0.1767,0.2551,0.2968,0.1546,0.0488,0.073,0.0845,0.0317,3363.2601,3314.1026,3340.696,3560.696,-0.8691,-0.0076,-0.4572,-0.8823,-0.015,0.2841,1,1,1,1,1,40.9,54.2,
2026-07-29 18:45:53.984,0.0886,0.1974,0.1566,0.0937,0.3855,0.3366,0.2731,0.4204,0.3004,0.1379,0.1891,0.2996,0.1767,0.2551,0.2968,0.1546,0.0488,0.073,0.0845,0.0317,3363.2601,3314.1026,3340.696,3560.696,-0.8691,-0.0076,-0.4572,-0.8823,-0.015,0.2841,1,1,1,1,1,40.9,54.2,
2026-07-29 18:45:54.987,0.0886,0.1974,0.1566,0.0937,0.3855,0.3366,0.2731,0.4204,0.3004,0.1379,0.1891,0.2996,0.1767,0.2551,0.2968,0.1546,0.0488,0.073,0.0845,0.0317,3363.2601,3314.1026,3340.696,3560.696,-0.8691,-0.0076,-0.4572,-0.8823,-0.015,0.2841,1,1,1,1,1,40.9,54.2,
2026-07-29 18:45:55.991,0.0886,0.1974,0.1566,0.0937,0.3855,0.3366,0.2731,0.4204,0.3004,0.1379,0.1891,0.2996,0.1767,0.2551,0.2968,0.1546,0.0488,0.073,0.0845,0.0317,3363.2601,3314.1026,3340.696,3560.696,-0.8691,-0.0076,-0.4572,-0.8823,-0.015,0.2841,1,1,1,1,1,40.9,54.2,
2026-07-29 18:45:56.994,0.0886,0.1974,0.1566,0.0937,0.3855,0.3366,0.2731,0.4204,0.3004,0.1379,0.1891,0.2996,0.1767,0.2551,0.2968,0.1546,0.0488,0.073,0.0845,0.0317,3363.2601,3314.1026,3340.696,3560.696,-0.8691,-0.0076,-0.4572,-0.8823,-0.015,0.2841,1,1,1,1,1,40.9,54.2,
2026-07-29 18:45:58.041,0.0886,0.1974,0.1566,0.0937,0.3855,0.3366,0.2731,0.4204,0.3004,0.1379,0.1891,0.2996,0.1767,0.2551,0.2968,0.1546,0.0488,0.073,0.0845,0.0317,3363.2601,3314.1026,3340.696,3560.696,-0.8691,-0.0076,-0.4572,-0.8823,-0.015,0.2841,1,1,1,1,1,40.9,54.2,
2026-07-29 18:45:59.045,0.0886,0.1974,0.1566,0.0937,0.3855,0.3366,0.2731,0.4204,0.3004,0.1379,0.1891,0.2996,0.1767,0.2551,0.2968,0.1546,0.0488,0.073,0.0845,0.0317,3363.2601,3314.1026,3340.696,3560.696,-0.8691,-0.0076,-0.4572,-0.8823,-0.015,0.2841,1,1,1,1,1,40.9,54.2,
2026-07-29 18:46:00.042,0.0886,0.1974,0.1566,0.0937,0.3855,0.3366,0.2731,0.4204,0.3004,0.1379,0.1891,0.2996,0.1767,0.2551,0.2968,0.1546,0.0488,0.073,0.0845,0.0317,3363.2601,3314.1026,3340.696,3560.696,-0.8691,-0.0076,-0.4572,-0.8823,-0.015,0.2841,1,1,1,1,1,40.9,54.2,
2026-07-29 18:46:01.094,0.0886,0.1974,0.1566,0.0937,0.3855,0.3366,0.2731,0.4204,0.3004,0.1379,0.1891,0.2996,0.1767,0.2551,0.2968,0.1546,0.0488,0.073,0.0845,0.0317,3363.2601,3314.1026,3340.696,3560.696,-0.8691,-0.0076,-0.4572,-0.8823,-0.015,0.2841,1,1,1,1,1,40.9,54.2,
2026-07-29 18:46:02.094,0.0886,0.1974,0.1566,0.0937,0.3855,0.3366,0.2731,0.4204,0.3004,0.1379,0.1891,0.2996,0.1767,0.2551,0.2968,0.1546,0.0488,0.073,0.0845,0.0317,3363.2601,3314.1026,3340.696,3560.696,-0.8691,-0.0076,-0.4572,-0.8823,-0.015,0.2841,1,1,1,1,1,40.9,54.2,
2026-07-29 18:46:03.142,0.0886,0.1974,0.1566,0.0937,0.3855,0.3366,0.2731,0.4204,0.3004,0.1379,0.1891,0.2996,0.1767,0.2551,0.2968,0.1546,0.0488,0.073,0.0845,0.0317,3363.2601,3314.1026,3340.696,3560.696,-0.8691,-0.0076,-0.4572,-0.8823,-0.015,0.2841,1,1,1,1,1,40.9,54.2,
2026-07-29 18:46:04.188,0.0886,0.1974,0.1566,0.0937,0.3855,0.3366,0.2731,0.4204,0.3004,0.1379,0.1891,0.2996,0.1767,0.2551,0.2968,0.1546,0.0488,0.073,0.0845,0.0317,3363.2601,3314.1026,3340.696,3560.696,-0.8691,-0.0076,-0.4572,-0.8823,-0.015,0.2841,1,1,1,1,1,40.9,54.2,
2026-07-29 18:46:05.236,0.0886,0.1974,0.1566,0.0937,0.3855,0.3366,0.2731,0.4204,0.3004,0.1379,0.1891,0.2996,0.1767,0.2551,0.2968,0.1546,0.0488,0.073,0.0845,0.0317,3363.2601,3314.1026,3340.696,3560.696,-0.8691,-0.0076,-0.4572,-0.8823,-0.015,0.2841,1,1,1,1,1,40.9,54.2,
2026-07-29 18:46:06.292,0.0886,0.1974,0.1566,0.0937,0.3855,0.3366,0.2731,0.4204,0.3004,0.1379,0.1891,0.2996,0.1767,0.2551,0.2968,0.1546,0.0488,0.073,0.0845,0.0317,3363.2601,3314.1026,3340.696,3560.696,-0.8691,-0.0076,-0.4572,-0.8823,-0.015,0.2841,1,1,1,1,1,40.9,54.2,
2026-07-29 18:46:07.295,0.0886,0.1974,0.1566,0.0937,0.3855,0.3366,0.2731,0.4204,0.3004,0.1379,0.1891,0.2996,0.1767,0.2551,0.2968,0.1546,0.0488,0.073,0.0845,0.0317,3363.2601,3314.1026,3340.696,3560.696,-0.8691,-0.0076,-0.4572,-0.8823,-0.015,0.2841,1,1,1,1,1,40.9,54.2,
2026-07-29 18:46:08.346,0.0886,0.1974,0.1566,0.0937,0.3855,0.3366,0.2731,0.4204,0.3004,0.1379,0.1891,0.2996,0.1767,0.2551,0.2968,0.1546,0.0488,0.073,0.0845,0.0317,3363.2601,3314.1026,3340.696,3560.696,-0.8691,-0.0076,-0.4572,-0.8823,-0.015,0.2841,1,1,1,1,1,40.9,54.2,
2026-07-29 18:46:09.395,0.0886,0.1974,0.1566,0.0937,0.3855,0.3366,0.2731,0.4204,0.3004,0.1379,0.1891,0.2996,0.1767,0.2551,0.2968,0.1546,0.0488,0.073,0.0845,0.0317,3363.2601,3314.1026,3340.696,3560.696,-0.8691,-0.0076,-0.4572,-0.8823,-0.015,0.2841,1,1,1,1,1,40.9,54.2,
2026-07-29 18:46:10.395,0.0886,0.1974,0.1566,0.0937,0.3855,0.3366,0.2731,0.4204,0.3004,0.1379,0.1891,0.2996,0.1767,0.2551,0.2968,0.1546,0.0488,0.073,0.0845,0.0317,3363.2601,3314.1026,3340.696,3560.696,-0.8691,-0.0076,-0.4572,-0.8823,-0.015,0.2841,1,1,1,1,1,40.9,54.2,
2026-07-29 18:46:11.402,0.0886,0.1974,0.1566,0.0937,0.3855,0.3366,0.2731,0.4204,0.3004,0.1379,0.1891,0.2996,0.1767,0.2551,0.2968,0.1546,0.0488,0.073,0.0845,0.0317,3363.2601,3314.1026,3340.696,3560.696,-0.8691,-0.0076,-0.4572,-0.8823,-0.015,0.2841,1,1,1,1,1,40.9,54.2,
2026-07-29 18:46:12.450,0.0886,0.1974,0.1566,0.0937,0.3855,0.3366,0.2731,0.4204,0.3004,0.1379,0.1891,0.2996,0.1767,0.2551,0.2968,0.1546,0.0488,0.073,0.0845,0.0317,3363.2601,3314.1026,3340.696,3560.696,-0.8691,-0.0076,-0.4572,-0.8823,-0.015,0.2841,1,1,1,1,1,40.9,54.2,
2026-07-29 18:46:13.505,0.0886,0.1974,0.1566,0.0937,0.3855,0.3366,0.2731,0.4204,0.3004,0.1379,0.1891,0.2996,0.1767,0.2551,0.2968,0.1546,0.0488,0.073,0.0845,0.0317,3363.2601,3314.1026,3340.696,3560.696,-0.8691,-0.0076,-0.4572,-0.8823,-0.015,0.2841,1,1,1,1,1,40.9,54.2,
2026-07-29 18:46:14.501,0.0886,0.1974,0.1566,0.0937,0.3855,0.3366,0.2731,0.4204,0.3004,0.1379,0.1891,0.2996,0.1767,0.2551,0.2968,0.1546,0.0488,0.073,0.0845,0.0317,3363.2601,3314.1026,3340.696,3560.696,-0.8691,-0.0076,-0.4572,-0.8823,-0.015,0.2841,1,1,1,1,1,40.9,54.2,
2026-07-29 18:46:15.507,0.0886,0.1974,0.1566,0.0937,0.3855,0.3366,0.2731,0.4204,0.3004,0.1379,0.1891,0.2996,0.1767,0.2551,0.2968,0.1546,0.0488,0.073,0.0845,0.0317,3363.2601,3314.1026,3340.696,3560.696,-0.8691,-0.0076,-0.4572,-0.8823,-0.015,0.2841,1,1,1,1,1,40.9,54.2,
2026-07-29 18:46:16.509,0.0886,0.1974,0.1566,0.0937,0.3855,0.3366,0.2731,0.4204,0.3004,0.1379,0.1891,0.2996,0.1767,0.2551,0.2968,0.1546,0.0488,0.073,0.0845,0.0317,3363.2601,3314.1026,3340.696,3560.696,-0.8691,-0.0076,-0.4572,-0.8823,-0.015,0.2841,1,1,1,1,1,40.9,54.2,
2026-07-29 18:46:17.510,0.0886,0.1974,0.1566,0.0937,0.3855,0.3366,0.2731,0.4204,0.3004,0.1379,0.1891,0.2996,0.1767,0.2551,0.2968,0.1546,0.0488,0.073,0.0845,0.0317,3363.2601,3314.1026,3340.696,3560.696,-0.8691,-0.0076,-0.4572,-0.8823,-0.015,0.2841,1,1,1,1,1,40.9,54.2,
2026-07-29 18:46:18.565,0.0886,0.1974,0.1566,0.0937,0.3855,0.3366,0.2731,0.4204,0.3004,0.1379,0.1891,0.2996,0.1767,0.2551,0.2968,0.1546,0.0488,0.073,0.0845,0.0317,3363.2601,3314.1026,3340.696,3560.696,-0.8691,-0.0076,-0.4572,-0.8823,-0.015,0.2841,1,1,1,1,1,40.9,54.2,
2026-07-29 18:46:19.569,0.0886,0.1974,0.1566,0.0937,0.3855,0.3366,0.2731,0.4204,0.3004,0.1379,0.1891,0.2996,0.1767,0.2551,0.2968,0.1546,0.0488,0.073,0.0845,0.0317,3363.2601,3314.1026,3340.696,3560.696,-0.8691,-0.0076,-0.4572,-0.8823,-0.015,0.2841,1,1,1,1,1,40.9,54.2,
2026-07-29 18:46:20.616,0.0886,0.1974,0.1566,0.0937,0.3855,0.3366,0.2731,0.4204,0.3004,0.1379,0.1891,0.2996,0.1767,0.2551,0.2968,0.1546,0.0488,0.073,0.0845,0.0317,3363.2601,3314.1026,3340.696,3560.696,-0.8691,-0.0076,-0.4572,-0.8823,-0.015,0.2841,1,1,1,1,1,40.9,54.2,
2026-07-29 18:46:21.619,0.0886,0.1974,0.1566,0.0937,0.3855,0.3366,0.2731,0.4204,0.3004,0.1379,0.1891,0.2996,0.1767,0.2551,0.2968,0.1546,0.0488,0.073,0.0845,0.0317,3363.2601,3314.1026,3340.696,3560.696,-0.8691,-0.0076,-0.4572,-0.8823,-0.015,0.2841,1,1,1,1,1,40.9,54.2,
2026-07-29 18:46:22.671,0.0886,0.1974,0.1566,0.0937,0.3855,0.3366,0.2731,0.4204,0.3004,0.1379,0.1891,0.2996,0.1767,0.2551,0.2968,0.1546,0.0488,0.073,0.0845,0.0317,3363.2601,3314.1026,3340.696,3560.696,-0.8691,-0.0076,-0.4572,-0.8823,-0.015,0.2841,1,1,1,1,1,40.9,54.2,
2026-07-29 18:46:23.673,0.0886,0.1974,0.1566,0.0937,0.3855,0.3366,0.2731,0.4204,0.3004,0.1379,0.1891,0.2996,0.1767,0.2551,0.2968,0.1546,0.0488,0.073,0.0845,0.0317,3363.2601,3314.1026,3340.696,3560.696,-0.8691,-0.0076,-0.4572,-0.8823,-0.015,0.2841,1,1,1,1,1,40.9,54.2,
2026-07-29 18:46:24.723,0.0886,0.1974,0.1566,0.0937,0.3855,0.3366,0.2731,0.4204,0.3004,0.1379,0.1891,0.2996,0.1767,0.2551,0.2968,0.1546,0.0488,0.073,0.0845,0.0317,3363.2601,3314.1026,3340.696,3560.696,-0.8691,-0.0076,-0.4572,-0.8823,-0.015,0.2841,1,1,1,1,1,40.9,54.2,
2026-07-29 18:46:25.729,0.0886,0.1974,0.1566,0.0937,0.3855,0.3366,0.2731,0.4204,0.3004,0.1379,0.1891,0.2996,0.1767,0.2551,0.2968,0.1546,0.0488,0.073,0.0845,0.0317,3363.2601,3314.1026,3340.696,3560.696,-0.8691,-0.0076,-0.4572,-0.8823,-0.015,0.2841,1,1,1,1,1,40.9,54.2,
2026-07-29 18:46:26.744,0.0886,0.1974,0.1566,0.0937,0.3855,0.3366,0.2731,0.4204,0.3004,0.1379,0.1891,0.2996,0.1767,0.2551,0.2968,0.1546,0.0488,0.073,0.0845,0.0317,3363.2601,3314.1026,3340.696,3560.696,-0.8691,-0.0076,-0.4572,-0.8823,-0.015,0.2841,1,1,1,1,1,40.9,54.2,
2026-07-29 18:46:27.790,0.0886,0.1974,0.1566,0.0937,0.3855,0.3366,0.2731,0.4204,0.3004,0.1379,0.1891,0.2996,0.1767,0.2551,0.2968,0.1546,0.0488,0.073,0.0845,0.0317,3363.2601,3314.1026,3340.696,3560.696,-0.8691,-0.0076,-0.4572,-0.8823,-0.015,0.2841,1,1,1,1,1,40.9,54.2,
2026-07-29 18:46:28.794,0.0886,0.1974,0.1566,0.0937,0.3855,0.3366,0.2731,0.4204,0.3004,0.1379,0.1891,0.2996,0.1767,0.2551,0.2968,0.1546,0.0488,0.073,0.0845,0.0317,3363.2601,3314.1026,3340.696,3560.696,-0.8691,-0.0076,-0.4572,-0.8823,-0.015,0.2841,1,1,1,1,1,40.9,54.2,
2026-07-29 18:46:29.792,0.0886,0.1974,0.1566,0.0937,0.3855,0.3366,0.2731,0.4204,0.3004,0.1379,0.1891,0.2996,0.1767,0.2551,0.2968,0.1546,0.0488,0.073,0.0845,0.0317,3363.2601,3314.1026,3340.696,3560.696,-0.8691,-0.0076,-0.4572,-0.8823,-0.015,0.2841,1,1,1,1,1,40.9,54.2,
2026-07-29 18:46:30.840,0.0886,0.1974,0.1566,0.0937,0.3855,0.3366,0.2731,0.4204,0.3004,0.1379,0.1891,0.2996,0.1767,0.2551,0.2968,0.1546,0.0488,0.073,0.0845,0.0317,3363.2601,3314.1026,3340.696,3560.696,-0.8691,-0.0076,-0.4572,-0.8823,-0.015,0.2841,1,1,1,1,1,40.9,54.2,
2026-07-29 18:46:31.894,0.0886,0.1974,0.1566,0.0937,0.3855,0.3366,0.2731,0.4204,0.3004,0.1379,0.1891,0.2996,0.1767,0.2551,0.2968,0.1546,0.0488,0.073,0.0845,0.0317,3363.2601,3314.1026,3340.696,3560.696,-0.8691,-0.0076,-0.4572,-0.8823,-0.015,0.2841,1,1,1,1,1,40.9,54.2,
2026-07-29 18:46:32.905,0.0886,0.1974,0.1566,0.0937,0.3855,0.3366,0.2731,0.4204,0.3004,0.1379,0.1891,0.2996,0.1767,0.2551,0.2968,0.1546,0.0488,0.073,0.0845,0.0317,3363.2601,3314.1026,3340.696,3560.696,-0.8691,-0.0076,-0.4572,-0.8823,-0.015,0.2841,1,1,1,1,1,40.9,54.2,
2026-07-29 18:46:33.912,0.0886,0.1974,0.1566,0.0937,0.3855,0.3366,0.2731,0.4204,0.3004,0.1379,0.1891,0.2996,0.1767,0.2551,0.2968,0.1546,0.0488,0.073,0.0845,0.0317,3363.2601,3314.1026,3340.696,3560.696,-0.8691,-0.0076,-0.4572,-0.8823,-0.015,0.2841,1,1,1,1,1,40.9,54.2,
2026-07-29 18:46:34.915,0.0886,0.1974,0.1566,0.0937,0.3855,0.3366,0.2731,0.4204,0.3004,0.1379,0.1891,0.2996,0.1767,0.2551,0.2968,0.1546,0.0488,0.073,0.0845,0.0317,3363.2601,3314.1026,3340.696,3560.696,-0.8691,-0.0076,-0.4572,-0.8823,-0.015,0.2841,1,1,1,1,1,40.9,54.2,
2026-07-29 18:46:35.966,0.0886,0.1974,0.1566,0.0937,0.3855,0.3366,0.2731,0.4204,0.3004,0.1379,0.1891,0.2996,0.1767,0.2551,0.2968,0.1546,0.0488,0.073,0.0845,0.0317,3363.2601,3314.1026,3340.696,3560.696,-0.8691,-0.0076,-0.4572,-0.8823,-0.015,0.2841,1,1,1,1,1,40.9,54.2,
2026-07-29 18:46:36.975,0.0886,0.1974,0.1566,0.0937,0.3855,0.3366,0.2731,0.4204,0.3004,0.1379,0.1891,0.2996,0.1767,0.2551,0.2968,0.1546,0.0488,0.073,0.0845,0.0317,3363.2601,3314.1026,3340.696,3560.696,-0.8691,-0.0076,-0.4572,-0.8823,-0.015,0.2841,1,1,1,1,1,40.9,54.2,
2026-07-29 18:46:37.976,0.0886,0.1974,0.1566,0.0937,0.3855,0.3366,0.2731,0.4204,0.3004,0.1379,0.1891,0.2996,0.1767,0.2551,0.2968,0.1546,0.0488,0.073,0.0845,0.0317,3363.2601,3314.1026,3340.696,3560.696,-0.8691,-0.0076,-0.4572,-0.8823,-0.015,0.2841,1,1,1,1,1,40.9,54.2,
2026-07-29 18:46:39.025,0.0886,0.1974,0.1566,0.0937,0.3855,0.3366,0.2731,0.4204,0.3004,0.1379,0.1891,0.2996,0.1767,0.2551,0.2968,0.1546,0.0488,0.073,0.0845,0.0317,3363.2601,3314.1026,3340.696,3560.696,-0.8691,-0.0076,-0.4572,-0.8823,-0.015,0.2841,1,1,1,1,1,40.9,54.2,
2026-07-29 18:46:40.075,0.0886,0.1974,0.1566,0.0937,0.3855,0.3366,0.2731,0.4204,0.3004,0.1379,0.1891,0.2996,0.1767,0.2551,0.2968,0.1546,0.0488,0.073,0.0845,0.0317,3363.2601,3314.1026,3340.696,3560.696,-0.8691,-0.0076,-0.4572,-0.8823,-0.015,0.2841,1,1,1,1,1,40.9,54.2,
2026-07-29 18:46:41.125,0.0886,0.1974,0.1566,0.0937,0.3855,0.3366,0.2731,0.4204,0.3004,0.1379,0.1891,0.2996,0.1767,0.2551,0.2968,0.1546,0.0488,0.073,0.0845,0.0317,3363.2601,3314.1026,3340.696,3560.696,-0.8691,-0.0076,-0.4572,-0.8823,-0.015,0.2841,1,1,1,1,1,40.9,54.2,
2026-07-29 18:46:42.133,0.0886,0.1974,0.1566,0.0937,0.3855,0.3366,0.2731,0.4204,0.3004,0.1379,0.1891,0.2996,0.1767,0.2551,0.2968,0.1546,0.0488,0.073,0.0845,0.0317,3363.2601,3314.1026,3340.696,3560.696,-0.8691,-0.0076,-0.4572,-0.8823,-0.015,0.2841,1,1,1,1,1,40.9,54.2,
2026-07-29 18:46:43.132,0.0886,0.1974,0.1566,0.0937,0.3855,0.3366,0.2731,0.4204,0.3004,0.1379,0.1891,0.2996,0.1767,0.2551,0.2968,0.1546,0.0488,0.073,0.0845,0.0317,3363.2601,3314.1026,3340.696,3560.696,-0.8691,-0.0076,-0.4572,-0.8823,-0.015,0.2841,1,1,1,1,1,40.9,54.2,
2026-07-29 18:46:44.136,0.0886,0.1974,0.1566,0.0937,0.3855,0.3366,0.2731,0.4204,0.3004,0.1379,0.1891,0.2996,0.1767,0.2551,0.2968,0.1546,0.0488,0.073,0.0845,0.0317,3363.2601,3314.1026,3340.696,3560.696,-0.8691,-0.0076,-0.4572,-0.8823,-0.015,0.2841,1,1,1,1,1,40.9,54.2,
2026-07-29 18:46:45.186,0.0886,0.1974,0.1566,0.0937,0.3855,0.3366,0.2731,0.4204,0.3004,0.1379,0.1891,0.2996,0.1767,0.2551,0.2968,0.1546,0.0488,0.073,0.0845,0.0317,3363.2601,3314.1026,3340.696,3560.696,-0.8691,-0.0076,-0.4572,-0.8823,-0.015,0.2841,1,1,1,1,1,40.9,54.2,
2026-07-29 18:46:46.188,0.0886,0.1974,0.1566,0.0937,0.3855,0.3366,0.2731,0.4204,0.3004,0.1379,0.1891,0.2996,0.1767,0.2551,0.2968,0.1546,0.0488,0.073,0.0845,0.0317,3363.2601,3314.1026,3340.696,3560.696,-0.8691,-0.0076,-0.4572,-0.8823,-0.015,0.2841,1,1,1,1,1,40.9,54.2,
2026-07-29 18:46:47.236,0.0886,0.1974,0.1566,0.0937,0.3855,0.3366,0.2731,0.4204,0.3004,0.1379,0.1891,0.2996,0.1767,0.2551,0.2968,0.1546,0.0488,0.073,0.0845,0.0317,3363.2601,3314.1026,3340.696,3560.696,-0.8691,-0.0076,-0.4572,-0.8823,-0.015,0.2841,1,1,1,1,1,40.9,54.2,
2026-07-29 18:46:48.289,0.0886,0.1974,0.1566,0.0937,0.3855,0.3366,0.2731,0.4204,0.3004,0.1379,0.1891,0.2996,0.1767,0.2551,0.2968,0.1546,0.0488,0.073,0.0845,0.0317,3363.2601,3314.1026,3340.696,3560.696,-0.8691,-0.0076,-0.4572,-0.8823,-0.015,0.2841,1,1,1,1,1,40.9,54.2,
2026-07-29 18:46:49.291,0.0886,0.1974,0.1566,0.0937,0.3855,0.3366,0.2731,0.4204,0.3004,0.1379,0.1891,0.2996,0.1767,0.2551,0.2968,0.1546,0.0488,0.073,0.0845,0.0317,3363.2601,3314.1026,3340.696,3560.696,-0.8691,-0.0076,-0.4572,-0.8823,-0.015,0.2841,1,1,1,1,1,40.9,54.2,
2026-07-29 18:46:50.340,0.0886,0.1974,0.1566,0.0937,0.3855,0.3366,0.2731,0.4204,0.3004,0.1379,0.1891,0.2996,0.1767,0.2551,0.2968,0.1546,0.0488,0.073,0.0845,0.0317,3363.2601,3314.1026,3340.696,3560.696,-0.8691,-0.0076,-0.4572,-0.8823,-0.015,0.2841,1,1,1,1,1,40.9,54.2,
2026-07-29 18:46:51.396,0.0886,0.1974,0.1566,0.0937,0.3855,0.3366,0.2731,0.4204,0.3004,0.1379,0.1891,0.2996,0.1767,0.2551,0.2968,0.1546,0.0488,0.073,0.0845,0.0317,3363.2601,3314.1026,3340.696,3560.696,-0.8691,-0.0076,-0.4572,-0.8823,-0.015,0.2841,1,1,1,1,1,40.9,54.2,
2026-07-29 18:46:52.399,0.0886,0.1974,0.1566,0.0937,0.3855,0.3366,0.2731,0.4204,0.3004,0.1379,0.1891,0.2996,0.1767,0.2551,0.2968,0.1546,0.0488,0.073,0.0845,0.0317,3363.2601,3314.1026,3340.696,3560.696,-0.8691,-0.0076,-0.4572,-0.8823,-0.015,0.2841,1,1,1,1,1,40.9,54.2,
2026-07-29 18:46:53.447,0.0886,0.1974,0.1566,0.0937,0.3855,0.3366,0.2731,0.4204,0.3004,0.1379,0.1891,0.2996,0.1767,0.2551,0.2968,0.1546,0.0488,0.073,0.0845,0.0317,3363.2601,3314.1026,3340.696,3560.696,-0.8691,-0.0076,-0.4572,-0.8823,-0.015,0.2841,1,1,1,1,1,40.9,54.2,
2026-07-29 18:46:54.448,0.0886,0.1974,0.1566,0.0937,0.3855,0.3366,0.2731,0.4204,0.3004,0.1379,0.1891,0.2996,0.1767,0.2551,0.2968,0.1546,0.0488,0.073,0.0845,0.0317,3363.2601,3314.1026,3340.696,3560.696,-0.8691,-0.0076,-0.4572,-0.8823,-0.015,0.2841,1,1,1,1,1,40.9,54.2,
2026-07-29 18:46:55.494,0.0886,0.1974,0.1566,0.0937,0.3855,0.3366,0.2731,0.4204,0.3004,0.1379,0.1891,0.2996,0.1767,0.2551,0.2968,0.1546,0.0488,0.073,0.0845,0.0317,3363.2601,3314.1026,3340.696,3560.696,-0.8691,-0.0076,-0.4572,-0.8823,-0.015,0.2841,1,1,1,1,1,40.9,54.2,
2026-07-29 18:46:56.499,0.0886,0.1974,0.1566,0.0937,0.3855,0.3366,0.2731,0.4204,0.3004,0.1379,0.1891,0.2996,0.1767,0.2551,0.2968,0.1546,0.0488,0.073,0.0845,0.0317,3363.2601,3314.1026,3340.696,3560.696,-0.8691,-0.0076,-0.4572,-0.8823,-0.015,0.2841,1,1,1,1,1,40.9,54.2,
2026-07-29 18:46:57.545,0.0886,0.1974,0.1566,0.0937,0.3855,0.3366,0.2731,0.4204,0.3004,0.1379,0.1891,0.2996,0.1767,0.2551,0.2968,0.1546,0.0488,0.073,0.0845,0.0317,3363.2601,3314.1026,3340.696,3560.696,-0.8691,-0.0076,-0.4572,-0.8823,-0.015,0.2841,1,1,1,1,1,40.9,54.2,
2026-07-29 18:46:58.554,0.0886,0.1974,0.1566,0.0937,0.3855,0.3366,0.2731,0.4204,0.3004,0.1379,0.1891,0.2996,0.1767,0.2551,0.2968,0.1546,0.0488,0.073,0.0845,0.0317,3363.2601,3314.1026,3340.696,3560.696,-0.8691,-0.0076,-0.4572,-0.8823,-0.015,0.2841,1,1,1,1,1,40.9,54.2,
2026-07-29 18:46:59.555,0.0886,0.1974,0.1566,0.0937,0.3855,0.3366,0.2731,0.4204,0.3004,0.1379,0.1891,0.2996,0.1767,0.2551,0.2968,0.1546,0.0488,0.073,0.0845,0.0317,3363.2601,3314.1026,3340.696,3560.696,-0.8691,-0.0076,-0.4572,-0.8823,-0.015,0.2841,1,1,1,1,1,40.9,54.2,
2026-07-29 18:47:00.561,0.0886,0.1974,0.1566,0.0937,0.3855,0.3366,0.2731,0.4204,0.3004,0.1379,0.1891,0.2996,0.1767,0.2551,0.2968,0.1546,0.0488,0.073,0.0845,0.0317,3363.2601,3314.1026,3340.696,3560.696,-0.8691,-0.0076,-0.4572,-0.8823,-0.015,0.2841,1,1,1,1,1,40.9,54.2,
2026-07-29 18:47:01.613,0.0886,0.1974,0.1566,0.0937,0.3855,0.3366,0.2731,0.4204,0.3004,0.1379,0.1891,0.2996,0.1767,0.2551,0.2968,0.1546,0.0488,0.073,0.0845,0.0317,3363.2601,3314.1026,3340.696,3560.696,-0.8691,-0.0076,-0.4572,-0.8823,-0.015,0.2841,1,1,1,1,1,40.9,54.2,
2026-07-29 18:47:02.614,0.0886,0.1974,0.1566,0.0937,0.3855,0.3366,0.2731,0.4204,0.3004,0.1379,0.1891,0.2996,0.1767,0.2551,0.2968,0.1546,0.0488,0.073,0.0845,0.0317,3363.2601,3314.1026,3340.696,3560.696,-0.8691,-0.0076,-0.4572,-0.8823,-0.015,0.2841,1,1,1,1,1,40.9,54.2,
2026-07-29 18:47:03.614,0.0886,0.1974,0.1566,0.0937,0.3855,0.3366,0.2731,0.4204,0.3004,0.1379,0.1891,0.2996,0.1767,0.2551,0.2968,0.1546,0.0488,0.073,0.0845,0.0317,3363.2601,3314.1026,3340.696,3560.696,-0.8691,-0.0076,-0.4572,-0.8823,-0.015,0.2841,1,1,1,1,1,40.9,54.2,
2026-07-29 18:47:04.616,0.0886,0.1974,0.1566,0.0937,0.3855,0.3366,0.2731,0.4204,0.3004,0.1379,0.1891,0.2996,0.1767,0.2551,0.2968,0.1546,0.0488,0.073,0.0845,0.0317,3363.2601,3314.1026,3340.696,3560.696,-0.8691,-0.0076,-0.4572,-0.8823,-0.015,0.2841,1,1,1,1,1,40.9,54.2,
2026-07-29 18:47:05.618,0.0886,0.1974,0.1566,0.0937,0.3855,0.3366,0.2731,0.4204,0.3004,0.1379,0.1891,0.2996,0.1767,0.2551,0.2968,0.1546,0.0488,0.073,0.0845,0.0317,3363.2601,3314.1026,3340.696,3560.696,-0.8691,-0.0076,-0.4572,-0.8823,-0.015,0.2841,1,1,1,1,1,40.9,54.2,
2026-07-29 18:47:06.623,0.0886,0.1974,0.1566,0.0937,0.3855,0.3366,0.2731,0.4204,0.3004,0.1379,0.1891,0.2996,0.1767,0.2551,0.2968,0.1546,0.0488,0.073,0.0845,0.0317,3363.2601,3314.1026,3340.696,3560.696,-0.8691,-0.0076,-0.4572,-0.8823,-0.015,0.2841,1,1,1,1,1,40.9,54.2,
2026-07-29 18:47:07.617,0.0886,0.1974,0.1566,0.0937,0.3855,0.3366,0.2731,0.4204,0.3004,0.1379,0.1891,0.2996,0.1767,0.2551,0.2968,0.1546,0.0488,0.073,0.0845,0.0317,3363.2601,3314.1026,3340.696,3560.696,-0.8691,-0.0076,-0.4572,-0.8823,-0.015,0.2841,1,1,1,1,1,40.9,54.2,
2026-07-29 18:47:08.666,0.0886,0.1974,0.1566,0.0937,0.3855,0.3366,0.2731,0.4204,0.3004,0.1379,0.1891,0.2996,0.1767,0.2551,0.2968,0.1546,0.0488,0.073,0.0845,0.0317,3363.2601,3314.1026,3340.696,3560.696,-0.8691,-0.0076,-0.4572,-0.8823,-0.015,0.2841,1,1,1,1,1,40.9,54.2,
2026-07-29 18:47:09.663,0.0886,0.1974,0.1566,0.0937,0.3855,0.3366,0.2731,0.4204,0.3004,0.1379,0.1891,0.2996,0.1767,0.2551,0.2968,0.1546,0.0488,0.073,0.0845,0.0317,3363.2601,3314.1026,3340.696,3560.696,-0.8691,-0.0076,-0.4572,-0.8823,-0.015,0.2841,1,1,1,1,1,40.9,54.2,
2026-07-29 18:47:10.715,0.0886,0.1974,0.1566,0.0937,0.3855,0.3366,0.2731,0.4204,0.3004,0.1379,0.1891,0.2996,0.1767,0.2551,0.2968,0.1546,0.0488,0.073,0.0845,0.0317,3363.2601,3314.1026,3340.696,3560.696,-0.8691,-0.0076,-0.4572,-0.8823,-0.015,0.2841,1,1,1,1,1,40.9,54.2,
2026-07-29 18:47:11.709,0.0886,0.1974,0.1566,0.0937,0.3855,0.3366,0.2731,0.4204,0.3004,0.1379,0.1891,0.2996,0.1767,0.2551,0.2968,0.1546,0.0488,0.073,0.0845,0.0317,3363.2601,3314.1026,3340.696,3560.696,-0.8691,-0.0076,-0.4572,-0.8823,-0.015,0.2841,1,1,1,1,1,40.9,54.2,
2026-07-29 18:47:12.757,0.0886,0.1974,0.1566,0.0937,0.3855,0.3366,0.2731,0.4204,0.3004,0.1379,0.1891,0.2996,0.1767,0.2551,0.2968,0.1546,0.0488,0.073,0.0845,0.0317,3363.2601,3314.1026,3340.696,3560.696,-0.8691,-0.0076,-0.4572,-0.8823,-0.015,0.2841,1,1,1,1,1,40.9,54.2,
2026-07-29 18:47:13.810,0.0886,0.1974,0.1566,0.0937,0.3855,0.3366,0.2731,0.4204,0.3004,0.1379,0.1891,0.2996,0.1767,0.2551,0.2968,0.1546,0.0488,0.073,0.0845,0.0317,3363.2601,3314.1026,3340.696,3560.696,-0.8691,-0.0076,-0.4572,-0.8823,-0.015,0.2841,1,1,1,1,1,40.9,54.2,
2026-07-29 18:47:14.858,0.0886,0.1974,0.1566,0.0937,0.3855,0.3366,0.2731,0.4204,0.3004,0.1379,0.1891,0.2996,0.1767,0.2551,0.2968,0.1546,0.0488,0.073,0.0845,0.0317,3363.2601,3314.1026,3340.696,3560.696,-0.8691,-0.0076,-0.4572,-0.8823,-0.015,0.2841,1,1,1,1,1,40.9,54.2,
2026-07-29 18:47:15.859,0.0886,0.1974,0.1566,0.0937,0.3855,0.3366,0.2731,0.4204,0.3004,0.1379,0.1891,0.2996,0.1767,0.2551,0.2968,0.1546,0.0488,0.073,0.0845,0.0317,3363.2601,3314.1026,3340.696,3560.696,-0.8691,-0.0076,-0.4572,-0.8823,-0.015,0.2841,1,1,1,1,1,40.9,54.2,
2026-07-29 18:47:16.863,0.0886,0.1974,0.1566,0.0937,0.3855,0.3366,0.2731,0.4204,0.3004,0.1379,0.1891,0.2996,0.1767,0.2551,0.2968,0.1546,0.0488,0.073,0.0845,0.0317,3363.2601,3314.1026,3340.696,3560.696,-0.8691,-0.0076,-0.4572,-0.8823,-0.015,0.2841,1,1,1,1,1,40.9,54.2,
2026-07-29 18:47:17.872,0.0886,0.1974,0.1566,0.0937,0.3855,0.3366,0.2731,0.4204,0.3004,0.1379,0.1891,0.2996,0.1767,0.2551,0.2968,0.1546,0.0488,0.073,0.0845,0.0317,3363.2601,3314.1026,3340.696,3560.696,-0.8691,-0.0076,-0.4572,-0.8823,-0.015,0.2841,1,1,1,1,1,40.9,54.2,
2026-07-29 18:47:18.879,0.0886,0.1974,0.1566,0.0937,0.3855,0.3366,0.2731,0.4204,0.3004,0.1379,0.1891,0.2996,0.1767,0.2551,0.2968,0.1546,0.0488,0.073,0.0845,0.0317,3363.2601,3314.1026,3340.696,3560.696,-0.8691,-0.0076,-0.4572,-0.8823,-0.015,0.2841,1,1,1,1,1,40.9,54.2,
2026-07-29 18:47:19.922,0.0886,0.1974,0.1566,0.0937,0.3855,0.3366,0.2731,0.4204,0.3004,0.1379,0.1891,0.2996,0.1767,0.2551,0.2968,0.1546,0.0488,0.073,0.0845,0.0317,3363.2601,3314.1026,3340.696,3560.696,-0.8691,-0.0076,-0.4572,-0.8823,-0.015,0.2841,1,1,1,1,1,40.9,54.2,
2026-07-29 18:47:20.969,0.0886,0.1974,0.1566,0.0937,0.3855,0.3366,0.2731,0.4204,0.3004,0.1379,0.1891,0.2996,0.1767,0.2551,0.2968,0.1546,0.0488,0.073,0.0845,0.0317,3363.2601,3314.1026,3340.696,3560.696,-0.8691,-0.0076,-0.4572,-0.8823,-0.015,0.2841,1,1,1,1,1,40.9,54.2,
2026-07-29 18:47:21.973,0.0886,0.1974,0.1566,0.0937,0.3855,0.3366,0.2731,0.4204,0.3004,0.1379,0.1891,0.2996,0.1767,0.2551,0.2968,0.1546,0.0488,0.073,0.0845,0.0317,3363.2601,3314.1026,3340.696,3560.696,-0.8691,-0.0076,-0.4572,-0.8823,-0.015,0.2841,1,1,1,1,1,40.9,54.2,
2026-07-29 18:47:23.024,0.0886,0.1974,0.1566,0.0937,0.3855,0.3366,0.2731,0.4204,0.3004,0.1379,0.1891,0.2996,0.1767,0.2551,0.2968,0.1546,0.0488,0.073,0.0845,0.0317,3363.2601,3314.1026,3340.696,3560.696,-0.8691,-0.0076,-0.4572,-0.8823,-0.015,0.2841,1,1,1,1,1,40.9,54.2,
2026-07-29 18:47:24.033,0.0886,0.1974,0.1566,0.0937,0.3855,0.3366,0.2731,0.4204,0.3004,0.1379,0.1891,0.2996,0.1767,0.2551,0.2968,0.1546,0.0488,0.073,0.0845,0.0317,3363.2601,3314.1026,3340.696,3560.696,-0.8691,-0.0076,-0.4572,-0.8823,-0.015,0.2841,1,1,1,1,1,40.9,54.2,
2026-07-29 18:47:25.081,0.0886,0.1974,0.1566,0.0937,0.3855,0.3366,0.2731,0.4204,0.3004,0.1379,0.1891,0.2996,0.1767,0.2551,0.2968,0.1546,0.0488,0.073,0.0845,0.0317,3363.2601,3314.1026,3340.696,3560.696,-0.8691,-0.0076,-0.4572,-0.8823,-0.015,0.2841,1,1,1,1,1,40.9,54.2,
2026-07-29 18:47:26.076,0.0886,0.1974,0.1566,0.0937,0.3855,0.3366,0.2731,0.4204,0.3004,0.1379,0.1891,0.2996,0.1767,0.2551,0.2968,0.1546,0.0488,0.073,0.0845,0.0317,3363.2601,3314.1026,3340.696,3560.696,-0.8691,-0.0076,-0.4572,-0.8823,-0.015,0.2841,1,1,1,1,1,40.9,54.2,
2026-07-29 18:47:27.129,0.0886,0.1974,0.1566,0.0937,0.3855,0.3366,0.2731,0.4204,0.3004,0.1379,0.1891,0.2996,0.1767,0.2551,0.2968,0.1546,0.0488,0.073,0.0845,0.0317,3363.2601,3314.1026,3340.696,3560.696,-0.8691,-0.0076,-0.4572,-0.8823,-0.015,0.2841,1,1,1,1,1,40.9,54.2,
2026-07-29 18:47:28.178,0.0886,0.1974,0.1566,0.0937,0.3855,0.3366,0.2731,0.4204,0.3004,0.1379,0.1891,0.2996,0.1767,0.2551,0.2968,0.1546,0.0488,0.073,0.0845,0.0317,3363.2601,3314.1026,3340.696,3560.696,-0.8691,-0.0076,-0.4572,-0.8823,-0.015,0.2841,1,1,1,1,1,40.9,54.2,
2026-07-29 18:47:29.179,0.0886,0.1974,0.1566,0.0937,0.3855,0.3366,0.2731,0.4204,0.3004,0.1379,0.1891,0.2996,0.1767,0.2551,0.2968,0.1546,0.0488,0.073,0.0845,0.0317,3363.2601,3314.1026,3340.696,3560.696,-0.8691,-0.0076,-0.4572,-0.8823,-0.015,0.2841,1,1,1,1,1,40.9,54.2,
2026-07-29 18:47:30.232,0.0886,0.1974,0.1566,0.0937,0.3855,0.3366,0.2731,0.4204,0.3004,0.1379,0.1891,0.2996,0.1767,0.2551,0.2968,0.1546,0.0488,0.073,0.0845,0.0317,3363.2601,3314.1026,3340.696,3560.696,-0.8691,-0.0076,-0.4572,-0.8823,-0.015,0.2841,1,1,1,1,1,40.9,54.2,
2026-07-29 18:47:31.288,0.0886,0.1974,0.1566,0.0937,0.3855,0.3366,0.2731,0.4204,0.3004,0.1379,0.1891,0.2996,0.1767,0.2551,0.2968,0.1546,0.0488,0.073,0.0845,0.0317,3363.2601,3314.1026,3340.696,3560.696,-0.8691,-0.0076,-0.4572,-0.8823,-0.015,0.2841,1,1,1,1,1,40.9,54.2,
2026-07-29 18:47:32.287,0.0886,0.1974,0.1566,0.0937,0.3855,0.3366,0.2731,0.4204,0.3004,0.1379,0.1891,0.2996,0.1767,0.2551,0.2968,0.1546,0.0488,0.073,0.0845,0.0317,3363.2601,3314.1026,3340.696,3560.696,-0.8691,-0.0076,-0.4572,-0.8823,-0.015,0.2841,1,1,1,1,1,40.9,54.2,
2026-07-29 18:47:33.290,0.0886,0.1974,0.1566,0.0937,0.3855,0.3366,0.2731,0.4204,0.3004,0.1379,0.1891,0.2996,0.1767,0.2551,0.2968,0.1546,0.0488,0.073,0.0845,0.0317,3363.2601,3314.1026,3340.696,3560.696,-0.8691,-0.0076,-0.4572,-0.8823,-0.015,0.2841,1,1,1,1,1,40.9,54.2,
2026-07-29 18:47:34.340,0.0886,0.1974,0.1566,0.0937,0.3855,0.3366,0.2731,0.4204,0.3004,0.1379,0.1891,0.2996,0.1767,0.2551,0.2968,0.1546,0.0488,0.073,0.0845,0.0317,3363.2601,3314.1026,3340.696,3560.696,-0.8691,-0.0076,-0.4572,-0.8823,-0.015,0.2841,1,1,1,1,1,40.9,54.2,
2026-07-29 18:47:35.338,0.0886,0.1974,0.1566,0.0937,0.3855,0.3366,0.2731,0.4204,0.3004,0.1379,0.1891,0.2996,0.1767,0.2551,0.2968,0.1546,0.0488,0.073,0.0845,0.0317,3363.2601,3314.1026,3340.696,3560.696,-0.8691,-0.0076,-0.4572,-0.8823,-0.015,0.2841,1,1,1,1,1,40.9,54.2,
2026-07-29 18:47:36.377,0.0886,0.1974,0.1566,0.0937,0.3855,0.3366,0.2731,0.4204,0.3004,0.1379,0.1891,0.2996,0.1767,0.2551,0.2968,0.1546,0.0488,0.073,0.0845,0.0317,3363.2601,3314.1026,3340.696,3560.696,-0.8691,-0.0076,-0.4572,-0.8823,-0.015,0.2841,1,1,1,1,1,40.9,54.2,
2026-07-29 18:47:37.420,0.0886,0.1974,0.1566,0.0937,0.3855,0.3366,0.2731,0.4204,0.3004,0.1379,0.1891,0.2996,0.1767,0.2551,0.2968,0.1546,0.0488,0.073,0.0845,0.0317,3363.2601,3314.1026,3340.696,3560.696,-0.8691,-0.0076,-0.4572,-0.8823,-0.015,0.2841,1,1,1,1,1,40.9,54.2,
2026-07-29 18:47:38.428,0.0886,0.1974,0.1566,0.0937,0.3855,0.3366,0.2731,0.4204,0.3004,0.1379,0.1891,0.2996,0.1767,0.2551,0.2968,0.1546,0.0488,0.073,0.0845,0.0317,3363.2601,3314.1026,3340.696,3560.696,-0.8691,-0.0076,-0.4572,-0.8823,-0.015,0.2841,1,1,1,1,1,40.9,54.2,
2026-07-29 18:47:39.429,0.0886,0.1974,0.1566,0.0937,0.3855,0.3366,0.2731,0.4204,0.3004,0.1379,0.1891,0.2996,0.1767,0.2551,0.2968,0.1546,0.0488,0.073,0.0845,0.0317,3363.2601,3314.1026,3340.696,3560.696,-0.8691,-0.0076,-0.4572,-0.8823,-0.015,0.2841,1,1,1,1,1,40.9,54.2,
2026-07-29 18:47:40.480,0.0886,0.1974,0.1566,0.0937,0.3855,0.3366,0.2731,0.4204,0.3004,0.1379,0.1891,0.2996,0.1767,0.2551,0.2968,0.1546,0.0488,0.073,0.0845,0.0317,3363.2601,3314.1026,3340.696,3560.696,-0.8691,-0.0076,-0.4572,-0.8823,-0.015,0.2841,1,1,1,1,1,40.9,54.2,
2026-07-29 18:47:41.530,0.0886,0.1974,0.1566,0.0937,0.3855,0.3366,0.2731,0.4204,0.3004,0.1379,0.1891,0.2996,0.1767,0.2551,0.2968,0.1546,0.0488,0.073,0.0845,0.0317,3363.2601,3314.1026,3340.696,3560.696,-0.8691,-0.0076,-0.4572,-0.8823,-0.015,0.2841,1,1,1,1,1,40.9,54.2,
2026-07-29 18:47:42.580,0.0886,0.1974,0.1566,0.0937,0.3855,0.3366,0.2731,0.4204,0.3004,0.1379,0.1891,0.2996,0.1767,0.2551,0.2968,0.1546,0.0488,0.073,0.0845,0.0317,3363.2601,3314.1026,3340.696,3560.696,-0.8691,-0.0076,-0.4572,-0.8823,-0.015,0.2841,1,1,1,1,1,40.9,54.2,
2026-07-29 18:47:43.625,0.0886,0.1974,0.1566,0.0937,0.3855,0.3366,0.2731,0.4204,0.3004,0.1379,0.1891,0.2996,0.1767,0.2551,0.2968,0.1546,0.0488,0.073,0.0845,0.0317,3363.2601,3314.1026,3340.696,3560.696,-0.8691,-0.0076,-0.4572,-0.8823,-0.015,0.2841,1,1,1,1,1,40.9,54.2,
2026-07-29 18:47:44.627,0.0886,0.1974,0.1566,0.0937,0.3855,0.3366,0.2731,0.4204,0.3004,0.1379,0.1891,0.2996,0.1767,0.2551,0.2968,0.1546,0.0488,0.073,0.0845,0.0317,3363.2601,3314.1026,3340.696,3560.696,-0.8691,-0.0076,-0.4572,-0.8823,-0.015,0.2841,1,1,1,1,1,40.9,54.2,
2026-07-29 18:47:45.627,0.0886,0.1974,0.1566,0.0937,0.3855,0.3366,0.2731,0.4204,0.3004,0.1379,0.1891,0.2996,0.1767,0.2551,0.2968,0.1546,0.0488,0.073,0.0845,0.0317,3363.2601,3314.1026,3340.696,3560.696,-0.8691,-0.0076,-0.4572,-0.8823,-0.015,0.2841,1,1,1,1,1,40.9,54.2,
2026-07-29 18:47:46.629,0.0886,0.1974,0.1566,0.0937,0.3855,0.3366,0.2731,0.4204,0.3004,0.1379,0.1891,0.2996,0.1767,0.2551,0.2968,0.1546,0.0488,0.073,0.0845,0.0317,3363.2601,3314.1026,3340.696,3560.696,-0.8691,-0.0076,-0.4572,-0.8823,-0.015,0.2841,1,1,1,1,1,40.9,54.2,
2026-07-29 18:47:47.661,0.0886,0.1974,0.1566,0.0937,0.3855,0.3366,0.2731,0.4204,0.3004,0.1379,0.1891,0.2996,0.1767,0.2551,0.2968,0.1546,0.0488,0.073,0.0845,0.0317,3363.2601,3314.1026,3340.696,3560.696,-0.8691,-0.0076,-0.4572,-0.8823,-0.015,0.2841,1,1,1,1,1,40.9,54.2,
2026-07-29 18:47:48.663,0.0886,0.1974,0.1566,0.0937,0.3855,0.3366,0.2731,0.4204,0.3004,0.1379,0.1891,0.2996,0.1767,0.2551,0.2968,0.1546,0.0488,0.073,0.0845,0.0317,3363.2601,3314.1026,3340.696,3560.696,-0.8691,-0.0076,-0.4572,-0.8823,-0.015,0.2841,1,1,1,1,1,40.9,54.2,
2026-07-29 18:47:49.673,0.0886,0.1974,0.1566,0.0937,0.3855,0.3366,0.2731,0.4204,0.3004,0.1379,0.1891,0.2996,0.1767,0.2551,0.2968,0.1546,0.0488,0.073,0.0845,0.0317,3363.2601,3314.1026,3340.696,3560.696,-0.8691,-0.0076,-0.4572,-0.8823,-0.015,0.2841,1,1,1,1,1,40.9,54.2,
2026-07-29 18:47:50.675,0.0886,0.1974,0.1566,0.0937,0.3855,0.3366,0.2731,0.4204,0.3004,0.1379,0.1891,0.2996,0.1767,0.2551,0.2968,0.1546,0.0488,0.073,0.0845,0.0317,3363.2601,3314.1026,3340.696,3560.696,-0.8691,-0.0076,-0.4572,-0.8823,-0.015,0.2841,1,1,1,1,1,40.9,54.2,
2026-07-29 18:47:51.676,0.0886,0.1974,0.1566,0.0937,0.3855,0.3366,0.2731,0.4204,0.3004,0.1379,0.1891,0.2996,0.1767,0.2551,0.2968,0.1546,0.0488,0.073,0.0845,0.0317,3363.2601,3314.1026,3340.696,3560.696,-0.8691,-0.0076,-0.4572,-0.8823,-0.015,0.2841,1,1,1,1,1,40.9,54.2,
2026-07-29 18:47:52.677,0.0886,0.1974,0.1566,0.0937,0.3855,0.3366,0.2731,0.4204,0.3004,0.1379,0.1891,0.2996,0.1767,0.2551,0.2968,0.1546,0.0488,0.073,0.0845,0.0317,3363.2601,3314.1026,3340.696,3560.696,-0.8691,-0.0076,-0.4572,-0.8823,-0.015,0.2841,1,1,1,1,1,40.9,54.2,
2026-07-29 18:47:53.688,0.0886,0.1974,0.1566,0.0937,0.3855,0.3366,0.2731,0.4204,0.3004,0.1379,0.1891,0.2996,0.1767,0.2551,0.2968,0.1546,0.0488,0.073,0.0845,0.0317,3363.2601,3314.1026,3340.696,3560.696,-0.8691,-0.0076,-0.4572,-0.8823,-0.015,0.2841,1,1,1,1,1,40.9,54.2,
2026-07-29 18:47:54.688,0.0886,0.1974,0.1566,0.0937,0.3855,0.3366,0.2731,0.4204,0.3004,0.1379,0.1891,0.2996,0.1767,0.2551,0.2968,0.1546,0.0488,0.073,0.0845,0.0317,3363.2601,3314.1026,3340.696,3560.696,-0.8691,-0.0076,-0.4572,-0.8823,-0.015,0.2841,1,1,1,1,1,40.9,54.2,
2026-07-29 18:47:55.735,0.0886,0.1974,0.1566,0.0937,0.3855,0.3366,0.2731,0.4204,0.3004,0.1379,0.1891,0.2996,0.1767,0.2551,0.2968,0.1546,0.0488,0.073,0.0845,0.0317,3363.2601,3314.1026,3340.696,3560.696,-0.8691,-0.0076,-0.4572,-0.8823,-0.015,0.2841,1,1,1,1,1,40.9,54.2,
2026-07-29 18:47:56.788,0.0886,0.1974,0.1566,0.0937,0.3855,0.3366,0.2731,0.4204,0.3004,0.1379,0.1891,0.2996,0.1767,0.2551,0.2968,0.1546,0.0488,0.073,0.0845,0.0317,3363.2601,3314.1026,3340.696,3560.696,-0.8691,-0.0076,-0.4572,-0.8823,-0.015,0.2841,1,1,1,1,1,40.9,54.2,
2026-07-29 18:47:57.788,0.0886,0.1974,0.1566,0.0937,0.3855,0.3366,0.2731,0.4204,0.3004,0.1379,0.1891,0.2996,0.1767,0.2551,0.2968,0.1546,0.0488,0.073,0.0845,0.0317,3363.2601,3314.1026,3340.696,3560.696,-0.8691,-0.0076,-0.4572,-0.8823,-0.015,0.2841,1,1,1,1,1,40.9,54.2,
2026-07-29 18:47:58.800,0.0886,0.1974,0.1566,0.0937,0.3855,0.3366,0.2731,0.4204,0.3004,0.1379,0.1891,0.2996,0.1767,0.2551,0.2968,0.1546,0.0488,0.073,0.0845,0.0317,3363.2601,3314.1026,3340.696,3560.696,-0.8691,-0.0076,-0.4572,-0.8823,-0.015,0.2841,1,1,1,1,1,40.9,54.2,
2026-07-29 18:47:59.801,0.0886,0.1974,0.1566,0.0937,0.3855,0.3366,0.2731,0.4204,0.3004,0.1379,0.1891,0.2996,0.1767,0.2551,0.2968,0.1546,0.0488,0.073,0.0845,0.0317,3363.2601,3314.1026,3340.696,3560.696,-0.8691,-0.0076,-0.4572,-0.8823,-0.015,0.2841,1,1,1,1,1,40.9,54.2,
2026-07-29 18:48:00.807,0.0886,0.1974,0.1566,0.0937,0.3855,0.3366,0.2731,0.4204,0.3004,0.1379,0.1891,0.2996,0.1767,0.2551,0.2968,0.1546,0.0488,0.073,0.0845,0.0317,3363.2601,3314.1026,3340.696,3560.696,-0.8691,-0.0076,-0.4572,-0.8823,-0.015,0.2841,1,1,1,1,1,40.9,54.2,
2026-07-29 18:48:01.804,0.0886,0.1974,0.1566,0.0937,0.3855,0.3366,0.2731,0.4204,0.3004,0.1379,0.1891,0.2996,0.1767,0.2551,0.2968,0.1546,0.0488,0.073,0.0845,0.0317,3363.2601,3314.1026,3340.696,3560.696,-0.8691,-0.0076,-0.4572,-0.8823,-0.015,0.2841,1,1,1,1,1,40.9,54.2,
2026-07-29 18:48:02.857,0.0886,0.1974,0.1566,0.0937,0.3855,0.3366,0.2731,0.4204,0.3004,0.1379,0.1891,0.2996,0.1767,0.2551,0.2968,0.1546,0.0488,0.073,0.0845,0.0317,3363.2601,3314.1026,3340.696,3560.696,-0.8691,-0.0076,-0.4572,-0.8823,-0.015,0.2841,1,1,1,1,1,40.9,54.2,
2026-07-29 18:48:03.910,0.0886,0.1974,0.1566,0.0937,0.3855,0.3366,0.2731,0.4204,0.3004,0.1379,0.1891,0.2996,0.1767,0.2551,0.2968,0.1546,0.0488,0.073,0.0845,0.0317,3363.2601,3314.1026,3340.696,3560.696,-0.8691,-0.0076,-0.4572,-0.8823,-0.015,0.2841,1,1,1,1,1,40.9,54.2,
2026-07-29 18:48:04.910,0.0886,0.1974,0.1566,0.0937,0.3855,0.3366,0.2731,0.4204,0.3004,0.1379,0.1891,0.2996,0.1767,0.2551,0.2968,0.1546,0.0488,0.073,0.0845,0.0317,3363.2601,3314.1026,3340.696,3560.696,-0.8691,-0.0076,-0.4572,-0.8823,-0.015,0.2841,1,1,1,1,1,40.9,54.2,
2026-07-29 18:48:05.962,0.0886,0.1974,0.1566,0.0937,0.3855,0.3366,0.2731,0.4204,0.3004,0.1379,0.1891,0.2996,0.1767,0.2551,0.2968,0.1546,0.0488,0.073,0.0845,0.0317,3363.2601,3314.1026,3340.696,3560.696,-0.8691,-0.0076,-0.4572,-0.8823,-0.015,0.2841,1,1,1,1,1,40.9,54.2,
2026-07-29 18:48:06.968,0.0886,0.1974,0.1566,0.0937,0.3855,0.3366,0.2731,0.4204,0.3004,0.1379,0.1891,0.2996,0.1767,0.2551,0.2968,0.1546,0.0488,0.073,0.0845,0.0317,3363.2601,3314.1026,3340.696,3560.696,-0.8691,-0.0076,-0.4572,-0.8823,-0.015,0.2841,1,1,1,1,1,40.9,54.2,
2026-07-29 18:48:07.972,0.0886,0.1974,0.1566,0.0937,0.3855,0.3366,0.2731,0.4204,0.3004,0.1379,0.1891,0.2996,0.1767,0.2551,0.2968,0.1546,0.0488,0.073,0.0845,0.0317,3363.2601,3314.1026,3340.696,3560.696,-0.8691,-0.0076,-0.4572,-0.8823,-0.015,0.2841,1,1,1,1,1,40.9,54.2,
2026-07-29 18:48:09.022,0.0886,0.1974,0.1566,0.0937,0.3855,0.3366,0.2731,0.4204,0.3004,0.1379,0.1891,0.2996,0.1767,0.2551,0.2968,0.1546,0.0488,0.073,0.0845,0.0317,3363.2601,3314.1026,3340.696,3560.696,-0.8691,-0.0076,-0.4572,-0.8823,-0.015,0.2841,1,1,1,1,1,40.9,54.2,
2026-07-29 18:48:10.074,0.0886,0.1974,0.1566,0.0937,0.3855,0.3366,0.2731,0.4204,0.3004,0.1379,0.1891,0.2996,0.1767,0.2551,0.2968,0.1546,0.0488,0.073,0.0845,0.0317,3363.2601,3314.1026,3340.696,3560.696,-0.8691,-0.0076,-0.4572,-0.8823,-0.015,0.2841,1,1,1,1,1,40.9,54.2,
2026-07-29 18:48:11.076,0.0886,0.1974,0.1566,0.0937,0.3855,0.3366,0.2731,0.4204,0.3004,0.1379,0.1891,0.2996,0.1767,0.2551,0.2968,0.1546,0.0488,0.073,0.0845,0.0317,3363.2601,3314.1026,3340.696,3560.696,-0.8691,-0.0076,-0.4572,-0.8823,-0.015,0.2841,1,1,1,1,1,40.9,54.2,
2026-07-29 18:48:12.128,0.0886,0.1974,0.1566,0.0937,0.3855,0.3366,0.2731,0.4204,0.3004,0.1379,0.1891,0.2996,0.1767,0.2551,0.2968,0.1546,0.0488,0.073,0.0845,0.0317,3363.2601,3314.1026,3340.696,3560.696,-0.8691,-0.0076,-0.4572,-0.8823,-0.015,0.2841,1,1,1,1,1,40.9,54.2,
2026-07-29 18:48:13.130,0.0886,0.1974,0.1566,0.0937,0.3855,0.3366,0.2731,0.4204,0.3004,0.1379,0.1891,0.2996,0.1767,0.2551,0.2968,0.1546,0.0488,0.073,0.0845,0.0317,3363.2601,3314.1026,3340.696,3560.696,-0.8691,-0.0076,-0.4572,-0.8823,-0.015,0.2841,1,1,1,1,1,40.9,54.2,
2026-07-29 18:48:14.132,0.0886,0.1974,0.1566,0.0937,0.3855,0.3366,0.2731,0.4204,0.3004,0.1379,0.1891,0.2996,0.1767,0.2551,0.2968,0.1546,0.0488,0.073,0.0845,0.0317,3363.2601,3314.1026,3340.696,3560.696,-0.8691,-0.0076,-0.4572,-0.8823,-0.015,0.2841,1,1,1,1,1,40.9,54.2,
2026-07-29 18:48:15.183,0.0886,0.1974,0.1566,0.0937,0.3855,0.3366,0.2731,0.4204,0.3004,0.1379,0.1891,0.2996,0.1767,0.2551,0.2968,0.1546,0.0488,0.073,0.0845,0.0317,3363.2601,3314.1026,3340.696,3560.696,-0.8691,-0.0076,-0.4572,-0.8823,-0.015,0.2841,1,1,1,1,1,40.9,54.2,
2026-07-29 18:48:16.223,0.0886,0.1974,0.1566,0.0937,0.3855,0.3366,0.2731,0.4204,0.3004,0.1379,0.1891,0.2996,0.1767,0.2551,0.2968,0.1546,0.0488,0.073,0.0845,0.0317,3363.2601,3314.1026,3340.696,3560.696,-0.8691,-0.0076,-0.4572,-0.8823,-0.015,0.2841,1,1,1,1,1,40.9,54.2,
2026-07-29 18:48:17.279,0.0886,0.1974,0.1566,0.0937,0.3855,0.3366,0.2731,0.4204,0.3004,0.1379,0.1891,0.2996,0.1767,0.2551,0.2968,0.1546,0.0488,0.073,0.0845,0.0317,3363.2601,3314.1026,3340.696,3560.696,-0.8691,-0.0076,-0.4572,-0.8823,-0.015,0.2841,1,1,1,1,1,40.9,54.2,
2026-07-29 18:48:18.285,0.0886,0.1974,0.1566,0.0937,0.3855,0.3366,0.2731,0.4204,0.3004,0.1379,0.1891,0.2996,0.1767,0.2551,0.2968,0.1546,0.0488,0.073,0.0845,0.0317,3363.2601,3314.1026,3340.696,3560.696,-0.8691,-0.0076,-0.4572,-0.8823,-0.015,0.2841,1,1,1,1,1,40.9,54.2,
2026-07-29 18:48:19.288,0.0886,0.1974,0.1566,0.0937,0.3855,0.3366,0.2731,0.4204,0.3004,0.1379,0.1891,0.2996,0.1767,0.2551,0.2968,0.1546,0.0488,0.073,0.0845,0.0317,3363.2601,3314.1026,3340.696,3560.696,-0.8691,-0.0076,-0.4572,-0.8823,-0.015,0.2841,1,1,1,1,1,40.9,54.2,
2026-07-29 18:48:20.335,0.0886,0.1974,0.1566,0.0937,0.3855,0.3366,0.2731,0.4204,0.3004,0.1379,0.1891,0.2996,0.1767,0.2551,0.2968,0.1546,0.0488,0.073,0.0845,0.0317,3363.2601,3314.1026,3340.696,3560.696,-0.8691,-0.0076,-0.4572,-0.8823,-0.015,0.2841,1,1,1,1,1,40.9,54.2,
2026-07-29 18:48:21.342,0.0886,0.1974,0.1566,0.0937,0.3855,0.3366,0.2731,0.4204,0.3004,0.1379,0.1891,0.2996,0.1767,0.2551,0.2968,0.1546,0.0488,0.073,0.0845,0.0317,3363.2601,3314.1026,3340.696,3560.696,-0.8691,-0.0076,-0.4572,-0.8823,-0.015,0.2841,1,1,1,1,1,40.9,54.2,
2026-07-29 18:48:22.389,0.0886,0.1974,0.1566,0.0937,0.3855,0.3366,0.2731,0.4204,0.3004,0.1379,0.1891,0.2996,0.1767,0.2551,0.2968,0.1546,0.0488,0.073,0.0845,0.0317,3363.2601,3314.1026,3340.696,3560.696,-0.8691,-0.0076,-0.4572,-0.8823,-0.015,0.2841,1,1,1,1,1,40.9,54.2,
2026-07-29 18:48:23.438,0.0886,0.1974,0.1566,0.0937,0.3855,0.3366,0.2731,0.4204,0.3004,0.1379,0.1891,0.2996,0.1767,0.2551,0.2968,0.1546,0.0488,0.073,0.0845,0.0317,3363.2601,3314.1026,3340.696,3560.696,-0.8691,-0.0076,-0.4572,-0.8823,-0.015,0.2841,1,1,1,1,1,40.9,54.2,
2026-07-29 18:48:24.488,0.0886,0.1974,0.1566,0.0937,0.3855,0.3366,0.2731,0.4204,0.3004,0.1379,0.1891,0.2996,0.1767,0.2551,0.2968,0.1546,0.0488,0.073,0.0845,0.0317,3363.2601,3314.1026,3340.696,3560.696,-0.8691,-0.0076,-0.4572,-0.8823,-0.015,0.2841,1,1,1,1,1,40.9,54.2,
2026-07-29 18:48:25.493,0.0886,0.1974,0.1566,0.0937,0.3855,0.3366,0.2731,0.4204,0.3004,0.1379,0.1891,0.2996,0.1767,0.2551,0.2968,0.1546,0.0488,0.073,0.0845,0.0317,3363.2601,3314.1026,3340.696,3560.696,-0.8691,-0.0076,-0.4572,-0.8823,-0.015,0.2841,1,1,1,1,1,40.9,54.2,
2026-07-29 18:48:26.499,0.0886,0.1974,0.1566,0.0937,0.3855,0.3366,0.2731,0.4204,0.3004,0.1379,0.1891,0.2996,0.1767,0.2551,0.2968,0.1546,0.0488,0.073,0.0845,0.0317,3363.2601,3314.1026,3340.696,3560.696,-0.8691,-0.0076,-0.4572,-0.8823,-0.015,0.2841,1,1,1,1,1,40.9,54.2,
2026-07-29 18:48:27.505,0.0886,0.1974,0.1566,0.0937,0.3855,0.3366,0.2731,0.4204,0.3004,0.1379,0.1891,0.2996,0.1767,0.2551,0.2968,0.1546,0.0488,0.073,0.0845,0.0317,3363.2601,3314.1026,3340.696,3560.696,-0.8691,-0.0076,-0.4572,-0.8823,-0.015,0.2841,1,1,1,1,1,40.9,54.2,
2026-07-29 18:48:28.510,0.0886,0.1974,0.1566,0.0937,0.3855,0.3366,0.2731,0.4204,0.3004,0.1379,0.1891,0.2996,0.1767,0.2551,0.2968,0.1546,0.0488,0.073,0.0845,0.0317,3363.2601,3314.1026,3340.696,3560.696,-0.8691,-0.0076,-0.4572,-0.8823,-0.015,0.2841,1,1,1,1,1,40.9,54.2,
2026-07-29 18:48:29.561,0.0886,0.1974,0.1566,0.0937,0.3855,0.3366,0.2731,0.4204,0.3004,0.1379,0.1891,0.2996,0.1767,0.2551,0.2968,0.1546,0.0488,0.073,0.0845,0.0317,3363.2601,3314.1026,3340.696,3560.696,-0.8691,-0.0076,-0.4572,-0.8823,-0.015,0.2841,1,1,1,1,1,40.9,54.2,
2026-07-29 18:48:30.562,0.0886,0.1974,0.1566,0.0937,0.3855,0.3366,0.2731,0.4204,0.3004,0.1379,0.1891,0.2996,0.1767,0.2551,0.2968,0.1546,0.0488,0.073,0.0845,0.0317,3363.2601,3314.1026,3340.696,3560.696,-0.8691,-0.0076,-0.4572,-0.8823,-0.015,0.2841,1,1,1,1,1,40.9,54.2,
2026-07-29 18:48:31.571,0.0886,0.1974,0.1566,0.0937,0.3855,0.3366,0.2731,0.4204,0.3004,0.1379,0.1891,0.2996,0.1767,0.2551,0.2968,0.1546,0.0488,0.073,0.0845,0.0317,3363.2601,3314.1026,3340.696,3560.696,-0.8691,-0.0076,-0.4572,-0.8823,-0.015,0.2841,1,1,1,1,1,40.9,54.2,
2026-07-29 18:48:32.570,0.0886,0.1974,0.1566,0.0937,0.3855,0.3366,0.2731,0.4204,0.3004,0.1379,0.1891,0.2996,0.1767,0.2551,0.2968,0.1546,0.0488,0.073,0.0845,0.0317,3363.2601,3314.1026,3340.696,3560.696,-0.8691,-0.0076,-0.4572,-0.8823,-0.015,0.2841,1,1,1,1,1,40.9,54.2,
2026-07-29 18:48:33.579,0.0886,0.1974,0.1566,0.0937,0.3855,0.3366,0.2731,0.4204,0.3004,0.1379,0.1891,0.2996,0.1767,0.2551,0.2968,0.1546,0.0488,0.073,0.0845,0.0317,3363.2601,3314.1026,3340.696,3560.696,-0.8691,-0.0076,-0.4572,-0.8823,-0.015,0.2841,1,1,1,1,1,40.9,54.2,
2026-07-29 18:48:34.594,0.0886,0.1974,0.1566,0.0937,0.3855,0.3366,0.2731,0.4204,0.3004,0.1379,0.1891,0.2996,0.1767,0.2551,0.2968,0.1546,0.0488,0.073,0.0845,0.0317,3363.2601,3314.1026,3340.696,3560.696,-0.8691,-0.0076,-0.4572,-0.8823,-0.015,0.2841,1,1,1,1,1,40.9,54.2,
2026-07-29 18:48:35.646,0.0886,0.1974,0.1566,0.0937,0.3855,0.3366,0.2731,0.4204,0.3004,0.1379,0.1891,0.2996,0.1767,0.2551,0.2968,0.1546,0.0488,0.073,0.0845,0.0317,3363.2601,3314.1026,3340.696,3560.696,-0.8691,-0.0076,-0.4572,-0.8823,-0.015,0.2841,1,1,1,1,1,40.9,54.2,
2026-07-29 18:48:36.650,0.0886,0.1974,0.1566,0.0937,0.3855,0.3366,0.2731,0.4204,0.3004,0.1379,0.1891,0.2996,0.1767,0.2551,0.2968,0.1546,0.0488,0.073,0.0845,0.0317,3363.2601,3314.1026,3340.696,3560.696,-0.8691,-0.0076,-0.4572,-0.8823,-0.015,0.2841,1,1,1,1,1,40.9,54.2,
2026-07-29 18:48:37.700,0.0886,0.1974,0.1566,0.0937,0.3855,0.3366,0.2731,0.4204,0.3004,0.1379,0.1891,0.2996,0.1767,0.2551,0.2968,0.1546,0.0488,0.073,0.0845,0.0317,3363.2601,3314.1026,3340.696,3560.696,-0.8691,-0.0076,-0.4572,-0.8823,-0.015,0.2841,1,1,1,1,1,40.9,54.2,
2026-07-29 18:48:38.700,0.0886,0.1974,0.1566,0.0937,0.3855,0.3366,0.2731,0.4204,0.3004,0.1379,0.1891,0.2996,0.1767,0.2551,0.2968,0.1546,0.0488,0.073,0.0845,0.0317,3363.2601,3314.1026,3340.696,3560.696,-0.8691,-0.0076,-0.4572,-0.8823,-0.015,0.2841,1,1,1,1,1,40.9,54.2,
2026-07-29 18:48:39.703,0.0886,0.1974,0.1566,0.0937,0.3855,0.3366,0.2731,0.4204,0.3004,0.1379,0.1891,0.2996,0.1767,0.2551,0.2968,0.1546,0.0488,0.073,0.0845,0.0317,3363.2601,3314.1026,3340.696,3560.696,-0.8691,-0.0076,-0.4572,-0.8823,-0.015,0.2841,1,1,1,1,1,40.9,54.2,
2026-07-29 18:48:40.755,0.0886,0.1974,0.1566,0.0937,0.3855,0.3366,0.2731,0.4204,0.3004,0.1379,0.1891,0.2996,0.1767,0.2551,0.2968,0.1546,0.0488,0.073,0.0845,0.0317,3363.2601,3314.1026,3340.696,3560.696,-0.8691,-0.0076,-0.4572,-0.8823,-0.015,0.2841,1,1,1,1,1,40.9,54.2,
2026-07-29 18:48:41.767,0.0886,0.1974,0.1566,0.0937,0.3855,0.3366,0.2731,0.4204,0.3004,0.1379,0.1891,0.2996,0.1767,0.2551,0.2968,0.1546,0.0488,0.073,0.0845,0.0317,3363.2601,3314.1026,3340.696,3560.696,-0.8691,-0.0076,-0.4572,-0.8823,-0.015,0.2841,1,1,1,1,1,40.9,54.2,
2026-07-29 18:48:42.766,0.0886,0.1974,0.1566,0.0937,0.3855,0.3366,0.2731,0.4204,0.3004,0.1379,0.1891,0.2996,0.1767,0.2551,0.2968,0.1546,0.0488,0.073,0.0845,0.0317,3363.2601,3314.1026,3340.696,3560.696,-0.8691,-0.0076,-0.4572,-0.8823,-0.015,0.2841,1,1,1,1,1,40.9,54.2,
2026-07-29 18:48:43.765,0.0886,0.1974,0.1566,0.0937,0.3855,0.3366,0.2731,0.4204,0.3004,0.1379,0.1891,0.2996,0.1767,0.2551,0.2968,0.1546,0.0488,0.073,0.0845,0.0317,3363.2601,3314.1026,3340.696,3560.696,-0.8691,-0.0076,-0.4572,-0.8823,-0.015,0.2841,1,1,1,1,1,40.9,54.2,
2026-07-29 18:48:44.818,0.0886,0.1974,0.1566,0.0937,0.3855,0.3366,0.2731,0.4204,0.3004,0.1379,0.1891,0.2996,0.1767,0.2551,0.2968,0.1546,0.0488,0.073,0.0845,0.0317,3363.2601,3314.1026,3340.696,3560.696,-0.8691,-0.0076,-0.4572,-0.8823,-0.015,0.2841,1,1,1,1,1,40.9,54.2,
2026-07-29 18:48:45.874,0.0886,0.1974,0.1566,0.0937,0.3855,0.3366,0.2731,0.4204,0.3004,0.1379,0.1891,0.2996,0.1767,0.2551,0.2968,0.1546,0.0488,0.073,0.0845,0.0317,3363.2601,3314.1026,3340.696,3560.696,-0.8691,-0.0076,-0.4572,-0.8823,-0.015,0.2841,1,1,1,1,1,40.9,54.2,
2026-07-29 18:48:46.875,0.0886,0.1974,0.1566,0.0937,0.3855,0.3366,0.2731,0.4204,0.3004,0.1379,0.1891,0.2996,0.1767,0.2551,0.2968,0.1546,0.0488,0.073,0.0845,0.0317,3363.2601,3314.1026,3340.696,3560.696,-0.8691,-0.0076,-0.4572,-0.8823,-0.015,0.2841,1,1,1,1,1,40.9,54.2,
2026-07-29 18:48:47.923,0.0886,0.1974,0.1566,0.0937,0.3855,0.3366,0.2731,0.4204,0.3004,0.1379,0.1891,0.2996,0.1767,0.2551,0.2968,0.1546,0.0488,0.073,0.0845,0.0317,3363.2601,3314.1026,3340.696,3560.696,-0.8691,-0.0076,-0.4572,-0.8823,-0.015,0.2841,1,1,1,1,1,40.9,54.2,
2026-07-29 18:48:48.934,0.0886,0.1974,0.1566,0.0937,0.3855,0.3366,0.2731,0.4204,0.3004,0.1379,0.1891,0.2996,0.1767,0.2551,0.2968,0.1546,0.0488,0.073,0.0845,0.0317,3363.2601,3314.1026,3340.696,3560.696,-0.8691,-0.0076,-0.4572,-0.8823,-0.015,0.2841,1,1,1,1,1,40.9,54.2,
2026-07-29 18:48:49.936,0.0886,0.1974,0.1566,0.0937,0.3855,0.3366,0.2731,0.4204,0.3004,0.1379,0.1891,0.2996,0.1767,0.2551,0.2968,0.1546,0.0488,0.073,0.0845,0.0317,3363.2601,3314.1026,3340.696,3560.696,-0.8691,-0.0076,-0.4572,-0.8823,-0.015,0.2841,1,1,1,1,1,40.9,54.2,
2026-07-29 18:48:50.989,0.0886,0.1974,0.1566,0.0937,0.3855,0.3366,0.2731,0.4204,0.3004,0.1379,0.1891,0.2996,0.1767,0.2551,0.2968,0.1546,0.0488,0.073,0.0845,0.0317,3363.2601,3314.1026,3340.696,3560.696,-0.8691,-0.0076,-0.4572,-0.8823,-0.015,0.2841,1,1,1,1,1,40.9,54.2,
2026-07-29 18:48:51.992,0.0886,0.1974,0.1566,0.0937,0.3855,0.3366,0.2731,0.4204,0.3004,0.1379,0.1891,0.2996,0.1767,0.2551,0.2968,0.1546,0.0488,0.073,0.0845,0.0317,3363.2601,3314.1026,3340.696,3560.696,-0.8691,-0.0076,-0.4572,-0.8823,-0.015,0.2841,1,1,1,1,1,40.9,54.2,
2026-07-29 18:48:52.998,0.0886,0.1974,0.1566,0.0937,0.3855,0.3366,0.2731,0.4204,0.3004,0.1379,0.1891,0.2996,0.1767,0.2551,0.2968,0.1546,0.0488,0.073,0.0845,0.0317,3363.2601,3314.1026,3340.696,3560.696,-0.8691,-0.0076,-0.4572,-0.8823,-0.015,0.2841,1,1,1,1,1,40.9,54.2,
2026-07-29 18:48:54.047,0.0886,0.1974,0.1566,0.0937,0.3855,0.3366,0.2731,0.4204,0.3004,0.1379,0.1891,0.2996,0.1767,0.2551,0.2968,0.1546,0.0488,0.073,0.0845,0.0317,3363.2601,3314.1026,3340.696,3560.696,-0.8691,-0.0076,-0.4572,-0.8823,-0.015,0.2841,1,1,1,1,1,40.9,54.2,
2026-07-29 18:48:55.097,0.0886,0.1974,0.1566,0.0937,0.3855,0.3366,0.2731,0.4204,0.3004,0.1379,0.1891,0.2996,0.1767,0.2551,0.2968,0.1546,0.0488,0.073,0.0845,0.0317,3363.2601,3314.1026,3340.696,3560.696,-0.8691,-0.0076,-0.4572,-0.8823,-0.015,0.2841,1,1,1,1,1,40.9,54.2,
2026-07-29 18:48:56.109,0.0886,0.1974,0.1566,0.0937,0.3855,0.3366,0.2731,0.4204,0.3004,0.1379,0.1891,0.2996,0.1767,0.2551,0.2968,0.1546,0.0488,0.073,0.0845,0.0317,3363.2601,3314.1026,3340.696,3560.696,-0.8691,-0.0076,-0.4572,-0.8823,-0.015,0.2841,1,1,1,1,1,40.9,54.2,
2026-07-29 18:48:57.116,0.0886,0.1974,0.1566,0.0937,0.3855,0.3366,0.2731,0.4204,0.3004,0.1379,0.1891,0.2996,0.1767,0.2551,0.2968,0.1546,0.0488,0.073,0.0845,0.0317,3363.2601,3314.1026,3340.696,3560.696,-0.8691,-0.0076,-0.4572,-0.8823,-0.015,0.2841,1,1,1,1,1,40.9,54.2,
2026-07-29 18:48:58.116,0.0886,0.1974,0.1566,0.0937,0.3855,0.3366,0.2731,0.4204,0.3004,0.1379,0.1891,0.2996,0.1767,0.2551,0.2968,0.1546,0.0488,0.073,0.0845,0.0317,3363.2601,3314.1026,3340.696,3560.696,-0.8691,-0.0076,-0.4572,-0.8823,-0.015,0.2841,1,1,1,1,1,40.9,54.2,
2026-07-29 18:48:59.170,0.0886,0.1974,0.1566,0.0937,0.3855,0.3366,0.2731,0.4204,0.3004,0.1379,0.1891,0.2996,0.1767,0.2551,0.2968,0.1546,0.0488,0.073,0.0845,0.0317,3363.2601,3314.1026,3340.696,3560.696,-0.8691,-0.0076,-0.4572,-0.8823,-0.015,0.2841,1,1,1,1,1,40.9,54.2,
2026-07-29 18:49:00.168,0.0886,0.1974,0.1566,0.0937,0.3855,0.3366,0.2731,0.4204,0.3004,0.1379,0.1891,0.2996,0.1767,0.2551,0.2968,0.1546,0.0488,0.073,0.0845,0.0317,3363.2601,3314.1026,3340.696,3560.696,-0.8691,-0.0076,-0.4572,-0.8823,-0.015,0.2841,1,1,1,1,1,40.9,54.2,
2026-07-29 18:49:01.218,0.0886,0.1974,0.1566,0.0937,0.3855,0.3366,0.2731,0.4204,0.3004,0.1379,0.1891,0.2996,0.1767,0.2551,0.2968,0.1546,0.0488,0.073,0.0845,0.0317,3363.2601,3314.1026,3340.696,3560.696,-0.8691,-0.0076,-0.4572,-0.8823,-0.015,0.2841,1,1,1,1,1,40.9,54.2,
2026-07-29 18:49:02.221,0.0886,0.1974,0.1566,0.0937,0.3855,0.3366,0.2731,0.4204,0.3004,0.1379,0.1891,0.2996,0.1767,0.2551,0.2968,0.1546,0.0488,0.073,0.0845,0.0317,3363.2601,3314.1026,3340.696,3560.696,-0.8691,-0.0076,-0.4572,-0.8823,-0.015,0.2841,1,1,1,1,1,40.9,54.2,
2026-07-29 18:49:03.230,0.0886,0.1974,0.1566,0.0937,0.3855,0.3366,0.2731,0.4204,0.3004,0.1379,0.1891,0.2996,0.1767,0.2551,0.2968,0.1546,0.0488,0.073,0.0845,0.0317,3363.2601,3314.1026,3340.696,3560.696,-0.8691,-0.0076,-0.4572,-0.8823,-0.015,0.2841,1,1,1,1,1,40.9,54.2,
2026-07-29 18:49:04.236,0.0886,0.1974,0.1566,0.0937,0.3855,0.3366,0.2731,0.4204,0.3004,0.1379,0.1891,0.2996,0.1767,0.2551,0.2968,0.1546,0.0488,0.073,0.0845,0.0317,3363.2601,3314.1026,3340.696,3560.696,-0.8691,-0.0076,-0.4572,-0.8823,-0.015,0.2841,1,1,1,1,1,40.9,54.2,
2026-07-29 18:49:05.246,0.0886,0.1974,0.1566,0.0937,0.3855,0.3366,0.2731,0.4204,0.3004,0.1379,0.1891,0.2996,0.1767,0.2551,0.2968,0.1546,0.0488,0.073,0.0845,0.0317,3363.2601,3314.1026,3340.696,3560.696,-0.8691,-0.0076,-0.4572,-0.8823,-0.015,0.2841,1,1,1,1,1,40.9,54.2,
2026-07-29 18:49:06.241,0.0886,0.1974,0.1566,0.0937,0.3855,0.3366,0.2731,0.4204,0.3004,0.1379,0.1891,0.2996,0.1767,0.2551,0.2968,0.1546,0.0488,0.073,0.0845,0.0317,3363.2601,3314.1026,3340.696,3560.696,-0.8691,-0.0076,-0.4572,-0.8823,-0.015,0.2841,1,1,1,1,1,40.9,54.2,
2026-07-29 18:49:07.304,0.0886,0.1974,0.1566,0.0937,0.3855,0.3366,0.2731,0.4204,0.3004,0.1379,0.1891,0.2996,0.1767,0.2551,0.2968,0.1546,0.0488,0.073,0.0845,0.0317,3363.2601,3314.1026,3340.696,3560.696,-0.8691,-0.0076,-0.4572,-0.8823,-0.015,0.2841,1,1,1,1,1,40.9,54.2,
2026-07-29 18:49:08.307,0.0886,0.1974,0.1566,0.0937,0.3855,0.3366,0.2731,0.4204,0.3004,0.1379,0.1891,0.2996,0.1767,0.2551,0.2968,0.1546,0.0488,0.073,0.0845,0.0317,3363.2601,3314.1026,3340.696,3560.696,-0.8691,-0.0076,-0.4572,-0.8823,-0.015,0.2841,1,1,1,1,1,40.9,54.2,
2026-07-29 18:49:09.308,0.0886,0.1974,0.1566,0.0937,0.3855,0.3366,0.2731,0.4204,0.3004,0.1379,0.1891,0.2996,0.1767,0.2551,0.2968,0.1546,0.0488,0.073,0.0845,0.0317,3363.2601,3314.1026,3340.696,3560.696,-0.8691,-0.0076,-0.4572,-0.8823,-0.015,0.2841,1,1,1,1,1,40.9,54.2,
2026-07-29 18:49:10.315,0.0886,0.1974,0.1566,0.0937,0.3855,0.3366,0.2731,0.4204,0.3004,0.1379,0.1891,0.2996,0.1767,0.2551,0.2968,0.1546,0.0488,0.073,0.0845,0.0317,3363.2601,3314.1026,3340.696,3560.696,-0.8691,-0.0076,-0.4572,-0.8823,-0.015,0.2841,1,1,1,1,1,40.9,54.2,
2026-07-29 18:49:11.317,0.0886,0.1974,0.1566,0.0937,0.3855,0.3366,0.2731,0.4204,0.3004,0.1379,0.1891,0.2996,0.1767,0.2551,0.2968,0.1546,0.0488,0.073,0.0845,0.0317,3363.2601,3314.1026,3340.696,3560.696,-0.8691,-0.0076,-0.4572,-0.8823,-0.015,0.2841,1,1,1,1,1,40.9,54.2,
2026-07-29 18:49:12.321,0.0886,0.1974,0.1566,0.0937,0.3855,0.3366,0.2731,0.4204,0.3004,0.1379,0.1891,0.2996,0.1767,0.2551,0.2968,0.1546,0.0488,0.073,0.0845,0.0317,3363.2601,3314.1026,3340.696,3560.696,-0.8691,-0.0076,-0.4572,-0.8823,-0.015,0.2841,1,1,1,1,1,40.9,54.2,
2026-07-29 18:49:13.321,0.0886,0.1974,0.1566,0.0937,0.3855,0.3366,0.2731,0.4204,0.3004,0.1379,0.1891,0.2996,0.1767,0.2551,0.2968,0.1546,0.0488,0.073,0.0845,0.0317,3363.2601,3314.1026,3340.696,3560.696,-0.8691,-0.0076,-0.4572,-0.8823,-0.015,0.2841,1,1,1,1,1,40.9,54.2,
2026-07-29 18:49:14.325,0.0886,0.1974,0.1566,0.0937,0.3855,0.3366,0.2731,0.4204,0.3004,0.1379,0.1891,0.2996,0.1767,0.2551,0.2968,0.1546,0.0488,0.073,0.0845,0.0317,3363.2601,3314.1026,3340.696,3560.696,-0.8691,-0.0076,-0.4572,-0.8823,-0.015,0.2841,1,1,1,1,1,40.9,54.2,
2026-07-29 18:49:15.328,0.0886,0.1974,0.1566,0.0937,0.3855,0.3366,0.2731,0.4204,0.3004,0.1379,0.1891,0.2996,0.1767,0.2551,0.2968,0.1546,0.0488,0.073,0.0845,0.0317,3363.2601,3314.1026,3340.696,3560.696,-0.8691,-0.0076,-0.4572,-0.8823,-0.015,0.2841,1,1,1,1,1,40.9,54.2,
2026-07-29 18:49:16.380,0.0886,0.1974,0.1566,0.0937,0.3855,0.3366,0.2731,0.4204,0.3004,0.1379,0.1891,0.2996,0.1767,0.2551,0.2968,0.1546,0.0488,0.073,0.0845,0.0317,3363.2601,3314.1026,3340.696,3560.696,-0.8691,-0.0076,-0.4572,-0.8823,-0.015,0.2841,1,1,1,1,1,40.9,54.2,
2026-07-29 18:49:17.433,0.0886,0.1974,0.1566,0.0937,0.3855,0.3366,0.2731,0.4204,0.3004,0.1379,0.1891,0.2996,0.1767,0.2551,0.2968,0.1546,0.0488,0.073,0.0845,0.0317,3363.2601,3314.1026,3340.696,3560.696,-0.8691,-0.0076,-0.4572,-0.8823,-0.015,0.2841,1,1,1,1,1,40.9,54.2,
2026-07-29 18:49:18.434,0.0886,0.1974,0.1566,0.0937,0.3855,0.3366,0.2731,0.4204,0.3004,0.1379,0.1891,0.2996,0.1767,0.2551,0.2968,0.1546,0.0488,0.073,0.0845,0.0317,3363.2601,3314.1026,3340.696,3560.696,-0.8691,-0.0076,-0.4572,-0.8823,-0.015,0.2841,1,1,1,1,1,40.9,54.2,
2026-07-29 18:49:19.481,0.0886,0.1974,0.1566,0.0937,0.3855,0.3366,0.2731,0.4204,0.3004,0.1379,0.1891,0.2996,0.1767,0.2551,0.2968,0.1546,0.0488,0.073,0.0845,0.0317,3363.2601,3314.1026,3340.696,3560.696,-0.8691,-0.0076,-0.4572,-0.8823,-0.015,0.2841,1,1,1,1,1,40.9,54.2,
2026-07-29 18:49:20.482,0.0886,0.1974,0.1566,0.0937,0.3855,0.3366,0.2731,0.4204,0.3004,0.1379,0.1891,0.2996,0.1767,0.2551,0.2968,0.1546,0.0488,0.073,0.0845,0.0317,3363.2601,3314.1026,3340.696,3560.696,-0.8691,-0.0076,-0.4572,-0.8823,-0.015,0.2841,1,1,1,1,1,40.9,54.2,
2026-07-29 18:49:21.488,0.0886,0.1974,0.1566,0.0937,0.3855,0.3366,0.2731,0.4204,0.3004,0.1379,0.1891,0.2996,0.1767,0.2551,0.2968,0.1546,0.0488,0.073,0.0845,0.0317,3363.2601,3314.1026,3340.696,3560.696,-0.8691,-0.0076,-0.4572,-0.8823,-0.015,0.2841,1,1,1,1,1,40.9,54.2,
2026-07-29 18:49:22.491,0.0886,0.1974,0.1566,0.0937,0.3855,0.3366,0.2731,0.4204,0.3004,0.1379,0.1891,0.2996,0.1767,0.2551,0.2968,0.1546,0.0488,0.073,0.0845,0.0317,3363.2601,3314.1026,3340.696,3560.696,-0.8691,-0.0076,-0.4572,-0.8823,-0.015,0.2841,1,1,1,1,1,40.9,54.2,
2026-07-29 18:49:23.492,0.0886,0.1974,0.1566,0.0937,0.3855,0.3366,0.2731,0.4204,0.3004,0.1379,0.1891,0.2996,0.1767,0.2551,0.2968,0.1546,0.0488,0.073,0.0845,0.0317,3363.2601,3314.1026,3340.696,3560.696,-0.8691,-0.0076,-0.4572,-0.8823,-0.015,0.2841,1,1,1,1,1,40.9,54.2,
2026-07-29 18:49:24.496,0.0886,0.1974,0.1566,0.0937,0.3855,0.3366,0.2731,0.4204,0.3004,0.1379,0.1891,0.2996,0.1767,0.2551,0.2968,0.1546,0.0488,0.073,0.0845,0.0317,3363.2601,3314.1026,3340.696,3560.696,-0.8691,-0.0076,-0.4572,-0.8823,-0.015,0.2841,1,1,1,1,1,40.9,54.2,
2026-07-29 18:49:25.515,0.0886,0.1974,0.1566,0.0937,0.3855,0.3366,0.2731,0.4204,0.3004,0.1379,0.1891,0.2996,0.1767,0.2551,0.2968,0.1546,0.0488,0.073,0.0845,0.0317,3363.2601,3314.1026,3340.696,3560.696,-0.8691,-0.0076,-0.4572,-0.8823,-0.015,0.2841,1,1,1,1,1,40.9,54.2,
2026-07-29 18:49:26.517,0.0886,0.1974,0.1566,0.0937,0.3855,0.3366,0.2731,0.4204,0.3004,0.1379,0.1891,0.2996,0.1767,0.2551,0.2968,0.1546,0.0488,0.073,0.0845,0.0317,3363.2601,3314.1026,3340.696,3560.696,-0.8691,-0.0076,-0.4572,-0.8823,-0.015,0.2841,1,1,1,1,1,40.9,54.2,
2026-07-29 18:49:27.518,0.0886,0.1974,0.1566,0.0937,0.3855,0.3366,0.2731,0.4204,0.3004,0.1379,0.1891,0.2996,0.1767,0.2551,0.2968,0.1546,0.0488,0.073,0.0845,0.0317,3363.2601,3314.1026,3340.696,3560.696,-0.8691,-0.0076,-0.4572,-0.8823,-0.015,0.2841,1,1,1,1,1,40.9,54.2,
2026-07-29 18:49:28.524,0.0886,0.1974,0.1566,0.0937,0.3855,0.3366,0.2731,0.4204,0.3004,0.1379,0.1891,0.2996,0.1767,0.2551,0.2968,0.1546,0.0488,0.073,0.0845,0.0317,3363.2601,3314.1026,3340.696,3560.696,-0.8691,-0.0076,-0.4572,-0.8823,-0.015,0.2841,1,1,1,1,1,40.9,54.2,
2026-07-29 18:49:29.526,0.0886,0.1974,0.1566,0.0937,0.3855,0.3366,0.2731,0.4204,0.3004,0.1379,0.1891,0.2996,0.1767,0.2551,0.2968,0.1546,0.0488,0.073,0.0845,0.0317,3363.2601,3314.1026,3340.696,3560.696,-0.8691,-0.0076,-0.4572,-0.8823,-0.015,0.2841,1,1,1,1,1,40.9,54.2,
2026-07-29 18:49:30.529,0.0886,0.1974,0.1566,0.0937,0.3855,0.3366,0.2731,0.4204,0.3004,0.1379,0.1891,0.2996,0.1767,0.2551,0.2968,0.1546,0.0488,0.073,0.0845,0.0317,3363.2601,3314.1026,3340.696,3560.696,-0.8691,-0.0076,-0.4572,-0.8823,-0.015,0.2841,1,1,1,1,1,40.9,54.2,
2026-07-29 18:49:31.539,0.0886,0.1974,0.1566,0.0937,0.3855,0.3366,0.2731,0.4204,0.3004,0.1379,0.1891,0.2996,0.1767,0.2551,0.2968,0.1546,0.0488,0.073,0.0845,0.0317,3363.2601,3314.1026,3340.696,3560.696,-0.8691,-0.0076,-0.4572,-0.8823,-0.015,0.2841,1,1,1,1,1,40.9,54.2,
2026-07-29 18:49:32.589,0.0886,0.1974,0.1566,0.0937,0.3855,0.3366,0.2731,0.4204,0.3004,0.1379,0.1891,0.2996,0.1767,0.2551,0.2968,0.1546,0.0488,0.073,0.0845,0.0317,3363.2601,3314.1026,3340.696,3560.696,-0.8691,-0.0076,-0.4572,-0.8823,-0.015,0.2841,1,1,1,1,1,40.9,54.2,
2026-07-29 18:49:33.641,0.0886,0.1974,0.1566,0.0937,0.3855,0.3366,0.2731,0.4204,0.3004,0.1379,0.1891,0.2996,0.1767,0.2551,0.2968,0.1546,0.0488,0.073,0.0845,0.0317,3363.2601,3314.1026,3340.696,3560.696,-0.8691,-0.0076,-0.4572,-0.8823,-0.015,0.2841,1,1,1,1,1,40.9,54.2,
2026-07-29 18:49:34.641,0.0886,0.1974,0.1566,0.0937,0.3855,0.3366,0.2731,0.4204,0.3004,0.1379,0.1891,0.2996,0.1767,0.2551,0.2968,0.1546,0.0488,0.073,0.0845,0.0317,3363.2601,3314.1026,3340.696,3560.696,-0.8691,-0.0076,-0.4572,-0.8823,-0.015,0.2841,1,1,1,1,1,40.9,54.2,
2026-07-29 18:49:35.642,0.0886,0.1974,0.1566,0.0937,0.3855,0.3366,0.2731,0.4204,0.3004,0.1379,0.1891,0.2996,0.1767,0.2551,0.2968,0.1546,0.0488,0.073,0.0845,0.0317,3363.2601,3314.1026,3340.696,3560.696,-0.8691,-0.0076,-0.4572,-0.8823,-0.015,0.2841,1,1,1,1,1,40.9,54.2,
2026-07-29 18:49:36.700,0.0886,0.1974,0.1566,0.0937,0.3855,0.3366,0.2731,0.4204,0.3004,0.1379,0.1891,0.2996,0.1767,0.2551,0.2968,0.1546,0.0488,0.073,0.0845,0.0317,3363.2601,3314.1026,3340.696,3560.696,-0.8691,-0.0076,-0.4572,-0.8823,-0.015,0.2841,1,1,1,1,1,40.9,54.2,
2026-07-29 18:49:37.756,0.0886,0.1974,0.1566,0.0937,0.3855,0.3366,0.2731,0.4204,0.3004,0.1379,0.1891,0.2996,0.1767,0.2551,0.2968,0.1546,0.0488,0.073,0.0845,0.0317,3363.2601,3314.1026,3340.696,3560.696,-0.8691,-0.0076,-0.4572,-0.8823,-0.015,0.2841,1,1,1,1,1,40.9,54.2,
2026-07-29 18:49:38.760,0.0886,0.1974,0.1566,0.0937,0.3855,0.3366,0.2731,0.4204,0.3004,0.1379,0.1891,0.2996,0.1767,0.2551,0.2968,0.1546,0.0488,0.073,0.0845,0.0317,3363.2601,3314.1026,3340.696,3560.696,-0.8691,-0.0076,-0.4572,-0.8823,-0.015,0.2841,1,1,1,1,1,40.9,54.2,
2026-07-29 18:49:39.763,0.0886,0.1974,0.1566,0.0937,0.3855,0.3366,0.2731,0.4204,0.3004,0.1379,0.1891,0.2996,0.1767,0.2551,0.2968,0.1546,0.0488,0.073,0.0845,0.0317,3363.2601,3314.1026,3340.696,3560.696,-0.8691,-0.0076,-0.4572,-0.8823,-0.015,0.2841,1,1,1,1,1,40.9,54.2,
2026-07-29 18:49:40.771,0.0886,0.1974,0.1566,0.0937,0.3855,0.3366,0.2731,0.4204,0.3004,0.1379,0.1891,0.2996,0.1767,0.2551,0.2968,0.1546,0.0488,0.073,0.0845,0.0317,3363.2601,3314.1026,3340.696,3560.696,-0.8691,-0.0076,-0.4572,-0.8823,-0.015,0.2841,1,1,1,1,1,40.9,54.2,
2026-07-29 18:49:41.778,0.0886,0.1974,0.1566,0.0937,0.3855,0.3366,0.2731,0.4204,0.3004,0.1379,0.1891,0.2996,0.1767,0.2551,0.2968,0.1546,0.0488,0.073,0.0845,0.0317,3363.2601,3314.1026,3340.696,3560.696,-0.8691,-0.0076,-0.4572,-0.8823,-0.015,0.2841,1,1,1,1,1,40.9,54.2,
2026-07-29 18:49:42.777,0.0886,0.1974,0.1566,0.0937,0.3855,0.3366,0.2731,0.4204,0.3004,0.1379,0.1891,0.2996,0.1767,0.2551,0.2968,0.1546,0.0488,0.073,0.0845,0.0317,3363.2601,3314.1026,3340.696,3560.696,-0.8691,-0.0076,-0.4572,-0.8823,-0.015,0.2841,1,1,1,1,1,40.9,54.2,
2026-07-29 18:49:43.828,0.0886,0.1974,0.1566,0.0937,0.3855,0.3366,0.2731,0.4204,0.3004,0.1379,0.1891,0.2996,0.1767,0.2551,0.2968,0.1546,0.0488,0.073,0.0845,0.0317,3363.2601,3314.1026,3340.696,3560.696,-0.8691,-0.0076,-0.4572,-0.8823,-0.015,0.2841,1,1,1,1,1,40.9,54.2,
2026-07-29 18:49:44.876,0.0886,0.1974,0.1566,0.0937,0.3855,0.3366,0.2731,0.4204,0.3004,0.1379,0.1891,0.2996,0.1767,0.2551,0.2968,0.1546,0.0488,0.073,0.0845,0.0317,3363.2601,3314.1026,3340.696,3560.696,-0.8691,-0.0076,-0.4572,-0.8823,-0.015,0.2841,1,1,1,1,1,40.9,54.2,
2026-07-29 18:49:45.878,0.0886,0.1974,0.1566,0.0937,0.3855,0.3366,0.2731,0.4204,0.3004,0.1379,0.1891,0.2996,0.1767,0.2551,0.2968,0.1546,0.0488,0.073,0.0845,0.0317,3363.2601,3314.1026,3340.696,3560.696,-0.8691,-0.0076,-0.4572,-0.8823,-0.015,0.2841,1,1,1,1,1,40.9,54.2,
2026-07-29 18:49:46.928,0.0886,0.1974,0.1566,0.0937,0.3855,0.3366,0.2731,0.4204,0.3004,0.1379,0.1891,0.2996,0.1767,0.2551,0.2968,0.1546,0.0488,0.073,0.0845,0.0317,3363.2601,3314.1026,3340.696,3560.696,-0.8691,-0.0076,-0.4572,-0.8823,-0.015,0.2841,1,1,1,1,1,40.9,54.2,
2026-07-29 18:49:47.932,0.0886,0.1974,0.1566,0.0937,0.3855,0.3366,0.2731,0.4204,0.3004,0.1379,0.1891,0.2996,0.1767,0.2551,0.2968,0.1546,0.0488,0.073,0.0845,0.0317,3363.2601,3314.1026,3340.696,3560.696,-0.8691,-0.0076,-0.4572,-0.8823,-0.015,0.2841,1,1,1,1,1,40.9,54.2,
2026-07-29 18:49:48.936,0.0886,0.1974,0.1566,0.0937,0.3855,0.3366,0.2731,0.4204,0.3004,0.1379,0.1891,0.2996,0.1767,0.2551,0.2968,0.1546,0.0488,0.073,0.0845,0.0317,3363.2601,3314.1026,3340.696,3560.696,-0.8691,-0.0076,-0.4572,-0.8823,-0.015,0.2841,1,1,1,1,1,40.9,54.2,
2026-07-29 18:49:49.938,0.0886,0.1974,0.1566,0.0937,0.3855,0.3366,0.2731,0.4204,0.3004,0.1379,0.1891,0.2996,0.1767,0.2551,0.2968,0.1546,0.0488,0.073,0.0845,0.0317,3363.2601,3314.1026,3340.696,3560.696,-0.8691,-0.0076,-0.4572,-0.8823,-0.015,0.2841,1,1,1,1,1,40.9,54.2,
2026-07-29 18:49:50.936,0.0886,0.1974,0.1566,0.0937,0.3855,0.3366,0.2731,0.4204,0.3004,0.1379,0.1891,0.2996,0.1767,0.2551,0.2968,0.1546,0.0488,0.073,0.0845,0.0317,3363.2601,3314.1026,3340.696,3560.696,-0.8691,-0.0076,-0.4572,-0.8823,-0.015,0.2841,1,1,1,1,1,40.9,54.2,
2026-07-29 18:49:51.987,0.0886,0.1974,0.1566,0.0937,0.3855,0.3366,0.2731,0.4204,0.3004,0.1379,0.1891,0.2996,0.1767,0.2551,0.2968,0.1546,0.0488,0.073,0.0845,0.0317,3363.2601,3314.1026,3340.696,3560.696,-0.8691,-0.0076,-0.4572,-0.8823,-0.015,0.2841,1,1,1,1,1,40.9,54.2,
2026-07-29 18:49:53.029,0.0886,0.1974,0.1566,0.0937,0.3855,0.3366,0.2731,0.4204,0.3004,0.1379,0.1891,0.2996,0.1767,0.2551,0.2968,0.1546,0.0488,0.073,0.0845,0.0317,3363.2601,3314.1026,3340.696,3560.696,-0.8691,-0.0076,-0.4572,-0.8823,-0.015,0.2841,1,1,1,1,1,40.9,54.2,
2026-07-29 18:49:54.274,0.0886,0.1974,0.1566,0.0937,0.3855,0.3366,0.2731,0.4204,0.3004,0.1379,0.1891,0.2996,0.1767,0.2551,0.2968,0.1546,0.0488,0.073,0.0845,0.0317,3363.2601,3314.1026,3340.696,3560.696,-0.8691,-0.0076,-0.4572,-0.8823,-0.015,0.2841,1,1,1,1,1,40.9,54.2,
2026-07-29 18:49:55.313,0.0886,0.1974,0.1566,0.0937,0.3855,0.3366,0.2731,0.4204,0.3004,0.1379,0.1891,0.2996,0.1767,0.2551,0.2968,0.1546,0.0488,0.073,0.0845,0.0317,3363.2601,3314.1026,3340.696,3560.696,-0.8691,-0.0076,-0.4572,-0.8823,-0.015,0.2841,1,1,1,1,1,40.9,54.2,
2026-07-29 18:49:56.193,0.0886,0.1974,0.1566,0.0937,0.3855,0.3366,0.2731,0.4204,0.3004,0.1379,0.1891,0.2996,0.1767,0.2551,0.2968,0.1546,0.0488,0.073,0.0845,0.0317,3363.2601,3314.1026,3340.696,3560.696,-0.8691,-0.0076,-0.4572,-0.8823,-0.015,0.2841,1,1,1,1,1,40.9,54.2,
2026-07-29 18:49:57.328,0.0886,0.1974,0.1566,0.0937,0.3855,0.3366,0.2731,0.4204,0.3004,0.1379,0.1891,0.2996,0.1767,0.2551,0.2968,0.1546,0.0488,0.073,0.0845,0.0317,3363.2601,3314.1026,3340.696,3560.696,-0.8691,-0.0076,-0.4572,-0.8823,-0.015,0.2841,1,1,1,1,1,40.9,54.2,
