TimeStamp,Delta_TP9,Delta_AF7,Delta_AF8,Delta_TP10,Theta_TP9,Theta_AF7,Theta_AF8,Theta_TP10,Alpha_TP9,Alpha_AF7,Alpha_AF8,Alpha_TP10,Beta_TP9,Beta_AF7,Beta_AF8,Beta_TP10,Gamma_TP9,Gamma_AF7,Gamma_AF8,Gamma_TP10,RAW_TP9,RAW_AF7,RAW_AF8,RAW_TP10,Accelerometer_X,Accelerometer_Y,Accelerometer_Z,Gyro_X,Gyro_Y,Gyro_Z,HeadBandOn,HSI_TP9,HSI_AF7,HSI_AF8,HSI_TP10,Battery,Heart_Rate,Elements
2026-07-23 18:29:56.979,0.3534,0.655,0.7409,0.3423,0.3024,0.2641,0.1666,0.3351,0.1238,0.0363,0.0321,0.1364,0.1824,0.0333,0.0432,0.1162,0.0379,0.0112,0.0172,0.07,3380.5861,3270.989,3314.9084,3281.4652,-0.3044,-0.4684,0.8306,-1.8019,0.2617,1.3608,1,1,1,1,1,14.6,78.5,
2026-07-23 18:29:57.988,0.3615,0.6584,0.7484,0.3592,0.3053,0.2638,0.1695,0.3409,0.1199,0.0357,0.0339,0.1353,0.1794,0.0321,0.0369,0.1044,0.0339,0.01,0.0113,0.0602,3323.7729,3295.5678,3266.9597,3285.4945,-0.3085,-0.4949,0.8189,-1.8019,0.2692,1.2785,1,1,1,1,1,14.6,45.0,
2026-07-23 18:29:59.034,0.3714,0.6568,0.7476,0.3848,0.3333,0.2655,0.1716,0.3563,0.1074,0.0362,0.0336,0.1216,0.1585,0.0319,0.0367,0.0878,0.0293,0.0097,0.0105,0.0496,2892.2344,3290.7326,3367.6923,2946.63,-0.4753,-0.4175,0.7501,-2.2804,19.9406,58.9696,1,1,1,1,1,14.6,45.0,
2026-07-23 18:30:00.041,0.3958,0.658,0.7485,0.3897,0.3263,0.2644,0.1709,0.3516,0.0988,0.0368,0.0332,0.1176,0.1503,0.0317,0.0369,0.0889,0.0288,0.0091,0.0105,0.0522,3071.1355,3302.0147,3289.9267,3223.8462,-1.0337,0.0511,-0.0148,-6.1983,30.2885,6.4226,1,1,1,1,1,14.6,65.8,
2026-07-23 18:30:01.065,0.4247,0.6462,0.7257,0.4126,0.3228,0.2661,0.1783,0.3365,0.0919,0.0459,0.0446,0.1103,0.133,0.0329,0.0408,0.091,0.0276,0.0088,0.0105,0.0497,3280.6593,3298.3883,3352.381,3238.3516,-0.9896,-0.0128,-0.0516,-0.643,0.3664,-0.8224,1,1,1,1,1,14.6,65.1,
2026-07-23 18:30:02.128,0.4526,0.6471,0.6132,0.4687,0.3359,0.2604,0.2322,0.2867,0.103,0.0496,0.0754,0.0818,0.0859,0.0338,0.0655,0.1119,0.0226,0.0091,0.0137,0.0508,3457.9487,3316.1172,3314.5055,3333.8462,-0.9841,-0.0242,-0.0593,0.1271,0.2991,-1.8542,1,1,1,1,1,14.6,64.5,
2026-07-23 18:30:03.137,0.4535,0.4864,0.4893,0.5573,0.3511,0.3016,0.2808,0.2625,0.1049,0.1176,0.1159,0.0599,0.0718,0.0771,0.0945,0.0879,0.0187,0.0172,0.0196,0.0325,3433.37,3341.9048,3289.9267,3284.6886,-0.9882,-0.0299,-0.059,-2.0337,-0.7626,1.4655,1,2,1,1,1,14.6,65.2,
2026-07-23 18:30:04.167,0.4834,0.4797,0.4051,0.5704,0.3276,0.2961,0.2947,0.2634,0.0935,0.1243,0.1508,0.0575,0.0766,0.0769,0.1213,0.0815,0.0189,0.0229,0.0281,0.0271,3322.967,3258.0952,3325.7875,3339.8901,-0.9755,-0.0292,-0.0461,-0.9196,-1.2112,0.9047,1,1,1,1,1,14.6,65.1,
2026-07-23 18:30:05.168,0.4932,0.5783,0.3783,0.5779,0.3233,0.2922,0.3345,0.2668,0.0911,0.0794,0.1457,0.0558,0.0741,0.0397,0.1142,0.0753,0.0183,0.0104,0.0273,0.0242,3462.7839,3482.9304,3339.8901,3279.8535,-0.9827,-0.0175,-0.0771,-1.6225,1.144,-0.3365,1,2,1,1,1,14.6,68.3,
2026-07-23 18:30:06.221,0.476,0.5547,0.3585,0.5744,0.3473,0.3076,0.3565,0.2697,0.0922,0.0852,0.1439,0.0654,0.0699,0.0422,0.1131,0.0702,0.0146,0.0103,0.0281,0.0203,3233.9194,3264.1392,3329.011,3270.989,-0.9684,0.0374,-0.1171,-1.7496,1.2711,3.5664,1,4,1,1,2,14.6,70.7,
2026-07-23 18:30:07.240,0.5203,0.3897,0.3824,0.6256,0.3605,0.421,0.3376,0.2482,0.0885,0.1144,0.1429,0.0653,0.0258,0.0625,0.1128,0.0474,0.0048,0.0124,0.0244,0.0136,3363.2601,3306.4469,3300.4029,3436.1905,-0.979,-0.0322,-0.0761,-2.1234,-3.3945,1.8318,1,4,1,1,2,14.6,71.8,
2026-07-23 18:30:08.267,0.5172,0.3869,0.3794,0.6443,0.3639,0.4215,0.3264,0.246,0.0868,0.1141,0.1392,0.0547,0.027,0.0642,0.1259,0.043,0.005,0.0133,0.0292,0.0121,3044.5421,3309.6703,3288.315,3192.0147,-0.9808,-0.0253,-0.0546,-0.8299,2.2879,0.9047,1,2,1,1,1,14.6,72.5,
2026-07-23 18:30:09.341,0.5124,0.38,0.3857,0.6334,0.3641,0.4273,0.317,0.2485,0.0888,0.1115,0.0971,0.0614,0.0293,0.0664,0.1521,0.0431,0.0054,0.0149,0.0481,0.0136,3326.1905,3345.1282,3297.9853,3344.7253,-0.9922,-0.0137,-0.0468,-1.2411,-2.3477,1.2486,1,1,1,1,1,14.6,72.2,
2026-07-23 18:30:10.352,0.5127,0.3777,0.3854,0.635,0.3645,0.4277,0.3068,0.2477,0.0885,0.1114,0.097,0.0637,0.029,0.0676,0.1577,0.0403,0.0053,0.0155,0.0531,0.0132,3365.6777,3347.9487,3292.3443,3265.7509,-1.0059,-0.0237,-0.1121,-1.6599,7.5067,0.0748,1,1,1,1,1,14.6,71.3,
2026-07-23 18:30:11.350,0.515,0.3784,0.3999,0.6155,0.3645,0.427,0.2875,0.2518,0.0878,0.1116,0.0976,0.0717,0.0278,0.0676,0.1639,0.0468,0.005,0.0154,0.0511,0.0142,3274.2125,3214.5788,3291.5385,3380.5861,-0.9979,-0.0402,-0.1157,-2.8038,-1.2636,2.9982,1,1,1,1,1,14.6,69.7,
2026-07-23 18:30:12.365,0.514,0.3697,0.4043,0.6169,0.3663,0.4289,0.2856,0.2486,0.088,0.116,0.0969,0.0737,0.0268,0.0694,0.1659,0.0471,0.0049,0.016,0.0474,0.0137,3212.1612,3295.1648,3264.1392,3219.8168,-0.9919,-0.0375,-0.0179,-1.2711,1.6449,-2.0412,1,1,1,1,1,14.6,68.6,
2026-07-23 18:30:13.423,0.5138,0.2269,0.4477,0.6112,0.366,0.5073,0.2244,0.2432,0.0884,0.1481,0.1021,0.078,0.0271,0.0945,0.1743,0.0534,0.0048,0.0232,0.0515,0.0142,3403.1502,3168.6447,3330.2198,3337.8755,-0.9767,-0.0327,-0.0847,0.4411,2.1234,-2.4225,1,1,1,1,1,14.6,68.5,
2026-07-23 18:30:14.463,0.5163,0.2467,0.4595,0.6048,0.3682,0.4912,0.2084,0.242,0.086,0.1398,0.103,0.0779,0.025,0.0964,0.1766,0.0599,0.0046,0.0259,0.0525,0.0155,3354.3956,3312.8938,3312.4908,3320.5495,-1.0067,-0.0409,-0.1033,-0.8673,1.7496,-0.2542,1,1,1,1,1,14.6,69.3,
2026-07-23 18:30:15.497,0.4267,0.4411,0.4559,0.5086,0.3617,0.2319,0.1819,0.2421,0.1157,0.1279,0.1013,0.1168,0.0797,0.1343,0.1955,0.1079,0.0162,0.0649,0.0653,0.0246,3891.5018,3274.2125,3047.3626,3968.0586,-1.0179,-0.0078,0.1118,9.4208,-63.5529,-15.0807,1,1,1,1,1,14.6,70.2,
2026-07-23 18:30:16.533,0.4596,0.5328,0.5519,0.3861,0.2634,0.2276,0.1936,0.259,0.1326,0.1071,0.089,0.1956,0.1158,0.0981,0.1267,0.1305,0.0286,0.0343,0.0388,0.0288,3356.0073,3173.0769,3430.9524,3356.8132,-0.7024,-0.2587,0.6595,-5.5254,-3.2225,35.8812,1,1,2,1,1,14.6,70.5,
2026-07-23 18:30:17.541,0.5011,0.6235,0.6795,0.3653,0.2401,0.1978,0.1494,0.2687,0.1058,0.089,0.0742,0.1984,0.1135,0.0692,0.0752,0.1158,0.0394,0.0205,0.0218,0.0518,3390.2564,3341.9048,3314.5055,3362.4542,-0.7689,-0.1525,0.6564,-4.4188,6.7366,-2.9234,1,1,2,1,1,14.6,70.1,
2026-07-23 18:30:18.542,0.4945,0.6179,0.6586,0.3613,0.231,0.1958,0.1591,0.266,0.1127,0.0892,0.076,0.1972,0.1141,0.0746,0.0819,0.1182,0.0477,0.0225,0.0244,0.0573,3247.2161,3235.1282,3267.3626,3296.7766,-0.776,-0.0367,0.5616,1.6972,1.1664,-3.1627,1,1,1,1,1,14.6,69.5,
2026-07-23 18:30:19.570,0.4845,0.6143,0.6518,0.3505,0.2345,0.1948,0.1614,0.2699,0.113,0.0896,0.0754,0.1969,0.1164,0.0773,0.0848,0.1203,0.0517,0.024,0.0266,0.0625,3317.7289,3415.641,4028.9011,3301.6117,-0.4569,-0.4717,0.6861,-15.305,-19.3051,-0.7477,1,1,1,4,1,14.6,69.6,
2026-07-23 18:30:20.570,0.5089,0.6151,0.5079,0.388,0.2673,0.1964,0.3017,0.3083,0.0825,0.081,0.0935,0.1515,0.0979,0.0817,0.083,0.0946,0.0435,0.0259,0.0138,0.0576,3428.1319,3206.5201,3410.4029,3514.7619,-0.5458,-0.6298,0.6729,0.4337,-12.4489,17.9967,1,2,1,4,1,14.6,70.4,
2026-07-23 18:30:21.632,0.5138,0.6158,0.4493,0.3793,0.3059,0.1956,0.3512,0.3129,0.0645,0.0806,0.1053,0.148,0.0853,0.082,0.0812,0.0926,0.0306,0.0259,0.0129,0.0673,3339.8901,3291.5385,3310.8791,3371.7216,-0.5068,-0.4072,0.7451,-5.5777,1.3608,-7.0132,1,2,1,1,1,14.6,71.6,
2026-07-23 18:30:22.637,0.5237,0.6108,0.45,0.4157,0.306,0.1993,0.352,0.3179,0.0603,0.081,0.1045,0.124,0.0803,0.0818,0.0805,0.0795,0.0297,0.027,0.0129,0.0629,2530.8059,3230.696,3165.8242,3201.685,-0.2144,-0.1036,0.9485,22.6772,-50.9993,17.8023,1,2,1,1,1,14.6,72.5,
2026-07-23 18:30:23.687,0.5378,0.6079,0.4505,0.4296,0.2915,0.2017,0.3524,0.308,0.0608,0.0816,0.1044,0.1131,0.0828,0.0817,0.0798,0.0801,0.027,0.027,0.013,0.0692,3165.4212,3073.1502,2960.3297,2999.4139,-1.0366,0.0651,0.1472,-16.2097,76.3831,27.8436,1,2,1,1,1,14.6,72.3,
2026-07-23 18:30:24.722,0.5653,0.6115,0.4242,0.5171,0.2806,0.1977,0.3706,0.2888,0.0568,0.079,0.1095,0.0618,0.0778,0.0825,0.0827,0.0724,0.0195,0.0294,0.0131,0.0599,3176.3004,3259.304,3848.3883,3360.8425,-0.9923,-0.0564,-0.0494,-1.1066,-0.1495,-1.8692,1,2,1,2,1,14.6,45.0,
2026-07-23 18:30:25.763,0.5628,0.5209,0.3789,0.5442,0.2942,0.2309,0.405,0.3142,0.0554,0.0743,0.1217,0.04,0.0731,0.1231,0.0825,0.0616,0.0144,0.0507,0.0118,0.04,3250.0366,3356.8132,3333.8462,3279.0476,-0.9929,-0.0692,-0.0506,-1.0767,0.8449,-1.301,1,1,1,2,1,14.6,45.0,
2026-07-23 18:30:26.809,0.5688,0.5297,0.3803,0.5552,0.2927,0.2346,0.4079,0.3124,0.0558,0.0723,0.1225,0.0401,0.0712,0.114,0.0787,0.0566,0.0115,0.0493,0.0106,0.0357,3345.9341,3360.0366,3342.7106,3326.1905,-0.986,-0.056,-0.0524,-1.1739,-0.2094,0.9795,1,1,1,1,1,14.6,45.0,
2026-07-23 18:30:27.840,0.5706,0.5301,0.3716,0.5591,0.2927,0.2353,0.4174,0.3108,0.0563,0.0741,0.125,0.0419,0.0702,0.1115,0.0759,0.0547,0.0102,0.049,0.0101,0.0335,3247.619,3311.2821,3276.2271,3242.381,-0.9872,-0.0628,-0.0529,-0.957,0.3514,0.2019,1,1,1,1,1,14.6,45.0,
2026-07-23 18:30:28.867,0.574,0.4348,0.375,0.5653,0.2787,0.2474,0.391,0.2961,0.0633,0.1153,0.1444,0.0466,0.0744,0.1345,0.0716,0.0609,0.0095,0.068,0.018,0.0311,3361.2454,3313.6996,3353.1868,3349.5604,-0.9831,-0.0569,-0.0637,-1.0617,-0.0598,0.1271,1,1,1,1,1,14.6,45.0,
2026-07-23 18:30:29.930,0.5843,0.4066,0.4459,0.5651,0.259,0.2377,0.328,0.3042,0.0683,0.1248,0.1329,0.0472,0.0778,0.1529,0.0713,0.0586,0.0106,0.078,0.0218,0.0248,3324.1758,3287.1062,3351.1722,3316.5201,-0.9842,-0.0531,-0.0583,-0.9122,-0.1421,0.2467,1,1,1,1,1,14.6,45.0,
2026-07-23 18:30:30.942,0.5783,0.3978,0.4348,0.5617,0.2591,0.2176,0.3296,0.3045,0.0699,0.131,0.1343,0.0462,0.0821,0.1755,0.0782,0.0642,0.0106,0.078,0.023,0.0235,3265.348,3353.9927,3312.4908,3293.1502,-0.9852,-0.0673,-0.0638,-0.9196,-0.0897,0.2467,1,1,1,1,1,14.5,45.0,
2026-07-23 18:30:32.038,0.5613,0.3648,0.4182,0.5657,0.2765,0.1994,0.3343,0.3055,0.0717,0.1359,0.1374,0.0526,0.0783,0.2038,0.0853,0.0611,0.0122,0.0962,0.0249,0.0151,3381.7949,3356.4103,3281.8681,3365.6777,-0.9841,-0.0612,-0.0881,-0.6131,-2.886,0.2243,1,1,1,1,1,14.5,45.0,
2026-07-23 18:30:33.074,0.4354,0.2498,0.4367,0.4436,0.3457,0.193,0.3206,0.3779,0.1125,0.1484,0.1353,0.0802,0.0901,0.275,0.0808,0.0796,0.0163,0.1338,0.0266,0.0187,3220.6227,3623.956,3324.5788,3424.5055,-0.4751,-0.4333,0.8008,10.789,-23.0959,-3.4842,1,1,1,4,1,14.5,45.0,
2026-07-23 18:30:34.111,0.5265,0.259,0.4938,0.4395,0.2342,0.2721,0.3317,0.3258,0.1212,0.121,0.0459,0.0614,0.0924,0.2113,0.1079,0.0891,0.0258,0.1365,0.0206,0.0841,3694.4689,3362.0513,3247.2161,3286.3004,-0.5714,-0.4729,0.6943,-3.1178,0.0299,4.6057,1,1,1,4,2,14.5,60.7,
2026-07-23 18:30:35.133,0.5111,0.2507,0.513,0.4029,0.2408,0.2959,0.321,0.3224,0.1222,0.1327,0.0441,0.0595,0.0964,0.1936,0.1023,0.1022,0.0295,0.1272,0.0196,0.113,3341.5018,3413.6264,3347.9487,3449.4872,-0.5856,-0.4434,0.6806,0.643,-1.787,3.3122,1,1,1,1,1,14.5,60.4,
2026-07-23 18:30:36.138,0.5136,0.2601,0.5116,0.3978,0.2249,0.2841,0.3223,0.3052,0.1286,0.1302,0.0443,0.0594,0.1019,0.1917,0.1021,0.1059,0.031,0.1339,0.0197,0.1317,3358.8278,3329.8168,3275.4212,3360.0366,-0.5932,-0.4284,0.6874,-1.9814,0.0299,2.9683,1,1,1,1,1,14.5,60.5,
2026-07-23 18:30:37.168,0.5127,0.2654,0.5115,0.3871,0.2233,0.2861,0.3223,0.2958,0.128,0.1233,0.0444,0.0556,0.1032,0.1885,0.1023,0.1088,0.0328,0.1366,0.0196,0.1527,3301.2088,3289.1209,3290.3297,3327.8022,-0.5826,-0.4393,0.6916,-0.5608,0.1346,-0.1944,1,1,1,1,1,14.5,60.7,
2026-07-23 18:30:38.244,0.5103,0.2639,0.5119,0.379,0.222,0.2902,0.3224,0.2839,0.1274,0.1213,0.0441,0.056,0.1055,0.1865,0.1022,0.1158,0.0349,0.1381,0.0194,0.1653,3330.6227,3324.1758,3350.3663,3368.0952,-0.5699,-0.4575,0.6948,-1.757,0.5383,-1.5028,1,1,1,1,1,14.5,61.4,
2026-07-23 18:30:39.278,0.5112,0.2612,0.5133,0.3519,0.2149,0.298,0.3219,0.2671,0.1288,0.1195,0.0442,0.056,0.1071,0.1816,0.1015,0.1313,0.038,0.1397,0.0192,0.1938,3362.8571,3258.4982,3316.9231,3463.9927,-0.5666,-0.4542,0.6859,-1.7047,1.2262,-0.9645,1,1,1,1,1,14.5,63.6,
2026-07-23 18:30:40.284,0.5101,0.2652,0.5141,0.3355,0.2154,0.3039,0.3226,0.2591,0.1263,0.1166,0.044,0.0545,0.1085,0.1786,0.1006,0.1379,0.0396,0.1357,0.0186,0.213,3437.8022,3041.3187,3190.0,3292.3443,-0.9025,0.2121,0.3153,3.9926,53.4218,7.2301,1,1,1,1,1,14.5,65.3,
2026-07-23 18:30:41.353,0.5197,0.363,0.515,0.3377,0.2021,0.2701,0.3227,0.2355,0.1237,0.1022,0.0438,0.0527,0.1115,0.1514,0.0999,0.1487,0.043,0.1133,0.0187,0.2254,3406.3736,3331.0256,3358.022,3274.2125,-1.0385,-0.0133,-0.209,-5.5403,14.8265,-5.0244,1,1,1,1,1,14.5,67.2,
2026-07-23 18:30:42.384,0.3298,0.5449,0.5665,0.2116,0.2618,0.1772,0.2427,0.163,0.2237,0.0718,0.064,0.0912,0.1417,0.1281,0.1012,0.218,0.043,0.0781,0.0256,0.3161,3269.7802,3042.1245,3302.4176,3221.0256,-0.9891,-0.0822,-0.0677,-11.4993,-1.5028,3.9328,1,1,1,1,1,14.5,68.9,
2026-07-23 18:30:43.424,0.2953,0.617,0.5423,0.2163,0.2638,0.1617,0.2239,0.1815,0.2578,0.0514,0.0877,0.1049,0.1398,0.1105,0.116,0.2201,0.0433,0.0594,0.0302,0.2772,3568.7546,3352.381,3363.2601,3443.8462,-0.9896,-0.0966,-0.0803,-2.3627,0.658,2.9683,1,1,1,1,1,14.5,69.3,
2026-07-23 18:30:44.431,0.2887,0.6575,0.5445,0.2872,0.3178,0.1695,0.2103,0.1961,0.224,0.0484,0.0916,0.0966,0.1311,0.0881,0.1186,0.2098,0.0384,0.0365,0.035,0.2103,3776.2637,3336.2637,3362.0513,3334.2491,-0.961,-0.0988,-0.1741,-3.2449,-2.8412,4.4562,1,4,1,1,1,14.5,68.9,
2026-07-23 18:30:45.433,0.5819,0.6527,0.5533,0.3984,0.2145,0.188,0.2027,0.2072,0.1101,0.0508,0.0944,0.1066,0.0746,0.0794,0.1153,0.1629,0.0189,0.029,0.0344,0.1248,3260.5128,3250.8425,3366.4835,3234.7253,-0.9861,-0.0646,-0.0864,3.3347,-1.757,-1.2337,1,4,1,1,1,14.5,68.3,
2026-07-23 18:30:46.439,0.6146,0.6574,0.5512,0.4038,0.2112,0.1875,0.204,0.2507,0.0928,0.0488,0.0911,0.1074,0.0663,0.0777,0.1131,0.146,0.0151,0.0286,0.0406,0.0921,3116.6667,3303.2234,3307.2527,3332.2344,-0.9755,-0.1064,-0.1001,-2.1085,1.6225,1.114,1,2,1,1,1,14.5,68.1,
2026-07-23 18:30:47.463,0.6075,0.6601,0.5333,0.4101,0.216,0.1838,0.2018,0.2569,0.0942,0.0486,0.092,0.112,0.0667,0.0755,0.1179,0.1369,0.0156,0.0321,0.0549,0.084,3368.9011,3329.8168,3337.8755,3393.0769,-0.9771,-0.0838,-0.0771,-1.3084,0.0673,0.2991,1,1,1,1,1,14.5,68.3,
2026-07-23 18:30:48.471,0.6087,0.662,0.5309,0.4298,0.2155,0.1854,0.1999,0.2638,0.0956,0.0508,0.0954,0.117,0.0653,0.0717,0.1174,0.1308,0.015,0.03,0.0564,0.0585,3130.7692,3338.2784,3316.1172,3356.0073,-0.9813,-0.0837,-0.0802,-1.0542,-0.0299,0.2243,1,1,1,1,1,14.5,69.2,
2026-07-23 18:30:49.535,0.6081,0.6114,0.4865,0.426,0.2161,0.2198,0.208,0.271,0.0964,0.0572,0.1067,0.1258,0.065,0.0767,0.1318,0.1262,0.0144,0.0349,0.067,0.0509,3334.2491,3311.685,3316.1172,3356.0073,-0.9802,-0.0843,-0.0952,-1.0916,-0.0822,0.4037,1,1,1,1,1,14.5,70.3,
2026-07-23 18:30:50.536,0.645,0.582,0.3889,0.4297,0.2097,0.2297,0.2075,0.2657,0.0732,0.0633,0.1369,0.1245,0.0585,0.0831,0.1681,0.1287,0.0136,0.0419,0.0986,0.0514,3312.4908,3296.3736,3296.7766,3331.4286,-0.9795,-0.084,-0.0902,-0.9196,-0.1645,0.4037,1,1,1,1,1,14.5,73.7,
2026-07-23 18:30:51.538,0.6512,0.5345,0.3191,0.4437,0.21,0.2489,0.2205,0.2604,0.0675,0.0711,0.1329,0.1216,0.0579,0.0943,0.1974,0.1222,0.0134,0.0512,0.1301,0.0521,3395.4945,3290.7326,3303.2234,3331.8315,-0.9827,-0.0773,-0.0886,-0.8449,-0.2467,-0.0897,1,1,1,1,1,14.5,74.5,
2026-07-23 18:30:52.539,0.6759,0.3869,0.2447,0.4161,0.193,0.3137,0.2214,0.275,0.0652,0.0873,0.145,0.1432,0.0541,0.1309,0.2282,0.1197,0.0119,0.0813,0.1608,0.0461,3331.0256,3330.6227,3287.9121,3293.5531,-0.9785,-0.0762,-0.0897,-1.2038,-0.3589,0.3439,1,1,1,1,1,14.5,75.1,
2026-07-23 18:30:53.570,0.5674,0.3591,0.165,0.2867,0.2448,0.2969,0.2423,0.32,0.0969,0.0903,0.159,0.1749,0.0724,0.1481,0.2517,0.1462,0.0185,0.1056,0.182,0.0722,3978.9377,3268.1685,3271.3919,3260.1099,-0.9848,-0.0756,-0.0925,-1.0692,0.8374,1.3982,1,1,1,1,1,14.5,74.6,
2026-07-23 18:30:54.636,0.4403,0.3656,0.1161,0.1942,0.2898,0.2987,0.2471,0.2824,0.1549,0.0928,0.1854,0.2737,0.0904,0.1463,0.2773,0.1726,0.0245,0.0965,0.1741,0.0771,3291.9414,3286.3004,3278.2418,3285.8974,-0.9899,-0.0867,-0.0831,-1.0019,-3.4094,0.0972,1,1,1,1,1,14.5,71.8,
2026-07-23 18:30:55.665,0.4407,0.3503,0.1292,0.1165,0.2833,0.3112,0.258,0.3316,0.1582,0.0987,0.1851,0.3457,0.0969,0.1516,0.2812,0.1652,0.0209,0.0882,0.1465,0.0411,3326.5934,3321.7582,3280.2564,3356.0073,-0.9772,-0.077,-0.0901,-1.0916,-0.2094,0.2243,1,1,1,1,1,14.5,69.1,
2026-07-23 18:30:56.686,0.3846,0.3469,0.1395,0.1171,0.3181,0.2936,0.26,0.3514,0.1603,0.0982,0.1738,0.3475,0.1158,0.1649,0.2849,0.1484,0.0212,0.0963,0.1418,0.0355,3204.1026,3144.0659,3322.1612,3266.5568,-0.9808,-0.0789,-0.0928,-0.957,-0.0449,0.0673,1,1,1,1,1,14.5,66.9,
2026-07-23 18:30:57.724,0.3763,0.2841,0.1363,0.1181,0.3175,0.2336,0.2628,0.3456,0.17,0.1214,0.1821,0.3559,0.1163,0.2292,0.2798,0.1474,0.0198,0.1318,0.139,0.033,3245.2015,3280.2564,3324.5788,3290.3297,-0.9823,-0.0872,-0.0922,-0.9944,-0.1421,0.2841,1,1,1,1,1,14.5,66.1,
2026-07-23 18:30:58.730,0.3768,0.3968,0.1611,0.1212,0.31,0.2202,0.2456,0.3627,0.1764,0.0942,0.1715,0.3417,0.1179,0.1839,0.2709,0.1443,0.0189,0.105,0.1509,0.03,3320.9524,3327.8022,3295.1648,3345.1282,-0.9798,-0.0829,-0.0919,-1.0393,0.0299,0.2318,1,1,1,1,1,14.5,66.0,
2026-07-23 18:30:59.775,0.3675,0.4097,0.1858,0.1078,0.3148,0.2119,0.2402,0.373,0.173,0.0902,0.1635,0.3457,0.1258,0.185,0.2642,0.145,0.0189,0.1031,0.1463,0.0285,3302.0147,3303.2234,3312.4908,3326.5934,-0.9784,-0.0846,-0.0933,-1.0019,-0.0972,0.3589,1,1,1,1,1,14.5,66.0,
2026-07-23 18:31:00.855,0.3498,0.4152,0.1802,0.1079,0.3182,0.1999,0.2425,0.3794,0.1757,0.0874,0.1497,0.329,0.1352,0.186,0.2683,0.1521,0.0211,0.1115,0.1592,0.0315,3363.663,3316.5201,3308.8645,3361.6484,-0.9836,-0.084,-0.0934,-0.972,-0.2318,0.2692,1,1,1,1,1,14.5,65.9,
2026-07-23 18:31:01.859,0.3477,0.4108,0.2431,0.1119,0.3257,0.198,0.2526,0.3919,0.1731,0.0928,0.1377,0.3285,0.1343,0.1878,0.2331,0.1384,0.0193,0.1107,0.1335,0.0293,3341.9048,3301.6117,3305.2381,3322.967,-0.9818,-0.0826,-0.0942,-0.9869,-0.2692,0.2692,1,1,1,1,1,14.5,65.6,
2026-07-23 18:31:02.916,0.2898,0.4079,0.2873,0.1108,0.3366,0.2131,0.2528,0.3889,0.2033,0.0928,0.1414,0.3399,0.1485,0.1803,0.2077,0.1335,0.0219,0.106,0.1107,0.0268,3333.4432,3311.2821,3320.9524,3332.2344,-0.9775,-0.0839,-0.0987,-1.114,0.2318,0.4037,1,1,1,1,1,14.5,65.1,
2026-07-23 18:31:03.914,0.1898,0.4143,0.2818,0.1111,0.3671,0.2125,0.2567,0.3845,0.2339,0.0935,0.1421,0.3319,0.1837,0.1707,0.2067,0.144,0.0254,0.1089,0.1127,0.0284,3340.293,3310.0733,3296.3736,3326.5934,-0.979,-0.0818,-0.0964,-1.0019,-0.1495,0.314,1,1,1,1,1,14.5,64.3,
2026-07-23 18:31:04.942,0.1227,0.4115,0.3014,0.1089,0.3215,0.2102,0.2476,0.3839,0.2908,0.0866,0.1326,0.3128,0.2283,0.1717,0.2029,0.1623,0.0368,0.1199,0.1155,0.0321,3326.5934,3302.8205,3329.8168,3354.3956,-0.9791,-0.0771,-0.0937,-1.0393,-0.0,0.3514,1,1,1,1,1,14.4,61.7,
2026-07-23 18:31:05.945,0.1114,0.2894,0.3009,0.1079,0.3144,0.2016,0.2493,0.3822,0.2621,0.1225,0.1298,0.2967,0.2674,0.2154,0.2076,0.18,0.0447,0.1711,0.1125,0.0332,3285.4945,3296.3736,3293.1502,3283.0769,-0.9812,-0.0789,-0.0988,-0.972,-0.0523,0.3813,1,1,1,1,1,14.4,60.2,
2026-07-23 18:31:06.951,0.0874,0.1776,0.2933,0.0983,0.296,0.1997,0.2373,0.3461,0.2921,0.154,0.1437,0.3338,0.2763,0.255,0.2165,0.1858,0.0482,0.2136,0.1091,0.0359,3377.3626,3304.8352,3289.1209,3288.315,-0.9854,-0.0763,-0.0938,-0.9869,-0.2243,0.3589,1,1,1,1,1,14.4,59.6,
2026-07-23 18:31:08.040,0.0832,0.1664,0.2822,0.0844,0.3155,0.2132,0.2429,0.3431,0.3168,0.1599,0.1534,0.3475,0.2391,0.249,0.2176,0.1918,0.0454,0.2115,0.1039,0.0333,3323.7729,3289.9267,3271.3919,3261.7216,-0.9794,-0.0819,-0.0976,-1.0468,0.0972,0.2542,1,1,1,1,1,14.4,59.4,
2026-07-23 18:31:09.070,0.081,0.1835,0.2805,0.0804,0.3261,0.2221,0.2454,0.3456,0.3467,0.1522,0.1558,0.3592,0.2079,0.2486,0.2165,0.1848,0.0382,0.1936,0.1019,0.03,3339.4872,3300.0,3306.8498,3374.1392,-0.9792,-0.0809,-0.0956,-0.8598,-0.1421,0.2542,1,1,1,1,1,14.4,59.4,
2026-07-23 18:31:10.128,0.0792,0.191,0.1988,0.0807,0.3168,0.2156,0.2366,0.3246,0.3678,0.152,0.1657,0.3637,0.1987,0.2474,0.2663,0.1987,0.0374,0.1941,0.1326,0.0322,3299.1941,3291.9414,3334.652,3333.4432,-0.9755,-0.0832,-0.0945,-0.9869,-0.1271,0.2766,1,1,1,1,1,14.4,59.3,
2026-07-23 18:31:11.139,0.1293,0.1837,0.1717,0.1149,0.2761,0.1887,0.2544,0.3151,0.3433,0.1653,0.1699,0.3244,0.2118,0.2747,0.2699,0.2129,0.0396,0.1876,0.1341,0.0328,3346.7399,3289.5238,3298.3883,3343.9194,-0.9827,-0.084,-0.0995,-1.129,-0.0299,0.172,1,1,1,1,1,14.4,59.0,
2026-07-23 18:31:12.167,0.1224,0.1513,0.1758,0.1188,0.287,0.1866,0.2328,0.3049,0.3758,0.1755,0.182,0.3211,0.1799,0.3034,0.2715,0.224,0.0349,0.1832,0.138,0.0312,3307.6557,3287.9121,3282.2711,3336.2637,-0.982,-0.0844,-0.0959,-1.1066,0.0673,0.1645,1,1,1,1,1,14.4,58.8,
2026-07-23 18:31:13.209,0.1115,0.1394,0.1533,0.116,0.2985,0.1843,0.2358,0.3123,0.4231,0.2139,0.2105,0.327,0.1391,0.2971,0.2724,0.2121,0.0278,0.1653,0.128,0.0325,3282.2711,3312.8938,3320.5495,3303.2234,-0.9826,-0.0851,-0.0995,-1.0094,0.1944,0.1196,1,1,1,1,1,14.4,58.6,
2026-07-23 18:31:14.242,0.1146,0.1428,0.1569,0.1227,0.3055,0.1692,0.2467,0.3262,0.4212,0.2159,0.2121,0.3212,0.1323,0.3131,0.2601,0.1975,0.0264,0.1592,0.1243,0.0325,3330.6227,3277.4359,3318.5348,3345.5311,-0.9812,-0.0867,-0.1041,-0.9645,0.2318,0.2841,1,1,1,1,1,14.4,58.8,
2026-07-23 18:31:15.269,0.1121,0.1562,0.1454,0.1284,0.3102,0.1652,0.2865,0.3551,0.4249,0.22,0.1979,0.2931,0.1255,0.3113,0.2462,0.193,0.0273,0.1474,0.124,0.0305,3371.7216,3284.2857,3292.3443,3292.3443,-0.9804,-0.0848,-0.1027,-0.9944,-0.0673,0.157,1,1,1,1,1,14.4,59.2,
2026-07-23 18:31:16.272,0.1087,0.1785,0.138,0.1242,0.3148,0.1491,0.3087,0.378,0.4047,0.2126,0.2084,0.277,0.1453,0.3158,0.229,0.192,0.0266,0.144,0.1158,0.0288,3302.0147,3299.1941,3337.4725,3327.8022,-0.9779,-0.0732,-0.099,-1.0692,-0.0598,0.6879,1,1,1,1,1,14.4,59.7,
2026-07-23 18:31:17.355,0.126,0.173,0.1346,0.1271,0.3116,0.1459,0.3,0.3889,0.3848,0.2093,0.2146,0.2697,0.1526,0.3248,0.2381,0.185,0.0249,0.147,0.1127,0.0292,3316.1172,3277.4359,3321.7582,3374.5421,-0.981,-0.0858,-0.101,-0.9421,0.1421,0.2168,1,1,1,1,1,14.4,60.2,
2026-07-23 18:31:18.357,0.1211,0.171,0.1266,0.1215,0.3223,0.1838,0.3114,0.4019,0.3731,0.2018,0.2137,0.2583,0.1593,0.308,0.2386,0.1899,0.0242,0.1354,0.1096,0.0284,3352.381,3310.4762,3290.3297,3359.6337,-0.9779,-0.0764,-0.0974,-1.0094,-0.2318,0.1944,1,1,1,1,1,14.4,60.3,
2026-07-23 18:31:19.384,0.1004,0.1729,0.1199,0.1043,0.3457,0.1972,0.3189,0.4055,0.371,0.1935,0.2146,0.2763,0.1587,0.3027,0.2429,0.1854,0.0241,0.1336,0.1038,0.0284,3326.9963,3295.9707,3290.3297,3338.2784,-0.9803,-0.0866,-0.107,-0.9944,-0.0,0.471,1,1,1,1,1,14.4,60.1,
2026-07-23 18:31:20.384,0.1093,0.1688,0.1005,0.106,0.356,0.2002,0.3368,0.4132,0.317,0.2006,0.2079,0.2683,0.195,0.301,0.2634,0.1871,0.0228,0.1294,0.0913,0.0253,3271.3919,3272.1978,3310.8791,3322.5641,-0.9799,-0.0828,-0.1024,-1.0094,-0.1047,0.2617,1,1,1,1,1,14.4,59.5,
2026-07-23 18:31:21.441,0.1263,0.1925,0.1254,0.1121,0.3513,0.2072,0.3443,0.3988,0.2671,0.1723,0.1879,0.2781,0.2289,0.3019,0.2568,0.1888,0.0264,0.126,0.0856,0.0223,3264.5421,3268.1685,3294.359,3321.3553,-0.9807,-0.0778,-0.1022,-0.8823,-0.0822,0.0748,1,1,1,1,1,14.4,59.1,
2026-07-23 18:31:22.510,0.1199,0.191,0.1441,0.1128,0.3458,0.2307,0.3432,0.3864,0.276,0.1697,0.1891,0.2838,0.2325,0.2949,0.2493,0.1944,0.0258,0.1137,0.0744,0.0226,3315.7143,3266.9597,3338.2784,3377.3626,-0.9839,-0.0861,-0.1071,-1.0094,-0.3738,0.172,1,1,1,1,1,14.4,59.1,
2026-07-23 18:31:23.534,0.1225,0.1757,0.1648,0.1154,0.3488,0.2385,0.319,0.3561,0.2756,0.1774,0.1846,0.2991,0.2295,0.2967,0.2636,0.2068,0.0237,0.1117,0.068,0.0226,3334.652,3294.7619,3322.1612,3322.967,-0.9784,-0.0814,-0.1017,-1.0692,-0.2243,0.5757,1,1,1,1,1,14.4,59.5,
2026-07-23 18:31:24.568,0.1283,0.1398,0.1751,0.1149,0.3306,0.272,0.2835,0.3294,0.2962,0.1998,0.1918,0.3331,0.2216,0.2855,0.286,0.2017,0.0233,0.1029,0.0636,0.021,3316.5201,3310.4762,3284.2857,3324.5788,-0.9744,-0.0809,-0.1047,-1.0542,-0.0598,0.5234,1,1,1,1,1,14.4,59.8,
2026-07-23 18:31:25.635,0.1169,0.1546,0.1935,0.1064,0.3382,0.2753,0.2817,0.3239,0.2963,0.2031,0.1877,0.3372,0.2243,0.275,0.2772,0.2099,0.0242,0.092,0.0599,0.0226,3305.641,3289.1209,3325.3846,3271.7949,-0.981,-0.0819,-0.1011,-0.9271,0.0449,0.2318,1,1,1,1,1,14.4,59.6,
2026-07-23 18:31:26.640,0.1085,0.189,0.199,0.0927,0.3271,0.2732,0.2622,0.3271,0.3072,0.1973,0.1818,0.3394,0.234,0.2586,0.2975,0.2189,0.0232,0.0819,0.0596,0.0219,3310.8791,3319.7436,3338.6813,3264.1392,-0.9813,-0.0884,-0.1041,-0.9421,-0.172,0.2916,1,1,1,1,1,14.4,59.2,
2026-07-23 18:31:27.732,0.1145,0.1903,0.2027,0.0998,0.3116,0.2795,0.2569,0.3094,0.3095,0.1961,0.1787,0.3386,0.2421,0.2594,0.297,0.23,0.0224,0.0747,0.0647,0.0222,3302.8205,3294.7619,3300.8059,3336.6667,-0.9811,-0.0803,-0.1022,-1.0767,-0.1346,0.2243,1,1,1,1,1,14.4,59.0,
2026-07-23 18:31:28.732,0.1137,0.1973,0.2063,0.0913,0.2838,0.2883,0.2679,0.3056,0.3309,0.1799,0.1738,0.3457,0.2455,0.2627,0.2839,0.2323,0.0261,0.0718,0.0682,0.0251,3324.9817,3170.6593,3344.7253,3326.1905,-0.9786,-0.0788,-0.1009,-0.9346,-0.1645,0.157,1,1,1,1,1,14.4,58.9,
2026-07-23 18:31:29.741,0.1368,0.2402,0.2015,0.0966,0.2833,0.2899,0.3051,0.296,0.3178,0.1776,0.1517,0.3472,0.2374,0.2285,0.2761,0.236,0.0247,0.0639,0.0657,0.0243,3341.5018,3307.6557,3325.3846,3372.1245,-0.9785,-0.0844,-0.1024,-0.8748,-0.0822,0.2692,1,1,1,1,1,14.4,58.9,
2026-07-23 18:31:30.763,0.1372,0.2965,0.1908,0.0845,0.291,0.2839,0.2979,0.3099,0.3155,0.1628,0.1559,0.3562,0.2331,0.2051,0.286,0.2263,0.0232,0.0518,0.0693,0.0231,3318.5348,3318.1319,3290.7326,3334.2491,-0.9794,-0.0823,-0.1074,-0.8972,-0.0897,0.3439,1,1,1,1,1,14.4,58.9,
2026-07-23 18:31:31.764,0.1239,0.2987,0.1905,0.0761,0.3053,0.2838,0.3159,0.3599,0.3132,0.1632,0.1527,0.3468,0.2334,0.2014,0.2701,0.1955,0.0242,0.0529,0.0708,0.0216,3277.8388,3294.7619,3299.1941,3302.8205,-0.9801,-0.0834,-0.1064,-1.0019,0.0299,0.4037,1,1,1,1,1,14.4,59.2,
2026-07-23 18:31:32.765,0.115,0.3056,0.2058,0.0817,0.3424,0.2843,0.3221,0.3799,0.2932,0.1572,0.147,0.3235,0.2261,0.2002,0.255,0.1928,0.0233,0.0527,0.0701,0.0221,3303.2234,3309.6703,3331.8315,3383.4066,-0.9798,-0.0842,-0.1086,-1.114,-0.4262,0.3589,1,1,1,1,1,14.4,59.7,
2026-07-23 18:31:33.849,0.1362,0.3002,0.2063,0.0911,0.3235,0.2682,0.3165,0.3719,0.2909,0.1573,0.1476,0.3248,0.2272,0.2179,0.2595,0.1911,0.0222,0.0564,0.0701,0.0212,3328.6081,3322.5641,3324.5788,3319.3407,-0.978,-0.0834,-0.1045,-0.8598,-0.3439,0.2766,1,1,1,1,1,14.4,60.4,
2026-07-23 18:31:34.855,0.1435,0.286,0.216,0.102,0.3357,0.2627,0.3267,0.3673,0.2879,0.1622,0.1478,0.3207,0.2094,0.2274,0.2405,0.1883,0.0235,0.0618,0.0689,0.0217,3361.2454,3321.3553,3291.1355,3399.5238,-0.9816,-0.0813,-0.1053,-0.9795,0.0972,0.2841,1,1,1,1,1,14.4,60.8,
2026-07-23 18:31:35.879,0.1406,0.2871,0.2149,0.095,0.3486,0.2771,0.3194,0.3641,0.2779,0.154,0.1487,0.3336,0.2094,0.2154,0.2466,0.1876,0.0235,0.0664,0.0705,0.0198,3332.2344,3336.2637,3316.1172,3337.0696,-0.9766,-0.0807,-0.0977,-1.0019,0.0075,0.3664,1,1,1,1,1,14.4,60.5,
2026-07-23 18:31:36.930,0.1299,0.2826,0.206,0.0805,0.3731,0.2824,0.3057,0.3779,0.2784,0.1483,0.1538,0.3445,0.1949,0.2214,0.262,0.178,0.0237,0.0653,0.0725,0.0192,3308.4615,3284.2857,3314.9084,3325.3846,-0.9793,-0.0836,-0.1066,-0.9795,-0.1421,0.3514,1,1,1,1,1,14.4,60.0,
2026-07-23 18:31:37.931,0.1114,0.2109,0.1971,0.0738,0.3948,0.2887,0.2847,0.3884,0.271,0.1515,0.1543,0.3382,0.1991,0.2714,0.2863,0.1802,0.0236,0.0774,0.0776,0.0193,3273.0037,3322.1612,3283.0769,3228.2784,-0.977,-0.076,-0.1027,-0.9496,-0.1794,0.2168,1,1,1,1,1,14.4,59.4,
2026-07-23 18:31:38.932,0.1297,0.1879,0.2302,0.0805,0.4053,0.2796,0.2677,0.3897,0.2456,0.1578,0.1411,0.3278,0.1974,0.2887,0.2873,0.1832,0.022,0.086,0.0738,0.0188,3345.9341,3341.0989,3328.2051,3370.1099,-0.9786,-0.0849,-0.103,-0.9869,-0.1869,0.2467,1,1,1,1,1,14.4,59.2,
2026-07-23 18:31:39.963,0.1403,0.2185,0.2455,0.0749,0.4041,0.2726,0.2605,0.3628,0.2404,0.1424,0.1292,0.3284,0.1941,0.2829,0.293,0.2148,0.0211,0.0837,0.0718,0.0191,3333.4432,3297.9853,3323.37,3326.5934,-0.9799,-0.083,-0.103,-0.9795,-0.1122,0.4037,1,1,1,1,1,14.4,59.5,
2026-07-23 18:31:40.964,0.1323,0.2187,0.2233,0.0688,0.4091,0.2678,0.258,0.3665,0.2448,0.1333,0.1339,0.3257,0.1919,0.2949,0.3065,0.2195,0.0219,0.0852,0.0783,0.0195,3324.1758,3329.4139,3342.3077,3348.3516,-0.9785,-0.0801,-0.1051,-0.972,-0.2841,0.2841,1,1,1,1,1,14.4,60.0,
2026-07-23 18:31:42.032,0.1245,0.2331,0.2006,0.0635,0.4182,0.2743,0.2648,0.3741,0.2351,0.1362,0.1377,0.3131,0.1991,0.2842,0.3166,0.2304,0.0231,0.0721,0.0803,0.019,3290.7326,3278.6447,3297.5824,3343.5165,-0.978,-0.0854,-0.1031,-0.8524,-0.1794,0.1047,1,1,1,1,1,14.4,60.6,
2026-07-23 18:31:43.033,0.1202,0.267,0.1957,0.0704,0.4304,0.2726,0.2476,0.3745,0.2254,0.1363,0.1556,0.3102,0.2005,0.2627,0.323,0.2259,0.0235,0.0614,0.0781,0.019,3344.3223,3304.4322,3302.4176,3394.6886,-0.98,-0.0843,-0.1048,-0.9496,-0.2094,0.2168,1,1,1,1,1,14.4,60.9,
2026-07-23 18:31:44.039,0.1064,0.2886,0.1916,0.0748,0.4304,0.2582,0.2476,0.3754,0.2472,0.1392,0.1638,0.2967,0.1936,0.255,0.3226,0.2322,0.0225,0.0589,0.0744,0.021,3280.6593,3290.3297,3329.011,3315.7143,-0.9746,-0.0818,-0.1052,-1.0094,-0.0224,0.4037,1,1,1,1,1,14.4,60.8,
2026-07-23 18:31:45.042,0.1063,0.2925,0.1928,0.0804,0.409,0.2526,0.2384,0.3586,0.2435,0.1389,0.1779,0.297,0.2179,0.2548,0.3126,0.2431,0.0234,0.0612,0.0782,0.0209,3306.044,3277.8388,3346.7399,3351.5751,-0.9786,-0.0809,-0.1067,-0.9496,-0.2542,0.2168,1,1,1,1,1,14.4,60.3,
2026-07-23 18:31:46.042,0.102,0.2999,0.1905,0.0773,0.3999,0.2495,0.2184,0.3649,0.2523,0.1386,0.2029,0.2902,0.2212,0.2498,0.3062,0.2471,0.0246,0.0622,0.0819,0.0204,3326.5934,3318.5348,3294.359,3384.2125,-0.9787,-0.0797,-0.104,-0.9496,-0.329,0.2916,1,1,1,1,1,14.4,59.8,
2026-07-23 18:31:47.127,0.0831,0.2942,0.1542,0.0762,0.3909,0.2555,0.2379,0.3578,0.2714,0.1396,0.2307,0.2893,0.2262,0.2509,0.2933,0.2543,0.0285,0.0598,0.0838,0.0223,3331.4286,3324.1758,3280.6593,3275.0183,-0.9758,-0.0803,-0.0961,-1.0019,-0.3813,0.3514,1,1,1,1,1,14.4,59.5,
2026-07-23 18:31:48.139,0.0795,0.2838,0.145,0.0909,0.3916,0.27,0.2523,0.3741,0.2621,0.1385,0.2357,0.2472,0.2389,0.2456,0.2857,0.2644,0.028,0.0621,0.0813,0.0234,3341.0989,3302.8205,3289.5238,3293.5531,-0.9802,-0.0809,-0.1054,-1.0168,-0.2841,0.3589,1,1,1,1,1,14.4,59.7,
2026-07-23 18:31:49.142,0.0797,0.2819,0.1484,0.1027,0.3573,0.2764,0.2607,0.3546,0.2661,0.1392,0.2356,0.2356,0.2671,0.2408,0.278,0.2845,0.0298,0.0618,0.0773,0.0226,3331.8315,3329.4139,3279.8535,3315.3114,-0.9789,-0.0808,-0.1083,-1.0168,-0.0449,0.2542,1,1,1,1,1,14.4,60.0,
2026-07-23 18:31:50.144,0.0692,0.2742,0.1635,0.0942,0.3462,0.279,0.2557,0.3521,0.3037,0.1371,0.23,0.2558,0.2514,0.2377,0.2768,0.2748,0.0295,0.072,0.074,0.0232,3333.0403,3306.4469,3292.3443,3329.8168,-0.981,-0.0825,-0.1053,-0.972,-0.1944,0.2168,1,1,1,1,1,14.3,60.3,
2026-07-23 18:31:51.216,0.0824,0.2495,0.2005,0.0883,0.3327,0.285,0.2632,0.366,0.3069,0.1315,0.2101,0.2599,0.2495,0.248,0.2517,0.2634,0.0286,0.086,0.0744,0.0224,3315.7143,3320.9524,3297.1795,3305.641,-0.9788,-0.0844,-0.1021,-0.9421,-0.4561,0.2542,1,1,1,1,1,14.3,60.2,
2026-07-23 18:31:52.237,0.0895,0.203,0.2015,0.0897,0.329,0.2871,0.2559,0.3696,0.2931,0.1433,0.1982,0.2582,0.26,0.2772,0.2711,0.262,0.0284,0.0895,0.0734,0.0205,3283.8828,3307.6557,3282.674,3324.9817,-0.9796,-0.0828,-0.1048,-1.0393,0.5682,0.3215,1,1,1,1,1,14.3,59.7,
2026-07-23 18:31:53.239,0.0865,0.1899,0.2192,0.0959,0.3606,0.296,0.2348,0.3682,0.297,0.1624,0.1867,0.2671,0.2311,0.2652,0.2903,0.248,0.0247,0.0866,0.069,0.0208,3364.4689,3281.0623,3309.2674,3392.2711,-0.9778,-0.0736,-0.1091,-1.0318,-0.2467,0.5682,1,1,1,1,1,14.3,59.1,
2026-07-23 18:31:54.271,0.0955,0.1903,0.2232,0.1049,0.3678,0.3254,0.232,0.3855,0.2915,0.1565,0.1761,0.2633,0.2223,0.2476,0.299,0.2256,0.023,0.0802,0.0697,0.0206,3340.696,3289.5238,3326.5934,3372.9304,-0.9772,-0.0837,-0.1099,-0.8449,0.2393,0.6953,1,1,1,1,1,14.3,58.9,
2026-07-23 18:31:55.327,0.0975,0.1796,0.2174,0.1063,0.3577,0.3378,0.2073,0.3921,0.302,0.153,0.1686,0.2682,0.2208,0.2512,0.3297,0.2146,0.022,0.0786,0.077,0.0188,3277.8388,3290.3297,3270.1832,3255.2747,-0.9784,-0.0845,-0.1097,-0.8449,0.0972,0.5383,1,1,1,1,1,14.3,59.4,
2026-07-23 18:31:56.350,0.1042,0.2039,0.219,0.1012,0.3618,0.3102,0.2241,0.3942,0.3025,0.1496,0.1684,0.2945,0.2084,0.2587,0.3107,0.1904,0.0231,0.0775,0.0777,0.0197,3349.5604,3320.5495,3288.315,3325.3846,-0.9797,-0.0822,-0.1075,-0.8374,-0.2019,0.2019,1,1,1,1,1,14.3,60.4,
2026-07-23 18:31:57.348,0.107,0.2241,0.2203,0.0968,0.3794,0.3123,0.2522,0.4217,0.3053,0.1488,0.165,0.2906,0.1871,0.2405,0.2847,0.1717,0.0212,0.0743,0.0779,0.0192,3306.8498,3262.9304,3320.1465,3327.3993,-0.9766,-0.0831,-0.1033,-0.9645,-0.0673,0.0673,1,1,1,1,1,14.3,61.0,
2026-07-23 18:31:58.381,0.1147,0.2382,0.2014,0.0961,0.3799,0.3077,0.2542,0.4309,0.3014,0.1524,0.1698,0.2899,0.1843,0.2288,0.2879,0.1643,0.0197,0.0729,0.0866,0.0188,3288.7179,3309.2674,3318.9377,3339.4872,-0.9827,-0.0845,-0.1094,-1.0094,-0.0822,0.157,1,1,1,1,1,14.3,61.0,
2026-07-23 18:31:59.383,0.1046,0.2268,0.196,0.0902,0.386,0.3096,0.246,0.4399,0.3146,0.1583,0.1746,0.2974,0.1755,0.2335,0.2944,0.1542,0.0192,0.0719,0.0889,0.0184,3310.0733,3299.1941,3279.4505,3347.1429,-0.9761,-0.0779,-0.0965,-0.9496,-0.329,0.1421,1,1,1,1,1,14.3,60.6,
2026-07-23 18:32:00.386,0.1142,0.2382,0.1948,0.0923,0.3894,0.3149,0.2629,0.4518,0.3116,0.1579,0.1807,0.2977,0.1652,0.2182,0.2752,0.1402,0.0196,0.0708,0.0864,0.0179,3331.8315,3287.1062,3314.9084,3346.7399,-0.9794,-0.0839,-0.112,-1.0991,-0.172,0.1346,1,1,1,1,1,14.3,60.2,
2026-07-23 18:32:01.438,0.1195,0.2595,0.2212,0.0949,0.3666,0.3045,0.2878,0.4578,0.3224,0.1564,0.1743,0.2866,0.1695,0.2126,0.2366,0.1427,0.022,0.067,0.08,0.0179,3316.5201,3309.6703,3293.956,3314.9084,-0.9757,-0.0806,-0.103,-1.0393,-0.2991,0.2318,1,1,1,1,1,14.3,60.1,
2026-07-23 18:32:02.537,0.1209,0.2943,0.2703,0.1077,0.3516,0.2912,0.2912,0.4238,0.3392,0.1613,0.1677,0.2937,0.1659,0.1919,0.199,0.1558,0.0225,0.0613,0.0718,0.019,3303.6264,3277.4359,3320.1465,3333.4432,-0.9792,-0.0833,-0.1036,-0.9271,-0.3215,0.1122,1,1,1,1,1,14.3,60.0,
2026-07-23 18:32:03.537,0.1239,0.296,0.2699,0.1023,0.3355,0.2775,0.31,0.4114,0.3357,0.1711,0.1657,0.3021,0.179,0.1897,0.1864,0.1649,0.0259,0.0658,0.068,0.0193,3325.7875,3318.1319,3314.5055,3317.7289,-0.9777,-0.0824,-0.1025,-0.9271,0.0374,0.2393,1,1,1,1,1,14.3,59.9,
2026-07-23 18:32:04.612,0.126,0.275,0.2795,0.1052,0.3029,0.2843,0.2931,0.3877,0.3362,0.1855,0.1554,0.2873,0.2084,0.1888,0.2007,0.1994,0.0265,0.0664,0.0713,0.0203,3340.293,3300.0,3333.0403,3378.1685,-0.9794,-0.0826,-0.1094,-1.0617,-0.0075,0.4187,1,1,1,1,1,14.3,60.0,
2026-07-23 18:32:05.634,0.1776,0.2499,0.2757,0.0997,0.3169,0.2848,0.2945,0.3563,0.2924,0.1947,0.1538,0.3034,0.1885,0.2057,0.2039,0.217,0.0245,0.0649,0.0722,0.0235,3298.7912,3295.9707,3299.5971,3363.663,-0.9781,-0.079,-0.1007,-1.0542,-0.4262,0.3365,1,1,1,1,1,14.3,60.4,
2026-07-23 18:32:06.644,0.1821,0.241,0.2785,0.0997,0.3323,0.2822,0.3059,0.3711,0.2724,0.1958,0.1479,0.2892,0.1872,0.2167,0.1986,0.2162,0.026,0.0642,0.0692,0.0238,3361.6484,3331.4286,3322.967,3432.5641,-0.9778,-0.0847,-0.1069,-0.9645,-0.0299,0.3215,1,1,1,1,1,14.3,61.0,
2026-07-23 18:32:07.712,0.1556,0.2743,0.2899,0.0822,0.3501,0.256,0.302,0.3994,0.2875,0.2096,0.1421,0.3027,0.1841,0.2013,0.2007,0.1961,0.0227,0.0588,0.0653,0.0195,3312.0879,3315.7143,3280.2564,3301.2088,-0.9792,-0.0814,-0.1079,-0.8673,0.0075,0.1944,1,1,1,1,1,14.3,61.2,
2026-07-23 18:32:08.738,0.1401,0.2774,0.2924,0.0743,0.3704,0.2526,0.3022,0.4165,0.2834,0.2054,0.1404,0.3059,0.1846,0.2045,0.1971,0.185,0.0215,0.0601,0.068,0.0182,3343.9194,3307.2527,3321.3553,3376.1538,-0.983,-0.0834,-0.1117,-1.0841,-0.1122,0.2168,1,1,1,1,1,14.3,60.9,
2026-07-23 18:32:09.770,0.1394,0.2461,0.2203,0.0599,0.3811,0.23,0.3394,0.4304,0.2706,0.2158,0.1469,0.3079,0.1878,0.2347,0.2204,0.1843,0.0212,0.0735,0.073,0.0174,3301.2088,3303.2234,3338.2784,3359.2308,-0.9743,-0.0814,-0.1069,-0.9944,-0.2168,0.3365,1,1,1,1,1,14.3,59.9,
2026-07-23 18:32:10.776,0.1411,0.2375,0.1879,0.0625,0.3935,0.2171,0.3391,0.4355,0.2634,0.2267,0.1447,0.3083,0.1817,0.2448,0.2538,0.1764,0.0203,0.0739,0.0746,0.0173,3287.1062,3345.5311,3265.7509,3326.1905,-0.9738,-0.0815,-0.1095,-1.0094,-0.2393,0.4112,1,1,1,1,1,14.3,58.7,
2026-07-23 18:32:11.843,0.1381,0.2321,0.171,0.0666,0.4032,0.2228,0.3394,0.45,0.2687,0.2311,0.1446,0.3042,0.1721,0.2441,0.269,0.1628,0.0178,0.0698,0.0761,0.0164,3245.6044,3300.0,3318.9377,3233.5165,-0.9781,-0.0842,-0.1082,-0.9122,-0.157,0.2617,1,1,1,1,1,14.3,58.1,
2026-07-23 18:32:12.928,0.1254,0.2516,0.1864,0.0657,0.4289,0.2207,0.3263,0.4763,0.277,0.2271,0.1407,0.3059,0.1518,0.2335,0.2757,0.1367,0.0169,0.0672,0.071,0.0154,3285.0916,3293.956,3323.37,3283.8828,-0.9736,-0.0776,-0.1124,-1.1066,-0.0523,0.2094,1,1,1,1,1,14.3,58.6,
2026-07-23 18:32:13.932,0.0728,0.2482,0.2048,0.0623,0.4321,0.2132,0.3075,0.4757,0.3147,0.2301,0.1493,0.3158,0.1652,0.2399,0.2728,0.1337,0.0152,0.0686,0.0656,0.0125,3330.2198,3308.8645,3296.7766,3329.4139,-0.9839,-0.0864,-0.1049,-1.1589,0.3589,0.3514,1,1,1,1,1,14.3,59.7,
2026-07-23 18:32:15.028,0.0777,0.2413,0.2096,0.0615,0.4252,0.2266,0.3212,0.4732,0.3046,0.2226,0.1515,0.3158,0.178,0.2377,0.2579,0.1372,0.0146,0.0718,0.0598,0.0124,3368.9011,3322.967,3323.37,3351.978,-0.9806,-0.0846,-0.1084,-0.9496,0.3514,0.4262,1,1,1,1,1,14.3,61.2,
2026-07-23 18:32:16.033,0.0785,0.1874,0.1802,0.0629,0.4153,0.2463,0.3273,0.4724,0.2964,0.2032,0.173,0.2928,0.1947,0.2832,0.2577,0.1576,0.015,0.0798,0.0618,0.0142,3278.2418,3321.3553,3324.1758,3304.0293,-0.9802,-0.0858,-0.1072,-1.0393,0.2019,0.1122,1,1,1,1,1,14.3,62.4,
2026-07-23 18:32:17.130,0.0766,0.1693,0.2055,0.0624,0.4079,0.2432,0.2949,0.4684,0.2972,0.2002,0.1749,0.2939,0.2042,0.3056,0.2647,0.1619,0.014,0.0817,0.0599,0.0134,3346.7399,3305.641,3287.9121,3343.9194,-0.9772,-0.0826,-0.1058,-0.9047,-0.0,0.0299,1,1,1,1,1,14.3,63.1,
2026-07-23 18:32:18.133,0.0652,0.1256,0.2403,0.0571,0.4057,0.2431,0.2753,0.4619,0.3099,0.207,0.1645,0.3101,0.2039,0.3392,0.2588,0.158,0.0152,0.0851,0.0612,0.0129,3341.5018,3297.1795,3314.5055,3338.6813,-0.9791,-0.0812,-0.11,-1.0243,0.0374,0.0748,1,1,1,1,1,14.3,62.6,
2026-07-23 18:32:19.137,0.0555,0.117,0.2423,0.0409,0.3955,0.2376,0.2651,0.4613,0.3081,0.1876,0.1709,0.3092,0.2253,0.3625,0.2595,0.176,0.0156,0.0952,0.0622,0.0125,3328.6081,3339.4872,3301.6117,3325.7875,-0.9761,-0.08,-0.1068,-0.7925,-0.2094,-0.0673,1,1,1,1,1,14.3,61.5,
2026-07-23 18:32:20.235,0.0539,0.0917,0.2408,0.0374,0.3806,0.2213,0.2415,0.4331,0.3052,0.1883,0.1817,0.3173,0.2434,0.3987,0.2682,0.1987,0.0169,0.1001,0.0678,0.0135,3326.9963,3295.1648,3320.1465,3349.1575,-0.9802,-0.0823,-0.1139,-1.0019,-0.0598,0.0449,1,1,1,1,1,14.3,60.5,
2026-07-23 18:32:21.232,0.0577,0.0883,0.2119,0.047,0.3751,0.2132,0.2514,0.4192,0.2858,0.179,0.188,0.319,0.2622,0.4168,0.2824,0.2006,0.0191,0.1027,0.0664,0.0143,3268.5714,3314.9084,3321.3553,3321.3553,-0.9807,-0.0779,-0.1092,-1.0318,-0.1944,0.2542,1,1,1,1,1,14.3,60.0,
2026-07-23 18:32:22.339,0.0429,0.1029,0.2415,0.0518,0.3886,0.1957,0.2489,0.438,0.3062,0.1919,0.1642,0.2783,0.2448,0.4062,0.2737,0.2171,0.0174,0.1033,0.0717,0.0147,3433.37,3349.9634,3343.9194,3356.8132,-0.9814,-0.0776,-0.1116,-1.0617,0.0224,0.4935,1,1,1,1,1,14.3,59.7,
2026-07-23 18:32:23.336,0.0335,0.099,0.3813,0.0491,0.4386,0.225,0.2495,0.5149,0.3051,0.2001,0.1271,0.2459,0.2084,0.3838,0.19,0.1786,0.0143,0.0921,0.0521,0.0115,3282.2711,3272.1978,3345.5311,3337.4725,-0.9794,-0.0829,-0.1107,-1.0991,-0.0523,0.2318,1,1,1,1,1,14.3,59.6,
2026-07-23 18:32:24.350,0.0294,0.1315,0.3593,0.0511,0.4738,0.2572,0.3053,0.5591,0.2949,0.1912,0.1116,0.2231,0.1887,0.3407,0.1766,0.1563,0.0132,0.0794,0.0472,0.0104,3371.7216,3315.3114,3298.7912,3370.5128,-0.9789,-0.081,-0.1047,-1.0468,-0.2916,0.5159,1,1,1,1,1,14.3,59.4,
2026-07-23 18:32:25.421,0.0329,0.1538,0.3489,0.0614,0.462,0.2586,0.3085,0.5593,0.3013,0.1885,0.1103,0.2034,0.191,0.3278,0.1853,0.1653,0.0128,0.0713,0.0471,0.0107,3337.4725,3334.2491,3274.2125,3324.1758,-0.9768,-0.0778,-0.1072,-1.0243,-0.2617,0.3065,1,1,1,1,1,14.3,59.1,
2026-07-23 18:32:26.470,0.0317,0.1728,0.3431,0.064,0.4569,0.2609,0.3137,0.5692,0.319,0.1878,0.1187,0.1913,0.1806,0.3104,0.1799,0.164,0.0117,0.0681,0.0446,0.0115,3335.4579,3295.9707,3277.4359,3322.1612,-0.9767,-0.0848,-0.11,-0.9271,-0.0523,0.2168,1,1,1,1,1,14.3,58.9,
2026-07-23 18:32:27.472,0.03,0.1864,0.3525,0.0661,0.4536,0.2641,0.3144,0.5739,0.3331,0.1925,0.1212,0.1903,0.1713,0.2935,0.1695,0.158,0.012,0.0634,0.0425,0.0118,3326.5934,3296.7766,3323.7729,3345.5311,-0.9751,-0.0759,-0.1122,-0.9271,-0.2692,0.3365,1,1,1,1,1,14.3,58.9,
2026-07-23 18:32:28.528,0.036,0.1977,0.3554,0.0679,0.4496,0.282,0.3263,0.5819,0.3356,0.1873,0.1234,0.1849,0.1675,0.2729,0.1567,0.1536,0.0114,0.0601,0.0383,0.0116,3291.9414,3314.1026,3303.6264,3297.5824,-0.9764,-0.0831,-0.1042,-0.9196,-0.0598,0.1794,1,1,1,1,1,14.3,59.0,
2026-07-23 18:32:29.531,0.0371,0.195,0.4026,0.0591,0.4347,0.2885,0.3197,0.5786,0.3454,0.1833,0.1231,0.1899,0.1725,0.2745,0.1287,0.1616,0.0104,0.0587,0.0259,0.0108,3354.3956,3316.5201,3307.2527,3365.6777,-0.9778,-0.0805,-0.1072,-1.0841,0.0822,0.3888,1,1,1,1,1,14.3,59.2,
2026-07-23 18:32:30.573,0.0408,0.1956,0.3935,0.0567,0.437,0.2868,0.3256,0.5764,0.3403,0.1726,0.1278,0.2089,0.1716,0.2827,0.1288,0.147,0.0104,0.0624,0.0243,0.011,3310.8791,3302.4176,3294.359,3345.1282,-0.9769,-0.0801,-0.1058,-0.9795,-0.1346,0.329,1,1,1,1,1,14.3,59.5,
2026-07-23 18:32:31.628,0.0586,0.2095,0.3662,0.0666,0.3492,0.2618,0.3167,0.4418,0.3806,0.1729,0.1397,0.271,0.1964,0.2843,0.1486,0.2024,0.0151,0.0714,0.0288,0.0181,3364.0659,3337.8755,3318.1319,3382.6007,-0.9759,-0.0798,-0.1081,-0.972,-0.2692,0.329,1,1,1,1,1,14.3,59.9,
2026-07-23 18:32:32.629,0.0797,0.1832,0.3745,0.0636,0.3155,0.2588,0.3011,0.4081,0.3859,0.1847,0.1453,0.2945,0.202,0.2955,0.1486,0.2148,0.0168,0.0778,0.0306,0.019,3337.8755,3322.5641,3294.359,3325.7875,-0.977,-0.0809,-0.1041,-1.0468,0.0224,0.3065,1,1,1,1,1,14.3,60.5,
2026-07-23 18:32:33.647,0.1198,0.2006,0.3839,0.0505,0.4128,0.2586,0.2967,0.4616,0.238,0.1862,0.1419,0.2852,0.2081,0.2773,0.1476,0.1857,0.0212,0.0773,0.0299,0.0171,3297.1795,3306.4469,3301.6117,3325.7875,-0.9761,-0.0808,-0.1091,-0.9645,-0.157,0.2019,1,1,1,1,1,14.3,61.0,
2026-07-23 18:32:34.648,0.1298,0.1938,0.3772,0.0502,0.4294,0.2868,0.2952,0.452,0.2121,0.1843,0.1422,0.3007,0.208,0.2628,0.1565,0.1818,0.0206,0.0724,0.0289,0.0153,3345.1282,3306.8498,3292.3443,3337.4725,-0.9775,-0.0811,-0.108,-0.9421,0.0299,0.2991,1,1,1,1,1,14.3,61.2,
2026-07-23 18:32:35.724,0.1426,0.1917,0.3604,0.0563,0.4269,0.2926,0.3053,0.434,0.2012,0.1745,0.1431,0.3264,0.2096,0.2687,0.1634,0.1695,0.0197,0.0725,0.0278,0.0138,3322.1612,3298.7912,3320.5495,3356.8132,-0.9768,-0.0769,-0.1105,-1.0168,-0.2393,0.2542,1,1,1,1,1,14.3,61.0,
2026-07-23 18:32:36.728,0.1505,0.1974,0.3838,0.0616,0.4296,0.2692,0.3129,0.4245,0.1943,0.1748,0.1312,0.3392,0.2053,0.2767,0.1468,0.1607,0.0204,0.0818,0.0254,0.014,3340.293,3329.8168,3308.4615,3327.8022,-0.9758,-0.0849,-0.1083,-0.8972,-0.1645,0.2393,1,1,1,1,1,14.3,60.6,
2026-07-23 18:32:37.730,0.1526,0.1952,0.3292,0.0735,0.4369,0.2933,0.3033,0.4192,0.1775,0.1723,0.1353,0.3286,0.2116,0.2585,0.1935,0.1636,0.0214,0.0806,0.0388,0.0151,3353.9927,3314.9084,3290.3297,3353.1868,-0.9812,-0.0796,-0.1091,-1.0243,0.1346,0.329,1,1,1,1,1,14.3,60.3,
2026-07-23 18:32:38.813,0.1549,0.1956,0.3182,0.0836,0.4354,0.3088,0.3091,0.4465,0.1805,0.1711,0.1365,0.2959,0.2079,0.2457,0.198,0.1596,0.0213,0.0787,0.0382,0.0144,3341.9048,3326.1905,3282.674,3326.1905,-0.9768,-0.08,-0.1033,-1.0019,0.0075,0.3664,1,1,1,1,1,14.3,60.4,
2026-07-23 18:32:39.811,0.1509,0.1881,0.31,0.0864,0.4336,0.3085,0.3134,0.4379,0.1907,0.2019,0.1333,0.2947,0.2047,0.2296,0.21,0.1686,0.02,0.0719,0.0334,0.0124,3340.696,3346.337,3296.3736,3352.7839,-0.979,-0.0784,-0.1099,-1.0019,-0.1645,0.2467,1,1,1,1,1,14.3,60.6,
2026-07-23 18:32:40.838,0.1451,0.1895,0.3061,0.0825,0.4369,0.3237,0.3029,0.4361,0.1954,0.192,0.1349,0.2963,0.2031,0.2265,0.2246,0.1719,0.0195,0.0683,0.0316,0.0133,3254.4689,3267.7656,3286.3004,3319.7436,-0.9778,-0.0814,-0.1097,-0.9645,-0.1047,0.314,1,1,1,1,1,14.3,60.7,
2026-07-23 18:32:41.838,0.1403,0.1652,0.3147,0.0834,0.3631,0.3261,0.2929,0.4013,0.2838,0.1953,0.1329,0.3126,0.1972,0.2414,0.2244,0.1877,0.0155,0.072,0.0351,0.015,3310.4762,3305.2381,3300.0,3290.3297,-0.9773,-0.0799,-0.1052,-0.9795,-0.0822,0.2766,1,1,1,1,1,14.3,60.6,
2026-07-23 18:32:42.851,0.1301,0.1705,0.3213,0.0884,0.3363,0.306,0.2976,0.39,0.3142,0.1966,0.1207,0.2923,0.2012,0.2527,0.2228,0.2132,0.0182,0.0742,0.0377,0.0162,3318.5348,3310.4762,3315.7143,3326.1905,-0.9772,-0.0837,-0.1112,-1.0019,-0.3215,0.2393,1,1,1,1,1,14.3,60.1,
2026-07-23 18:32:43.926,0.1086,0.1527,0.3143,0.0838,0.3392,0.3091,0.2602,0.4002,0.332,0.2157,0.1232,0.2673,0.1984,0.2436,0.2555,0.2295,0.0218,0.0789,0.0468,0.0192,3300.8059,3315.7143,3307.2527,3359.2308,-0.9783,-0.0807,-0.1083,-0.9047,-0.1944,0.2766,1,1,1,1,1,14.3,59.5,
2026-07-23 18:32:44.971,0.0979,0.174,0.2417,0.0759,0.3414,0.3003,0.2248,0.392,0.3523,0.2128,0.144,0.281,0.1873,0.2385,0.3266,0.2318,0.0211,0.0745,0.063,0.0193,3323.7729,3295.9707,3321.7582,3341.0989,-0.9772,-0.0838,-0.1047,-0.9795,-0.4337,0.2991,1,1,1,1,1,14.3,58.9,
2026-07-23 18:32:46.031,0.106,0.1842,0.2202,0.0713,0.3393,0.2754,0.2236,0.387,0.3524,0.2155,0.1487,0.2936,0.1808,0.2536,0.3453,0.2286,0.0215,0.0712,0.0622,0.0195,3300.8059,3314.1026,3321.3553,3316.5201,-0.9786,-0.0877,-0.1062,-1.0094,0.3589,0.1794,1,1,1,1,1,14.3,58.6,
2026-07-23 18:32:47.031,0.1006,0.2001,0.2373,0.0815,0.3213,0.2656,0.2284,0.3528,0.3512,0.2083,0.1404,0.2966,0.2028,0.2624,0.3344,0.2474,0.0242,0.0636,0.0595,0.0216,3342.3077,3322.967,3297.9853,3314.1026,-0.9765,-0.0825,-0.1074,-0.9645,-0.3888,0.1495,1,1,1,1,1,14.3,58.6,
2026-07-23 18:32:48.032,0.1115,0.2268,0.241,0.0821,0.2886,0.2323,0.2101,0.3371,0.3525,0.1787,0.1457,0.3006,0.2189,0.2895,0.3319,0.2535,0.0286,0.0727,0.0713,0.0267,3307.2527,3303.6264,3338.6813,3347.1429,-0.9806,-0.0918,-0.1183,-1.6972,0.2318,0.6879,1,1,1,1,1,14.3,58.8,
2026-07-23 18:32:49.120,0.1157,0.2235,0.2319,0.0874,0.3113,0.2217,0.2215,0.3114,0.3456,0.1801,0.1553,0.3308,0.1987,0.2957,0.3144,0.2435,0.0288,0.0791,0.0769,0.027,3876.1905,3241.5751,3173.4799,3483.3333,-0.9877,-0.0765,0.0215,5.2487,-18.9462,-3.4319,1,4,1,1,1,14.3,59.1,
2026-07-23 18:32:50.125,0.6369,0.4249,0.3765,0.1108,0.2656,0.1906,0.2247,0.2886,0.0577,0.1318,0.1532,0.3225,0.0354,0.1983,0.1928,0.2391,0.0043,0.0544,0.0528,0.039,3395.4945,3481.3187,3668.6813,3216.5934,-0.358,-0.5059,0.7712,16.4864,-35.5223,-24.3594,1,4,2,4,1,14.3,59.4,
2026-07-23 18:32:51.167,0.6444,0.7179,0.5656,0.302,0.2586,0.122,0.3539,0.2589,0.0569,0.0325,0.0433,0.1819,0.0346,0.11,0.0276,0.1815,0.0055,0.0176,0.0096,0.0756,3343.9194,3550.2198,3524.0293,3187.5824,-0.132,-0.5628,0.8191,-3.3272,4.6281,3.3496,1,1,4,4,1,14.3,59.6,
2026-07-23 18:32:52.169,0.6286,0.7085,0.5714,0.3277,0.259,0.1321,0.345,0.265,0.0677,0.032,0.0463,0.1674,0.0387,0.1064,0.0276,0.164,0.006,0.021,0.0097,0.0759,3341.0989,3380.989,3503.0769,3420.8791,-0.168,-0.5699,0.7933,-3.1926,-1.4879,-3.23,1,1,1,1,1,14.2,60.1,
2026-07-23 18:32:53.193,0.6289,0.7045,0.5707,0.3471,0.258,0.1341,0.3449,0.2571,0.0675,0.0323,0.0467,0.1447,0.0395,0.1074,0.0279,0.1705,0.0062,0.0218,0.0098,0.0805,3326.5934,3268.1685,3304.0293,3371.7216,-0.1421,-0.5955,0.8164,-1.4804,0.4037,1.8393,1,1,1,1,1,14.2,45.0,
2026-07-23 18:32:54.187,0.6277,0.7031,0.5708,0.3633,0.2592,0.1341,0.3448,0.2876,0.0679,0.0332,0.0468,0.1311,0.039,0.1071,0.0278,0.1461,0.0062,0.0224,0.0098,0.0719,3338.6813,3302.0147,3324.1758,3280.6593,-0.1597,-0.5977,0.7943,-2.1608,-0.2617,-0.0374,1,1,1,1,1,14.2,45.0,
2026-07-23 18:32:55.231,0.621,0.7007,0.5709,0.4192,0.2699,0.1372,0.3445,0.3509,0.0664,0.0332,0.0468,0.0953,0.0366,0.106,0.028,0.087,0.0061,0.0229,0.0099,0.0475,3341.9048,3286.3004,3304.8352,3333.8462,-0.1808,-0.5991,0.7736,-2.0935,0.2841,0.1196,1,1,1,1,1,14.2,45.0,
2026-07-23 18:32:56.240,0.6188,0.699,0.5709,0.4238,0.2726,0.1392,0.3445,0.3614,0.0661,0.0338,0.0468,0.0924,0.0365,0.105,0.0279,0.0778,0.0061,0.023,0.0099,0.0448,3344.3223,3295.5678,3313.6996,3346.7399,-0.1957,-0.6221,0.7688,-0.2243,0.4411,0.6505,1,1,1,1,1,14.2,45.0,
2026-07-23 18:32:57.271,0.6187,0.697,0.5708,0.4257,0.2718,0.1391,0.344,0.3588,0.0663,0.0356,0.0472,0.087,0.037,0.1053,0.0281,0.0815,0.0062,0.023,0.0098,0.047,3417.2527,3272.1978,3285.8974,3322.5641,-0.2222,-0.5879,0.7659,-0.957,-2.8561,1.5253,1,1,1,1,1,14.2,45.0,
2026-07-23 18:32:58.275,0.549,0.6908,0.5708,0.4271,0.2798,0.1415,0.346,0.3641,0.1039,0.036,0.0458,0.0841,0.0563,0.1078,0.0278,0.079,0.0111,0.0238,0.0095,0.0458,3335.0549,3282.2711,3323.37,3334.2491,-0.2415,-0.5989,0.775,-0.1794,-0.1495,1.286,1,1,1,1,1,14.2,45.0,
2026-07-23 18:32:59.366,0.4316,0.515,0.5264,0.4129,0.3275,0.2106,0.2529,0.3898,0.1431,0.0852,0.1076,0.0915,0.0836,0.133,0.0887,0.07,0.0142,0.0561,0.0244,0.0357,3277.4359,3285.4945,3237.1429,3331.0256,-0.2482,-0.5907,0.7741,-1.1066,-0.7776,0.1495,1,1,1,1,1,14.2,45.0,
2026-07-23 18:33:00.377,0.4686,0.2881,0.3795,0.4049,0.346,0.2627,0.261,0.3915,0.0993,0.163,0.1326,0.0897,0.0711,0.2057,0.1835,0.0744,0.0149,0.0804,0.0434,0.0395,3474.8718,3243.5897,3346.337,3498.6447,-0.2509,-0.5829,0.7834,-1.6449,0.3813,0.1196,1,1,1,1,1,14.2,59.6,
2026-07-23 18:33:01.386,0.4819,0.3775,0.3642,0.433,0.3528,0.2929,0.2927,0.3984,0.0872,0.1253,0.1232,0.0774,0.0634,0.1484,0.1766,0.0582,0.0146,0.0558,0.0433,0.033,3291.9414,3288.7179,3327.8022,3308.0586,-0.2522,-0.6075,0.7599,-2.0187,0.3888,0.5533,1,1,1,1,1,14.2,59.8,
2026-07-23 18:33:02.438,0.5133,0.4496,0.3675,0.4773,0.3375,0.3419,0.3194,0.3735,0.0809,0.0839,0.1181,0.0708,0.0557,0.0901,0.1526,0.0492,0.0126,0.0345,0.0425,0.0292,3289.5238,3317.7289,3179.9267,3457.5458,-0.6429,-0.301,0.6716,4.0898,0.1271,13.8994,1,1,1,1,1,14.2,60.4,
2026-07-23 18:33:03.531,0.5182,0.4606,0.3938,0.4731,0.2553,0.3113,0.3005,0.3396,0.1242,0.0769,0.1294,0.0766,0.0843,0.1121,0.1357,0.0715,0.0181,0.039,0.0405,0.0391,3253.2601,3069.1209,3234.3223,3065.0916,-0.9479,0.1013,0.1624,-15.0359,43.4477,3.1702,1,1,1,1,1,14.2,60.9,
2026-07-23 18:33:04.525,0.5661,0.4364,0.4531,0.4937,0.2158,0.2876,0.2482,0.3093,0.1144,0.0709,0.1476,0.0703,0.082,0.1547,0.123,0.0816,0.0217,0.0504,0.0281,0.0451,3243.5897,3402.3443,3354.3956,3382.6007,-0.9718,-0.0516,-0.0919,4.3216,5.3683,-2.2879,1,2,2,1,1,14.2,61.0,
2026-07-23 18:33:05.540,0.6647,0.3865,0.4665,0.5496,0.1941,0.33,0.2571,0.2703,0.0763,0.0843,0.1385,0.0616,0.0538,0.1533,0.1115,0.0767,0.0111,0.0459,0.0263,0.0418,3148.0952,3364.4689,3324.1758,3237.1429,-0.9808,-0.1071,-0.1219,8.6432,5.0468,-2.6917,1,2,1,1,1,14.2,61.0,
2026-07-23 18:33:06.570,0.6584,0.3776,0.4563,0.5372,0.1968,0.3276,0.254,0.264,0.0764,0.0839,0.1355,0.0641,0.0544,0.1601,0.1203,0.0859,0.0141,0.0508,0.034,0.0489,3233.9194,3364.8718,3320.5495,3250.0366,-0.9763,-0.0663,-0.0841,0.7178,-1.1888,-0.8224,1,1,1,1,1,14.2,45.0,
2026-07-23 18:33:07.572,0.6536,0.3952,0.4292,0.5215,0.2081,0.3186,0.2889,0.2654,0.0716,0.0795,0.1345,0.0708,0.0531,0.1545,0.1122,0.0934,0.0136,0.0522,0.0351,0.0489,3339.0842,3320.5495,3262.1245,3316.5201,-0.973,0.0393,-0.1062,-3.1477,0.9047,11.7162,1,1,1,1,1,14.2,45.0,
2026-07-23 18:33:08.575,0.6511,0.3919,0.4247,0.5187,0.2102,0.3261,0.2844,0.2705,0.073,0.0824,0.1395,0.0748,0.0527,0.1502,0.115,0.0902,0.013,0.0494,0.0364,0.0458,3306.8498,3283.4799,3333.8462,3383.0037,-0.98,-0.0389,-0.1189,0.0523,-1.1888,0.4935,1,1,1,1,1,14.2,45.0,
2026-07-23 18:33:09.628,0.65,0.3503,0.419,0.4953,0.2051,0.3154,0.2774,0.2285,0.0764,0.0989,0.1452,0.0968,0.0549,0.1774,0.1199,0.1197,0.0136,0.0579,0.0385,0.0597,3245.2015,3282.2711,3286.3004,3235.1282,-0.9779,-0.0428,-0.1242,-0.643,0.1047,0.3439,1,1,1,1,1,14.2,45.0,
2026-07-23 18:33:10.661,0.6477,0.3139,0.4156,0.464,0.2016,0.2976,0.2769,0.2028,0.0786,0.1129,0.1472,0.1111,0.058,0.2083,0.1215,0.1527,0.0141,0.0673,0.0388,0.0695,3306.044,3266.1538,3319.7436,3337.0696,-0.9789,-0.0422,-0.1172,-0.9645,-0.3065,0.2393,1,1,1,1,1,14.2,45.0,
2026-07-23 18:33:11.737,0.6515,0.2766,0.3997,0.4502,0.2088,0.3221,0.2893,0.1747,0.0713,0.134,0.142,0.1312,0.0552,0.2019,0.1274,0.17,0.0132,0.0654,0.0416,0.0739,3321.3553,3293.1502,3308.0586,3324.1758,-0.9734,-0.0354,-0.1169,-1.0617,0.0972,0.3963,1,1,1,1,1,14.2,75.2,
2026-07-23 18:33:12.739,0.6388,0.2764,0.2897,0.3983,0.2183,0.3423,0.3755,0.2088,0.0741,0.1402,0.1241,0.1495,0.0564,0.1811,0.1462,0.1755,0.0124,0.0599,0.0645,0.068,3341.0989,3320.9524,3295.1648,3276.2271,-0.9792,-0.0396,-0.1176,-1.0094,0.5757,0.1645,1,1,1,1,1,14.2,75.4,
2026-07-23 18:33:13.743,0.4781,0.3282,0.2044,0.1966,0.2924,0.2846,0.3945,0.2881,0.1083,0.1284,0.1277,0.2062,0.0935,0.1844,0.1883,0.2242,0.0277,0.0744,0.085,0.0849,3294.359,3287.5092,3279.4505,3279.8535,-0.9767,-0.0352,-0.1262,-0.9869,0.1645,0.0748,1,1,1,1,1,14.2,75.1,
2026-07-23 18:33:14.744,0.4717,0.323,0.2198,0.2042,0.3089,0.3032,0.4213,0.329,0.1105,0.1416,0.1347,0.2097,0.0909,0.168,0.1592,0.2004,0.0181,0.0642,0.065,0.0567,3347.5458,3285.0916,3281.8681,3316.5201,-0.9813,-0.0396,-0.129,-1.0019,-0.157,-0.0075,1,1,1,1,1,14.2,74.2,
2026-07-23 18:33:15.745,0.285,0.2324,0.202,0.2074,0.3371,0.3499,0.3064,0.3546,0.2095,0.1685,0.1434,0.2044,0.142,0.1891,0.2572,0.1846,0.0264,0.0601,0.091,0.049,3283.4799,3284.6886,3288.7179,3283.4799,-0.9819,-0.0387,-0.1287,-1.0393,-0.2467,0.1645,1,1,1,1,1,14.2,60.8,
2026-07-23 18:33:16.745,0.1645,0.1835,0.2156,0.1765,0.3428,0.3323,0.2926,0.3529,0.2803,0.181,0.1435,0.2438,0.1785,0.2286,0.2607,0.1824,0.0339,0.0746,0.0877,0.0444,3322.5641,3314.1026,3308.8645,3309.6703,-0.9749,-0.0289,-0.1246,-0.9346,-0.4561,0.4785,1,1,1,1,1,14.2,61.9,
2026-07-23 18:33:17.774,0.1544,0.1593,0.1912,0.1854,0.3075,0.3174,0.2497,0.35,0.3021,0.1714,0.1581,0.2369,0.2016,0.2638,0.3005,0.1854,0.0343,0.0881,0.1006,0.0424,3295.1648,3308.4615,3270.989,3302.4176,-0.9764,-0.0336,-0.127,-0.8972,-0.2318,0.1346,1,1,1,1,1,14.2,62.9,
2026-07-23 18:33:18.851,0.1342,0.1619,0.2543,0.1571,0.2985,0.3136,0.2178,0.3586,0.3084,0.1709,0.1516,0.2464,0.2183,0.2714,0.2817,0.1919,0.0407,0.0822,0.0946,0.0459,3338.6813,3307.6557,3306.8498,3376.5568,-0.9766,-0.0305,-0.1285,-0.9869,-0.0374,0.2916,1,1,1,1,1,14.2,62.9,
2026-07-23 18:33:19.880,0.081,0.154,0.2332,0.1048,0.4068,0.3174,0.2482,0.4197,0.3622,0.2094,0.2033,0.3286,0.1284,0.2463,0.2365,0.1208,0.0216,0.0729,0.0787,0.0261,3268.5714,3285.8974,3319.3407,3324.9817,-0.9815,-0.033,-0.1303,-1.0318,-0.0224,0.4187,1,1,1,1,1,14.2,63.3,
2026-07-23 18:33:20.882,0.0743,0.138,0.1926,0.0879,0.4071,0.3143,0.2654,0.4318,0.3648,0.2264,0.2239,0.3402,0.1351,0.2547,0.2426,0.1187,0.0187,0.0665,0.0754,0.0214,3369.707,3294.359,3289.1209,3316.9231,-0.9778,-0.0372,-0.1292,-2.5945,-0.6879,1.0318,1,1,1,1,1,14.2,63.6,
2026-07-23 18:33:21.882,0.0647,0.1187,0.1915,0.0789,0.4041,0.2943,0.2783,0.428,0.3833,0.2499,0.2357,0.3581,0.1315,0.2724,0.2247,0.1163,0.0164,0.0647,0.0697,0.0186,3292.3443,3324.1758,3366.0806,3298.3883,-0.9771,-0.0403,-0.1214,-0.7253,-0.3813,0.4112,1,1,1,1,1,14.2,63.5,
2026-07-23 18:33:22.928,0.069,0.1614,0.1987,0.081,0.4107,0.2932,0.2722,0.4306,0.3824,0.2339,0.2381,0.3649,0.123,0.2522,0.222,0.1076,0.0149,0.0593,0.069,0.0159,3282.674,3333.8462,3333.0403,3177.1062,-0.9771,-0.0027,-0.1215,-1.7197,0.3065,1.8542,1,1,1,1,1,14.2,62.7,
2026-07-23 18:33:23.931,0.0955,0.1774,0.2028,0.0855,0.4016,0.2856,0.2701,0.4253,0.3695,0.2259,0.233,0.3662,0.1193,0.2499,0.217,0.1079,0.014,0.0613,0.077,0.0151,3250.8425,3356.8132,3330.6227,3341.5018,-0.9771,-0.0963,-0.1246,1.6225,-1.0692,-0.7626,1,2,1,1,1,14.2,61.5,
2026-07-23 18:33:24.974,0.4516,0.2146,0.2388,0.1221,0.2907,0.2688,0.2924,0.4135,0.1537,0.2166,0.1985,0.3302,0.0963,0.2413,0.2023,0.1197,0.0077,0.0588,0.068,0.0145,3375.348,3287.1062,3341.0989,3406.7766,-0.98,-0.0754,-0.116,-1.0617,0.5533,0.3365,1,2,1,1,1,14.2,60.8,
2026-07-23 18:33:26.018,0.4671,0.2223,0.2556,0.146,0.2814,0.266,0.2984,0.408,0.1492,0.2131,0.1908,0.3171,0.0948,0.2402,0.1933,0.1156,0.0075,0.0584,0.0619,0.0133,3318.5348,3309.6703,3321.3553,3373.7363,-0.9745,-0.0658,-0.1179,-0.9047,-0.0972,-0.0523,1,1,1,1,1,14.2,60.7,
2026-07-23 18:33:27.031,0.4701,0.223,0.2219,0.1467,0.2795,0.2787,0.3182,0.4048,0.1483,0.2074,0.1976,0.323,0.0947,0.2302,0.1972,0.1126,0.0075,0.0607,0.0651,0.0128,3311.2821,3295.9707,3273.0037,3319.7436,-0.9776,-0.0643,-0.1191,-0.6804,-0.172,-0.2094,1,1,1,1,1,14.2,61.3,
2026-07-23 18:33:28.036,0.4998,0.2435,0.2508,0.1904,0.2634,0.2753,0.3096,0.3651,0.1313,0.1722,0.1545,0.2893,0.0975,0.2419,0.2128,0.1379,0.008,0.067,0.0723,0.0174,3302.8205,3323.37,3273.8095,3274.6154,-0.981,-0.0715,-0.1219,-0.957,-0.0822,0.3065,1,1,1,1,1,14.2,63.4,
2026-07-23 18:33:29.041,0.5087,0.2751,0.2884,0.2115,0.2621,0.2707,0.2985,0.3455,0.1263,0.1553,0.1423,0.2848,0.0948,0.2274,0.1974,0.1378,0.008,0.0716,0.0734,0.0204,3362.0513,3320.5495,3283.0769,3358.8278,-0.9767,-0.0653,-0.1173,-1.0318,-0.2467,0.4561,1,1,1,1,1,14.2,64.6,
2026-07-23 18:33:30.041,0.5167,0.3005,0.2911,0.2277,0.2592,0.2544,0.2909,0.3461,0.1215,0.1439,0.1333,0.2617,0.0945,0.2206,0.205,0.1423,0.008,0.0806,0.0798,0.0222,3349.5604,3314.9084,3313.2967,3368.4982,-0.9788,-0.0649,-0.1218,-1.0243,-0.0972,0.4337,1,1,1,1,1,14.2,64.9,
2026-07-23 18:33:31.071,0.5183,0.2586,0.2882,0.2172,0.257,0.2428,0.2883,0.3367,0.1209,0.1648,0.1317,0.2666,0.0956,0.2487,0.2125,0.156,0.0082,0.0851,0.0792,0.0235,3289.5238,3310.4762,3265.348,3293.956,-0.9761,-0.0596,-0.1191,-1.0019,-0.0598,0.2766,1,1,1,1,1,14.2,64.7,
2026-07-23 18:33:32.141,0.5187,0.2465,0.282,0.1992,0.2547,0.2346,0.2926,0.3512,0.1206,0.1786,0.1305,0.2638,0.0978,0.2585,0.2249,0.1638,0.0082,0.0818,0.0701,0.022,3336.2637,3321.7582,3285.4945,3345.5311,-0.9797,-0.0635,-0.1165,-0.815,-0.0449,0.1271,1,1,1,1,1,14.2,64.3,
2026-07-23 18:33:33.141,0.2925,0.2063,0.2271,0.1302,0.2383,0.2388,0.2636,0.3976,0.2801,0.1809,0.1543,0.2816,0.1613,0.2792,0.2668,0.1672,0.0278,0.0948,0.0883,0.0235,3388.6447,3299.5971,3306.8498,3363.663,-0.9754,-0.0613,-0.1223,-1.0243,-0.0748,0.157,1,1,1,1,1,14.2,63.4,
2026-07-23 18:33:34.240,0.117,0.2207,0.1985,0.0808,0.2871,0.2382,0.2569,0.3928,0.3534,0.1766,0.1634,0.3053,0.2088,0.2717,0.2908,0.1944,0.0337,0.0928,0.0903,0.0267,3231.0989,3264.9451,3293.956,3238.7546,-0.9774,-0.0635,-0.1207,-0.9346,0.1196,0.2916,1,1,1,1,1,14.2,61.9,
2026-07-23 18:33:35.272,0.0963,0.2388,0.2251,0.0824,0.3108,0.232,0.249,0.3974,0.3387,0.1603,0.1539,0.2792,0.2225,0.2798,0.2842,0.2142,0.0318,0.0892,0.0878,0.0268,3250.8425,3290.3297,3303.6264,3238.3516,-0.9749,-0.0604,-0.1207,-0.8748,-0.4337,0.1944,1,1,1,1,1,14.2,61.5,
2026-07-23 18:33:36.349,0.0997,0.2454,0.2289,0.0722,0.3111,0.2212,0.2428,0.4019,0.3552,0.1644,0.1586,0.3069,0.2046,0.2784,0.2803,0.1947,0.0294,0.0905,0.0894,0.0243,3338.2784,3320.1465,3336.2637,3343.9194,-0.9743,-0.0624,-0.1233,-0.8972,-0.0598,0.1271,1,1,1,1,1,14.2,61.2,
2026-07-23 18:33:37.350,0.0781,0.229,0.2352,0.0692,0.2995,0.237,0.2216,0.3779,0.3897,0.1688,0.1701,0.3442,0.2047,0.2781,0.2876,0.1873,0.028,0.0872,0.0855,0.0214,3318.5348,3302.0147,3273.8095,3314.9084,-0.9821,-0.0566,-0.1224,-0.9047,0.1421,0.0972,1,1,1,1,1,14.2,60.9,
2026-07-23 18:33:38.350,0.0717,0.2096,0.2545,0.0611,0.3195,0.2584,0.2198,0.3834,0.3853,0.1698,0.1568,0.3604,0.1983,0.2853,0.2873,0.1769,0.0253,0.0769,0.0816,0.0182,3350.3663,3301.2088,3310.8791,3345.1282,-0.9763,-0.0647,-0.1202,-0.8,-0.4636,0.1495,1,1,1,1,1,14.2,61.0,
2026-07-23 18:33:39.369,0.0685,0.2054,0.2483,0.0575,0.3472,0.275,0.2212,0.3922,0.3858,0.166,0.1754,0.3667,0.1764,0.2746,0.2782,0.1667,0.022,0.0791,0.0769,0.0169,3287.9121,3325.7875,3292.3443,3286.7033,-0.9761,-0.0622,-0.1243,-1.1066,-0.314,0.5458,1,1,1,1,1,14.2,61.4,
2026-07-23 18:33:40.371,0.0759,0.218,0.2581,0.0696,0.3524,0.268,0.217,0.3626,0.3888,0.1655,0.1778,0.3972,0.1613,0.2638,0.2722,0.1521,0.0216,0.0848,0.0749,0.0185,3319.3407,3291.9414,3300.0,3306.8498,-0.972,-0.0673,-0.1168,-0.7253,-0.4785,0.4636,1,1,1,1,1,14.2,62.3,
2026-07-23 18:33:41.384,0.0735,0.225,0.2741,0.0709,0.3419,0.2731,0.2102,0.3346,0.405,0.1655,0.1837,0.4189,0.1604,0.2565,0.2636,0.1574,0.0192,0.0798,0.0685,0.0182,3268.9744,3266.5568,3301.2088,3256.8864,-0.9723,-0.066,-0.1274,-0.6953,-0.2318,-0.1346,1,1,1,1,1,14.2,63.3,
2026-07-23 18:33:42.438,0.0699,0.1973,0.3215,0.0725,0.3417,0.2755,0.2095,0.3534,0.4163,0.1827,0.1688,0.4134,0.1542,0.2593,0.2364,0.143,0.018,0.0853,0.0638,0.0176,3322.967,3306.044,3320.5495,3324.9817,-0.9733,-0.0499,-0.1282,-0.957,0.1346,1.0916,1,1,1,1,1,14.1,63.9,
2026-07-23 18:33:43.438,0.0666,0.1785,0.3059,0.0639,0.3364,0.2865,0.219,0.3715,0.4177,0.1885,0.1644,0.4083,0.1621,0.2589,0.242,0.1384,0.0172,0.0877,0.0688,0.0179,3312.4908,3301.2088,3306.8498,3300.0,-0.9752,-0.063,-0.1217,-0.8299,-0.172,0.2168,1,1,1,1,1,14.1,64.2,
2026-07-23 18:33:44.539,0.0721,0.1607,0.2891,0.0706,0.3336,0.2793,0.2295,0.3832,0.3987,0.187,0.1695,0.3865,0.1779,0.2779,0.2439,0.143,0.0177,0.0951,0.0682,0.0167,3280.2564,3301.2088,3274.2125,3308.4615,-0.977,-0.0648,-0.1237,-0.9196,-0.157,0.2766,1,1,1,1,1,14.1,64.1,
2026-07-23 18:33:45.539,0.0909,0.15,0.2658,0.0794,0.3462,0.2759,0.2698,0.4114,0.3574,0.1962,0.1571,0.3316,0.1872,0.2774,0.2396,0.1585,0.0182,0.1005,0.0678,0.0191,3276.63,3288.315,3296.3736,3285.8974,-0.9772,-0.0653,-0.1241,-1.0019,-0.157,0.2991,1,1,1,1,1,14.1,63.9,
2026-07-23 18:33:46.570,0.1107,0.1964,0.2676,0.1078,0.33,0.2359,0.3045,0.3974,0.339,0.1851,0.1463,0.3101,0.2006,0.2759,0.2195,0.164,0.0197,0.1067,0.0621,0.0206,3263.3333,3302.0147,3299.5971,3229.4872,-0.9775,-0.0644,-0.1246,-0.8524,-0.2617,0.0224,1,1,1,1,1,14.1,63.8,
2026-07-23 18:33:47.637,0.1255,0.1986,0.2689,0.1199,0.3125,0.2429,0.3173,0.4107,0.3313,0.1934,0.1295,0.2826,0.2088,0.2581,0.2186,0.1656,0.0219,0.107,0.0658,0.0212,3342.7106,3339.0842,3303.2234,3342.3077,-0.9776,-0.0659,-0.1233,-1.0468,-0.3514,0.4037,1,1,1,1,1,14.1,64.0,
2026-07-23 18:33:48.638,0.1344,0.1824,0.266,0.1159,0.2976,0.2455,0.3221,0.4115,0.3172,0.2006,0.1258,0.2701,0.2254,0.2636,0.2178,0.1784,0.0254,0.108,0.0683,0.0241,3348.3516,3310.4762,3306.4469,3347.1429,-0.981,-0.0643,-0.1191,-1.0542,-0.0972,0.5309,1,1,1,1,1,14.1,64.1,
2026-07-23 18:33:49.737,0.1374,0.1715,0.234,0.1177,0.2901,0.2435,0.3263,0.4098,0.3136,0.2002,0.1307,0.2598,0.2326,0.2769,0.236,0.1861,0.0264,0.1077,0.073,0.0267,3343.5165,3302.8205,3327.3993,3317.326,-0.9769,-0.0647,-0.1198,-0.972,-0.2542,0.3514,1,1,1,1,1,14.1,64.2,
2026-07-23 18:33:50.737,0.1584,0.1753,0.211,0.1365,0.2894,0.2433,0.3248,0.3907,0.2941,0.1871,0.1376,0.2635,0.2284,0.2871,0.2499,0.1799,0.0297,0.1072,0.0767,0.0294,3316.5201,3318.9377,3294.359,3333.4432,-0.9788,-0.068,-0.1166,-0.957,-0.1196,0.4486,1,1,1,1,1,14.1,64.2,
2026-07-23 18:33:51.769,0.1583,0.1934,0.2408,0.1481,0.2924,0.2273,0.3068,0.3684,0.3001,0.1828,0.1456,0.2767,0.2181,0.291,0.2381,0.1765,0.0311,0.1055,0.0687,0.0303,3341.0989,3302.4176,3302.8205,3337.0696,-0.976,-0.0546,-0.1202,-1.0767,-0.1944,0.7402,1,1,1,1,1,14.1,64.1,
2026-07-23 18:33:52.848,0.1676,0.2026,0.2531,0.1877,0.2974,0.2255,0.2697,0.3317,0.3051,0.1781,0.161,0.2698,0.1989,0.2845,0.2462,0.1796,0.031,0.1092,0.07,0.0312,3293.5531,3283.8828,3296.3736,3339.0842,-0.9758,-0.0671,-0.1258,-0.8374,-0.2318,0.0299,1,1,1,1,1,14.1,63.6,
2026-07-23 18:33:53.850,0.1633,0.2012,0.26,0.1951,0.2904,0.2185,0.224,0.3366,0.3222,0.176,0.176,0.2721,0.1938,0.2951,0.2667,0.1676,0.0303,0.1093,0.0733,0.0286,3321.3553,3304.0293,3305.641,3291.9414,-0.9789,-0.0725,-0.1265,-1.0094,-0.4337,0.3589,1,1,1,1,1,14.1,62.6,
2026-07-23 18:33:54.875,0.1506,0.1665,0.2428,0.1679,0.2836,0.2348,0.2223,0.3566,0.3294,0.1801,0.1806,0.2775,0.205,0.308,0.281,0.1706,0.0315,0.1106,0.0733,0.0274,3252.8571,3257.2894,3341.5018,3300.4029,-0.9783,-0.0694,-0.121,-0.9122,-0.1645,0.0299,1,1,1,1,1,14.1,61.8,
2026-07-23 18:33:55.930,0.1559,0.1793,0.2219,0.1501,0.2506,0.1944,0.2145,0.3408,0.3393,0.1824,0.1775,0.2967,0.2236,0.3386,0.316,0.1879,0.0306,0.1053,0.0701,0.0245,3350.7692,3335.0549,3287.5092,3269.3773,-0.9741,-0.0618,-0.1232,-1.1514,-0.1421,0.7178,1,1,1,1,1,14.1,61.7,
2026-07-23 18:33:56.931,0.114,0.1746,0.2225,0.1249,0.3623,0.2047,0.2362,0.3799,0.3088,0.1797,0.1751,0.3177,0.1933,0.3419,0.2969,0.1588,0.0216,0.099,0.0693,0.0187,3346.337,3319.3407,3337.0696,3349.1575,-0.9802,-0.0717,-0.1278,-1.0468,-0.2019,0.172,1,1,1,1,1,14.1,62.2,
2026-07-23 18:33:57.936,0.1063,0.1715,0.2196,0.1156,0.4155,0.2334,0.2476,0.3724,0.2809,0.1827,0.1708,0.3442,0.1789,0.3225,0.2941,0.1514,0.0185,0.0899,0.0679,0.0163,3341.5018,3327.3993,3332.2344,3359.2308,-0.9808,-0.065,-0.1234,-0.957,-0.1122,0.1421,1,1,1,1,1,14.1,63.3,
2026-07-23 18:33:58.938,0.0963,0.1637,0.202,0.1043,0.4294,0.2525,0.2639,0.3744,0.2772,0.1861,0.1793,0.3485,0.1799,0.3176,0.2869,0.1582,0.0172,0.0801,0.0679,0.0146,3326.9963,3314.1026,3303.6264,3354.7985,-0.9763,-0.0657,-0.1299,-1.0468,0.0598,0.2542,1,1,1,1,1,14.1,64.0,
2026-07-23 18:33:59.967,0.0941,0.1646,0.1622,0.0937,0.4293,0.2527,0.2805,0.3787,0.2641,0.1815,0.1836,0.3417,0.1949,0.3219,0.3049,0.1716,0.0176,0.0793,0.0688,0.0144,3282.2711,3280.6593,3297.5824,3322.1612,-0.9772,-0.0687,-0.1232,-1.0168,0.0075,0.3888,1,1,1,1,1,14.1,64.2,
2026-07-23 18:34:01.033,0.0784,0.1557,0.1531,0.0723,0.4223,0.2601,0.2944,0.3814,0.252,0.1868,0.1782,0.3431,0.2294,0.3275,0.3024,0.1887,0.0179,0.0698,0.072,0.0146,3358.8278,3320.9524,3306.4469,3366.8864,-0.9779,-0.0656,-0.1191,-0.9496,-0.0449,0.0673,1,1,1,1,1,14.1,64.3,
2026-07-23 18:34:02.131,0.0786,0.1493,0.1557,0.0622,0.4296,0.2731,0.2948,0.3703,0.2384,0.1886,0.1753,0.3526,0.2335,0.3222,0.3016,0.1999,0.0199,0.0669,0.0725,0.015,3295.1648,3280.6593,3335.8608,3324.5788,-0.9765,-0.0673,-0.1199,-0.9496,-1.1664,-0.2542,1,1,1,1,1,14.1,64.2,
2026-07-23 18:34:03.134,0.0781,0.1655,0.1864,0.0699,0.4463,0.2745,0.2948,0.36,0.2465,0.1837,0.1801,0.3703,0.2108,0.3118,0.2672,0.1843,0.0183,0.0645,0.0715,0.0155,3330.2198,3314.5055,3311.685,3353.9927,-0.98,-0.0651,-0.1266,-1.0916,-0.0598,0.5234,1,1,1,1,1,14.1,64.1,
2026-07-23 18:34:04.167,0.062,0.1467,0.2004,0.0774,0.4797,0.3237,0.3225,0.3725,0.2374,0.1676,0.1889,0.3635,0.2025,0.2981,0.2216,0.1717,0.0184,0.0639,0.0667,0.0149,3269.7802,3297.9853,3307.2527,3287.5092,-0.9769,-0.0628,-0.1217,-1.0168,-0.3215,0.3215,1,1,1,1,1,14.1,63.9,
2026-07-23 18:34:05.210,0.0849,0.1566,0.1945,0.0884,0.4033,0.3316,0.3128,0.3631,0.2639,0.1754,0.1996,0.3446,0.225,0.2784,0.2258,0.1861,0.0229,0.058,0.0673,0.0179,3279.4505,3304.8352,3322.1612,3283.0769,-0.9793,-0.061,-0.1268,-0.9271,-0.2168,0.3664,1,1,1,1,1,14.1,63.8,
2026-07-23 18:34:06.239,0.0967,0.1784,0.1797,0.0962,0.3804,0.319,0.3256,0.3725,0.282,0.1646,0.2041,0.332,0.2185,0.2829,0.2316,0.1818,0.0225,0.0551,0.059,0.0176,3259.707,3264.9451,3325.7875,3336.6667,-0.9746,-0.0686,-0.1237,-0.9645,-0.4262,0.0673,1,1,1,1,1,14.1,63.9,
2026-07-23 18:34:07.267,0.101,0.1848,0.1786,0.0884,0.3771,0.3221,0.3405,0.3909,0.3081,0.1563,0.2019,0.3361,0.1983,0.2854,0.2219,0.1684,0.0154,0.0514,0.0571,0.0162,3345.1282,3319.3407,3320.1465,3317.326,-0.9727,-0.0703,-0.1301,-0.9795,0.0673,0.1421,1,1,1,1,1,14.1,63.8,
2026-07-23 18:34:08.326,0.1082,0.1806,0.1804,0.0867,0.3752,0.3429,0.3285,0.3933,0.3102,0.1543,0.1972,0.3434,0.1916,0.273,0.2349,0.1604,0.0148,0.0492,0.0589,0.0162,3321.7582,3323.7729,3290.7326,3313.2967,-0.9769,-0.0718,-0.1259,-1.0243,-0.1421,0.2168,1,1,1,1,1,14.1,63.4,
2026-07-23 18:34:09.357,0.1034,0.1963,0.1744,0.0854,0.3899,0.3404,0.3379,0.3961,0.3157,0.1361,0.1901,0.3602,0.1783,0.2795,0.2389,0.1428,0.0128,0.0477,0.0587,0.0155,3342.7106,3322.5641,3328.2051,3332.2344,-0.9778,-0.0685,-0.1247,-0.9047,-0.3738,0.172,1,1,1,1,1,14.1,62.7,
2026-07-23 18:34:10.364,0.1007,0.1957,0.1618,0.0836,0.3871,0.3283,0.3292,0.3946,0.3134,0.1343,0.2017,0.3542,0.1863,0.2887,0.249,0.1519,0.0126,0.0529,0.0583,0.0157,3342.3077,3312.8938,3310.0733,3333.8462,-0.9763,-0.0682,-0.1289,-0.9645,-0.3738,0.314,1,1,1,1,1,14.0,62.2,
2026-07-23 18:34:11.370,0.1049,0.1972,0.1387,0.0852,0.3715,0.3175,0.3174,0.386,0.3106,0.1335,0.1986,0.3438,0.2002,0.2967,0.2809,0.1688,0.0128,0.0551,0.0644,0.0162,3329.011,3280.6593,3299.5971,3353.9927,-0.9791,-0.0693,-0.1252,-1.0916,0.1122,0.2019,1,1,1,1,1,14.0,62.5,
2026-07-23 18:34:12.435,0.1123,0.2704,0.1404,0.0932,0.3557,0.2801,0.2959,0.3611,0.3128,0.1257,0.1919,0.3451,0.207,0.2732,0.298,0.1832,0.0122,0.0506,0.0739,0.0174,3288.315,3291.5385,3310.4762,3287.1062,-0.9735,-0.0571,-0.1302,-1.0542,-0.3514,0.3888,1,1,1,1,1,14.0,63.3,
2026-07-23 18:34:13.438,0.1122,0.274,0.1429,0.0935,0.3403,0.2681,0.296,0.328,0.3116,0.1167,0.1984,0.3503,0.2236,0.2891,0.285,0.2102,0.0123,0.0521,0.0778,0.018,3332.6374,3329.011,3317.326,3342.7106,-0.978,-0.0689,-0.128,-0.9122,0.0075,0.0374,1,1,1,1,1,14.0,64.5,
2026-07-23 18:34:14.537,0.0962,0.268,0.1552,0.0894,0.3105,0.243,0.2571,0.3225,0.324,0.1249,0.2006,0.3368,0.2538,0.2988,0.2926,0.2306,0.0155,0.0654,0.0945,0.0206,3348.3516,3322.5641,3302.4176,3369.707,-0.9757,-0.0621,-0.1266,-1.0991,-0.1271,0.1794,1,1,1,1,1,14.0,65.2,
2026-07-23 18:34:15.537,0.0946,0.265,0.1571,0.0981,0.3006,0.2287,0.2141,0.2934,0.2945,0.1306,0.1986,0.3398,0.2884,0.3043,0.3287,0.2455,0.0219,0.0715,0.1014,0.0232,3312.0879,3290.3297,3333.4432,3304.0293,-0.9767,-0.0696,-0.1274,-0.9645,0.0449,0.172,1,1,1,1,1,14.0,65.4,
2026-07-23 18:34:16.542,0.0713,0.2609,0.1532,0.0804,0.3367,0.2206,0.2187,0.3678,0.3232,0.152,0.2014,0.3345,0.2479,0.2943,0.3221,0.1974,0.0208,0.0722,0.1046,0.02,3314.5055,3317.326,3326.1905,3314.9084,-0.9789,-0.0676,-0.1255,-0.9795,-0.1271,0.2841,1,1,1,1,1,14.0,65.1,
2026-07-23 18:34:17.635,0.0899,0.2585,0.1653,0.0818,0.3326,0.2221,0.2091,0.3762,0.3014,0.1589,0.1939,0.3114,0.2525,0.2827,0.3205,0.209,0.0236,0.0777,0.1112,0.0216,3316.1172,3310.8791,3287.1062,3315.3114,-0.976,-0.0676,-0.1247,-0.957,-0.1944,0.2243,1,1,1,1,1,14.0,64.7,
2026-07-23 18:34:18.633,0.0913,0.2424,0.1558,0.0792,0.3192,0.2198,0.2204,0.3792,0.2984,0.164,0.1957,0.3259,0.268,0.3022,0.3158,0.1955,0.0232,0.0717,0.1123,0.0202,3365.2747,3320.1465,3297.5824,3331.8315,-0.9774,-0.0687,-0.1265,-0.9795,-0.1122,0.172,1,1,1,1,1,14.0,64.3,
2026-07-23 18:34:19.639,0.0824,0.2333,0.1492,0.0663,0.3287,0.23,0.2234,0.4008,0.285,0.1664,0.2035,0.311,0.2802,0.3027,0.3152,0.2018,0.0237,0.0676,0.1087,0.02,3295.5678,3314.9084,3314.5055,3345.9341,-0.9749,-0.068,-0.1298,-1.0168,-0.2168,0.2766,1,1,1,1,1,14.0,64.1,
2026-07-23 18:34:20.639,0.0645,0.1535,0.1328,0.055,0.3256,0.2358,0.2135,0.4067,0.3248,0.1877,0.2007,0.3346,0.2615,0.3399,0.3458,0.1851,0.0236,0.0831,0.1072,0.0186,3323.7729,3326.5934,3318.5348,3308.4615,-0.9753,-0.0719,-0.1263,-0.8374,-0.1047,-0.0075,1,1,1,1,1,14.0,64.0,
2026-07-23 18:34:21.738,0.0765,0.1706,0.1241,0.0593,0.3303,0.2474,0.2003,0.4171,0.3255,0.1846,0.1893,0.3305,0.243,0.319,0.3894,0.1743,0.0247,0.0785,0.0969,0.0188,3269.7802,3291.1355,3310.4762,3265.7509,-0.9775,-0.0704,-0.1287,-1.0393,0.1869,0.2617,1,1,1,1,1,14.0,63.8,
2026-07-23 18:34:22.770,0.0751,0.1806,0.1219,0.0588,0.3498,0.2458,0.2453,0.435,0.326,0.183,0.1636,0.3263,0.228,0.3191,0.38,0.1631,0.0211,0.0715,0.0892,0.0168,3336.2637,3323.37,3334.652,3322.967,-0.9777,-0.0704,-0.1302,-0.9496,0.7552,0.2019,1,1,1,1,1,14.0,63.2,
2026-07-23 18:34:23.848,0.0829,0.1766,0.133,0.0647,0.3442,0.2502,0.2418,0.4138,0.3277,0.1828,0.1595,0.3155,0.2247,0.3168,0.3796,0.188,0.0206,0.0736,0.086,0.018,3308.0586,3311.685,3283.0769,3275.8242,-0.9761,-0.0635,-0.1252,-0.8224,0.0897,0.1645,1,1,1,1,1,14.0,62.5,
2026-07-23 18:34:24.870,0.0928,0.1683,0.1223,0.0724,0.3312,0.2541,0.2422,0.3699,0.3253,0.1785,0.1661,0.3297,0.2305,0.3234,0.386,0.2103,0.0202,0.0756,0.0834,0.0177,3318.9377,3293.956,3292.7473,3279.8535,-0.9777,-0.0708,-0.1302,-1.0617,-0.1645,0.2019,1,1,1,1,1,14.0,62.1,
2026-07-23 18:34:25.870,0.0774,0.1679,0.1075,0.0721,0.3351,0.2665,0.2679,0.3751,0.3486,0.1947,0.1748,0.3256,0.2206,0.3001,0.3676,0.2097,0.0184,0.0709,0.0822,0.0175,3290.3297,3306.044,3311.685,3298.7912,-0.9763,-0.0679,-0.127,-1.0243,0.015,0.157,1,1,1,1,1,14.0,62.4,
2026-07-23 18:34:26.871,0.0846,0.1835,0.1234,0.0739,0.3565,0.2941,0.2775,0.3704,0.3561,0.1891,0.1704,0.3353,0.1836,0.2637,0.3507,0.202,0.0191,0.0696,0.078,0.0184,3310.8791,3326.9963,3289.5238,3281.4652,-0.9753,-0.0666,-0.1265,-0.957,-0.0224,0.2094,1,1,1,1,1,14.0,63.0,
2026-07-23 18:34:27.884,0.0907,0.1806,0.1249,0.0725,0.3549,0.2872,0.2937,0.3716,0.349,0.1877,0.1732,0.3522,0.1848,0.2681,0.336,0.1851,0.0207,0.0764,0.0722,0.0185,3344.3223,3318.5348,3282.2711,3304.4322,-0.976,-0.0502,-0.1266,-0.9122,-0.0224,0.5383,1,1,1,1,1,14.0,63.6,
2026-07-23 18:34:28.938,0.0934,0.1607,0.1298,0.0766,0.3736,0.2869,0.316,0.3715,0.3056,0.1953,0.1762,0.3386,0.2045,0.2785,0.3095,0.1936,0.0228,0.0786,0.0685,0.0197,3306.044,3322.1612,3349.1575,3358.8278,-0.9789,-0.0676,-0.1265,-0.7776,-0.0972,0.1346,1,1,1,1,1,14.0,64.0,
2026-07-23 18:34:30.036,0.0852,0.1543,0.1388,0.091,0.3659,0.3018,0.3173,0.3762,0.3183,0.1981,0.176,0.3211,0.2074,0.2642,0.2959,0.1926,0.0232,0.0817,0.0721,0.0192,3324.5788,3329.4139,3287.5092,3327.3993,-0.9802,-0.0673,-0.1255,-0.9645,0.0374,0.2467,1,1,1,1,1,14.0,64.0,
2026-07-23 18:34:31.036,0.0885,0.1681,0.1525,0.1055,0.3422,0.3028,0.2931,0.3609,0.3097,0.1846,0.1893,0.3041,0.2319,0.2598,0.2918,0.2105,0.0277,0.0848,0.0734,0.019,3260.5128,3321.3553,3289.9267,3262.9304,-0.9739,-0.0673,-0.1271,-1.0991,-0.1645,0.2991,1,1,1,1,1,14.0,63.2,
2026-07-23 18:34:32.068,0.1085,0.1809,0.1452,0.1023,0.308,0.3078,0.3261,0.3802,0.2978,0.1722,0.1812,0.2979,0.2556,0.251,0.2798,0.2013,0.03,0.088,0.0678,0.0183,3341.5018,3298.7912,3355.2015,3426.1172,-0.9775,-0.0699,-0.1278,-0.8299,0.0748,-0.0224,1,1,1,1,1,14.0,62.0,
2026-07-23 18:34:33.132,0.1026,0.1851,0.1779,0.0928,0.3433,0.3158,0.3189,0.3907,0.2775,0.1697,0.1794,0.3069,0.2477,0.2459,0.262,0.1919,0.0289,0.0835,0.0618,0.0177,3341.5018,3351.1722,3276.63,3298.7912,-0.9774,-0.0677,-0.1248,-0.9047,-0.0224,0.172,1,1,1,1,1,14.0,61.2,
2026-07-23 18:34:34.131,0.1026,0.2198,0.2059,0.0914,0.3316,0.2889,0.2885,0.3821,0.2597,0.1489,0.1699,0.311,0.2738,0.2546,0.2766,0.1976,0.0324,0.0878,0.059,0.0179,3318.1319,3318.9377,3313.2967,3340.293,-0.9754,-0.0694,-0.1272,-0.9944,0.1271,0.0972,1,1,1,1,1,14.0,60.9,
2026-07-23 18:34:35.167,0.0942,0.2262,0.2111,0.092,0.3465,0.2748,0.2991,0.4098,0.2717,0.1497,0.1706,0.2834,0.2584,0.2584,0.2625,0.1979,0.0291,0.0908,0.0567,0.0169,3276.2271,3310.8791,3305.641,3275.0183,-0.9736,-0.0625,-0.1283,-1.0019,0.0673,0.4337,1,1,1,1,1,14.0,60.9,
2026-07-23 18:34:36.211,0.0845,0.22,0.2204,0.0894,0.3773,0.2714,0.2884,0.4378,0.2659,0.1514,0.1692,0.2633,0.2447,0.2723,0.2627,0.1931,0.0276,0.0849,0.0594,0.0164,3291.5385,3295.1648,3294.359,3281.8681,-0.9741,-0.0714,-0.1285,-0.9346,-0.2318,0.1944,1,1,1,1,1,14.0,61.0,
2026-07-23 18:34:37.238,0.0848,0.2296,0.2264,0.0839,0.377,0.2633,0.2691,0.4475,0.2543,0.1419,0.165,0.2493,0.258,0.2843,0.2782,0.2043,0.0259,0.0809,0.0612,0.0151,3347.9487,3326.1905,3330.2198,3295.1648,-0.9785,-0.0701,-0.1297,-1.144,-0.015,0.3589,1,1,1,1,1,14.0,61.0,
2026-07-23 18:34:38.345,0.0806,0.2167,0.233,0.071,0.3747,0.2723,0.277,0.4433,0.2783,0.1415,0.1546,0.2671,0.2438,0.2944,0.2761,0.2023,0.0225,0.075,0.0593,0.0163,3268.1685,3279.4505,3298.7912,3295.5678,-0.976,-0.0718,-0.124,-1.0841,-0.157,0.2841,1,1,1,1,1,14.0,60.9,
2026-07-23 18:34:39.355,0.0742,0.1992,0.2272,0.0708,0.3665,0.2596,0.2677,0.4325,0.2924,0.1581,0.16,0.2795,0.2445,0.3063,0.2777,0.1997,0.0224,0.0768,0.0674,0.0174,3350.7692,3304.0293,3304.4322,3310.0733,-0.9788,-0.0731,-0.1281,-0.8972,0.4337,0.5757,1,1,1,1,1,14.0,60.9,
2026-07-23 18:34:40.383,0.0602,0.2111,0.2092,0.0744,0.4021,0.233,0.2408,0.4294,0.2908,0.1607,0.1679,0.2561,0.2249,0.3245,0.3056,0.2215,0.022,0.0707,0.0764,0.0186,3317.7289,3329.4139,3360.0366,3326.9963,-0.9754,-0.0667,-0.1284,-0.8748,-0.471,0.172,1,1,1,1,1,14.0,61.0,
2026-07-23 18:34:41.385,0.0745,0.199,0.1688,0.0687,0.3947,0.2304,0.2537,0.4327,0.289,0.1551,0.1703,0.2472,0.2198,0.3364,0.3238,0.2309,0.022,0.0791,0.0834,0.0206,3335.0549,3304.4322,3298.3883,3318.1319,-0.9734,-0.0716,-0.1284,-0.972,0.2991,0.0972,1,1,1,1,1,14.0,61.0,
2026-07-23 18:34:42.439,0.0732,0.152,0.1314,0.0686,0.3971,0.2495,0.2918,0.44,0.2872,0.1695,0.1681,0.2464,0.2212,0.3489,0.3229,0.2252,0.0213,0.0801,0.0858,0.0199,3320.5495,3297.9853,3332.2344,3347.9487,-0.9791,-0.0684,-0.1283,-1.0841,-0.2318,0.3514,1,1,1,1,1,14.0,60.9,
2026-07-23 18:34:43.536,0.0735,0.1527,0.1328,0.0706,0.3844,0.2466,0.2778,0.4016,0.2805,0.175,0.167,0.2587,0.2391,0.3458,0.333,0.2464,0.0225,0.0799,0.0895,0.0226,3273.0037,3310.4762,3311.685,3287.1062,-0.9744,-0.0683,-0.1257,-1.0393,-0.1794,0.2692,1,1,1,1,1,14.0,60.8,
2026-07-23 18:34:44.537,0.0816,0.1648,0.1337,0.0735,0.3658,0.251,0.3,0.3739,0.2927,0.1676,0.161,0.2807,0.2371,0.3289,0.3178,0.2497,0.0228,0.0877,0.0875,0.0223,3274.2125,3297.1795,3306.044,3283.8828,-0.9731,-0.062,-0.1304,-1.0542,-0.1944,0.4187,1,1,1,1,1,14.0,60.8,
2026-07-23 18:34:45.538,0.0971,0.1796,0.1311,0.0891,0.3672,0.2544,0.2914,0.3584,0.283,0.1677,0.1731,0.2958,0.2277,0.3045,0.3116,0.2334,0.0249,0.094,0.0927,0.0234,3316.5201,3300.0,3330.6227,3346.7399,-0.9739,-0.0632,-0.1247,-0.9944,-0.0598,0.4486,1,1,1,1,1,14.0,60.9,
2026-07-23 18:34:46.566,0.107,0.1905,0.1244,0.0911,0.3839,0.2509,0.2906,0.3547,0.2463,0.1612,0.1733,0.2953,0.234,0.2929,0.3124,0.2357,0.0289,0.1046,0.0992,0.0232,3347.1429,3309.6703,3316.1172,3332.2344,-0.9805,-0.0666,-0.1265,-1.0542,0.1047,0.3215,1,1,1,1,1,14.0,60.8,
2026-07-23 18:34:47.570,0.1096,0.1878,0.1247,0.0821,0.3956,0.2625,0.2912,0.4029,0.2396,0.1664,0.1715,0.2769,0.2272,0.2832,0.321,0.2161,0.0281,0.1001,0.0915,0.0221,3311.2821,3307.2527,3312.8938,3320.1465,-0.9752,-0.0664,-0.1273,-0.8748,-0.0,0.0299,1,1,1,1,1,14.0,60.7,
2026-07-23 18:34:48.635,0.1188,0.1768,0.1426,0.09,0.3457,0.2673,0.2908,0.4086,0.2706,0.1817,0.1675,0.2929,0.237,0.2782,0.3089,0.1894,0.0279,0.096,0.0902,0.0191,3319.7436,3292.3443,3332.2344,3362.0513,-0.9767,-0.0657,-0.1291,-0.9944,-0.1421,0.2318,1,1,1,1,1,14.0,60.4,
2026-07-23 18:34:49.634,0.1099,0.1825,0.1797,0.1,0.3315,0.2781,0.2819,0.409,0.2933,0.1858,0.1701,0.2897,0.237,0.2674,0.2889,0.1831,0.0283,0.0863,0.0794,0.0182,3351.5751,3312.0879,3307.6557,3331.8315,-0.9775,-0.0699,-0.1321,-0.9421,-0.4411,0.1495,1,1,1,1,1,14.0,60.3,
2026-07-23 18:34:50.734,0.1131,0.1813,0.1937,0.0939,0.3233,0.2672,0.273,0.3969,0.3214,0.188,0.168,0.3066,0.2156,0.2736,0.2849,0.184,0.0266,0.0899,0.0804,0.0185,3315.3114,3336.6667,3342.7106,3347.5458,-0.975,-0.0665,-0.1298,-1.0692,-0.0,0.2916,1,1,1,1,1,14.0,60.4,
2026-07-23 18:34:51.741,0.1091,0.1837,0.196,0.0876,0.3523,0.2675,0.2701,0.3883,0.3251,0.1811,0.1656,0.3174,0.1906,0.2796,0.288,0.188,0.0228,0.0882,0.0804,0.0188,3329.011,3317.7289,3321.7582,3345.5311,-0.9779,-0.0662,-0.1241,-1.0019,-0.015,0.329,1,1,1,1,1,14.0,61.0,
2026-07-23 18:34:52.846,0.1014,0.1705,0.2042,0.0767,0.3598,0.2685,0.2488,0.3832,0.3287,0.1981,0.1601,0.3365,0.1882,0.2817,0.3007,0.1849,0.0219,0.0811,0.0861,0.0187,3356.4103,3342.7106,3343.1136,3380.1832,-0.9778,-0.0717,-0.1248,-0.9944,0.0673,0.1869,1,1,1,1,1,14.0,62.1,
2026-07-23 18:34:53.846,0.0987,0.1511,0.1887,0.0651,0.3753,0.2646,0.2604,0.4329,0.3418,0.2134,0.1589,0.3209,0.1662,0.2919,0.3061,0.165,0.018,0.079,0.0859,0.0161,3312.0879,3324.1758,3291.1355,3289.9267,-0.9732,-0.0662,-0.1176,-0.9869,-0.329,0.0748,1,1,1,1,1,14.0,63.6,
2026-07-23 18:34:54.880,0.0945,0.1531,0.1944,0.0917,0.3757,0.2539,0.2602,0.455,0.3413,0.2236,0.1602,0.2888,0.1723,0.2966,0.3031,0.151,0.0162,0.0729,0.0821,0.0135,3315.7143,3293.1502,3305.2381,3343.9194,-0.9734,-0.0667,-0.1289,-1.0617,-0.157,0.3664,1,1,1,1,1,14.0,64.0,
2026-07-23 18:34:55.929,0.092,0.1655,0.1897,0.0883,0.3751,0.254,0.2764,0.4595,0.3288,0.211,0.1592,0.2876,0.1863,0.2977,0.2927,0.1504,0.0177,0.0718,0.082,0.0143,3340.293,3320.5495,3295.5678,3348.7546,-0.9767,-0.0693,-0.1245,-0.9122,0.172,0.1122,1,1,1,1,1,14.0,64.1,
2026-07-23 18:34:56.967,0.0771,0.174,0.1888,0.0858,0.3796,0.2506,0.2745,0.4685,0.3283,0.2084,0.1605,0.2821,0.1958,0.2908,0.2908,0.1478,0.0192,0.0761,0.0855,0.0159,3286.7033,3289.1209,3287.5092,3312.8938,-0.9756,-0.0685,-0.1302,-0.9795,-0.1645,0.2542,1,1,1,1,1,14.0,64.0,
2026-07-23 18:34:58.031,0.065,0.1831,0.1765,0.0762,0.3491,0.2373,0.2603,0.4488,0.3695,0.2021,0.1605,0.3031,0.1963,0.2962,0.3115,0.1558,0.0202,0.0812,0.0912,0.0162,3288.315,3344.3223,3280.6593,3288.315,-0.9755,-0.0654,-0.1286,-1.0168,-0.2467,0.2916,1,1,1,1,1,14.0,64.0,
2026-07-23 18:34:59.062,0.0592,0.1863,0.1628,0.0753,0.3547,0.237,0.2658,0.4583,0.3577,0.2084,0.18,0.2923,0.2068,0.2912,0.3042,0.1579,0.0216,0.0771,0.0872,0.0161,3280.6593,3321.7582,3295.9707,3313.2967,-0.9776,-0.0679,-0.1246,-0.9795,-0.2766,0.0673,1,1,1,1,1,14.0,64.0,
2026-07-23 18:35:00.136,0.0576,0.2034,0.1624,0.0731,0.3589,0.2326,0.2691,0.4851,0.3397,0.2072,0.1757,0.2788,0.2216,0.2824,0.3034,0.1477,0.0221,0.0744,0.0895,0.0152,3247.619,3326.9963,3328.2051,3272.1978,-0.9775,-0.0665,-0.128,-1.0243,-0.0224,0.2467,1,1,1,1,1,14.0,63.9,
2026-07-23 18:35:01.230,0.0526,0.2106,0.1696,0.0785,0.3422,0.229,0.2742,0.4773,0.3503,0.1989,0.1822,0.2754,0.2315,0.289,0.2896,0.1533,0.0234,0.0725,0.0844,0.0154,3344.3223,3353.1868,3280.6593,3343.1136,-0.9747,-0.0675,-0.1313,-1.0841,-0.2991,0.1944,1,1,1,1,1,13.9,63.6,
2026-07-23 18:35:02.234,0.0395,0.2133,0.1782,0.0657,0.3304,0.2253,0.2703,0.4355,0.3392,0.1777,0.1945,0.3031,0.2641,0.3108,0.2763,0.177,0.0268,0.0728,0.0807,0.0187,3314.5055,3314.5055,3321.7582,3314.9084,-0.9743,-0.0651,-0.1252,-1.0617,-0.5009,0.2318,1,1,1,1,1,13.9,63.3,
2026-07-23 18:35:03.235,0.0393,0.2132,0.2243,0.0489,0.3187,0.2454,0.3484,0.4131,0.3455,0.1617,0.1626,0.32,0.2686,0.3083,0.207,0.1972,0.028,0.0715,0.0576,0.0207,3346.337,3302.4176,3294.359,3309.2674,-0.9794,-0.0728,-0.1304,-1.114,0.1271,0.3589,1,1,1,1,1,13.9,63.1,
2026-07-23 18:35:04.236,0.0425,0.2106,0.2462,0.0576,0.326,0.2526,0.3552,0.3722,0.3548,0.1592,0.1505,0.3361,0.2486,0.3005,0.1928,0.2112,0.0281,0.0771,0.0551,0.0229,3317.7289,3308.4615,3341.9048,3352.381,-0.9788,-0.074,-0.131,-1.0468,-0.1047,0.2542,1,1,1,1,1,13.9,63.4,
2026-07-23 18:35:05.343,0.0558,0.2097,0.2383,0.0666,0.3343,0.2451,0.3647,0.3615,0.3137,0.1528,0.1485,0.3102,0.2664,0.3135,0.1933,0.2383,0.0298,0.0788,0.0552,0.0234,3285.8974,3288.315,3275.4212,3282.2711,-0.978,-0.0632,-0.1253,-1.0094,-0.2467,0.4486,1,1,1,1,1,13.9,64.2,
2026-07-23 18:35:06.348,0.0615,0.1957,0.2382,0.0705,0.3546,0.2654,0.3676,0.3905,0.281,0.1601,0.145,0.2823,0.2734,0.3024,0.1945,0.2333,0.0295,0.0764,0.0547,0.0235,3322.5641,3308.8645,3287.9121,3324.1758,-0.9762,-0.0715,-0.1281,-0.9496,-0.0299,0.0673,1,1,1,1,1,13.9,64.7,
2026-07-23 18:35:07.349,0.068,0.1901,0.2391,0.0705,0.316,0.2717,0.3655,0.3883,0.317,0.1633,0.1428,0.2872,0.2687,0.2902,0.1969,0.2303,0.0304,0.0848,0.0557,0.0237,3289.1209,3324.5788,3301.6117,3286.7033,-0.9765,-0.066,-0.1304,-0.9645,0.0299,0.1271,1,1,1,1,1,13.9,64.9,
2026-07-23 18:35:08.381,0.0693,0.173,0.2282,0.0765,0.3201,0.2888,0.374,0.36,0.339,0.1564,0.1431,0.2861,0.2411,0.2883,0.2002,0.2514,0.0305,0.0935,0.0545,0.026,3310.0733,3305.641,3312.0879,3358.4249,-0.9714,-0.0683,-0.1278,-1.0019,-0.0673,0.314,1,1,1,1,1,13.9,64.6,
2026-07-23 18:35:09.382,0.0797,0.1904,0.229,0.0699,0.3374,0.2939,0.373,0.3499,0.3094,0.1512,0.1378,0.2803,0.2419,0.2715,0.2064,0.2731,0.0315,0.093,0.0537,0.0269,3269.7802,3300.8059,3320.5495,3272.6007,-0.9778,-0.0695,-0.1342,-1.0318,-0.0523,0.2467,1,1,1,1,1,13.9,63.8,
2026-07-23 18:35:10.400,0.0798,0.3451,0.2207,0.0689,0.365,0.288,0.3699,0.3663,0.3068,0.1561,0.1408,0.2746,0.2166,0.1645,0.2118,0.2621,0.0318,0.0463,0.0568,0.028,3296.7766,3321.3553,3304.8352,3321.3553,-0.9761,-0.0691,-0.1282,-1.0243,0.1196,0.172,1,1,1,1,1,13.9,62.7,
2026-07-23 18:35:11.415,0.0738,0.3399,0.1552,0.0579,0.3622,0.2784,0.3104,0.3858,0.3337,0.1681,0.1666,0.3085,0.2011,0.1675,0.2931,0.225,0.0291,0.0461,0.0746,0.0228,3305.641,3296.3736,3301.2088,3268.1685,-0.9761,-0.0665,-0.1302,-1.0094,-0.1944,0.2692,1,1,1,1,1,13.9,62.0,
2026-07-23 18:35:12.454,0.0756,0.3467,0.1596,0.054,0.3696,0.2856,0.3066,0.3978,0.3265,0.1635,0.1612,0.3212,0.1999,0.1623,0.3001,0.2071,0.0283,0.0419,0.0725,0.02,3324.5788,3337.4725,3293.956,3278.2418,-0.9758,-0.0706,-0.1268,-1.0094,-0.0673,0.3215,1,1,1,1,1,13.9,62.2,
2026-07-23 18:35:13.461,0.0771,0.3452,0.1511,0.05,0.3781,0.2931,0.3032,0.443,0.3219,0.164,0.1622,0.3126,0.197,0.1571,0.3118,0.1761,0.0259,0.0404,0.0717,0.0183,3344.3223,3325.3846,3285.8974,3284.6886,-0.9788,-0.0684,-0.1233,-1.0094,-0.2094,0.2766,1,1,1,1,1,13.9,62.9,
2026-07-23 18:35:14.519,0.0771,0.3404,0.1553,0.0542,0.392,0.2925,0.2973,0.4262,0.3103,0.1663,0.1602,0.3189,0.1952,0.1598,0.3114,0.1813,0.0254,0.0411,0.0757,0.0193,3312.8938,3305.641,3313.2967,3291.9414,-0.9739,-0.0667,-0.1349,-0.9645,0.3365,0.6505,1,1,1,1,1,13.9,63.6,
2026-07-23 18:35:15.521,0.0827,0.3438,0.165,0.0552,0.3939,0.2897,0.2854,0.4109,0.2874,0.1622,0.1552,0.3178,0.2115,0.1669,0.3185,0.1962,0.0246,0.0374,0.076,0.0198,3326.9963,3289.1209,3285.8974,3340.696,-0.9803,-0.0727,-0.1252,-1.0991,0.0374,0.3589,1,1,1,1,1,13.9,63.8,
2026-07-23 18:35:16.568,0.0908,0.3463,0.1721,0.0575,0.3641,0.2854,0.2769,0.4099,0.2981,0.1613,0.1733,0.3333,0.2223,0.1698,0.299,0.1808,0.0248,0.0372,0.0787,0.0185,3322.1612,3322.5641,3319.3407,3354.3956,-0.9732,-0.0636,-0.1178,-1.0393,-0.2692,0.1271,1,1,1,1,1,13.9,63.6,
2026-07-23 18:35:17.573,0.0985,0.3361,0.1805,0.0611,0.3384,0.2847,0.281,0.4018,0.2896,0.1636,0.1761,0.3359,0.2477,0.1731,0.2813,0.1834,0.0258,0.0425,0.0812,0.0177,3257.2894,3291.9414,3333.0403,3268.1685,-0.9799,-0.0711,-0.1315,-1.129,-0.015,0.2318,1,1,1,1,1,13.9,63.3,
2026-07-23 18:35:18.618,0.1152,0.1854,0.2682,0.0727,0.3077,0.2817,0.3026,0.3924,0.2931,0.185,0.1645,0.3407,0.2588,0.2655,0.214,0.1774,0.0252,0.0823,0.0507,0.0168,3330.6227,3318.5348,3314.9084,3338.2784,-0.9781,-0.0701,-0.1371,-0.9346,-0.1869,0.3664,1,1,1,1,1,13.9,63.0,
2026-07-23 18:35:19.631,0.1102,0.1894,0.3027,0.0789,0.3325,0.285,0.3038,0.3972,0.2888,0.1815,0.1592,0.3143,0.2457,0.2553,0.1934,0.1905,0.0227,0.0888,0.0408,0.0191,3342.3077,3311.2821,3307.6557,3305.2381,-0.9806,-0.0709,-0.1344,-1.0916,-0.0374,0.2318,1,1,1,1,1,13.9,62.6,
2026-07-23 18:35:20.683,0.1013,0.1504,0.2981,0.0687,0.3215,0.2597,0.2994,0.4035,0.3306,0.2097,0.16,0.3117,0.2253,0.2844,0.2007,0.1979,0.0213,0.0957,0.0418,0.0182,3337.0696,3315.7143,3318.9377,3333.0403,-0.9778,-0.0642,-0.1286,-1.0692,-0.2617,0.2991,1,1,1,1,1,13.9,62.1,
2026-07-23 18:35:21.737,0.0947,0.1537,0.2965,0.0644,0.3273,0.2398,0.3081,0.3724,0.33,0.2069,0.1568,0.3248,0.2273,0.3035,0.1982,0.2194,0.0208,0.0962,0.0404,0.019,3273.8095,3307.6557,3285.0916,3287.9121,-0.9771,-0.0673,-0.1352,-0.9795,0.015,0.2692,1,1,1,1,1,13.9,61.6,
2026-07-23 18:35:22.740,0.095,0.1876,0.2937,0.0664,0.3571,0.2173,0.3136,0.3846,0.3097,0.2032,0.1541,0.3218,0.2169,0.2933,0.1984,0.2088,0.0214,0.0987,0.0402,0.0183,3343.9194,3364.0659,3282.2711,3295.1648,-0.9768,-0.0688,-0.1259,-0.9496,-0.0748,0.2393,1,1,1,1,1,13.9,61.2,
2026-07-23 18:35:23.805,0.0856,0.1714,0.2914,0.0743,0.3587,0.2284,0.317,0.3825,0.3205,0.2152,0.1506,0.3342,0.2141,0.288,0.1985,0.1911,0.0211,0.097,0.0425,0.0178,3321.3553,3328.6081,3316.5201,3328.2051,-0.9803,-0.0645,-0.1303,-0.9645,-0.329,0.2318,1,1,1,1,1,13.9,60.9,
2026-07-23 18:35:24.807,0.0752,0.1644,0.2915,0.0844,0.3756,0.246,0.3195,0.3752,0.3226,0.219,0.1437,0.3272,0.2057,0.2815,0.2031,0.1946,0.0208,0.0891,0.0421,0.0187,3308.0586,3339.0842,3318.5348,3295.5678,-0.974,-0.0635,-0.1287,-0.9496,-0.0598,0.1944,1,1,1,1,1,13.9,60.8,
2026-07-23 18:35:25.808,0.0776,0.1703,0.297,0.0821,0.3815,0.2572,0.3139,0.3865,0.3321,0.2157,0.1417,0.3393,0.1849,0.27,0.2058,0.172,0.024,0.0868,0.0416,0.0201,3279.4505,3291.5385,3293.1502,3331.8315,-0.9725,-0.0657,-0.129,-0.972,-0.0822,0.2168,1,1,1,1,1,13.9,60.9,
2026-07-23 18:35:26.808,0.0732,0.1943,0.2415,0.066,0.3733,0.2702,0.3074,0.3799,0.3374,0.197,0.1274,0.3564,0.1932,0.2578,0.2568,0.1783,0.023,0.0807,0.0668,0.0193,3376.1538,3326.1905,3316.1172,3337.0696,-0.9746,-0.0673,-0.1348,-0.9421,-0.0374,0.1271,1,1,1,1,1,13.9,61.4,
2026-07-23 18:35:27.857,0.0747,0.1917,0.2056,0.0627,0.3615,0.2666,0.3154,0.3784,0.3289,0.1922,0.1153,0.3683,0.2111,0.27,0.2801,0.1725,0.0239,0.0795,0.0836,0.0181,3365.2747,3329.4139,3305.641,3359.6337,-0.9742,-0.0707,-0.123,-0.9346,-0.3664,0.2916,1,1,1,1,1,13.9,62.3,
2026-07-23 18:35:28.905,0.0692,0.216,0.1976,0.0621,0.4034,0.2677,0.3296,0.3873,0.2937,0.1724,0.1203,0.3569,0.2115,0.267,0.2716,0.1746,0.0221,0.0769,0.081,0.0191,3293.1502,3308.4615,3276.2271,3316.9231,-0.9775,-0.0712,-0.1325,-1.0542,0.4636,0.2692,1,1,1,1,1,13.8,63.4,
2026-07-23 18:35:29.954,0.0746,0.2135,0.1915,0.068,0.4065,0.2717,0.316,0.3908,0.2984,0.1616,0.1268,0.3604,0.1983,0.2748,0.2797,0.162,0.0222,0.0784,0.0861,0.0187,3331.8315,3324.9817,3277.4359,3285.0916,-0.9703,-0.0688,-0.126,-0.8524,-0.1495,0.0822,1,1,1,1,1,13.8,63.9,
2026-07-23 18:35:30.970,0.0735,0.1984,0.2111,0.0642,0.4,0.2788,0.3032,0.3992,0.31,0.1517,0.1346,0.364,0.1947,0.2878,0.2689,0.1534,0.0218,0.0833,0.0823,0.0192,3329.011,3305.2381,3301.6117,3326.9963,-0.98,-0.0695,-0.1355,-0.8897,0.2766,0.5682,1,1,1,1,1,13.8,64.1,
2026-07-23 18:35:32.024,0.0718,0.2103,0.2477,0.0576,0.4114,0.274,0.2932,0.4107,0.3058,0.1384,0.1416,0.3572,0.1871,0.2796,0.2506,0.1533,0.0239,0.0978,0.0668,0.0212,3273.4066,3312.0879,3284.2857,3235.1282,-0.9763,-0.072,-0.1296,-0.7851,-0.0822,-0.0,1,1,1,1,1,13.8,64.1,
2026-07-23 18:35:33.070,0.0696,0.2322,0.2361,0.0493,0.4156,0.2558,0.307,0.4168,0.3056,0.1371,0.1538,0.3545,0.1853,0.2757,0.2384,0.1581,0.0239,0.0992,0.0647,0.0213,3285.4945,3306.4469,3327.3993,3323.7729,-0.9763,-0.0656,-0.1282,-1.0393,-0.0897,0.4337,1,1,1,1,1,13.8,63.8,
2026-07-23 18:35:34.066,0.0636,0.2456,0.2046,0.0509,0.4083,0.2389,0.3283,0.4096,0.3243,0.1282,0.1599,0.36,0.1828,0.2872,0.2449,0.1589,0.021,0.1001,0.0624,0.0205,3280.6593,3304.8352,3309.2674,3271.3919,-0.979,-0.0652,-0.1312,-1.0168,-0.0972,0.0972,1,1,1,1,1,13.8,63.0,
2026-07-23 18:35:35.070,0.057,0.2605,0.1966,0.0475,0.4174,0.2214,0.324,0.4171,0.3405,0.123,0.1685,0.3585,0.1637,0.2898,0.2503,0.1578,0.0214,0.1053,0.0605,0.0191,3231.5018,3284.6886,3307.6557,3285.0916,-0.9775,-0.0647,-0.1291,-0.8972,-0.1271,0.2094,1,1,1,1,1,13.8,61.9,
2026-07-23 18:35:36.099,0.0652,0.2725,0.1705,0.0589,0.4196,0.2185,0.3239,0.408,0.3303,0.1175,0.1876,0.3626,0.1631,0.2893,0.2585,0.1516,0.0218,0.1021,0.0595,0.0189,3315.7143,3270.5861,3331.8315,3331.4286,-0.9753,-0.0714,-0.1244,-0.8823,-0.2393,0.172,1,1,1,1,1,13.8,61.2,
2026-07-23 18:35:37.148,0.0724,0.2451,0.1579,0.0592,0.4035,0.2424,0.3249,0.4152,0.3288,0.1214,0.1954,0.3563,0.172,0.2851,0.2614,0.15,0.0233,0.1061,0.0604,0.0193,3334.652,3299.1941,3268.9744,3295.1648,-0.9725,-0.0688,-0.1311,-1.114,-0.1421,0.2617,1,1,1,1,1,13.8,61.0,
2026-07-23 18:35:38.180,0.0746,0.2518,0.1542,0.056,0.3942,0.2654,0.3385,0.4241,0.3325,0.1244,0.1951,0.3489,0.1758,0.2627,0.256,0.1515,0.0228,0.0956,0.0562,0.0195,3255.2747,3285.0916,3334.652,3248.022,-0.9752,-0.0683,-0.1291,-0.957,-0.0748,0.2019,1,1,1,1,1,13.8,61.4,
2026-07-23 18:35:39.192,0.0812,0.2591,0.1273,0.0604,0.3967,0.2792,0.3632,0.4238,0.3235,0.1258,0.196,0.3436,0.1765,0.2568,0.255,0.1542,0.0221,0.0791,0.0585,0.0181,3327.8022,3290.7326,3305.2381,3345.5311,-0.9757,-0.0719,-0.1274,-1.0318,-0.0075,0.2916,1,1,1,1,1,13.8,62.0,
2026-07-23 18:35:40.202,0.0931,0.2577,0.1147,0.0623,0.3941,0.2834,0.3573,0.4392,0.3158,0.1224,0.1944,0.332,0.178,0.2655,0.2698,0.1502,0.0191,0.071,0.0638,0.0163,3344.3223,3304.4322,3278.2418,3302.4176,-0.9767,-0.0641,-0.1295,-0.8673,-0.1944,0.1495,1,1,1,1,1,13.8,62.1,
2026-07-23 18:35:41.240,0.1079,0.24,0.1229,0.0689,0.3862,0.2952,0.3528,0.4378,0.3066,0.125,0.1943,0.3274,0.1817,0.2721,0.2672,0.1503,0.0176,0.0678,0.0627,0.0156,3319.3407,3326.1905,3316.9231,3299.5971,-0.9779,-0.0695,-0.1258,-0.9795,-0.1869,0.329,1,1,1,1,1,13.8,61.5,
2026-07-23 18:35:42.303,0.1156,0.1922,0.1665,0.0694,0.393,0.3057,0.3737,0.4379,0.2695,0.1456,0.1704,0.3129,0.2028,0.2931,0.2346,0.1635,0.0191,0.0633,0.0548,0.0163,3308.0586,3314.9084,3300.8059,3294.359,-0.9756,-0.0678,-0.1334,-1.0393,0.0075,0.2393,1,1,1,1,1,13.8,60.5,
2026-07-23 18:35:43.304,0.113,0.1634,0.1809,0.0746,0.3808,0.3034,0.3689,0.433,0.2794,0.1666,0.162,0.2947,0.2078,0.3088,0.2361,0.1777,0.019,0.0579,0.0521,0.0201,3332.2344,3336.2637,3316.9231,3293.5531,-0.9722,-0.0693,-0.1364,-1.0318,-0.172,0.2243,1,1,1,1,1,13.8,59.8,
2026-07-23 18:35:44.347,0.1003,0.138,0.2005,0.0622,0.3328,0.3056,0.3502,0.3986,0.3416,0.1966,0.1501,0.2939,0.2071,0.3041,0.2412,0.2223,0.0183,0.0557,0.0581,0.023,3331.4286,3324.1758,3288.315,3335.8608,-0.9774,-0.0664,-0.1357,-1.129,-0.015,0.2318,1,1,1,1,1,13.8,59.6,
2026-07-23 18:35:45.359,0.0862,0.1468,0.2075,0.0677,0.3072,0.2824,0.3287,0.3378,0.3799,0.2122,0.1458,0.3344,0.208,0.3036,0.2536,0.2346,0.0187,0.0551,0.0644,0.0255,3247.619,3294.359,3311.2821,3338.6813,-0.9771,-0.0673,-0.1288,-1.0318,0.2841,0.2542,1,1,1,1,1,13.8,60.2,
2026-07-23 18:35:46.406,0.0791,0.1252,0.2175,0.0637,0.2932,0.2617,0.2878,0.3039,0.3909,0.2287,0.1612,0.3486,0.217,0.3219,0.2672,0.2567,0.0199,0.0625,0.0663,0.0271,3337.4725,3313.2967,3316.1172,3344.3223,-0.9781,-0.0671,-0.1323,-1.0991,0.0822,0.2467,1,1,1,1,1,13.8,61.9,
2026-07-23 18:35:47.440,0.0769,0.105,0.2265,0.0535,0.2849,0.2602,0.2484,0.2624,0.3942,0.2444,0.1909,0.3786,0.2245,0.3271,0.2695,0.2786,0.0195,0.0632,0.0646,0.0269,3309.2674,3311.2821,3288.315,3312.8938,-0.975,-0.0654,-0.1332,-1.0692,-0.0673,0.3365,1,1,1,1,1,13.8,63.7,
2026-07-23 18:35:48.437,0.0653,0.1132,0.2311,0.0583,0.2738,0.2668,0.2471,0.2619,0.405,0.2476,0.196,0.3824,0.2361,0.3111,0.2642,0.2719,0.0198,0.0612,0.0615,0.0255,3322.1612,3287.5092,3286.7033,3316.1172,-0.9767,-0.0688,-0.1276,-0.9421,-0.0822,0.2168,1,1,1,1,1,13.8,63.9,
2026-07-23 18:35:49.459,0.0541,0.1249,0.2321,0.0603,0.2664,0.2585,0.2363,0.2626,0.4148,0.2505,0.2061,0.3779,0.2444,0.3,0.2621,0.273,0.0203,0.066,0.0635,0.0263,3259.304,3304.0293,3297.1795,3266.5568,-0.9735,-0.0648,-0.1259,-1.0019,-0.0374,0.1794,1,1,1,1,1,13.8,63.0,
2026-07-23 18:35:50.464,0.0534,0.1345,0.2016,0.0612,0.2473,0.2579,0.1972,0.2706,0.4223,0.2462,0.2363,0.3817,0.257,0.2895,0.2948,0.2602,0.02,0.072,0.0701,0.0263,3280.2564,3295.5678,3325.3846,3367.6923,-0.9753,-0.0648,-0.1262,-1.0168,-0.1495,0.2766,1,1,1,1,1,13.8,60.7,
2026-07-23 18:35:51.512,0.0597,0.1345,0.1991,0.0618,0.2655,0.2849,0.2087,0.2865,0.4009,0.2307,0.2375,0.396,0.2544,0.2765,0.2838,0.232,0.0194,0.0735,0.0709,0.0236,3267.7656,3284.2857,3297.9853,3265.7509,-0.9734,-0.0717,-0.13,-1.0767,-0.0897,0.2467,1,1,1,1,1,13.8,56.4,
2026-07-23 18:35:52.558,0.0793,0.1599,0.2059,0.0751,0.2884,0.283,0.2306,0.3258,0.3731,0.2128,0.2468,0.3901,0.2394,0.2752,0.2539,0.188,0.0197,0.0692,0.0629,0.021,3313.2967,3330.2198,3310.4762,3325.3846,-0.9775,-0.0679,-0.1284,-0.9047,-0.1047,0.2542,1,1,1,1,1,13.8,54.9,
2026-07-23 18:35:53.591,0.0765,0.1532,0.2136,0.0694,0.3135,0.2802,0.2429,0.3499,0.3785,0.2197,0.2487,0.381,0.2133,0.279,0.2395,0.1808,0.0182,0.0679,0.0553,0.0189,3311.685,3316.9231,3290.3297,3322.967,-0.9733,-0.0674,-0.1257,-0.9047,-0.4262,0.1196,1,1,1,1,1,13.8,54.8,
2026-07-23 18:35:54.599,0.0741,0.1628,0.2134,0.0694,0.3134,0.3024,0.2658,0.3855,0.3754,0.2015,0.2307,0.362,0.2183,0.2672,0.2303,0.166,0.0189,0.0661,0.0598,0.0171,3279.8535,3324.1758,3302.8205,3257.6923,-0.976,-0.0658,-0.1304,-1.1066,0.3589,0.2318,1,1,1,1,1,13.8,55.8,
2026-07-23 18:35:55.615,0.0688,0.1614,0.2104,0.0682,0.3022,0.2893,0.272,0.3981,0.3759,0.1922,0.2218,0.3564,0.2319,0.2836,0.2331,0.1599,0.0212,0.0735,0.0627,0.0175,3344.3223,3322.5641,3341.9048,3360.8425,-0.9756,-0.0721,-0.1266,-1.0916,0.2766,0.329,1,1,1,1,1,13.8,57.9,
2026-07-23 18:35:56.634,0.069,0.1418,0.2199,0.0606,0.2934,0.2765,0.2587,0.3824,0.3739,0.1873,0.2201,0.3584,0.2411,0.308,0.2344,0.1792,0.0225,0.0863,0.0669,0.0193,3311.2821,3287.9121,3321.3553,3334.2491,-0.9777,-0.0662,-0.1314,-1.0243,0.0075,0.2542,1,1,1,1,1,13.8,59.7,
2026-07-23 18:35:57.653,0.0691,0.1383,0.229,0.0593,0.2781,0.2722,0.2513,0.3767,0.3734,0.1778,0.215,0.3566,0.2534,0.3262,0.235,0.1853,0.0259,0.0855,0.0697,0.0221,3259.304,3287.9121,3294.359,3262.9304,-0.9773,-0.0685,-0.1264,-1.0318,-0.0374,0.2467,1,1,1,1,1,13.8,60.4,
2026-07-23 18:35:58.669,0.0707,0.1493,0.2479,0.0596,0.283,0.2727,0.2338,0.3724,0.3705,0.174,0.2111,0.34,0.2485,0.3178,0.2344,0.2035,0.0273,0.0863,0.0729,0.0245,3303.6264,3293.1502,3305.2381,3347.9487,-0.9764,-0.0699,-0.1307,-1.0243,0.5458,0.4785,1,1,1,1,1,13.8,60.9,
2026-07-23 18:35:59.758,0.0634,0.1538,0.2636,0.0628,0.2423,0.2368,0.2248,0.3406,0.4016,0.1817,0.201,0.3515,0.2629,0.3331,0.2333,0.2198,0.0298,0.0946,0.0773,0.0253,3341.9048,3328.2051,3325.7875,3340.696,-0.976,-0.072,-0.1297,-0.9869,-0.1047,0.1421,1,1,1,1,1,13.8,61.0,
2026-07-23 18:36:00.714,0.0504,0.1488,0.2911,0.0638,0.222,0.22,0.2127,0.3223,0.4129,0.1797,0.1801,0.3592,0.2819,0.3453,0.2341,0.2276,0.0329,0.1061,0.0821,0.0271,3300.4029,3279.8535,3319.3407,3294.359,-0.9755,-0.0701,-0.1326,-1.0468,-0.0374,0.3215,1,1,1,1,1,13.8,60.7,
2026-07-23 18:36:01.731,0.0511,0.1427,0.3,0.0688,0.1997,0.2196,0.2099,0.3,0.3828,0.1639,0.1774,0.3509,0.3273,0.3588,0.2301,0.2488,0.0391,0.115,0.0826,0.0315,3326.5934,3341.5018,3335.4579,3309.2674,-0.9755,-0.0691,-0.1356,-0.8524,0.2094,0.4486,1,1,1,1,1,13.8,60.2,
2026-07-23 18:36:02.748,0.0526,0.1393,0.3093,0.0786,0.2019,0.2031,0.1968,0.2467,0.3697,0.1719,0.1737,0.3617,0.3345,0.3659,0.2402,0.2758,0.0412,0.1197,0.0801,0.0372,3304.8352,3322.5641,3302.4176,3288.7179,-0.9708,-0.0594,-0.1315,-1.0094,-0.314,0.4561,1,1,1,1,1,13.8,59.6,
2026-07-23 18:36:03.798,0.0529,0.1417,0.3009,0.0785,0.195,0.2042,0.2002,0.237,0.38,0.1826,0.1635,0.349,0.3317,0.347,0.2569,0.2949,0.0405,0.1244,0.0785,0.0406,3306.044,3326.9963,3323.7729,3283.0769,-0.9734,-0.0583,-0.1323,-0.9944,-0.329,0.471,1,1,1,1,1,13.8,59.4,
2026-07-23 18:36:04.817,0.0562,0.1619,0.2977,0.0905,0.2194,0.2085,0.2104,0.2642,0.3877,0.1937,0.1489,0.3416,0.2985,0.3206,0.2675,0.2657,0.0381,0.1151,0.0755,0.038,3308.4615,3302.4176,3335.0549,3310.4762,-0.974,-0.0667,-0.1271,-0.9047,-0.3738,0.0673,1,1,1,1,1,13.8,59.4,
2026-07-23 18:36:05.828,0.0611,0.2205,0.3252,0.1015,0.2453,0.2017,0.2158,0.2652,0.3818,0.1749,0.1343,0.3561,0.2795,0.2948,0.2564,0.2462,0.0323,0.1081,0.0682,0.031,3366.8864,3329.8168,3310.4762,3340.293,-0.9786,-0.0706,-0.1382,-1.114,-0.1122,0.1869,1,1,1,1,1,13.8,59.6,
2026-07-23 18:36:06.844,0.0589,0.2271,0.3204,0.0905,0.3117,0.2139,0.2124,0.3011,0.362,0.1595,0.1285,0.3811,0.2382,0.2951,0.267,0.2012,0.0292,0.1044,0.0717,0.0261,3283.0769,3297.1795,3312.0879,3291.1355,-0.9754,-0.0662,-0.1343,-1.0393,0.1122,0.3963,1,1,1,1,1,13.8,59.9,
2026-07-23 18:36:07.861,0.0589,0.2266,0.3022,0.0815,0.3488,0.2295,0.2127,0.3072,0.3366,0.1497,0.1314,0.3725,0.2297,0.292,0.2838,0.2103,0.026,0.1022,0.0698,0.0285,3300.0,3310.4762,3322.5641,3328.2051,-0.9764,-0.0651,-0.1312,-1.0243,-0.2019,0.4486,1,1,1,1,1,13.7,60.2,
2026-07-23 18:36:08.877,0.0558,0.2169,0.2776,0.0753,0.3684,0.2398,0.2234,0.3311,0.3181,0.1471,0.1358,0.3427,0.2323,0.2928,0.2904,0.2214,0.0253,0.1034,0.0727,0.0295,3331.4286,3315.7143,3296.7766,3297.9853,-0.9713,-0.0674,-0.1304,-0.957,-0.0673,0.1944,1,1,1,1,1,13.7,60.5,
2026-07-23 18:36:09.889,0.0659,0.2239,0.2784,0.0802,0.3815,0.2334,0.2078,0.349,0.3225,0.146,0.1331,0.3497,0.2085,0.2932,0.3073,0.1955,0.0216,0.1036,0.0734,0.0256,3216.9963,3280.6593,3264.1392,3138.4249,-0.9759,-0.0673,-0.1345,-0.9944,0.0523,0.2094,1,1,1,1,1,13.7,60.9,
2026-07-23 18:36:10.898,0.0926,0.2427,0.2848,0.1365,0.3994,0.2481,0.2277,0.3517,0.2966,0.1417,0.1356,0.3412,0.1926,0.2711,0.2872,0.1507,0.0187,0.0963,0.0647,0.0198,3292.7473,3313.2967,3291.9414,3257.2894,-0.9744,-0.0671,-0.1321,-1.0617,-0.157,0.3963,1,1,1,1,1,13.7,61.2,
2026-07-23 18:36:11.906,0.112,0.2501,0.3019,0.1402,0.4074,0.2588,0.2489,0.3595,0.2806,0.1373,0.1265,0.3562,0.1815,0.2663,0.2629,0.128,0.0185,0.0875,0.0598,0.0161,3276.63,3315.7143,3326.9963,3347.5458,-0.9741,-0.0667,-0.1297,-0.9421,-0.3963,0.1645,1,1,1,1,1,13.7,61.5,
2026-07-23 18:36:12.918,0.1242,0.2447,0.279,0.1326,0.4043,0.2606,0.2438,0.3437,0.27,0.133,0.1463,0.3803,0.1819,0.2706,0.266,0.1274,0.0196,0.0911,0.0649,0.016,3329.011,3320.5495,3297.1795,3297.1795,-0.9719,-0.0697,-0.1306,-0.9346,-0.2243,0.1346,1,1,1,1,1,13.7,62.1,
2026-07-23 18:36:13.936,0.1099,0.2083,0.2615,0.1394,0.3933,0.2696,0.2266,0.3342,0.2838,0.1368,0.1676,0.3707,0.1963,0.2875,0.2803,0.1412,0.0166,0.0978,0.064,0.0145,3272.6007,3281.0623,3335.0549,3307.6557,-0.9756,-0.0673,-0.1315,-1.0019,-0.0598,0.2916,1,1,1,1,1,13.7,62.9,
2026-07-23 18:36:14.960,0.1111,0.203,0.2622,0.144,0.3794,0.2666,0.2294,0.3423,0.2923,0.1462,0.1757,0.3404,0.2001,0.287,0.2708,0.1585,0.0171,0.0973,0.0619,0.0148,3310.4762,3311.685,3331.4286,3378.5714,-0.9771,-0.0697,-0.1373,-1.0243,-0.0598,0.2617,1,1,1,1,1,13.7,63.5,
2026-07-23 18:36:15.972,0.1123,0.2028,0.2843,0.1441,0.369,0.2696,0.2213,0.3395,0.3015,0.1634,0.1847,0.3538,0.2,0.2734,0.2537,0.1497,0.0173,0.0908,0.0559,0.0129,3376.9597,3334.2491,3302.4176,3314.1026,-0.9745,-0.0692,-0.1281,-1.0393,-0.3439,0.2617,1,1,1,1,1,13.7,64.0,
2026-07-23 18:36:16.992,0.1174,0.2187,0.3017,0.1454,0.3568,0.2531,0.2123,0.3334,0.3118,0.172,0.1922,0.3559,0.1972,0.2732,0.2455,0.1529,0.0168,0.083,0.0484,0.0123,3284.2857,3319.3407,3320.9524,3337.0696,-0.9746,-0.0704,-0.1307,-0.9944,-0.2841,0.2467,1,1,1,1,1,13.7,64.3,
2026-07-23 18:36:18.022,0.1102,0.2116,0.292,0.1373,0.337,0.2494,0.2145,0.3192,0.323,0.1795,0.1965,0.3701,0.2117,0.2755,0.2445,0.1603,0.0181,0.084,0.0524,0.0131,3263.3333,3304.8352,3302.4176,3292.3443,-0.9733,-0.0681,-0.1278,-1.0094,-0.3888,0.1794,1,1,1,1,1,13.7,64.2,
2026-07-23 18:36:19.034,0.0946,0.1931,0.2686,0.098,0.3357,0.2241,0.2002,0.335,0.3396,0.1846,0.2063,0.3629,0.2106,0.306,0.2646,0.1887,0.0195,0.0921,0.0603,0.0154,3252.4542,3306.4469,3312.0879,3303.6264,-0.9779,-0.0731,-0.1334,-1.0542,-0.2467,0.329,1,1,1,1,1,13.7,64.0,
2026-07-23 18:36:20.057,0.0757,0.1831,0.2442,0.0869,0.3388,0.2119,0.1794,0.334,0.3534,0.1971,0.2169,0.3595,0.2129,0.3161,0.2973,0.2034,0.0193,0.0917,0.0621,0.0162,3293.956,3317.7289,3324.9817,3293.1502,-0.9737,-0.0638,-0.1307,-1.0168,-0.0075,0.1645,1,1,1,1,1,13.7,63.7,
2026-07-23 18:36:21.081,0.0626,0.1702,0.2244,0.0858,0.3647,0.2174,0.1993,0.3791,0.3577,0.2069,0.2104,0.3182,0.1974,0.3151,0.3029,0.2016,0.0176,0.0905,0.063,0.0153,3352.7839,3356.4103,3333.0403,3358.8278,-0.9791,-0.0674,-0.1315,-0.9196,-0.0374,0.2393,1,1,1,1,1,13.7,63.7,
2026-07-23 18:36:22.105,0.0711,0.1683,0.2087,0.0725,0.3772,0.2072,0.2174,0.3885,0.3467,0.2217,0.2007,0.3097,0.1843,0.311,0.3056,0.2121,0.0207,0.0919,0.0676,0.0172,3319.3407,3323.37,3322.1612,3328.2051,-0.9738,-0.0685,-0.1345,-0.9869,0.0972,0.1944,1,1,1,1,1,13.7,63.9,
2026-07-23 18:36:23.121,0.0685,0.1591,0.2149,0.0728,0.3748,0.1892,0.2213,0.3708,0.3552,0.2267,0.1936,0.3258,0.1815,0.3237,0.3035,0.2123,0.02,0.1012,0.0667,0.0181,3208.1319,3289.5238,3294.359,3304.4322,-0.9737,-0.0667,-0.1349,-1.0542,0.0075,0.3664,1,1,1,1,1,13.7,64.4,
2026-07-23 18:36:24.141,0.0641,0.1419,0.183,0.0555,0.3944,0.1791,0.2514,0.3991,0.3353,0.2164,0.1778,0.2985,0.185,0.3464,0.3146,0.2278,0.0212,0.1161,0.0732,0.0191,3274.2125,3327.3993,3319.3407,3308.0586,-0.9777,-0.0649,-0.1335,-0.9122,-0.2766,0.2766,1,1,1,1,1,13.7,64.7,
2026-07-23 18:36:25.147,0.0608,0.1235,0.1694,0.0632,0.4118,0.192,0.2564,0.3981,0.3214,0.2134,0.1726,0.3118,0.1851,0.3446,0.3185,0.2078,0.0209,0.1265,0.083,0.0191,3318.9377,3312.4908,3293.5531,3304.0293,-0.9777,-0.0749,-0.1334,-1.0393,-0.0598,0.2916,1,1,1,1,1,13.7,64.5,
2026-07-23 18:36:26.165,0.0607,0.1401,0.1936,0.0683,0.4154,0.1957,0.2587,0.4019,0.3131,0.2032,0.1736,0.3032,0.1895,0.3284,0.2932,0.2079,0.0213,0.1326,0.0808,0.0187,3295.9707,3291.9414,3283.4799,3296.7766,-0.9771,-0.0698,-0.1332,-0.9869,-0.2019,0.2916,1,1,1,1,1,13.7,63.8,
2026-07-23 18:36:27.179,0.0594,0.1475,0.2178,0.0733,0.389,0.1914,0.2597,0.3772,0.3342,0.2,0.161,0.3152,0.1934,0.3219,0.2797,0.2138,0.0239,0.1392,0.0818,0.0205,3329.8168,3329.4139,3295.1648,3339.0842,-0.9768,-0.0681,-0.1298,-0.9496,0.1346,0.2318,1,1,1,1,1,13.7,62.4,
2026-07-23 18:36:28.199,0.0538,0.1488,0.2293,0.0729,0.402,0.1999,0.2577,0.3912,0.3333,0.1792,0.1655,0.3062,0.186,0.3246,0.2563,0.2082,0.0248,0.1475,0.0912,0.0215,3385.8242,3314.9084,3307.2527,3378.5714,-0.9723,-0.0708,-0.1348,-0.9869,-0.0,0.2318,1,1,1,1,1,13.7,61.3,
2026-07-23 18:36:29.217,0.111,0.3303,0.2974,0.1404,0.3703,0.2282,0.2318,0.3433,0.3144,0.1605,0.1479,0.3001,0.1778,0.195,0.2318,0.1923,0.0265,0.0859,0.0912,0.024,3311.2821,3304.4322,3311.685,3292.7473,-0.9766,-0.0726,-0.1335,-1.0318,0.0299,0.2841,1,1,1,1,1,13.7,60.9,
2026-07-23 18:36:30.237,0.1725,0.3372,0.2924,0.1905,0.3553,0.2276,0.2288,0.3492,0.2726,0.1543,0.1471,0.2794,0.1732,0.1976,0.2413,0.16,0.0264,0.0834,0.0904,0.0208,3249.6337,3284.2857,3311.2821,3318.5348,-0.9741,-0.0665,-0.1368,-0.9869,-0.0748,0.2243,1,1,1,1,1,13.7,61.0,
2026-07-23 18:36:31.262,0.1789,0.3412,0.2541,0.1882,0.3501,0.2306,0.2358,0.3743,0.2503,0.1528,0.1561,0.2586,0.1929,0.1915,0.2589,0.1583,0.0277,0.0839,0.0951,0.0205,3358.4249,3334.2491,3299.1941,3349.1575,-0.9761,-0.0691,-0.129,-0.8972,-0.1794,0.2019,1,1,1,1,1,13.7,61.4,
2026-07-23 18:36:32.276,0.1666,0.3365,0.245,0.1941,0.3386,0.2245,0.2172,0.3845,0.2799,0.1672,0.1658,0.2538,0.189,0.1889,0.2742,0.1467,0.0259,0.083,0.0978,0.0209,3301.6117,3282.674,3311.2821,3320.5495,-0.9744,-0.0687,-0.1292,-0.9944,-0.0,0.3215,1,1,1,1,1,13.7,61.7,
2026-07-23 18:36:33.291,0.1598,0.3373,0.2341,0.1843,0.3425,0.2241,0.2172,0.3878,0.2897,0.167,0.1625,0.2576,0.1816,0.1899,0.2885,0.1497,0.0264,0.0816,0.0977,0.0207,3288.7179,3312.8938,3280.2564,3314.1026,-0.9742,-0.0666,-0.1233,-1.0318,-0.2393,0.0748,1,1,1,1,1,13.7,61.8,
2026-07-23 18:36:34.307,0.1578,0.3325,0.1998,0.18,0.3414,0.2315,0.2143,0.3962,0.3007,0.1691,0.18,0.2518,0.1739,0.1858,0.3028,0.1512,0.0263,0.0811,0.1031,0.0208,3295.1648,3316.9231,3291.5385,3254.4689,-0.9734,-0.066,-0.1332,-0.9122,-0.2467,0.015,1,1,1,1,1,13.7,61.8,
2026-07-23 18:36:35.324,0.1576,0.3307,0.1784,0.1706,0.3497,0.2392,0.2251,0.4167,0.3051,0.175,0.1939,0.2573,0.1642,0.176,0.299,0.1368,0.0234,0.0791,0.1035,0.0186,3327.8022,3287.9121,3316.1172,3333.0403,-0.9777,-0.0731,-0.1352,-1.0617,-0.0748,0.0449,1,1,1,1,1,13.7,61.9,
2026-07-23 18:36:36.338,0.1561,0.3225,0.1785,0.1762,0.3568,0.2418,0.2376,0.4338,0.2972,0.1888,0.1976,0.2507,0.1689,0.1701,0.2934,0.1229,0.021,0.0766,0.0929,0.0164,3335.4579,3333.0403,3318.5348,3289.5238,-0.973,-0.0655,-0.132,-0.972,-0.0972,0.2467,1,1,1,1,1,13.7,62.4,
2026-07-23 18:36:37.345,0.0966,0.1577,0.1312,0.1156,0.3789,0.2433,0.2573,0.4591,0.3259,0.2212,0.2108,0.2852,0.1773,0.2536,0.3074,0.1241,0.0213,0.1241,0.0934,0.0159,3308.0586,3297.9853,3310.4762,3289.9267,-0.9743,-0.0684,-0.1313,-1.0019,0.1944,0.3589,1,1,1,1,1,13.7,63.2,
2026-07-23 18:36:38.360,0.0495,0.151,0.1343,0.0819,0.3992,0.2716,0.2531,0.4683,0.3582,0.2261,0.214,0.3002,0.1715,0.2286,0.3022,0.1319,0.0215,0.1227,0.0965,0.0177,3318.9377,3295.5678,3290.3297,3284.2857,-0.9725,-0.0698,-0.1317,-1.0019,-0.1122,0.2841,1,1,1,1,1,13.7,63.8,
2026-07-23 18:36:39.383,0.0578,0.1564,0.15,0.0856,0.399,0.2782,0.2547,0.4552,0.3525,0.2165,0.2245,0.3075,0.1689,0.2287,0.2804,0.1351,0.0218,0.1201,0.0903,0.0167,3336.2637,3336.2637,3308.8645,3320.1465,-0.9736,-0.0707,-0.1322,-0.8748,-0.0075,0.0748,1,1,1,1,1,13.7,64.0,
2026-07-23 18:36:40.401,0.0648,0.1802,0.149,0.0837,0.399,0.2969,0.2742,0.44,0.3392,0.1768,0.2303,0.3031,0.1719,0.2292,0.2604,0.1551,0.0252,0.117,0.0861,0.0181,3305.2381,3332.6374,3328.2051,3321.7582,-0.9759,-0.0737,-0.1317,-0.957,-0.2094,0.2168,1,1,1,1,1,13.7,63.9,
2026-07-23 18:36:41.516,0.072,0.2104,0.1512,0.0875,0.3937,0.3027,0.2821,0.4371,0.3323,0.1684,0.2257,0.2928,0.1764,0.2096,0.2589,0.1632,0.0255,0.1089,0.0822,0.0194,3281.4652,3275.4212,3335.8608,3295.1648,-0.976,-0.0669,-0.13,-1.0468,-0.1047,0.2841,1,1,1,1,1,13.7,63.4,
2026-07-23 18:36:42.511,0.0792,0.2822,0.1804,0.0795,0.4085,0.2839,0.2843,0.4471,0.3117,0.1791,0.2251,0.2951,0.1767,0.1813,0.2451,0.1603,0.024,0.0735,0.0651,0.018,3331.4286,3302.4176,3291.5385,3335.0549,-0.9772,-0.0671,-0.1296,-1.0318,-0.2168,0.2542,1,1,1,1,1,13.7,62.8,
2026-07-23 18:36:43.529,0.0795,0.3091,0.1751,0.077,0.4171,0.28,0.2848,0.4388,0.2922,0.1643,0.2234,0.2898,0.1847,0.1773,0.2517,0.1752,0.0265,0.0694,0.065,0.0192,3312.8938,3285.4945,3304.8352,3327.8022,-0.9774,-0.0692,-0.1348,-0.8972,0.0374,0.314,1,1,1,1,1,13.7,62.2,
2026-07-23 18:36:44.545,0.0769,0.3271,0.1641,0.0666,0.4143,0.2814,0.3209,0.4132,0.289,0.1393,0.2111,0.3045,0.1919,0.1875,0.238,0.1953,0.0279,0.0647,0.0659,0.0204,3334.2491,3327.3993,3340.293,3339.0842,-0.9773,-0.0699,-0.1273,-0.9795,-0.1421,0.2542,1,1,1,1,1,13.7,62.0,
2026-07-23 18:36:45.570,0.0784,0.3413,0.1616,0.0598,0.3944,0.2667,0.3301,0.4014,0.2948,0.1399,0.2002,0.3109,0.2032,0.1941,0.2434,0.2068,0.0292,0.0579,0.0646,0.0212,3275.8242,3323.37,3299.1941,3220.2198,-0.9736,-0.0674,-0.1307,-1.0991,-0.1794,0.172,1,1,1,1,1,13.7,62.3,
2026-07-23 18:36:46.588,0.0757,0.3333,0.1701,0.0469,0.3889,0.2614,0.3382,0.3949,0.2986,0.1479,0.1954,0.3327,0.2099,0.2007,0.2387,0.2059,0.0269,0.0568,0.0575,0.0196,3322.1612,3325.7875,3291.9414,3322.967,-0.9747,-0.0695,-0.134,-1.0393,-0.0374,0.1495,1,1,1,1,1,13.7,63.0,
2026-07-23 18:36:47.604,0.0711,0.3178,0.1612,0.0415,0.4028,0.2678,0.3446,0.441,0.2939,0.1571,0.1868,0.3161,0.2089,0.1998,0.2516,0.1849,0.0234,0.0574,0.0558,0.0165,3257.2894,3315.7143,3331.0256,3321.3553,-0.9741,-0.0648,-0.1305,-1.0318,-0.2692,0.3215,1,1,1,1,1,13.6,63.9,
2026-07-23 18:36:48.624,0.0696,0.2998,0.17,0.0434,0.4086,0.2735,0.3276,0.4423,0.2878,0.1613,0.189,0.3292,0.2129,0.2055,0.2545,0.17,0.021,0.06,0.0589,0.0152,3347.5458,3338.2784,3294.359,3336.6667,-0.9753,-0.0717,-0.1296,-0.8897,-0.0449,0.0224,1,1,1,1,1,13.6,64.6,
2026-07-23 18:36:49.634,0.0606,0.2838,0.161,0.0407,0.4089,0.2818,0.324,0.44,0.3048,0.1522,0.1883,0.3319,0.2046,0.2195,0.264,0.1711,0.0211,0.0627,0.0628,0.0163,3288.315,3287.5092,3306.044,3342.3077,-0.9741,-0.0711,-0.1338,-0.9271,-0.2168,0.0822,1,1,1,1,1,13.6,65.1,
2026-07-23 18:36:50.662,0.0554,0.2071,0.1726,0.0422,0.4041,0.3032,0.3328,0.4396,0.3183,0.1475,0.1697,0.34,0.2016,0.2611,0.2602,0.1621,0.0205,0.0812,0.0647,0.0161,3266.5568,3336.2637,3301.6117,3240.3663,-0.9753,-0.0657,-0.1328,-0.8897,-0.015,0.3365,1,1,1,1,1,13.6,65.3,
2026-07-23 18:36:51.683,0.0532,0.1967,0.1715,0.0427,0.406,0.2945,0.3235,0.4481,0.3208,0.1488,0.1875,0.3427,0.2011,0.2792,0.2539,0.1509,0.0189,0.0808,0.0636,0.0156,3292.3443,3311.685,3318.5348,3316.9231,-0.9761,-0.0721,-0.1315,-0.9421,0.0075,0.2467,1,1,1,1,1,13.6,65.0,
2026-07-23 18:36:52.701,0.0581,0.185,0.199,0.041,0.3897,0.2862,0.2819,0.4621,0.3347,0.1643,0.1914,0.3348,0.1985,0.2846,0.2635,0.146,0.019,0.0799,0.0641,0.0161,3251.6484,3322.967,3262.1245,3205.3114,-0.9749,-0.0704,-0.1348,-1.0243,-0.1645,0.2094,1,1,1,1,1,13.6,64.6,
2026-07-23 18:36:53.728,0.0593,0.1524,0.1947,0.049,0.3945,0.284,0.2627,0.4548,0.3322,0.1714,0.2163,0.3321,0.1961,0.3043,0.2618,0.1484,0.0178,0.088,0.0645,0.0156,3319.7436,3310.0733,3331.0256,3376.5568,-0.9738,-0.0676,-0.1265,-1.0841,-0.2393,0.3439,1,1,1,1,1,13.6,64.1,
2026-07-23 18:36:54.751,0.053,0.1859,0.1923,0.05,0.3922,0.2718,0.2389,0.4431,0.3567,0.1679,0.2242,0.3498,0.1803,0.291,0.2752,0.1415,0.0179,0.0834,0.0694,0.0156,3360.8425,3321.7582,3317.326,3351.5751,-0.9754,-0.0692,-0.1315,-1.0318,-0.0822,0.2094,1,1,1,1,1,13.6,63.9,
2026-07-23 18:36:55.777,0.0455,0.2056,0.2105,0.0512,0.394,0.2718,0.2016,0.3878,0.3714,0.1696,0.2303,0.3919,0.1704,0.2754,0.2837,0.1517,0.0188,0.0776,0.074,0.0174,3290.7326,3362.4542,3269.7802,3264.1392,-0.9766,-0.0728,-0.1356,-1.0393,-0.0673,0.2094,1,1,1,1,1,13.6,64.0,
2026-07-23 18:36:56.787,0.0429,0.2264,0.2386,0.0495,0.3977,0.2661,0.2093,0.3806,0.3785,0.1771,0.2104,0.3973,0.162,0.2541,0.27,0.1554,0.0188,0.0762,0.0717,0.0172,3328.2051,3304.8352,3324.1758,3306.8498,-0.9795,-0.0653,-0.1324,-1.0692,-0.1346,0.4112,1,1,1,1,1,13.6,64.5,
2026-07-23 18:36:57.806,0.0462,0.2681,0.2432,0.0535,0.3951,0.2545,0.2128,0.3837,0.3651,0.1634,0.2057,0.39,0.1745,0.241,0.2646,0.1573,0.019,0.0731,0.0736,0.0155,3287.1062,3314.5055,3291.9414,3279.4505,-0.978,-0.0682,-0.1372,-1.0168,0.1122,0.5458,1,1,1,1,1,13.6,65.1,
2026-07-23 18:36:58.830,0.07,0.2944,0.2271,0.0599,0.3841,0.2373,0.1985,0.3596,0.3462,0.1539,0.2227,0.3952,0.1784,0.2438,0.2786,0.1685,0.0213,0.0706,0.073,0.0168,3272.1978,3299.5971,3330.2198,3289.1209,-0.9771,-0.0673,-0.1334,-0.9496,-0.3589,0.2617,1,1,1,1,1,13.6,65.6,
2026-07-23 18:36:59.850,0.0708,0.2907,0.2295,0.0618,0.3573,0.2528,0.1975,0.3324,0.3842,0.1499,0.2083,0.4073,0.168,0.2369,0.2913,0.1825,0.0198,0.0698,0.0734,0.0159,3318.5348,3310.8791,3312.4908,3347.5458,-0.9769,-0.0706,-0.1329,-0.9795,0.1794,0.2617,1,1,1,1,1,13.6,65.7,
2026-07-23 18:37:00.864,0.0694,0.2893,0.1963,0.0628,0.3583,0.2571,0.1991,0.3216,0.3789,0.1536,0.2169,0.4028,0.1741,0.2305,0.315,0.1964,0.0194,0.0695,0.0727,0.0164,3336.2637,3322.967,3294.7619,3321.3553,-0.9735,-0.0676,-0.1387,-1.0692,-0.172,0.3365,1,1,1,1,1,13.6,65.2,
2026-07-23 18:37:01.880,0.0634,0.2777,0.194,0.0513,0.391,0.2675,0.2117,0.3675,0.361,0.1601,0.2131,0.382,0.1654,0.2291,0.3102,0.1836,0.0191,0.0657,0.0709,0.0157,3312.0879,3300.0,3289.5238,3250.0366,-0.977,-0.0717,-0.1356,-0.9421,-0.2019,0.2916,1,1,1,1,1,13.6,64.3,
2026-07-23 18:37:02.892,0.0628,0.2462,0.1891,0.0571,0.3938,0.2683,0.2276,0.3856,0.3653,0.173,0.2081,0.3619,0.1588,0.2458,0.3024,0.1791,0.0194,0.0666,0.0729,0.0164,3337.0696,3316.1172,3330.2198,3342.7106,-0.9755,-0.0696,-0.1275,-0.9122,-0.2617,0.2019,1,1,1,1,1,13.6,63.4,
2026-07-23 18:37:03.909,0.0622,0.2393,0.1694,0.057,0.4034,0.2767,0.2276,0.3949,0.3529,0.1613,0.2123,0.3393,0.1616,0.2509,0.3154,0.1914,0.02,0.0719,0.0754,0.0175,3335.4579,3329.8168,3318.9377,3328.2051,-0.9764,-0.0699,-0.1339,-1.0468,0.2094,0.2318,1,1,1,1,1,13.6,63.1,
2026-07-23 18:37:04.935,0.0616,0.2115,0.1212,0.0537,0.4023,0.2693,0.2269,0.3781,0.3395,0.1671,0.2328,0.3488,0.1753,0.2767,0.3376,0.2008,0.0213,0.0754,0.0815,0.0186,3295.9707,3309.2674,3314.9084,3322.1612,-0.9722,-0.0692,-0.1271,-0.9271,-0.0972,0.2542,1,1,1,1,1,13.6,63.3,
2026-07-23 18:37:05.960,0.054,0.1695,0.104,0.0456,0.3972,0.2657,0.2285,0.3694,0.3523,0.179,0.2397,0.3805,0.1752,0.3035,0.3518,0.1874,0.0212,0.0823,0.0761,0.0171,3351.978,3333.8462,3318.5348,3335.8608,-0.9762,-0.074,-0.1346,-1.0019,0.1122,0.329,1,1,1,1,1,13.6,63.9,
2026-07-23 18:37:06.978,0.0424,0.1364,0.1097,0.0395,0.3971,0.2727,0.2335,0.3618,0.3603,0.1815,0.2351,0.4049,0.1804,0.3191,0.3441,0.1783,0.0197,0.0903,0.0776,0.0154,3286.7033,3288.315,3330.6227,3270.989,-0.976,-0.072,-0.1329,-0.8524,-0.0523,0.0075,1,1,1,1,1,13.6,64.5,
2026-07-23 18:37:07.992,0.0392,0.1111,0.129,0.0369,0.4414,0.2755,0.2283,0.3745,0.3119,0.1831,0.2337,0.3883,0.1861,0.3287,0.3331,0.1813,0.0214,0.1015,0.0759,0.0189,3308.8645,3303.2234,3310.8791,3295.9707,-0.975,-0.0693,-0.1343,-1.0991,-0.2393,0.4337,1,1,1,1,1,13.6,64.9,
2026-07-23 18:37:09.013,0.0504,0.1364,0.1435,0.0469,0.4258,0.2967,0.2586,0.3519,0.3071,0.1738,0.214,0.3968,0.1942,0.2988,0.3055,0.1851,0.0224,0.0944,0.0785,0.0192,3290.3297,3310.8791,3286.3004,3332.6374,-0.9794,-0.0681,-0.1296,-1.0617,-0.2019,0.4636,1,1,1,1,1,13.6,65.1,
2026-07-23 18:37:10.027,0.0645,0.1797,0.1575,0.0515,0.3915,0.279,0.2556,0.3062,0.3116,0.1636,0.1954,0.4162,0.2075,0.2839,0.3088,0.2039,0.0249,0.0938,0.0826,0.0221,3286.3004,3313.2967,3312.8938,3272.6007,-0.9764,-0.0709,-0.1308,-0.9496,0.0897,-0.0075,1,1,1,1,1,13.6,65.2,
2026-07-23 18:37:11.048,0.0703,0.2135,0.1779,0.0451,0.3691,0.264,0.2588,0.3016,0.3006,0.1449,0.1913,0.4295,0.2334,0.2834,0.2922,0.2015,0.0266,0.0942,0.0798,0.0223,3282.674,3323.7729,3317.326,3312.4908,-0.9768,-0.0728,-0.134,-1.0617,0.172,0.3664,1,1,1,1,1,13.6,65.1,
2026-07-23 18:37:12.066,0.0747,0.2257,0.1878,0.0441,0.3604,0.2535,0.279,0.3072,0.31,0.1453,0.1709,0.449,0.2276,0.2838,0.2802,0.1783,0.0273,0.0916,0.082,0.0216,3302.4176,3327.8022,3290.7326,3329.4139,-0.9717,-0.071,-0.1331,-0.957,-0.157,0.2094,1,1,1,1,1,13.6,64.9,
2026-07-23 18:37:13.072,0.0748,0.2489,0.195,0.0436,0.3503,0.2451,0.2835,0.3575,0.3293,0.1447,0.1684,0.4235,0.2203,0.2821,0.2755,0.1572,0.0253,0.0791,0.0777,0.0182,3296.7766,3265.7509,3291.1355,3286.7033,-0.9761,-0.0682,-0.1334,-0.8972,0.0299,0.2991,1,1,1,1,1,13.6,64.6,
2026-07-23 18:37:14.092,0.0744,0.2499,0.2038,0.0431,0.3572,0.2475,0.2755,0.3711,0.3177,0.1461,0.1762,0.3984,0.226,0.2837,0.2645,0.1682,0.0247,0.0729,0.08,0.0193,3270.989,3329.8168,3291.9414,3239.9634,-0.9744,-0.0706,-0.1302,-1.0542,0.2094,0.2467,1,1,1,1,1,13.6,64.5,
2026-07-23 18:37:15.105,0.0728,0.2461,0.2064,0.0529,0.3875,0.2643,0.2867,0.3673,0.3076,0.1595,0.1738,0.3712,0.2077,0.2679,0.2545,0.1866,0.0244,0.0622,0.0787,0.022,3379.3773,3310.8791,3290.3297,3335.4579,-0.9778,-0.0697,-0.131,-1.0094,0.314,0.3215,1,1,1,1,1,13.6,64.6,
2026-07-23 18:37:16.126,0.074,0.2529,0.1996,0.0569,0.379,0.2721,0.2995,0.352,0.3383,0.1792,0.1788,0.381,0.1868,0.2403,0.2469,0.19,0.0218,0.0555,0.0752,0.0201,3323.37,3333.0403,3318.9377,3368.4982,-0.9778,-0.071,-0.1379,-1.0318,0.0897,0.3888,1,1,1,1,1,13.6,64.9,
2026-07-23 18:37:17.142,0.0609,0.2332,0.1914,0.0453,0.3868,0.271,0.285,0.3452,0.3513,0.1855,0.1844,0.3682,0.1798,0.2469,0.2602,0.2201,0.0212,0.0635,0.079,0.0212,3344.7253,3332.2344,3314.1026,3386.63,-0.9767,-0.0648,-0.1274,-0.8972,-0.1944,-0.1047,1,1,1,1,1,13.6,65.3,
2026-07-23 18:37:18.157,0.0556,0.1949,0.1625,0.0441,0.3925,0.2813,0.2822,0.3553,0.3511,0.1981,0.1864,0.3604,0.1806,0.2579,0.2843,0.2201,0.0201,0.0677,0.0846,0.0201,3293.1502,3301.6117,3284.6886,3267.7656,-0.9772,-0.0701,-0.1333,-0.9047,-0.0673,0.2542,1,1,1,1,1,13.6,65.8,
2026-07-23 18:37:19.176,0.0541,0.1796,0.1485,0.0407,0.3954,0.2815,0.2862,0.3666,0.3664,0.2119,0.1899,0.3633,0.1655,0.2609,0.2907,0.2109,0.0186,0.0661,0.0847,0.0184,3322.5641,3324.5788,3324.9817,3328.6081,-0.9729,-0.0648,-0.1283,-1.0243,0.0449,0.2019,1,1,1,1,1,13.6,66.3,
2026-07-23 18:37:20.205,0.055,0.1955,0.1642,0.0438,0.3693,0.2827,0.2829,0.3459,0.3819,0.2087,0.1929,0.3674,0.1757,0.2505,0.2827,0.2255,0.018,0.0626,0.0773,0.0174,3360.8425,3317.326,3311.685,3369.304,-0.9778,-0.0714,-0.1342,-1.0094,0.0673,0.2692,1,1,1,1,1,13.6,66.8,
2026-07-23 18:37:21.222,0.066,0.2084,0.1915,0.0463,0.3648,0.2868,0.285,0.301,0.3818,0.2059,0.1721,0.3836,0.17,0.2311,0.2732,0.2501,0.0174,0.0678,0.0782,0.0191,3282.674,3295.5678,3331.4286,3335.0549,-0.9743,-0.0708,-0.1323,-0.957,-0.2692,0.2318,1,1,1,1,1,13.5,67.0,
2026-07-23 18:37:22.243,0.0655,0.2034,0.1921,0.0457,0.3666,0.2808,0.2846,0.2898,0.3885,0.209,0.1573,0.4116,0.1635,0.2318,0.2837,0.2353,0.0159,0.075,0.0823,0.0176,3335.4579,3321.3553,3314.9084,3341.9048,-0.9753,-0.0704,-0.1325,-1.0841,0.1794,0.2766,1,1,1,1,1,13.5,66.9,
2026-07-23 18:37:23.262,0.062,0.2098,0.1886,0.0386,0.3491,0.2609,0.2812,0.2988,0.3963,0.2023,0.1455,0.4244,0.1769,0.246,0.2978,0.2225,0.0157,0.0811,0.0869,0.0157,3305.641,3303.6264,3331.4286,3287.5092,-0.9739,-0.0692,-0.1329,-1.0542,-0.0523,0.2991,1,1,1,1,1,13.5,66.4,
2026-07-23 18:37:24.282,0.0658,0.2081,0.1897,0.0387,0.3255,0.244,0.2722,0.31,0.3811,0.1864,0.1394,0.4293,0.2087,0.2756,0.3078,0.2072,0.0189,0.0859,0.091,0.0148,3317.7289,3317.326,3294.359,3320.1465,-0.9786,-0.0784,-0.1321,-0.9944,0.4486,0.314,1,1,1,1,1,13.5,65.5,
2026-07-23 18:37:25.302,0.0786,0.2082,0.2073,0.0529,0.3256,0.2245,0.2698,0.3224,0.3677,0.1852,0.1411,0.4431,0.2099,0.2914,0.2985,0.1686,0.0183,0.0906,0.0833,0.013,3286.7033,3296.7766,3300.4029,3279.4505,-0.9745,-0.0648,-0.1251,-0.9122,-0.1421,0.0374,1,1,1,1,1,13.5,64.6,
2026-07-23 18:37:26.319,0.0797,0.2132,0.2332,0.0585,0.3278,0.2109,0.2587,0.3117,0.3637,0.1804,0.1358,0.4416,0.2084,0.2941,0.2849,0.1738,0.0204,0.1013,0.0873,0.0143,3331.0256,3324.5788,3328.2051,3333.0403,-0.9749,-0.0694,-0.1298,-1.0019,-0.4112,0.2542,1,1,1,1,1,13.5,64.1,
2026-07-23 18:37:27.331,0.0797,0.2053,0.2369,0.0636,0.3553,0.219,0.2454,0.3014,0.3428,0.1764,0.14,0.4351,0.2013,0.2943,0.2869,0.184,0.021,0.105,0.0908,0.0159,3309.2674,3317.7289,3326.5934,3330.6227,-0.9727,-0.0727,-0.139,-0.8673,-0.314,0.1346,1,1,1,1,1,13.5,64.0,
2026-07-23 18:37:28.364,0.0864,0.2042,0.2257,0.0886,0.3804,0.2317,0.2344,0.3184,0.3184,0.1779,0.1376,0.4023,0.1922,0.2829,0.306,0.1733,0.0227,0.1032,0.0963,0.0174,3264.1392,3289.5238,3290.3297,3279.8535,-0.9782,-0.0707,-0.1354,-1.0168,-0.2243,0.2393,1,1,1,1,1,13.5,64.5,
2026-07-23 18:37:29.395,0.0802,0.1736,0.1897,0.0971,0.3761,0.2415,0.2304,0.3233,0.3262,0.1858,0.1446,0.3869,0.1928,0.2883,0.3287,0.1738,0.0247,0.1108,0.1067,0.0189,3318.9377,3319.7436,3310.4762,3254.0659,-0.9739,-0.0722,-0.1337,-1.0318,0.0075,0.314,1,1,1,1,1,13.5,65.2,
2026-07-23 18:37:30.412,0.0869,0.1654,0.1678,0.1067,0.3789,0.251,0.2378,0.3349,0.316,0.1763,0.1544,0.3558,0.1898,0.2966,0.3314,0.181,0.0283,0.1107,0.1086,0.0215,3286.7033,3314.9084,3295.9707,3274.2125,-0.9806,-0.0701,-0.1318,-1.0692,0.0822,0.2692,1,1,1,1,1,13.5,65.9,
2026-07-23 18:37:31.433,0.0994,0.1694,0.1568,0.1124,0.3759,0.2364,0.2338,0.339,0.3222,0.167,0.1846,0.3462,0.1742,0.3002,0.3151,0.1786,0.0282,0.127,0.1096,0.0239,3267.3626,3296.7766,3298.7912,3340.696,-0.9771,-0.0705,-0.1313,-0.972,-0.3738,0.2318,1,1,1,1,1,13.5,66.7,
2026-07-23 18:37:32.454,0.0871,0.1743,0.1499,0.1012,0.3733,0.2299,0.25,0.3202,0.3453,0.1738,0.1879,0.3699,0.1703,0.2997,0.302,0.1851,0.0239,0.1223,0.1101,0.0236,3347.5458,3305.641,3293.5531,3313.2967,-0.9747,-0.0667,-0.1254,-1.0094,-0.2318,0.157,1,1,1,1,1,13.5,67.5,
2026-07-23 18:37:33.466,0.0772,0.1663,0.1379,0.0771,0.3743,0.249,0.2587,0.3016,0.3659,0.186,0.1911,0.4175,0.1596,0.29,0.302,0.1794,0.023,0.1086,0.1104,0.0244,3284.6886,3306.8498,3325.3846,3273.0037,-0.9769,-0.0703,-0.1324,-1.0243,-0.0523,0.3589,1,1,1,1,1,13.5,67.9,
2026-07-23 18:37:34.483,0.0859,0.1841,0.1394,0.0745,0.3713,0.2733,0.2518,0.3096,0.3644,0.1821,0.2059,0.4161,0.1584,0.2672,0.2989,0.1778,0.0201,0.0933,0.104,0.0219,3297.1795,3316.9231,3312.4908,3277.033,-0.9746,-0.0639,-0.1284,-1.0841,-0.2168,0.0673,1,1,1,1,1,13.5,67.5,
2026-07-23 18:37:35.504,0.0888,0.1755,0.1516,0.0725,0.3438,0.2946,0.2431,0.2953,0.3791,0.1773,0.205,0.429,0.1671,0.2618,0.2986,0.1827,0.0211,0.0908,0.1018,0.0206,3317.326,3326.1905,3312.8938,3313.6996,-0.9709,-0.0682,-0.136,-0.9496,-0.471,0.2094,1,1,1,1,1,13.5,66.7,
2026-07-23 18:37:36.519,0.0849,0.1509,0.1634,0.049,0.3408,0.2808,0.2431,0.2994,0.3673,0.1826,0.2089,0.4389,0.1847,0.2894,0.2884,0.1917,0.0223,0.0963,0.0962,0.021,3289.5238,3295.5678,3282.2711,3247.619,-0.975,-0.0701,-0.1344,-0.9944,-0.0523,0.2318,1,1,1,1,1,13.5,65.8,
2026-07-23 18:37:37.543,0.0871,0.1524,0.1975,0.0492,0.3586,0.2811,0.2257,0.3028,0.344,0.1799,0.2057,0.4279,0.1876,0.2935,0.2768,0.1984,0.0227,0.0931,0.0942,0.0218,3318.5348,3331.8315,3310.4762,3294.7619,-0.9796,-0.0647,-0.1323,-1.0318,0.1196,0.2991,1,1,1,1,1,13.5,65.2,
2026-07-23 18:37:38.567,0.088,0.1533,0.2098,0.0466,0.3694,0.2919,0.2266,0.3155,0.3434,0.1919,0.2041,0.4202,0.1786,0.2734,0.2698,0.197,0.0206,0.0895,0.0896,0.0207,3285.0916,3320.1465,3319.7436,3323.7729,-0.9757,-0.0677,-0.1368,-1.0617,-0.2094,0.2318,1,1,1,1,1,13.5,65.1,
2026-07-23 18:37:39.597,0.0823,0.1452,0.2289,0.0436,0.3659,0.3086,0.211,0.3245,0.3487,0.204,0.1764,0.4256,0.1827,0.2652,0.2969,0.1872,0.0204,0.0769,0.0868,0.0192,3305.641,3305.641,3285.8974,3250.4396,-0.9719,-0.0652,-0.1324,-1.0692,-0.5309,0.4411,1,1,1,1,1,13.5,65.3,
2026-07-23 18:37:40.615,0.0879,0.1551,0.2179,0.0416,0.3798,0.3001,0.2143,0.3532,0.3283,0.1939,0.17,0.4062,0.1812,0.2661,0.3108,0.1808,0.0228,0.0849,0.0869,0.0182,3324.9817,3326.5934,3320.5495,3300.0,-0.9727,-0.0663,-0.136,-0.8972,-0.2318,0.1421,1,1,1,1,1,13.5,65.7,
2026-07-23 18:37:41.633,0.0794,0.1579,0.2171,0.0431,0.356,0.2762,0.208,0.3596,0.3586,0.1935,0.165,0.3865,0.1831,0.28,0.3212,0.1934,0.0229,0.0924,0.0888,0.0174,3318.5348,3306.4469,3329.011,3341.5018,-0.9745,-0.0739,-0.1376,-1.0393,-0.1122,0.1421,1,1,1,1,1,13.5,66.1,
2026-07-23 18:37:42.644,0.0728,0.1644,0.2102,0.0476,0.3478,0.2604,0.2142,0.3507,0.3574,0.189,0.1575,0.3917,0.1965,0.2807,0.3282,0.1923,0.0256,0.1055,0.0899,0.0176,3326.5934,3320.5495,3292.7473,3348.7546,-0.9731,-0.0686,-0.1375,-0.8972,-0.0224,0.2094,1,1,1,1,1,13.5,66.5,
2026-07-23 18:37:43.650,0.0796,0.1589,0.1934,0.0544,0.3839,0.2691,0.2346,0.4136,0.3297,0.1807,0.1593,0.3562,0.1844,0.2849,0.3274,0.161,0.0225,0.1064,0.0853,0.0149,3330.6227,3295.9707,3329.8168,3361.2454,-0.9753,-0.0694,-0.1343,-0.9047,-0.1794,0.2094,1,1,1,1,1,13.5,66.9,
2026-07-23 18:37:44.672,0.0721,0.1562,0.1748,0.0496,0.4045,0.2736,0.2326,0.436,0.3415,0.1768,0.1588,0.3617,0.1631,0.2801,0.3423,0.1395,0.0187,0.1134,0.0915,0.0132,3293.1502,3300.4029,3295.1648,3312.8938,-0.9752,-0.0692,-0.1331,-1.0019,-0.0299,0.2318,1,1,1,1,1,13.5,67.2,
2026-07-23 18:37:45.689,0.0686,0.1543,0.1507,0.0456,0.3821,0.2653,0.2491,0.4522,0.3523,0.1743,0.1589,0.3528,0.1785,0.2873,0.3517,0.1352,0.0185,0.1188,0.0897,0.0142,3273.0037,3298.3883,3296.7766,3353.5897,-0.9744,-0.0652,-0.1349,-1.0393,0.2168,0.3439,1,1,1,1,1,13.5,67.1,
2026-07-23 18:37:46.704,0.071,0.1569,0.1517,0.0432,0.3901,0.2447,0.2576,0.476,0.3347,0.1676,0.1498,0.3317,0.1866,0.3006,0.3476,0.1357,0.0176,0.1303,0.0933,0.0135,3281.8681,3296.3736,3299.5971,3274.6154,-0.9753,-0.0714,-0.1315,-1.0542,0.0075,0.2019,1,1,1,1,1,13.5,66.7,
2026-07-23 18:37:47.723,0.0645,0.1544,0.1312,0.0445,0.4034,0.2402,0.2568,0.4822,0.3351,0.1651,0.1559,0.3226,0.1807,0.3026,0.3569,0.1382,0.0163,0.1377,0.0992,0.0125,3293.956,3289.5238,3312.0879,3284.2857,-0.9738,-0.0629,-0.1371,-0.9795,-0.471,0.5383,1,1,1,1,1,13.5,66.2,
2026-07-23 18:37:48.740,0.0662,0.1451,0.1317,0.0492,0.4038,0.2427,0.242,0.4801,0.3245,0.1722,0.167,0.3134,0.1887,0.3049,0.356,0.1442,0.0167,0.1351,0.1033,0.013,3279.8535,3301.2088,3279.4505,3312.8938,-0.976,-0.0701,-0.1361,-1.0767,-0.0224,0.1495,1,1,1,1,1,13.5,65.8,
2026-07-23 18:37:49.767,0.0699,0.1504,0.1469,0.0482,0.4328,0.2609,0.2506,0.4942,0.2873,0.1595,0.1642,0.2972,0.1926,0.2934,0.3337,0.1472,0.0174,0.1358,0.1046,0.0132,3351.978,3305.2381,3298.7912,3347.5458,-0.9725,-0.0687,-0.1318,-0.8897,-0.1346,-0.0374,1,1,1,1,1,13.5,65.6,
2026-07-23 18:37:50.781,0.0679,0.1664,0.182,0.0627,0.4511,0.2419,0.2417,0.4843,0.2826,0.1632,0.17,0.2915,0.1818,0.2977,0.3036,0.1475,0.0165,0.1307,0.1027,0.014,3297.5824,3295.5678,3286.7033,3283.8828,-0.9752,-0.0702,-0.1353,-0.9795,0.0523,0.3888,1,1,1,1,1,13.5,65.6,
2026-07-23 18:37:51.819,0.0711,0.1798,0.1919,0.0748,0.4104,0.194,0.2139,0.4338,0.3013,0.1722,0.17,0.285,0.1966,0.3147,0.3106,0.1874,0.0206,0.1393,0.1135,0.019,3285.0916,3291.5385,3286.3004,3272.1978,-0.9749,-0.0696,-0.1353,-1.0168,-0.1421,0.1944,1,1,1,1,1,13.5,65.7,
2026-07-23 18:37:52.834,0.0767,0.1674,0.2169,0.0892,0.3977,0.1904,0.2082,0.4116,0.2918,0.1764,0.171,0.2612,0.209,0.322,0.2916,0.2155,0.0248,0.1438,0.1123,0.0225,3328.2051,3299.5971,3314.5055,3308.8645,-0.9794,-0.0714,-0.1346,-1.0168,-0.1047,0.2841,1,1,1,1,1,13.5,65.8,
2026-07-23 18:37:53.843,0.0767,0.1678,0.2424,0.0972,0.3918,0.185,0.1971,0.3824,0.2967,0.1807,0.1646,0.2639,0.2076,0.3211,0.2827,0.2334,0.0271,0.1455,0.1132,0.023,3298.3883,3304.4322,3298.7912,3313.6996,-0.9736,-0.0671,-0.1317,-0.9496,-0.0972,0.157,1,1,1,1,1,13.5,66.2,
2026-07-23 18:37:54.862,0.0771,0.1852,0.2517,0.1115,0.3602,0.1731,0.181,0.3243,0.306,0.1702,0.1676,0.2775,0.2233,0.3261,0.2745,0.2572,0.0334,0.1453,0.1252,0.0296,3305.2381,3311.2821,3317.7289,3308.8645,-0.9802,-0.0699,-0.1432,-0.8598,0.1196,0.4636,1,1,1,1,1,13.5,66.9,
2026-07-23 18:37:55.875,0.086,0.1821,0.2502,0.1188,0.3323,0.1607,0.1884,0.2997,0.303,0.1668,0.1702,0.2568,0.2391,0.3409,0.2556,0.2876,0.0397,0.1495,0.1356,0.0371,3339.0842,3293.5531,3334.652,3358.4249,-0.978,-0.0757,-0.1398,-1.0692,-0.0822,0.2542,1,1,1,1,1,13.5,67.7,
2026-07-23 18:37:56.906,0.0862,0.1766,0.2436,0.1167,0.3234,0.169,0.2041,0.291,0.3065,0.1483,0.1599,0.2522,0.2398,0.3427,0.2531,0.2964,0.0441,0.1635,0.1393,0.0437,3301.6117,3286.7033,3295.5678,3329.011,-0.9775,-0.0721,-0.1375,-1.0393,0.0075,0.0598,1,1,1,1,1,13.5,68.1,
2026-07-23 18:37:57.923,0.0905,0.2375,0.2867,0.1404,0.3182,0.1462,0.1979,0.2878,0.3131,0.1344,0.1483,0.2432,0.2352,0.3285,0.2435,0.2854,0.043,0.1534,0.1236,0.0432,3300.0,3303.6264,3284.6886,3309.2674,-0.9722,-0.0753,-0.1364,-1.0393,-0.2916,0.2168,1,1,1,1,1,13.5,67.6,
2026-07-23 18:37:58.939,0.0863,0.225,0.2937,0.1037,0.3247,0.155,0.203,0.3442,0.3223,0.1383,0.1481,0.245,0.2262,0.3253,0.2398,0.2647,0.0406,0.1564,0.1154,0.0424,3289.5238,3280.2564,3279.8535,3270.5861,-0.9742,-0.0718,-0.131,-1.0019,-0.2692,0.3439,1,1,1,1,1,13.5,66.3,
2026-07-23 18:37:59.960,0.0746,0.2207,0.286,0.0774,0.3455,0.1736,0.2298,0.4551,0.3347,0.1573,0.1557,0.2206,0.2088,0.2996,0.2184,0.2127,0.0364,0.1488,0.1102,0.0342,3309.6703,3314.9084,3294.7619,3284.2857,-0.9734,-0.07,-0.1364,-0.9271,0.2841,0.1196,1,1,1,1,1,13.5,64.8,
2026-07-23 18:38:00.993,0.08,0.2259,0.2676,0.0724,0.3652,0.2012,0.2385,0.4585,0.3292,0.1477,0.1675,0.2468,0.1917,0.2875,0.2216,0.1924,0.0339,0.1377,0.1049,0.0299,3272.1978,3316.9231,3320.9524,3342.7106,-0.9763,-0.0744,-0.1324,-0.9421,-0.0748,0.1794,1,1,1,1,1,13.4,63.5,
2026-07-23 18:38:02.016,0.0754,0.2384,0.248,0.0719,0.3777,0.224,0.2461,0.4781,0.3186,0.1325,0.1719,0.2442,0.1926,0.2781,0.2356,0.1781,0.0357,0.127,0.0983,0.0277,3300.4029,3317.7289,3284.6886,3263.3333,-0.971,-0.0693,-0.1323,-0.9122,-0.0822,0.3439,1,1,1,1,1,13.4,62.6,
2026-07-23 18:38:03.026,0.0672,0.237,0.2419,0.0689,0.3629,0.2314,0.2459,0.5025,0.3395,0.1373,0.1901,0.2472,0.1985,0.2697,0.2362,0.1583,0.0318,0.1246,0.0859,0.023,3312.8938,3296.7766,3307.6557,3291.1355,-0.9736,-0.0701,-0.1367,-1.1215,-0.0972,0.1869,1,1,1,1,1,13.4,62.1,
2026-07-23 18:38:04.061,0.0572,0.2402,0.2546,0.0674,0.394,0.2456,0.2414,0.514,0.3446,0.1448,0.1836,0.2441,0.1777,0.259,0.2469,0.1547,0.0265,0.1105,0.0735,0.0198,3307.6557,3325.3846,3290.3297,3293.5531,-0.9722,-0.0703,-0.136,-1.129,0.2168,0.2991,1,1,1,1,1,13.4,63.0,
2026-07-23 18:38:05.073,0.0573,0.2467,0.254,0.0645,0.4148,0.2546,0.2296,0.5271,0.3362,0.1564,0.1875,0.2435,0.1674,0.2444,0.2599,0.1478,0.0244,0.0979,0.069,0.0172,3324.1758,3326.5934,3295.5678,3350.7692,-0.9745,-0.0737,-0.1306,-0.8524,-0.4636,0.1944,1,1,1,1,1,13.4,64.0,
2026-07-23 18:38:06.099,0.0577,0.1946,0.2501,0.0555,0.3945,0.2739,0.23,0.5286,0.35,0.1698,0.1955,0.2533,0.172,0.2613,0.2584,0.1448,0.0258,0.1004,0.0661,0.0177,3304.0293,3285.8974,3293.5531,3299.1941,-0.975,-0.0723,-0.1342,-0.9795,0.3514,0.0897,1,1,1,1,1,13.4,64.8,
2026-07-23 18:38:07.115,0.0641,0.2059,0.2268,0.0534,0.3907,0.2767,0.2401,0.5297,0.3433,0.1626,0.1936,0.2596,0.1753,0.2611,0.2663,0.1398,0.0266,0.0937,0.0732,0.0175,3347.5458,3301.6117,3297.9853,3322.967,-0.9769,-0.0746,-0.1308,-0.9346,-0.0673,0.0224,1,1,1,1,1,13.4,65.2,
2026-07-23 18:38:08.132,0.0631,0.2118,0.2407,0.0555,0.378,0.2809,0.2353,0.4829,0.3427,0.1421,0.1797,0.2837,0.189,0.2783,0.2733,0.1591,0.0272,0.0869,0.071,0.0189,3312.0879,3318.9377,3302.0147,3291.5385,-0.9739,-0.0681,-0.1283,-0.8449,-0.2019,-0.1196,1,1,1,1,1,13.4,65.2,
2026-07-23 18:38:09.157,0.0721,0.2329,0.2457,0.0611,0.3757,0.2705,0.2441,0.4819,0.3272,0.1442,0.1657,0.2736,0.1974,0.2702,0.2755,0.1639,0.0276,0.0821,0.0691,0.0194,3279.8535,3290.3297,3324.1758,3266.1538,-0.9719,-0.0698,-0.1285,-0.8449,-0.172,-0.0598,1,1,1,1,1,13.4,65.0,
2026-07-23 18:38:10.177,0.0809,0.2271,0.2577,0.0624,0.3867,0.2595,0.2498,0.4644,0.3317,0.1574,0.1641,0.2896,0.1772,0.2699,0.2595,0.1648,0.0235,0.086,0.0689,0.0187,3341.9048,3315.7143,3298.7912,3289.9267,-0.9811,-0.074,-0.1349,-1.0767,-0.1196,0.1196,1,1,1,1,1,13.4,64.5,
2026-07-23 18:38:11.207,0.0927,0.2244,0.2607,0.0542,0.4045,0.2713,0.2616,0.4507,0.3199,0.1654,0.1509,0.3106,0.1587,0.2606,0.2587,0.1648,0.0242,0.0783,0.0682,0.0197,3280.6593,3291.5385,3289.9267,3278.2418,-0.9702,-0.0641,-0.1338,-0.9645,-0.015,0.2168,1,1,1,1,1,13.4,63.8,
2026-07-23 18:38:12.219,0.0906,0.2411,0.2673,0.0538,0.327,0.2712,0.2632,0.3956,0.3606,0.1705,0.1626,0.363,0.1981,0.2433,0.243,0.1681,0.0237,0.0739,0.0639,0.0194,3270.1832,3290.3297,3326.9963,3318.9377,-0.9704,-0.0732,-0.1333,-1.0168,-0.1271,0.1421,1,1,1,1,1,13.4,62.8,
2026-07-23 18:38:13.239,0.0774,0.2359,0.2676,0.049,0.3244,0.2679,0.2656,0.3831,0.3671,0.1715,0.1651,0.3967,0.2105,0.2525,0.2365,0.1557,0.0206,0.0723,0.0653,0.0155,3325.3846,3302.0147,3293.5531,3309.6703,-0.9771,-0.0684,-0.1337,-0.957,-0.1944,0.1794,1,1,1,1,1,13.4,61.9,
2026-07-23 18:38:14.262,0.0683,0.2004,0.1966,0.0508,0.3304,0.3022,0.2834,0.3799,0.3556,0.1626,0.1837,0.4139,0.2265,0.26,0.2682,0.1422,0.0192,0.0748,0.0682,0.0132,3285.4945,3334.652,3338.6813,3316.5201,-0.9723,-0.0692,-0.1305,-0.9271,-0.1271,0.1421,1,1,1,1,1,13.4,61.7,
2026-07-23 18:38:15.278,0.0653,0.18,0.1913,0.0557,0.3337,0.2997,0.2853,0.3655,0.3408,0.1679,0.1884,0.4189,0.2401,0.2759,0.2695,0.1449,0.0201,0.0765,0.0655,0.0151,3228.2784,3315.7143,3325.3846,3251.6484,-0.9771,-0.072,-0.1323,-0.9271,-0.2393,0.1196,1,1,1,1,1,13.4,62.2,
2026-07-23 18:38:16.302,0.0594,0.1806,0.2089,0.0559,0.327,0.2799,0.2631,0.3692,0.3307,0.1732,0.1909,0.4209,0.2612,0.2789,0.2673,0.1389,0.0217,0.0875,0.0697,0.015,3285.8974,3296.7766,3295.5678,3277.8388,-0.9771,-0.0697,-0.1328,-0.972,-0.1495,0.2318,1,1,1,1,1,13.4,63.4,
2026-07-23 18:38:17.326,0.0433,0.1586,0.2078,0.0467,0.3149,0.2728,0.2476,0.3662,0.352,0.1731,0.1906,0.4319,0.2681,0.2971,0.2776,0.1404,0.0218,0.0985,0.0764,0.0148,3319.7436,3308.0586,3318.9377,3340.293,-0.9743,-0.07,-0.1308,-0.9346,-0.2467,0.2318,1,1,1,1,1,13.4,64.1,
2026-07-23 18:38:18.343,0.0589,0.1571,0.1929,0.0548,0.2989,0.2584,0.2586,0.3545,0.3509,0.1728,0.1844,0.4279,0.2705,0.3126,0.2845,0.1479,0.0208,0.0991,0.0796,0.0149,3335.8608,3315.7143,3297.1795,3350.7692,-0.9758,-0.0703,-0.1326,-0.9645,-0.2168,0.1645,1,1,1,1,1,13.4,64.2,
2026-07-23 18:38:19.364,0.0623,0.1604,0.2078,0.0644,0.3209,0.281,0.2645,0.3442,0.3138,0.1612,0.1755,0.4145,0.281,0.2986,0.28,0.1615,0.0221,0.0988,0.0722,0.0154,3311.2821,3347.1429,3350.3663,3326.5934,-0.9719,-0.0738,-0.145,-1.2337,-0.0,0.157,1,1,1,1,1,13.4,63.4,
2026-07-23 18:38:20.380,0.0674,0.1435,0.1858,0.0635,0.3662,0.2997,0.2762,0.3581,0.2987,0.1668,0.1676,0.4047,0.247,0.2901,0.2947,0.1587,0.0206,0.0999,0.0758,0.0151,3258.0952,3274.6154,3321.7582,3266.9597,-0.9717,-0.0709,-0.1299,-1.7122,0.1421,0.9122,1,1,1,1,1,13.4,61.2,
2026-07-23 18:38:21.390,0.2477,0.1357,0.1938,0.0698,0.3528,0.2813,0.2821,0.347,0.2056,0.1757,0.156,0.4037,0.1745,0.2954,0.2907,0.1621,0.0194,0.1119,0.0772,0.0175,3295.1648,3351.5751,3312.8938,3217.8022,-0.9711,-0.0664,-0.1335,-0.7028,-0.1421,0.3065,1,1,1,1,1,13.4,59.8,
2026-07-23 18:38:22.403,0.2937,0.1422,0.1974,0.0797,0.3462,0.25,0.2809,0.3175,0.1863,0.1867,0.1448,0.3782,0.1531,0.2898,0.2902,0.1968,0.0206,0.1313,0.0867,0.0279,3371.7216,3329.011,3361.2454,3337.4725,-0.9667,-0.0689,-0.1628,-0.7402,0.2916,0.0523,1,1,1,1,1,13.4,59.1,
2026-07-23 18:38:23.423,0.2772,0.1036,0.1502,0.0531,0.3025,0.1857,0.2256,0.2009,0.1656,0.1414,0.1207,0.2407,0.194,0.3417,0.3334,0.335,0.0606,0.2276,0.1701,0.1702,3243.5897,3298.3883,3329.8168,3289.5238,-0.9783,-0.0679,-0.1374,-1.1589,-0.7253,0.643,1,1,1,1,1,13.4,59.0,
2026-07-23 18:38:24.436,0.265,0.0855,0.1131,0.0536,0.2812,0.1655,0.2003,0.1785,0.1602,0.1193,0.1122,0.2014,0.2103,0.3874,0.3661,0.37,0.0833,0.2423,0.2083,0.1965,3318.5348,3297.9853,3279.8535,3306.044,-0.9767,-0.0622,-0.1329,-0.9496,-0.1122,0.2766,1,1,1,1,1,13.4,59.6,
2026-07-23 18:38:25.463,0.2665,0.096,0.1122,0.0543,0.2836,0.1687,0.2029,0.1723,0.1538,0.1194,0.109,0.1909,0.2094,0.3793,0.367,0.3856,0.0868,0.2366,0.209,0.1969,3345.5311,3306.8498,3316.5201,3314.1026,-0.9772,-0.0665,-0.1335,-0.9346,0.0598,0.1645,1,1,1,1,1,13.4,60.7,
2026-07-23 18:38:26.476,0.2592,0.0949,0.1109,0.0463,0.2864,0.1808,0.1886,0.181,0.1565,0.1213,0.1125,0.2149,0.2109,0.3721,0.3708,0.3706,0.087,0.2309,0.2173,0.1872,3289.5238,3308.4615,3294.359,3294.359,-0.977,-0.067,-0.1313,-1.0916,-0.0374,0.2168,1,1,1,1,1,13.4,62.2,
2026-07-23 18:38:27.495,0.2495,0.0903,0.0992,0.04,0.2935,0.1798,0.183,0.2015,0.1662,0.1298,0.1109,0.2325,0.2069,0.3697,0.3767,0.3471,0.0841,0.2304,0.2302,0.1789,3351.1722,3323.37,3319.3407,3338.2784,-0.9783,-0.0645,-0.1389,-0.9944,0.5907,0.3664,1,1,1,1,1,13.4,70.3,
2026-07-23 18:38:28.525,0.2516,0.0947,0.1018,0.0419,0.2845,0.1749,0.1871,0.2023,0.168,0.1154,0.1086,0.2425,0.2103,0.3813,0.3671,0.337,0.0856,0.2336,0.2354,0.1763,3338.2784,3307.6557,3307.2527,3328.6081,-0.9775,-0.0656,-0.1357,-0.8897,0.4037,0.4112,1,1,1,1,1,13.4,71.1,
2026-07-23 18:38:29.542,0.1561,0.1058,0.095,0.0433,0.2465,0.1885,0.1767,0.2125,0.1994,0.1132,0.1253,0.2295,0.27,0.3736,0.3654,0.3399,0.128,0.2189,0.2377,0.1748,3285.0916,3306.4469,3277.033,3291.9414,-0.9788,-0.0682,-0.1334,-1.0243,-0.2766,0.0748,1,1,1,1,1,13.3,70.9,
2026-07-23 18:38:30.563,0.0839,0.102,0.1023,0.039,0.2379,0.1938,0.1858,0.228,0.2113,0.1155,0.1257,0.2288,0.3113,0.3811,0.3542,0.3348,0.1555,0.2076,0.2321,0.1694,3256.8864,3283.8828,3279.8535,3268.5714,-0.978,-0.0754,-0.1338,-1.0468,0.157,0.2168,1,1,1,1,1,13.3,69.8,
2026-07-23 18:38:31.576,0.0667,0.1323,0.1382,0.0568,0.3122,0.2539,0.2569,0.3189,0.2708,0.1463,0.1435,0.3106,0.251,0.3411,0.3107,0.2451,0.0993,0.1264,0.1508,0.0685,3336.2637,3311.685,3309.2674,3308.4615,-0.9742,-0.0718,-0.1301,-1.1365,-0.4411,0.0972,1,1,1,1,1,13.3,66.5,
2026-07-23 18:38:32.577,0.0636,0.1601,0.1677,0.0554,0.3577,0.2916,0.302,0.3554,0.3128,0.1793,0.1722,0.3732,0.2231,0.2772,0.2573,0.1867,0.0427,0.0919,0.1007,0.0293,3322.1612,3326.1905,3321.7582,3342.7106,-0.9766,-0.0681,-0.1281,-0.8897,-0.0673,0.172,1,1,1,1,1,13.3,64.4,
2026-07-23 18:38:33.590,0.0555,0.1611,0.1579,0.0547,0.3519,0.2873,0.307,0.3673,0.3252,0.1787,0.1868,0.3842,0.2313,0.2837,0.2543,0.17,0.0361,0.0892,0.094,0.0238,3309.6703,3302.0147,3314.5055,3323.37,-0.9731,-0.0676,-0.1319,-0.8823,-0.0,-0.0449,1,1,1,1,1,13.3,62.7,
2026-07-23 18:38:34.625,0.0598,0.1613,0.1524,0.0596,0.3518,0.2646,0.314,0.3908,0.3303,0.1835,0.1951,0.3608,0.2203,0.2958,0.2499,0.1648,0.0378,0.0947,0.0885,0.0239,3345.9341,3295.1648,3331.4286,3368.4982,-0.9775,-0.0643,-0.1327,-1.0692,-0.2916,0.4561,1,1,1,1,1,13.3,61.3,
2026-07-23 18:38:35.638,0.0583,0.1608,0.1462,0.0687,0.3168,0.2596,0.3307,0.4096,0.3351,0.1664,0.2024,0.3286,0.2462,0.313,0.2369,0.1706,0.0436,0.1001,0.0839,0.0225,3370.1099,3296.7766,3288.7179,3324.9817,-0.9765,-0.0706,-0.1331,-0.9047,0.3065,0.2467,1,1,1,1,1,13.3,60.8,
2026-07-23 18:38:36.661,0.0552,0.1572,0.1504,0.0647,0.3268,0.2449,0.3238,0.4065,0.3251,0.1766,0.2027,0.3388,0.2483,0.3133,0.2396,0.1682,0.0445,0.1079,0.0835,0.0218,3279.4505,3305.2381,3336.6667,3286.3004,-0.9752,-0.0671,-0.1364,-0.9944,-0.0598,0.172,1,1,1,1,1,13.3,60.9,
2026-07-23 18:38:37.671,0.0562,0.1573,0.1443,0.0616,0.2975,0.23,0.3458,0.4023,0.3411,0.1732,0.185,0.3592,0.2575,0.3239,0.2433,0.1559,0.0478,0.1156,0.0816,0.0211,3338.6813,3348.7546,3302.4176,3316.1172,-0.9728,-0.0684,-0.1366,-0.9869,-0.329,0.3664,1,1,1,1,1,13.3,61.5,
2026-07-23 18:38:38.690,0.059,0.1663,0.1319,0.0557,0.2941,0.2305,0.3329,0.3977,0.3511,0.1757,0.1986,0.3764,0.2529,0.3112,0.254,0.1507,0.0429,0.1162,0.0825,0.0194,3319.3407,3304.8352,3314.9084,3319.3407,-0.9759,-0.0652,-0.1318,-0.8524,0.0075,0.5383,1,1,1,1,1,13.3,62.2,
2026-07-23 18:38:39.705,0.0626,0.1742,0.1474,0.0545,0.2905,0.2156,0.3038,0.3964,0.3512,0.1751,0.2036,0.3788,0.2506,0.3159,0.2568,0.15,0.045,0.1193,0.0884,0.0203,3317.7289,3322.967,3289.1209,3307.6557,-0.9747,-0.0735,-0.1305,-1.0542,-0.6281,0.2542,1,1,1,1,1,13.3,62.5,
2026-07-23 18:38:40.719,0.0643,0.1733,0.1539,0.0557,0.313,0.203,0.2929,0.4216,0.3482,0.17,0.2049,0.3496,0.2284,0.3261,0.2589,0.1519,0.0461,0.1277,0.0894,0.0212,3321.7582,3316.9231,3299.5971,3321.7582,-0.9706,-0.0662,-0.129,-0.972,0.0299,0.2991,1,1,1,1,1,13.3,62.3,
2026-07-23 18:38:41.740,0.0722,0.1771,0.1706,0.0615,0.3121,0.2045,0.3008,0.4454,0.3527,0.1767,0.1926,0.3326,0.2166,0.3149,0.246,0.1382,0.0464,0.1267,0.09,0.0223,3353.9927,3337.8755,3320.5495,3325.7875,-0.9794,-0.069,-0.1339,-0.972,-0.1047,0.2841,1,1,1,1,1,13.3,62.2,
2026-07-23 18:38:42.759,0.0709,0.179,0.167,0.058,0.308,0.2045,0.32,0.4432,0.3655,0.1749,0.1707,0.3442,0.2131,0.3206,0.2484,0.1324,0.0424,0.1209,0.0938,0.0223,3300.4029,3307.6557,3336.6667,3300.8059,-0.9738,-0.0648,-0.1326,-1.0767,-0.2542,0.1869,1,1,1,1,1,13.3,62.4,
2026-07-23 18:38:43.771,0.0755,0.1779,0.1633,0.0602,0.2818,0.1835,0.3056,0.4244,0.3705,0.1943,0.1595,0.3487,0.2297,0.3247,0.2759,0.1424,0.0426,0.1195,0.0957,0.0242,3232.3077,3283.4799,3345.1282,3266.1538,-0.974,-0.0681,-0.1365,-1.1066,-0.0,0.2916,1,1,1,1,1,13.3,63.0,
2026-07-23 18:38:44.772,0.0747,0.1831,0.1538,0.0638,0.2918,0.1803,0.3154,0.4542,0.3645,0.1911,0.1584,0.3051,0.2266,0.3306,0.2827,0.1505,0.0423,0.1149,0.0897,0.0264,3293.956,3290.3297,3296.3736,3287.1062,-0.9791,-0.0723,-0.141,-1.1514,0.0897,0.2318,1,1,1,1,1,13.3,63.6,
2026-07-23 18:38:45.790,0.0776,0.1797,0.1623,0.0706,0.2863,0.1721,0.2992,0.4496,0.3674,0.203,0.1674,0.2833,0.2276,0.3278,0.2817,0.1685,0.0411,0.1174,0.0894,0.0279,3342.7106,3283.4799,3292.3443,3331.8315,-0.9784,-0.0704,-0.1308,-0.9944,0.0748,0.2094,1,1,1,1,1,13.3,64.1,
2026-07-23 18:38:46.805,0.0922,0.1755,0.1658,0.0773,0.2788,0.1746,0.3069,0.4441,0.3524,0.2044,0.1684,0.2706,0.239,0.3338,0.2771,0.1823,0.0377,0.1117,0.0817,0.0257,3258.9011,3318.1319,3326.9963,3310.0733,-0.979,-0.0703,-0.1409,-1.0094,0.314,0.3888,1,1,1,1,1,13.3,64.1,
2026-07-23 18:38:47.819,0.099,0.168,0.1515,0.0783,0.2791,0.193,0.3153,0.4263,0.365,0.2095,0.169,0.2902,0.2252,0.3286,0.2842,0.1836,0.0316,0.1009,0.08,0.0216,3275.8242,3326.5934,3300.0,3299.1941,-0.9743,-0.0635,-0.1332,-1.0468,-0.2019,0.6654,1,1,1,1,1,13.3,63.8,
2026-07-23 18:38:48.836,0.1075,0.1537,0.1482,0.0759,0.292,0.2062,0.3363,0.4217,0.3457,0.2182,0.1537,0.2936,0.2253,0.3289,0.2824,0.1877,0.0295,0.093,0.0793,0.0211,3318.5348,3283.4799,3285.4945,3304.4322,-0.9742,-0.0618,-0.1358,-0.9496,0.0224,0.4337,1,1,1,1,1,13.3,62.9,
2026-07-23 18:38:49.852,0.104,0.1411,0.1575,0.0684,0.2854,0.2125,0.3429,0.4145,0.3398,0.2221,0.1576,0.3018,0.2427,0.3298,0.2711,0.1947,0.0281,0.0944,0.0709,0.0207,3325.7875,3333.0403,3297.9853,3338.2784,-0.9728,-0.0701,-0.1375,-0.815,0.0822,0.5458,1,1,1,1,1,13.3,61.7,
2026-07-23 18:38:50.872,0.108,0.1468,0.1596,0.0671,0.3083,0.2417,0.3461,0.42,0.3119,0.2127,0.1705,0.2938,0.2435,0.3076,0.2587,0.1995,0.0284,0.0912,0.0651,0.0196,3333.8462,3315.7143,3323.37,3335.8608,-0.9735,-0.0648,-0.1216,-1.0767,-0.4935,0.0299,1,1,1,1,1,13.3,61.0,
2026-07-23 18:38:51.893,0.111,0.1537,0.1797,0.0678,0.3195,0.249,0.3419,0.4136,0.3111,0.2009,0.174,0.2999,0.2299,0.3053,0.2468,0.2,0.0285,0.0911,0.0577,0.0186,3261.7216,3280.6593,3305.2381,3277.8388,-0.9724,-0.063,-0.1313,-0.8524,-0.2318,-0.0075,1,1,1,1,1,13.3,60.5,
2026-07-23 18:38:52.919,0.1195,0.144,0.1863,0.0763,0.3142,0.259,0.319,0.4029,0.3013,0.2023,0.1845,0.3009,0.2357,0.3088,0.2506,0.2029,0.0293,0.0859,0.0595,0.017,3331.0256,3308.0586,3284.6886,3291.5385,-0.9747,-0.0732,-0.1281,-0.8224,-0.1122,-0.0897,1,1,1,1,1,13.3,60.2,
2026-07-23 18:38:53.937,0.126,0.1423,0.196,0.078,0.3297,0.2776,0.308,0.4042,0.2786,0.1911,0.1799,0.3019,0.2358,0.3091,0.2582,0.1984,0.03,0.0799,0.0579,0.0174,3295.1648,3308.4615,3295.9707,3288.315,-0.9714,-0.0617,-0.1279,-0.9421,-0.3963,0.0523,1,1,1,1,1,13.3,60.0,
2026-07-23 18:38:54.952,0.1176,0.1629,0.1976,0.0825,0.3406,0.2795,0.3009,0.3971,0.2836,0.1755,0.1663,0.2987,0.2255,0.3017,0.2742,0.2006,0.0327,0.0805,0.061,0.0212,3333.8462,3309.2674,3295.1648,3307.6557,-0.9753,-0.0693,-0.1268,-0.8299,-0.5533,-0.0598,1,1,1,1,1,13.3,59.8,
2026-07-23 18:38:55.974,0.1169,0.1725,0.1976,0.0824,0.379,0.2871,0.301,0.4368,0.238,0.157,0.1614,0.2647,0.2336,0.3002,0.2818,0.1936,0.0325,0.0831,0.0582,0.0224,3283.0769,3280.6593,3300.4029,3270.5861,-0.9781,-0.0745,-0.1288,-1.0243,-0.0075,0.1944,1,1,1,1,1,13.3,59.8,
2026-07-23 18:38:56.976,0.1145,0.1954,0.1922,0.1068,0.3801,0.2815,0.2972,0.4178,0.2457,0.1414,0.1657,0.2558,0.2248,0.3016,0.2882,0.1959,0.0349,0.0801,0.0567,0.0237,3323.7729,3338.2784,3308.4615,3312.0879,-0.9785,-0.0699,-0.1296,-1.0243,0.1944,0.3589,1,1,1,1,1,13.3,59.8,
2026-07-23 18:38:58.000,0.1199,0.1944,0.2001,0.1311,0.3878,0.2615,0.2664,0.3897,0.235,0.1465,0.1669,0.2448,0.2203,0.3154,0.3048,0.2084,0.0371,0.0822,0.0618,0.0261,3277.033,3278.2418,3323.7729,3302.8205,-0.9767,-0.0692,-0.1279,-1.0318,-0.2916,0.2841,1,1,1,1,1,13.2,59.7,
2026-07-23 18:38:59.014,0.0995,0.1721,0.1859,0.1374,0.3561,0.2299,0.2202,0.3571,0.245,0.1629,0.1755,0.2381,0.2637,0.3564,0.3555,0.239,0.0357,0.0788,0.0628,0.0284,3328.6081,3310.0733,3277.4359,3308.8645,-0.9769,-0.067,-0.133,-1.0692,-0.015,0.4262,1,1,1,1,1,13.2,59.7,
2026-07-23 18:39:00.046,0.0928,0.1741,0.1655,0.1277,0.368,0.2372,0.2335,0.3908,0.2415,0.1566,0.1864,0.2332,0.2646,0.3617,0.3501,0.22,0.0331,0.0704,0.0645,0.0283,3304.0293,3303.6264,3301.6117,3284.2857,-0.9756,-0.0741,-0.1286,-0.8299,-0.2243,-0.0673,1,1,1,1,1,13.2,59.9,
2026-07-23 18:39:01.068,0.0815,0.1893,0.1685,0.1195,0.4142,0.2624,0.2604,0.4136,0.2259,0.1428,0.1751,0.2351,0.2484,0.3371,0.3293,0.2009,0.03,0.0684,0.0667,0.0309,3277.8388,3329.8168,3349.5604,3321.7582,-0.9783,-0.0696,-0.1293,-1.0318,-0.0,0.2243,1,1,1,1,1,13.2,60.3,
2026-07-23 18:39:02.090,0.0802,0.1935,0.1472,0.1153,0.4067,0.2552,0.2766,0.397,0.2231,0.1401,0.1801,0.2438,0.2594,0.3406,0.3274,0.2129,0.0306,0.0707,0.0686,0.0311,3282.2711,3326.5934,3293.1502,3273.8095,-0.9749,-0.0745,-0.1328,-1.0767,0.3439,0.1645,1,1,1,1,1,13.2,60.3,
2026-07-23 18:39:03.108,0.0717,0.1792,0.1477,0.1039,0.3878,0.2764,0.2845,0.3677,0.2643,0.1508,0.1944,0.2531,0.2517,0.3273,0.3071,0.2465,0.0245,0.0663,0.0663,0.0287,3264.1392,3286.7033,3293.1502,3273.0037,-0.9738,-0.0688,-0.1281,-0.9047,-0.4262,-0.015,1,1,1,1,1,13.2,59.9,
2026-07-23 18:39:04.121,0.0733,0.1803,0.1544,0.1004,0.3555,0.2634,0.2742,0.34,0.2751,0.1642,0.212,0.2629,0.2675,0.3231,0.2925,0.2652,0.0285,0.069,0.067,0.0315,3346.337,3341.0989,3304.0293,3310.0733,-0.9727,-0.0641,-0.137,-0.8673,0.2542,0.4337,1,1,1,1,1,13.2,59.2,
2026-07-23 18:39:05.145,0.0723,0.1585,0.1716,0.0867,0.3517,0.2669,0.2635,0.3395,0.2735,0.1683,0.2101,0.2752,0.2743,0.3385,0.2892,0.2663,0.0281,0.0677,0.0656,0.0323,3329.011,3318.1319,3331.4286,3340.293,-0.9813,-0.0717,-0.126,-0.8972,0.0972,0.2393,1,1,1,1,1,13.2,58.4,
2026-07-23 18:39:06.163,0.0819,0.1602,0.1761,0.0913,0.3658,0.2811,0.2627,0.3597,0.268,0.1587,0.2077,0.2648,0.2575,0.3298,0.2842,0.2508,0.0268,0.0701,0.0693,0.0333,3295.9707,3321.3553,3301.2088,3318.1319,-0.9729,-0.0648,-0.1268,-1.0393,-0.329,0.0374,1,1,1,1,1,13.2,57.8,
2026-07-23 18:39:07.172,0.0928,0.1659,0.1859,0.0998,0.3807,0.3022,0.2674,0.3584,0.256,0.153,0.2086,0.263,0.2428,0.305,0.2608,0.2438,0.0278,0.0739,0.0773,0.035,3291.1355,3302.8205,3342.3077,3317.326,-0.9755,-0.0646,-0.1248,-0.9869,-0.314,0.3215,1,1,1,1,1,13.2,57.4,
2026-07-23 18:39:08.198,0.0911,0.1654,0.1864,0.1005,0.3422,0.2909,0.2561,0.284,0.2471,0.1664,0.195,0.2689,0.2931,0.3041,0.2846,0.3111,0.0265,0.0732,0.0779,0.0354,3363.2601,3309.6703,3324.5788,3371.7216,-0.9755,-0.0696,-0.1262,-0.9496,-0.0224,0.0224,1,1,1,1,1,13.2,57.4,
2026-07-23 18:39:09.250,0.0823,0.1542,0.1811,0.0854,0.2893,0.2788,0.2454,0.2476,0.2901,0.1882,0.1897,0.2767,0.3128,0.3071,0.3129,0.3597,0.0256,0.0717,0.0709,0.0305,3316.5201,3302.4176,3332.2344,3358.4249,-0.979,-0.0667,-0.1294,-1.0318,0.0523,0.1495,1,1,1,1,1,13.2,57.6,
2026-07-23 18:39:10.266,0.0801,0.1689,0.1841,0.0748,0.2747,0.2777,0.2453,0.2538,0.3111,0.2033,0.1735,0.2854,0.3101,0.2811,0.3251,0.3601,0.0241,0.0691,0.072,0.0259,3378.1685,3348.7546,3329.011,3377.3626,-0.9825,-0.075,-0.131,-1.0393,0.3365,0.172,1,1,1,1,1,13.2,57.6,
2026-07-23 18:39:11.288,0.0675,0.1488,0.1927,0.0702,0.2571,0.2678,0.2316,0.2648,0.298,0.2111,0.1698,0.2873,0.3526,0.3034,0.334,0.3539,0.0247,0.069,0.0718,0.0237,3314.1026,3321.7582,3321.3553,3308.4615,-0.9738,-0.0624,-0.1284,-0.9346,-0.4636,0.1346,1,1,1,1,1,13.2,57.4,
2026-07-23 18:39:12.295,0.051,0.1479,0.1816,0.0682,0.2806,0.2747,0.2257,0.2625,0.3159,0.2097,0.1664,0.2931,0.333,0.3056,0.3554,0.3556,0.0195,0.0621,0.0709,0.0206,3291.9414,3307.2527,3325.3846,3286.3004,-0.9783,-0.0674,-0.131,-0.9496,-0.2692,0.1346,1,1,1,1,1,13.2,57.3,
2026-07-23 18:39:13.312,0.0412,0.1535,0.1622,0.0546,0.2923,0.283,0.2361,0.2841,0.3215,0.2133,0.1692,0.2842,0.3276,0.2914,0.3612,0.3594,0.0174,0.0588,0.0713,0.0177,3321.7582,3327.3993,3312.8938,3328.6081,-0.972,-0.0665,-0.1307,-0.9944,-0.3738,0.2991,1,1,1,1,1,13.2,57.1,
2026-07-23 18:39:14.329,0.0299,0.1488,0.1359,0.0461,0.2904,0.2934,0.2455,0.3085,0.3379,0.1982,0.1844,0.3031,0.3237,0.3053,0.3684,0.3281,0.0181,0.0542,0.0658,0.0142,3275.0183,3320.9524,3335.8608,3278.6447,-0.9749,-0.0728,-0.1331,-1.0542,-0.0374,0.1794,1,1,1,1,1,13.2,56.8,
2026-07-23 18:39:15.353,0.0247,0.1421,0.1363,0.0395,0.3202,0.3235,0.2666,0.3325,0.3331,0.2012,0.1855,0.311,0.3068,0.2836,0.3532,0.3048,0.0153,0.0496,0.0585,0.0121,3294.359,3298.7912,3307.2527,3320.9524,-0.9756,-0.0685,-0.1336,-0.9496,0.1421,0.2393,1,1,1,1,1,13.2,56.5,
2026-07-23 18:39:16.375,0.0252,0.1446,0.132,0.0371,0.3369,0.3413,0.2764,0.3549,0.3396,0.1929,0.1912,0.307,0.2837,0.2733,0.341,0.2894,0.0145,0.0479,0.0595,0.0116,3272.1978,3298.3883,3287.5092,3270.989,-0.9757,-0.0727,-0.1337,-0.9645,-0.1645,0.2692,1,1,1,1,1,13.2,56.1,
2026-07-23 18:39:17.389,0.0282,0.1426,0.1118,0.0371,0.3685,0.3477,0.3028,0.3818,0.312,0.1788,0.2006,0.3042,0.2776,0.2855,0.3219,0.2654,0.0137,0.0455,0.0628,0.0115,3344.3223,3317.326,3330.2198,3342.7106,-0.9784,-0.0676,-0.1296,-0.9944,0.0299,0.2318,1,1,1,1,1,13.2,55.7,
2026-07-23 18:39:18.418,0.0272,0.1226,0.1244,0.0384,0.3938,0.379,0.3024,0.3997,0.3049,0.1707,0.2238,0.3013,0.2613,0.2868,0.2923,0.2489,0.0129,0.041,0.0571,0.0118,3277.8388,3323.37,3294.7619,3296.7766,-0.9756,-0.0681,-0.1234,-1.0094,-0.1495,0.2168,1,1,1,1,1,13.2,55.6,
2026-07-23 18:39:19.436,0.0352,0.1281,0.1226,0.0325,0.4293,0.3794,0.3106,0.4249,0.2934,0.1763,0.2381,0.3158,0.2297,0.2752,0.2751,0.2162,0.0125,0.041,0.0536,0.0105,3249.2308,3268.5714,3339.8901,3282.674,-0.9763,-0.0615,-0.1335,-1.0243,0.1421,0.6131,1,1,1,1,1,13.2,56.1,
2026-07-23 18:39:20.460,0.0488,0.1225,0.1091,0.0321,0.4261,0.379,0.3366,0.428,0.2846,0.1791,0.2388,0.3278,0.2277,0.2769,0.2643,0.2019,0.0127,0.0425,0.0513,0.0102,3327.8022,3299.1941,3320.9524,3325.3846,-0.973,-0.0646,-0.1321,-0.8897,-0.329,0.0822,1,1,1,1,1,13.2,57.3,
2026-07-23 18:39:21.487,0.054,0.1128,0.1219,0.0385,0.4226,0.3805,0.339,0.4179,0.287,0.1737,0.235,0.3433,0.2232,0.29,0.2549,0.1906,0.0132,0.0431,0.0492,0.0097,3304.0293,3292.3443,3341.9048,3324.5788,-0.9739,-0.0649,-0.1279,-0.8449,-0.314,-0.0748,1,1,1,1,1,13.2,59.2,
2026-07-23 18:39:22.506,0.0638,0.1118,0.1452,0.0435,0.4327,0.3928,0.3535,0.4028,0.2794,0.1758,0.2051,0.34,0.2115,0.2738,0.2439,0.2023,0.0127,0.0458,0.0522,0.0114,3302.4176,3316.1172,3322.5641,3293.1502,-0.9752,-0.0676,-0.1343,-1.0393,0.2467,0.2243,1,1,1,1,1,13.2,60.4,
2026-07-23 18:39:23.516,0.0752,0.1146,0.1409,0.0554,0.4253,0.3709,0.349,0.3953,0.2753,0.1811,0.206,0.3245,0.2103,0.2911,0.251,0.2126,0.0139,0.0423,0.0532,0.0121,3310.8791,3310.0733,3310.4762,3345.1282,-0.9802,-0.0732,-0.1368,-1.0692,0.2094,0.172,1,1,1,1,1,13.2,61.5,
2026-07-23 18:39:24.541,0.0791,0.1223,0.1561,0.0573,0.4319,0.3488,0.3264,0.411,0.2727,0.1838,0.2015,0.3147,0.2018,0.3009,0.2654,0.2058,0.0145,0.0442,0.0505,0.0112,3367.6923,3347.9487,3270.1832,3324.5788,-0.9755,-0.0613,-0.131,-1.0243,-0.471,0.314,1,1,1,1,1,13.2,62.3,
2026-07-23 18:39:25.552,0.0661,0.1362,0.1719,0.0537,0.4946,0.3662,0.295,0.4471,0.2794,0.1871,0.2054,0.3057,0.1496,0.2712,0.2843,0.1841,0.0104,0.0393,0.0433,0.0094,3320.9524,3319.3407,3322.1612,3351.5751,-0.9747,-0.0686,-0.1312,-1.0168,-0.0224,0.2542,1,1,1,1,1,13.2,62.2,
2026-07-23 18:39:26.569,0.0682,0.1471,0.1779,0.0564,0.527,0.3815,0.3114,0.4653,0.2628,0.1747,0.184,0.3016,0.133,0.2573,0.2857,0.1682,0.009,0.0394,0.041,0.0084,3291.5385,3302.0147,3294.7619,3261.7216,-0.9721,-0.0709,-0.1325,-1.0617,-0.2094,0.1645,1,1,1,1,1,13.2,61.3,
2026-07-23 18:39:27.591,0.0717,0.1713,0.188,0.0719,0.5217,0.3883,0.3223,0.4646,0.2632,0.1556,0.163,0.2794,0.1338,0.2475,0.2838,0.1744,0.0095,0.0373,0.0428,0.0096,3301.2088,3307.2527,3303.6264,3322.967,-0.9755,-0.0722,-0.1251,-1.0318,0.0822,0.329,1,1,1,1,1,13.2,60.2,
2026-07-23 18:39:28.605,0.0799,0.1956,0.2134,0.0792,0.5265,0.3975,0.3143,0.4873,0.2572,0.146,0.1539,0.2497,0.1274,0.2249,0.2749,0.1741,0.009,0.036,0.0435,0.0097,3309.6703,3285.8974,3281.0623,3293.956,-0.9767,-0.0666,-0.1302,-0.972,-0.172,0.2243,1,1,1,1,1,13.2,58.9,
2026-07-23 18:39:29.626,0.0835,0.2004,0.2029,0.0785,0.5296,0.397,0.3107,0.4998,0.2517,0.1431,0.1597,0.2379,0.1267,0.2224,0.282,0.1737,0.0085,0.037,0.0446,0.0101,3272.6007,3322.5641,3298.3883,3270.1832,-0.9807,-0.0665,-0.1329,-0.9496,-0.0822,0.2393,1,1,1,1,1,13.2,57.3,
2026-07-23 18:39:30.648,0.0795,0.2071,0.2062,0.0726,0.5172,0.3815,0.2841,0.5043,0.2683,0.145,0.1747,0.2397,0.1263,0.2256,0.2865,0.1729,0.0088,0.0408,0.0485,0.0104,3314.1026,3331.8315,3292.3443,3297.1795,-0.9785,-0.0681,-0.132,-0.9869,0.1794,0.2019,1,1,1,1,1,13.2,55.9,
2026-07-23 18:39:31.663,0.081,0.2113,0.2115,0.0724,0.5181,0.3811,0.2687,0.5014,0.2765,0.1435,0.1883,0.2461,0.1146,0.2194,0.2753,0.1676,0.0098,0.0448,0.0563,0.0125,3284.6886,3322.1612,3334.652,3288.7179,-0.9761,-0.0709,-0.1334,-0.9869,-0.0673,0.2019,1,1,1,1,1,13.2,55.5,
2026-07-23 18:39:32.675,0.0798,0.2003,0.208,0.0738,0.5192,0.3809,0.2819,0.4825,0.2734,0.143,0.1971,0.247,0.1167,0.2261,0.253,0.1824,0.0109,0.0497,0.06,0.0143,3296.3736,3315.3114,3313.6996,3266.1538,-0.9752,-0.0704,-0.1327,-1.0393,0.0822,0.1047,1,1,1,1,1,13.2,55.3,
2026-07-23 18:39:33.696,0.1047,0.2026,0.2059,0.1024,0.4291,0.3276,0.285,0.3803,0.2774,0.139,0.2026,0.2327,0.1698,0.2617,0.2335,0.2617,0.019,0.0691,0.073,0.0229,3292.3443,3306.8498,3309.2674,3330.6227,-0.9745,-0.0684,-0.1313,-1.129,-0.0299,0.3664,1,1,1,1,1,13.2,55.3,
2026-07-23 18:39:34.724,0.1222,0.196,0.184,0.1203,0.3675,0.2919,0.2605,0.3367,0.2788,0.1454,0.2098,0.2121,0.2098,0.2808,0.262,0.3045,0.0218,0.0858,0.0836,0.0265,3344.7253,3323.7729,3289.1209,3290.3297,-0.9711,-0.0685,-0.1352,-0.9496,-0.2168,0.2243,1,1,1,1,1,13.2,55.5,
2026-07-23 18:39:35.730,0.1012,0.1549,0.1732,0.0869,0.3385,0.2796,0.2373,0.3156,0.2958,0.1615,0.2216,0.2626,0.2423,0.2995,0.2873,0.3099,0.0222,0.1045,0.0805,0.0251,3293.956,3308.8645,3295.9707,3314.1026,-0.9757,-0.0715,-0.1256,-0.957,-0.2318,0.1346,1,1,1,1,1,13.2,58.0,
2026-07-23 18:39:36.746,0.069,0.1344,0.159,0.0695,0.3199,0.2556,0.2338,0.2641,0.3212,0.1763,0.223,0.3154,0.2655,0.3201,0.3007,0.3268,0.0244,0.1136,0.0833,0.0242,3331.8315,3316.9231,3278.6447,3343.5165,-0.9764,-0.0671,-0.1326,-1.0991,0.4337,0.157,1,1,1,1,1,13.2,60.1,
2026-07-23 18:39:37.748,0.0603,0.1287,0.1544,0.0603,0.3346,0.2566,0.2407,0.2974,0.3299,0.1884,0.2201,0.3431,0.2503,0.3107,0.3057,0.2774,0.0249,0.1157,0.0791,0.0218,3334.652,3323.7729,3320.1465,3330.2198,-0.9771,-0.0762,-0.1318,-1.0094,0.5009,0.3664,1,1,1,1,1,13.2,60.9,
2026-07-23 18:39:38.759,0.0622,0.1433,0.1538,0.0633,0.3369,0.2561,0.2607,0.3179,0.3059,0.1827,0.2075,0.3282,0.2707,0.3087,0.3073,0.2704,0.0244,0.1093,0.0707,0.0202,3347.5458,3316.9231,3321.3553,3323.37,-0.976,-0.074,-0.1329,-0.9271,0.4262,0.2692,1,1,1,1,1,13.2,60.8,
2026-07-23 18:39:39.787,0.057,0.144,0.1701,0.0543,0.3333,0.267,0.2618,0.3325,0.3085,0.1787,0.1909,0.3279,0.2772,0.3045,0.315,0.2658,0.024,0.1057,0.0622,0.0195,3337.0696,3310.0733,3318.1319,3349.1575,-0.9749,-0.0693,-0.1237,-1.0767,-0.5757,0.1869,1,1,1,1,1,13.2,60.3,
2026-07-23 18:39:40.810,0.0627,0.1605,0.1573,0.0526,0.3096,0.2894,0.2506,0.3542,0.3319,0.1786,0.1886,0.3381,0.2734,0.2775,0.3384,0.2368,0.0225,0.0941,0.0651,0.0183,3309.2674,3281.8681,3283.0769,3277.033,-0.9758,-0.0729,-0.1313,-0.9496,-0.2692,0.015,1,1,1,1,1,13.2,60.1,
2026-07-23 18:39:41.834,0.0816,0.1558,0.1423,0.051,0.2464,0.3003,0.2588,0.3705,0.3733,0.1974,0.2118,0.3264,0.2768,0.265,0.3331,0.2365,0.0219,0.0815,0.0539,0.0156,3288.315,3325.3846,3336.2637,3318.9377,-0.9752,-0.0756,-0.131,-0.9795,-0.0598,0.1196,1,1,1,1,1,13.2,60.3,
2026-07-23 18:39:42.853,0.067,0.1636,0.1545,0.0436,0.2461,0.2907,0.2688,0.3829,0.3874,0.1975,0.2099,0.3285,0.2769,0.2771,0.3119,0.2287,0.0226,0.0712,0.0548,0.0162,3331.4286,3344.7253,3305.2381,3333.4432,-0.9779,-0.0761,-0.1334,-1.0991,-0.0598,0.2019,1,1,1,1,1,13.1,60.7,
2026-07-23 18:39:43.873,0.0631,0.1741,0.1558,0.0417,0.2968,0.2964,0.2681,0.424,0.3682,0.1913,0.2101,0.3078,0.2494,0.2765,0.3063,0.2102,0.0225,0.0617,0.0597,0.0162,3244.7985,3294.7619,3324.9817,3301.2088,-0.9772,-0.069,-0.1335,-1.0094,-0.0822,0.2841,1,1,1,1,1,13.1,60.9,
2026-07-23 18:39:44.896,0.0638,0.193,0.1752,0.0456,0.32,0.2913,0.2495,0.453,0.3608,0.1866,0.2127,0.2896,0.2348,0.2724,0.3053,0.1961,0.0206,0.0567,0.0573,0.0156,3312.0879,3302.4176,3308.8645,3345.5311,-0.9726,-0.0689,-0.1336,-1.0094,-0.2168,0.3738,1,1,1,1,1,13.1,61.0,
2026-07-23 18:39:45.911,0.0739,0.2099,0.1742,0.0429,0.3233,0.3056,0.2449,0.4754,0.3471,0.176,0.2273,0.2651,0.2358,0.2578,0.2993,0.2013,0.0198,0.0508,0.0543,0.0154,3305.641,3298.7912,3320.9524,3303.6264,-0.9745,-0.0731,-0.1304,-0.9869,-0.1346,0.2094,1,1,1,1,1,13.1,61.1,
2026-07-23 18:39:46.910,0.0725,0.206,0.1592,0.0399,0.3737,0.3414,0.2482,0.5165,0.3261,0.1742,0.2374,0.2513,0.2082,0.232,0.2993,0.1762,0.0196,0.0464,0.0559,0.0161,3297.1795,3302.8205,3318.5348,3310.8791,-0.9737,-0.0714,-0.1319,-0.9795,-0.0374,0.2318,1,1,1,1,1,13.1,61.3,
2026-07-23 18:39:47.968,0.0755,0.2118,0.1619,0.0437,0.3941,0.3368,0.2507,0.5193,0.3159,0.1739,0.2328,0.2534,0.1959,0.2305,0.2987,0.168,0.0187,0.047,0.0558,0.0156,3296.3736,3312.0879,3292.7473,3286.3004,-0.9763,-0.0703,-0.1273,-1.0243,0.172,0.3514,1,1,1,1,1,13.1,61.8,
2026-07-23 18:39:48.989,0.0721,0.2116,0.1785,0.0465,0.4168,0.3306,0.2556,0.5213,0.3059,0.1684,0.224,0.2584,0.1864,0.2403,0.2861,0.158,0.0188,0.0491,0.0559,0.0158,3280.2564,3295.9707,3320.1465,3310.8791,-0.9795,-0.0679,-0.134,-0.9795,-0.3589,0.2692,1,1,1,1,1,13.1,62.3,
2026-07-23 18:39:50.010,0.0567,0.2269,0.2029,0.0515,0.4724,0.3351,0.2511,0.5317,0.2839,0.1495,0.1891,0.2674,0.1677,0.2378,0.2898,0.1321,0.0193,0.0507,0.067,0.0172,3305.2381,3316.1172,3308.4615,3295.5678,-0.9785,-0.0677,-0.132,-1.0168,-0.0822,0.2542,1,1,1,1,1,13.1,62.2,
2026-07-23 18:39:51.030,0.0656,0.2169,0.2004,0.0595,0.4759,0.3404,0.2474,0.5146,0.2822,0.16,0.184,0.284,0.1563,0.2322,0.3021,0.1244,0.0199,0.0505,0.0661,0.0175,3276.63,3317.7289,3275.8242,3239.9634,-0.9747,-0.0679,-0.1309,-1.0393,-0.0374,0.314,1,1,1,1,1,13.1,61.6,
2026-07-23 18:39:52.047,0.0921,0.2229,0.1809,0.0742,0.4543,0.3337,0.2624,0.4855,0.2783,0.1685,0.1858,0.2932,0.1554,0.2236,0.3051,0.1273,0.0199,0.0513,0.0658,0.0197,3269.3773,3327.8022,3309.2674,3283.4799,-0.9754,-0.069,-0.1269,-0.9496,-0.1495,0.2019,1,1,1,1,1,13.1,60.8,
2026-07-23 18:39:53.065,0.1012,0.1944,0.1607,0.0778,0.4799,0.3471,0.2935,0.4785,0.2457,0.1697,0.1889,0.2933,0.1516,0.2351,0.2894,0.1277,0.0215,0.0537,0.0676,0.0228,3332.6374,3301.6117,3310.0733,3337.0696,-0.9774,-0.072,-0.1252,-0.9196,0.0075,0.2542,1,1,1,1,1,13.1,60.4,
2026-07-23 18:39:54.090,0.0999,0.1753,0.1903,0.0957,0.4704,0.3298,0.2754,0.4154,0.2575,0.184,0.1634,0.3267,0.1481,0.2512,0.2958,0.1326,0.0241,0.0597,0.0751,0.0295,3265.7509,3310.0733,3317.326,3285.0916,-0.9789,-0.0679,-0.1296,-1.0243,0.1869,0.2019,1,1,1,1,1,13.1,60.4,
2026-07-23 18:39:55.099,0.1163,0.1659,0.2065,0.1199,0.4158,0.2963,0.2706,0.3465,0.2851,0.1992,0.1653,0.3571,0.1585,0.2746,0.2836,0.1473,0.0243,0.0639,0.0741,0.0292,3275.8242,3314.5055,3291.5385,3267.3626,-0.9808,-0.0695,-0.1288,-0.9645,-0.0822,0.2766,1,1,1,1,1,13.1,60.6,
2026-07-23 18:39:56.116,0.1118,0.1732,0.2107,0.1295,0.4097,0.2934,0.2763,0.3374,0.2961,0.2027,0.1707,0.3506,0.1575,0.2621,0.2692,0.1514,0.0249,0.0686,0.0731,0.0313,3275.4212,3329.8168,3270.5861,3253.2601,-0.9722,-0.0644,-0.1332,-0.9496,0.329,0.6804,1,1,1,1,1,13.1,61.2,
2026-07-23 18:39:57.149,0.1182,0.1684,0.2045,0.1461,0.424,0.2959,0.2817,0.3377,0.2793,0.2104,0.1741,0.3186,0.1536,0.2538,0.2689,0.1621,0.025,0.0715,0.0708,0.0355,3322.967,3317.7289,3316.1172,3315.7143,-0.9772,-0.0729,-0.1264,-0.9645,0.0374,0.1421,1,1,1,1,1,13.1,62.5,
2026-07-23 18:39:58.158,0.1344,0.1639,0.1955,0.1383,0.4018,0.2912,0.2876,0.3471,0.2706,0.2198,0.1839,0.2937,0.1668,0.249,0.2637,0.1815,0.0264,0.0761,0.0693,0.0395,3283.0769,3306.8498,3305.641,3281.0623,-0.9719,-0.0629,-0.1198,-1.1066,-0.2766,0.1271,1,1,1,1,1,13.1,63.5,
2026-07-23 18:39:59.182,0.1279,0.1626,0.1808,0.1362,0.398,0.2982,0.2902,0.3516,0.2694,0.2219,0.2049,0.2389,0.1785,0.2406,0.258,0.2311,0.0262,0.0767,0.0661,0.0421,3329.011,3287.1062,3305.641,3333.4432,-0.9775,-0.0723,-0.1271,-0.9346,-0.1122,0.015,1,1,1,1,1,13.1,63.9,
2026-07-23 18:40:00.186,0.1034,0.151,0.1933,0.1184,0.3876,0.3022,0.2929,0.3361,0.2731,0.2269,0.197,0.234,0.2125,0.2465,0.2517,0.2737,0.0234,0.0734,0.0651,0.0376,3316.1172,3317.7289,3293.1502,3289.9267,-0.9763,-0.0668,-0.132,-1.0468,0.0822,0.2393,1,1,1,1,1,13.1,63.5,
2026-07-23 18:40:01.212,0.0842,0.1491,0.1862,0.1049,0.3918,0.3101,0.2983,0.3565,0.2805,0.2306,0.1923,0.2323,0.2223,0.2414,0.2598,0.2746,0.0212,0.0688,0.0634,0.0318,3276.2271,3293.956,3320.9524,3300.0,-0.9771,-0.0718,-0.1287,-0.9645,-0.0822,0.4187,1,1,1,1,1,13.1,62.1,
2026-07-23 18:40:02.211,0.0891,0.1514,0.1598,0.1055,0.413,0.3047,0.3274,0.3763,0.2617,0.2343,0.1934,0.2288,0.2173,0.24,0.2583,0.2618,0.0189,0.0696,0.0612,0.0276,3288.7179,3327.3993,3331.0256,3312.4908,-0.9775,-0.0685,-0.1337,-1.114,-0.1047,0.2243,1,1,1,1,1,13.1,61.0,
2026-07-23 18:40:03.227,0.0982,0.1601,0.1339,0.1368,0.4213,0.3214,0.3296,0.369,0.2486,0.2119,0.1953,0.2134,0.2142,0.2377,0.2792,0.2538,0.0178,0.0689,0.0621,0.027,3282.674,3300.4029,3295.9707,3311.2821,-0.978,-0.0667,-0.1263,-1.0019,-0.1944,0.3888,1,1,1,1,1,13.1,60.8,
2026-07-23 18:40:04.250,0.1019,0.1472,0.1118,0.1394,0.4298,0.335,0.3501,0.3799,0.2352,0.2023,0.1917,0.2091,0.2155,0.2525,0.2794,0.2461,0.0176,0.0631,0.067,0.0255,3320.5495,3302.4176,3314.9084,3339.4872,-0.9785,-0.0663,-0.1276,-1.0767,-0.3963,0.2094,1,1,1,1,1,13.1,60.9,
2026-07-23 18:40:05.267,0.1058,0.144,0.1054,0.1339,0.4148,0.335,0.3639,0.3676,0.2373,0.2038,0.1815,0.2221,0.2217,0.255,0.2808,0.2504,0.0203,0.0622,0.0684,0.026,3341.0989,3326.9963,3338.6813,3324.9817,-0.977,-0.0603,-0.1243,-0.9645,-0.1495,0.3813,1,1,1,1,1,13.1,61.0,
2026-07-23 18:40:06.278,0.1106,0.1452,0.1216,0.1436,0.4523,0.3498,0.365,0.3927,0.2121,0.1848,0.1721,0.2092,0.2047,0.2558,0.2727,0.2301,0.0204,0.0644,0.0685,0.0245,3316.5201,3322.5641,3295.1648,3329.8168,-0.9763,-0.0704,-0.1272,-0.8823,-0.0598,0.2168,1,1,1,1,1,13.1,61.0,
2026-07-23 18:40:07.298,0.1218,0.152,0.1267,0.149,0.4611,0.3449,0.3587,0.4081,0.207,0.1738,0.164,0.2163,0.1881,0.2604,0.2784,0.2011,0.0219,0.069,0.0723,0.0255,3320.5495,3298.7912,3316.9231,3320.9524,-0.9802,-0.0745,-0.1251,-1.0243,-0.4486,0.1869,1,1,1,1,1,13.1,60.8,
2026-07-23 18:40:08.321,0.1372,0.1409,0.1297,0.1624,0.4731,0.3551,0.3533,0.423,0.1982,0.1678,0.1643,0.2108,0.1603,0.2598,0.277,0.168,0.0312,0.0765,0.0756,0.0358,3297.9853,3310.4762,3320.1465,3332.2344,-0.9764,-0.0704,-0.1288,-1.0393,0.172,0.3738,1,1,1,1,1,13.1,60.7,
2026-07-23 18:40:09.332,0.1584,0.1452,0.1321,0.1804,0.4663,0.3396,0.3436,0.4322,0.1833,0.1619,0.1634,0.1944,0.1557,0.2723,0.2799,0.1526,0.0362,0.0809,0.081,0.0405,3284.6886,3318.1319,3326.1905,3334.2491,-0.9736,-0.0643,-0.1211,-0.9645,-0.1122,0.1944,1,1,1,1,1,13.1,60.7,
2026-07-23 18:40:10.354,0.1517,0.1468,0.1502,0.1919,0.4544,0.3201,0.3517,0.4343,0.1921,0.1656,0.1541,0.1742,0.1609,0.2874,0.2669,0.1559,0.0409,0.0801,0.077,0.0438,3309.2674,3298.3883,3317.7289,3285.4945,-0.9747,-0.0665,-0.1217,-0.9346,0.0224,0.1271,1,1,1,1,1,13.1,60.9,
2026-07-23 18:40:11.373,0.1421,0.1498,0.1582,0.1413,0.431,0.2865,0.3465,0.4493,0.201,0.1823,0.1557,0.1889,0.1824,0.2997,0.2612,0.1746,0.0436,0.0816,0.0784,0.046,3329.4139,3322.1612,3301.6117,3286.3004,-0.9777,-0.0704,-0.1266,-1.0542,-0.1794,0.1271,1,1,1,1,1,13.1,61.3,
2026-07-23 18:40:12.390,0.1289,0.1426,0.1639,0.1337,0.3952,0.2813,0.3355,0.4309,0.2039,0.1861,0.1503,0.1754,0.2301,0.3083,0.2763,0.213,0.042,0.0816,0.0741,0.047,3288.315,3336.2637,3337.0696,3325.7875,-0.9771,-0.0751,-0.1266,-1.0094,0.1944,0.2617,1,1,1,1,1,13.1,61.8,
2026-07-23 18:40:13.407,0.1003,0.127,0.166,0.1072,0.3464,0.2625,0.3136,0.4063,0.2508,0.1945,0.1614,0.195,0.2694,0.3269,0.2851,0.2505,0.033,0.089,0.0738,0.0409,3331.4286,3319.3407,3273.8095,3281.0623,-0.9772,-0.0752,-0.1267,-1.0767,0.1421,0.5009,1,1,1,1,1,13.1,62.2,
2026-07-23 18:40:14.429,0.0628,0.1233,0.1474,0.0857,0.3172,0.2361,0.2985,0.3412,0.3156,0.2301,0.166,0.2126,0.2779,0.3259,0.3168,0.3242,0.0264,0.0846,0.0713,0.0363,3258.4982,3299.1941,3322.967,3271.3919,-0.9721,-0.0627,-0.1282,-0.9795,-0.3738,0.0449,1,1,1,1,1,13.1,62.7,
2026-07-23 18:40:15.449,0.0508,0.1363,0.1438,0.0712,0.3121,0.2307,0.2989,0.2957,0.325,0.2359,0.1596,0.2341,0.2899,0.3202,0.3302,0.3677,0.0222,0.0769,0.0675,0.0313,3333.0403,3326.9963,3367.6923,3349.9634,-0.9739,-0.0687,-0.1215,-0.9496,-0.4785,-0.0299,1,1,1,1,1,13.1,63.3,
2026-07-23 18:40:16.464,0.0398,0.134,0.1514,0.0646,0.2873,0.2298,0.3037,0.2904,0.3299,0.2439,0.1572,0.2557,0.3257,0.3199,0.3257,0.3662,0.0173,0.0724,0.062,0.0231,3335.4579,3314.5055,3291.9414,3330.6227,-0.9745,-0.0642,-0.1319,-1.0916,-0.0,0.2617,1,1,1,1,1,13.1,63.9,
2026-07-23 18:40:17.478,0.0372,0.1339,0.1471,0.0603,0.2627,0.2208,0.2819,0.2628,0.34,0.2477,0.1622,0.2681,0.3419,0.3221,0.3453,0.3858,0.0182,0.0755,0.0635,0.023,3337.0696,3319.3407,3298.3883,3281.8681,-0.9728,-0.0655,-0.1238,-0.9271,-0.1196,0.2094,1,1,1,1,1,13.1,64.5,
2026-07-23 18:40:18.496,0.0327,0.1431,0.1425,0.0437,0.2539,0.1982,0.2459,0.248,0.3356,0.2443,0.1642,0.287,0.361,0.3396,0.3762,0.4014,0.0168,0.0749,0.0712,0.02,3357.619,3317.7289,3322.967,3325.3846,-0.9713,-0.0649,-0.1258,-0.972,-0.2542,0.3888,1,1,1,1,1,13.1,64.8,
2026-07-23 18:40:19.506,0.0272,0.1232,0.1308,0.0445,0.2665,0.2147,0.2641,0.2369,0.3553,0.2501,0.1579,0.2947,0.3364,0.3367,0.3764,0.4056,0.0147,0.0754,0.0708,0.0183,3242.7839,3304.0293,3301.6117,3247.619,-0.9751,-0.0662,-0.1274,-0.972,-0.3439,0.0897,1,1,1,1,1,13.1,64.5,
2026-07-23 18:40:20.522,0.0313,0.1305,0.1328,0.0485,0.2846,0.2239,0.2552,0.2489,0.3452,0.2478,0.1812,0.3042,0.325,0.3222,0.3636,0.3821,0.0139,0.0755,0.0672,0.0162,3277.4359,3284.2857,3322.1612,3296.3736,-0.98,-0.0709,-0.1311,-0.9869,0.0523,0.3664,1,1,1,1,1,13.1,63.8,
2026-07-23 18:40:21.533,0.0374,0.1448,0.1364,0.0498,0.2925,0.2239,0.2494,0.2584,0.3355,0.2321,0.1868,0.2977,0.3195,0.3254,0.355,0.3778,0.0151,0.0737,0.0724,0.0163,3349.5604,3304.4322,3302.4176,3349.9634,-0.9721,-0.0668,-0.131,-1.0393,-0.1196,0.1869,1,1,1,1,1,13.1,62.9,
2026-07-23 18:40:22.561,0.0484,0.1518,0.1428,0.0536,0.288,0.2365,0.2497,0.2608,0.3275,0.2057,0.1805,0.3049,0.3206,0.3303,0.3503,0.3636,0.0155,0.0756,0.0766,0.017,3334.652,3308.4615,3328.6081,3327.3993,-0.9761,-0.0688,-0.1287,-0.9196,-0.1794,0.157,1,1,1,1,1,13.1,62.4,
2026-07-23 18:40:23.579,0.0527,0.1505,0.1515,0.058,0.2914,0.2261,0.2538,0.2811,0.3418,0.2302,0.1789,0.3008,0.2979,0.3131,0.3382,0.3437,0.0162,0.0802,0.0775,0.0164,3266.9597,3278.2418,3303.6264,3299.5971,-0.9745,-0.0707,-0.1259,-0.8897,-0.2916,0.0374,1,1,1,1,1,13.1,62.6,
2026-07-23 18:40:24.594,0.0527,0.15,0.1656,0.0529,0.3182,0.2218,0.228,0.2984,0.3465,0.2343,0.176,0.3064,0.2677,0.3086,0.3501,0.3277,0.0148,0.0854,0.0803,0.0146,3260.1099,3275.8242,3289.5238,3268.1685,-0.9762,-0.0657,-0.1268,-1.0767,0.157,0.3215,1,1,1,1,1,13.1,63.0,
2026-07-23 18:40:25.618,0.0639,0.1528,0.1786,0.0508,0.328,0.2276,0.2253,0.3106,0.3366,0.2261,0.175,0.3078,0.2581,0.3116,0.3391,0.3176,0.0135,0.082,0.0821,0.0132,3284.6886,3308.8645,3316.5201,3279.8535,-0.9747,-0.0652,-0.1315,-1.1066,0.0748,0.1421,1,1,1,1,1,13.1,63.5,
2026-07-23 18:40:26.631,0.0679,0.1385,0.1859,0.05,0.3463,0.2341,0.2259,0.328,0.337,0.2272,0.181,0.3055,0.2338,0.3075,0.3222,0.3027,0.0149,0.0928,0.0849,0.0137,3287.1062,3296.7766,3292.7473,3279.0476,-0.977,-0.0676,-0.1293,-0.972,-0.1122,0.2168,1,1,1,1,1,13.1,63.9,
2026-07-23 18:40:27.651,0.0745,0.1472,0.1957,0.0448,0.36,0.2233,0.2249,0.3637,0.3114,0.2192,0.1849,0.3083,0.2373,0.3152,0.3134,0.2696,0.0169,0.095,0.081,0.0136,3332.2344,3321.3553,3306.4469,3314.9084,-0.973,-0.0666,-0.131,-1.0094,-0.1122,0.2318,1,1,1,1,1,13.1,64.2,
2026-07-23 18:40:28.673,0.0723,0.1581,0.1935,0.0428,0.3604,0.2154,0.2279,0.381,0.3195,0.214,0.1721,0.3094,0.2295,0.3185,0.3224,0.253,0.0183,0.094,0.0841,0.0138,3289.1209,3324.1758,3299.1941,3277.033,-0.9749,-0.0711,-0.1303,-0.8299,0.1645,-0.0822,1,1,1,1,1,13.1,64.4,
2026-07-23 18:40:29.681,0.0707,0.1478,0.1868,0.0441,0.3539,0.2142,0.2458,0.384,0.3202,0.2242,0.1614,0.3167,0.2361,0.3146,0.3258,0.2417,0.0191,0.0991,0.0803,0.0135,3347.1429,3318.9377,3315.7143,3328.6081,-0.9718,-0.0675,-0.1255,-1.0094,-0.2467,0.2841,1,1,1,1,1,13.1,64.5,
2026-07-23 18:40:30.696,0.0699,0.1421,0.1794,0.0445,0.3458,0.197,0.251,0.3987,0.3277,0.2237,0.1581,0.3124,0.2355,0.3276,0.3303,0.2312,0.0211,0.1096,0.0812,0.0132,3281.0623,3297.9853,3335.0549,3293.956,-0.9758,-0.0701,-0.1358,-1.0243,-0.0598,0.2692,1,1,1,1,1,13.1,64.6,
2026-07-23 18:40:31.710,0.0634,0.1197,0.1602,0.0443,0.3561,0.2031,0.2698,0.3905,0.3137,0.1948,0.1662,0.3179,0.2468,0.369,0.3214,0.235,0.02,0.1134,0.0824,0.0123,3268.5714,3316.1172,3280.6593,3295.1648,-0.9771,-0.066,-0.1321,-1.0542,-0.0523,0.4037,1,1,1,1,1,13.1,64.4,
2026-07-23 18:40:32.731,0.0675,0.1146,0.1265,0.0448,0.349,0.2179,0.2902,0.3848,0.3467,0.1914,0.174,0.3491,0.2179,0.3638,0.3278,0.2095,0.0188,0.1123,0.0816,0.0118,3337.4725,3319.7436,3299.1941,3318.9377,-0.9769,-0.0685,-0.1321,-0.9645,-0.0972,0.2094,1,1,1,1,1,13.1,64.3,
2026-07-23 18:40:33.738,0.0502,0.1237,0.1239,0.0435,0.3348,0.2374,0.3106,0.3761,0.3513,0.2019,0.1954,0.3649,0.2475,0.3295,0.3046,0.2049,0.0163,0.1076,0.0655,0.0106,3369.304,3297.1795,3300.4029,3309.2674,-0.9782,-0.0683,-0.1265,-1.0019,0.0523,0.2766,1,1,1,1,1,13.0,64.6,
2026-07-23 18:40:34.754,0.0478,0.14,0.1134,0.0389,0.3339,0.2443,0.3267,0.3746,0.3599,0.2,0.1996,0.3824,0.2426,0.3138,0.3023,0.1936,0.0159,0.1019,0.058,0.0105,3287.1062,3315.7143,3300.8059,3299.5971,-0.9763,-0.0738,-0.1331,-0.9421,0.3514,0.5234,1,1,1,1,1,13.0,65.3,
2026-07-23 18:40:35.767,0.0498,0.1561,0.1112,0.0377,0.3259,0.2467,0.3144,0.3766,0.3785,0.1942,0.2075,0.3909,0.2294,0.3024,0.3059,0.1836,0.0164,0.1005,0.0611,0.0112,3297.1795,3334.652,3294.7619,3250.8425,-0.9758,-0.071,-0.1291,-0.7851,-0.0897,-0.1047,1,1,1,1,1,13.0,66.2,
2026-07-23 18:40:36.778,0.0508,0.1433,0.1162,0.0368,0.3181,0.255,0.3131,0.3872,0.4073,0.2135,0.205,0.3963,0.208,0.2899,0.3058,0.1689,0.0158,0.0983,0.0599,0.0108,3300.8059,3321.3553,3326.9963,3327.3993,-0.9729,-0.0699,-0.127,-0.9869,-0.0449,0.2841,1,1,1,1,1,13.0,67.1,
2026-07-23 18:40:37.797,0.0469,0.1504,0.1085,0.0329,0.3235,0.2592,0.309,0.4003,0.4095,0.2072,0.2215,0.4076,0.2047,0.2917,0.3017,0.1489,0.0153,0.0915,0.0592,0.0102,3342.7106,3311.2821,3328.6081,3364.8718,-0.9778,-0.0714,-0.131,-0.972,0.2318,0.1122,1,1,1,1,1,13.0,67.7,
2026-07-23 18:40:38.808,0.0482,0.1455,0.1158,0.0298,0.319,0.2646,0.315,0.4107,0.4103,0.2145,0.2282,0.4219,0.2067,0.2908,0.2854,0.1285,0.0159,0.0847,0.0556,0.0092,3276.2271,3297.1795,3314.9084,3349.5604,-0.9776,-0.0718,-0.1309,-1.0243,0.0449,0.3065,1,1,1,1,1,13.0,67.8,
2026-07-23 18:40:39.828,0.0525,0.1572,0.1192,0.0324,0.3135,0.2665,0.2964,0.4184,0.4095,0.2109,0.2339,0.4228,0.2081,0.2814,0.2967,0.1176,0.0163,0.084,0.0538,0.0088,3298.7912,3306.8498,3320.1465,3291.9414,-0.9748,-0.0689,-0.1272,-0.957,-0.2094,0.3439,1,1,1,1,1,13.0,67.5,
2026-07-23 18:40:40.848,0.047,0.1703,0.122,0.0336,0.3207,0.2628,0.3013,0.4383,0.4024,0.2006,0.2367,0.3986,0.2125,0.2836,0.2865,0.1198,0.0173,0.0827,0.0535,0.0096,3297.5824,3307.6557,3307.2527,3304.8352,-0.975,-0.0696,-0.1271,-0.9869,-0.2617,0.1346,1,1,1,1,1,13.0,67.2,
2026-07-23 18:40:41.864,0.0531,0.173,0.1294,0.0372,0.3323,0.2501,0.2989,0.449,0.4105,0.1919,0.2138,0.3918,0.1849,0.2942,0.2899,0.1118,0.0192,0.0908,0.0681,0.0103,3328.2051,3309.6703,3287.5092,3289.5238,-0.9763,-0.0626,-0.1379,-0.9645,-0.0224,0.6729,1,1,1,1,1,13.0,66.9,
2026-07-23 18:40:42.897,0.0585,0.1699,0.1344,0.0398,0.3204,0.2577,0.2953,0.4441,0.4174,0.1955,0.2074,0.3893,0.1857,0.2897,0.2899,0.1158,0.018,0.0872,0.073,0.011,3271.7949,3314.5055,3305.641,3246.4103,-0.977,-0.0748,-0.137,-1.0692,-0.0,0.1869,1,1,1,1,1,13.0,66.9,
2026-07-23 18:40:43.915,0.0551,0.1536,0.1449,0.0499,0.3493,0.258,0.3047,0.4525,0.3872,0.1926,0.1798,0.3575,0.1915,0.3069,0.2992,0.1294,0.0169,0.0889,0.0715,0.0106,3320.5495,3322.5641,3304.0293,3318.5348,-0.9782,-0.0733,-0.1277,-0.8897,-0.0,0.0299,1,1,1,1,1,13.0,67.0,
2026-07-23 18:40:44.936,0.0606,0.1669,0.1548,0.0567,0.3729,0.2603,0.3093,0.448,0.3461,0.1699,0.1701,0.3451,0.2017,0.3053,0.2911,0.1382,0.0188,0.0975,0.0747,0.0119,3308.8645,3311.685,3302.0147,3294.359,-0.9767,-0.0709,-0.1279,-1.0318,0.0598,0.2991,1,1,1,1,1,13.0,67.6,
2026-07-23 18:40:45.949,0.0636,0.1614,0.1643,0.0668,0.3861,0.2901,0.3127,0.4335,0.3328,0.1697,0.1589,0.3319,0.1978,0.2818,0.2911,0.1545,0.0197,0.097,0.073,0.0133,3372.5275,3364.4689,3283.8828,3289.1209,-0.9749,-0.0704,-0.1291,-1.0318,-0.1794,0.2393,1,1,1,1,1,13.0,68.1,
2026-07-23 18:40:46.971,0.0554,0.166,0.1692,0.0836,0.3996,0.3144,0.3097,0.4206,0.3296,0.1627,0.1506,0.2921,0.1974,0.2629,0.2956,0.1876,0.018,0.0939,0.0749,0.0161,3303.6264,3331.8315,3323.37,3291.9414,-0.9766,-0.0653,-0.1313,-0.9795,-0.0897,0.2168,1,1,1,1,1,13.0,68.5,
2026-07-23 18:40:47.977,0.0536,0.1531,0.171,0.0821,0.3921,0.3152,0.3411,0.439,0.3377,0.1808,0.1545,0.284,0.197,0.2538,0.2627,0.1782,0.0197,0.0971,0.0707,0.0167,3359.6337,3336.6667,3286.3004,3279.8535,-0.9727,-0.0676,-0.1305,-0.9795,-0.2467,0.157,1,1,1,1,1,13.0,68.6,
2026-07-23 18:40:49.008,0.0623,0.1452,0.1654,0.0815,0.3792,0.3125,0.3429,0.4201,0.3319,0.1868,0.1515,0.3006,0.2055,0.2548,0.2692,0.1802,0.0211,0.1007,0.071,0.0176,3360.4396,3306.8498,3301.2088,3343.9194,-0.9765,-0.0732,-0.1344,-1.0243,0.2991,0.3365,1,1,1,1,1,13.0,68.5,
2026-07-23 18:40:50.034,0.0594,0.147,0.1567,0.0819,0.3806,0.3068,0.3246,0.4307,0.3503,0.1832,0.1621,0.2915,0.189,0.2607,0.2909,0.1777,0.0207,0.1024,0.0657,0.0182,3313.2967,3287.1062,3281.4652,3305.641,-0.9725,-0.0674,-0.1335,-0.8823,-0.2393,-0.1271,1,1,1,1,1,13.0,67.7,
2026-07-23 18:40:51.048,0.0548,0.1689,0.1602,0.0811,0.4217,0.2988,0.3138,0.4593,0.3403,0.1761,0.1675,0.2839,0.1603,0.2544,0.2949,0.1587,0.023,0.1018,0.0636,0.017,3348.7546,3316.1172,3283.4799,3314.5055,-0.9753,-0.0677,-0.1262,-0.9346,-0.2318,0.4187,1,1,1,1,1,13.0,66.8,
2026-07-23 18:40:52.085,0.0596,0.1907,0.1619,0.072,0.3976,0.2972,0.3195,0.4448,0.3598,0.1743,0.183,0.3114,0.1593,0.2391,0.276,0.1538,0.0238,0.0987,0.0596,0.0179,3270.5861,3321.3553,3286.3004,3313.6996,-0.9724,-0.0717,-0.1324,-0.9645,-0.0299,0.1421,1,1,1,1,1,13.0,66.1,
2026-07-23 18:40:53.109,0.0569,0.2047,0.1601,0.0678,0.3778,0.2757,0.3181,0.4469,0.3767,0.1706,0.1944,0.3083,0.1643,0.2543,0.2679,0.1573,0.0244,0.0947,0.0596,0.0196,3271.7949,3322.967,3294.359,3224.652,-0.9772,-0.0685,-0.1296,-1.0542,-0.2243,0.2542,1,1,1,1,1,13.0,65.9,
2026-07-23 18:40:54.156,0.0689,0.2245,0.1568,0.0688,0.3587,0.2604,0.3224,0.465,0.3757,0.163,0.1938,0.2976,0.1725,0.2576,0.265,0.1483,0.0241,0.0944,0.062,0.0204,3310.4762,3305.2381,3314.1026,3324.9817,-0.9748,-0.0695,-0.1296,-0.8972,-0.0748,0.3514,1,1,1,1,1,13.0,66.1,
2026-07-23 18:40:55.180,0.0762,0.2261,0.1399,0.057,0.3542,0.2436,0.3207,0.4922,0.3727,0.1601,0.228,0.3079,0.1728,0.2725,0.248,0.1242,0.0242,0.0977,0.0633,0.0187,3273.0037,3285.8974,3304.8352,3328.6081,-0.9755,-0.0737,-0.1317,-0.9869,0.2841,0.1794,1,1,1,1,1,13.0,66.5,
2026-07-23 18:40:56.222,0.0709,0.2403,0.1457,0.0609,0.3741,0.2508,0.2988,0.4893,0.3577,0.143,0.2224,0.3058,0.1746,0.2729,0.2661,0.1248,0.0227,0.0931,0.067,0.0193,3351.5751,3329.8168,3336.2637,3343.9194,-0.9757,-0.0745,-0.1284,-0.8823,-0.2393,-0.0299,1,1,1,1,1,13.0,67.0,
2026-07-23 18:40:57.261,0.0622,0.2383,0.1604,0.0613,0.3722,0.2617,0.2983,0.4889,0.3687,0.1401,0.222,0.3066,0.1747,0.2737,0.2549,0.1258,0.0221,0.0862,0.0645,0.0174,3318.9377,3300.0,3299.5971,3251.2454,-0.9716,-0.0738,-0.1308,-1.0318,0.1645,0.0673,1,1,1,1,1,13.0,67.5,
2026-07-23 18:40:58.293,0.0695,0.229,0.1584,0.0583,0.3801,0.2636,0.3064,0.4937,0.3412,0.1467,0.2312,0.3026,0.1864,0.2693,0.2373,0.1282,0.0228,0.0915,0.0667,0.0171,3322.5641,3318.5348,3294.7619,3329.011,-0.9763,-0.0707,-0.1349,-0.9122,-0.2467,0.3439,1,1,1,1,1,13.0,67.4,
2026-07-23 18:40:59.323,0.087,0.186,0.1543,0.0596,0.3565,0.2538,0.2992,0.4818,0.3196,0.1607,0.2404,0.3035,0.2149,0.2936,0.2372,0.1382,0.022,0.1059,0.0689,0.0168,3271.7949,3324.5788,3325.3846,3329.011,-0.9758,-0.0721,-0.1312,-0.8673,0.0673,0.2617,1,1,1,1,1,13.0,66.9,
2026-07-23 18:41:00.336,0.0742,0.1639,0.1405,0.0682,0.3768,0.2658,0.3021,0.4844,0.3093,0.1701,0.2462,0.2941,0.2195,0.297,0.2416,0.1367,0.0202,0.1032,0.0696,0.0166,3310.8791,3320.1465,3306.8498,3307.6557,-0.9752,-0.0709,-0.13,-1.0393,0.0523,0.2617,1,1,1,1,1,13.0,66.1,
2026-07-23 18:41:01.345,0.0687,0.1329,0.1342,0.0649,0.4084,0.2976,0.3012,0.492,0.2831,0.1844,0.251,0.2887,0.2232,0.2905,0.242,0.1396,0.0166,0.0945,0.0716,0.0149,3271.3919,3333.4432,3291.5385,3246.8132,-0.9772,-0.0748,-0.1284,-0.8748,-0.2916,0.157,1,1,1,1,1,13.0,65.4,
2026-07-23 18:41:02.360,0.0526,0.1299,0.1545,0.0572,0.4193,0.2999,0.283,0.481,0.2838,0.1874,0.2524,0.2968,0.2267,0.2855,0.2378,0.15,0.0175,0.0973,0.0723,0.015,3283.4799,3307.2527,3339.8901,3305.2381,-0.9789,-0.0715,-0.1295,-0.9944,-0.0374,0.2168,1,1,1,1,1,13.0,65.0,
2026-07-23 18:41:03.376,0.0491,0.126,0.1523,0.0568,0.4177,0.302,0.2981,0.4675,0.2733,0.1824,0.233,0.2865,0.2401,0.2916,0.2488,0.1739,0.0197,0.098,0.0678,0.0153,3304.0293,3316.5201,3326.9963,3349.5604,-0.9744,-0.0735,-0.1292,-1.0542,0.172,0.0748,1,1,1,1,1,13.0,65.0,
2026-07-23 18:41:04.398,0.0574,0.1294,0.15,0.0527,0.423,0.2977,0.3091,0.4627,0.2712,0.1888,0.2263,0.2896,0.2294,0.2871,0.2472,0.1799,0.0191,0.097,0.0672,0.0151,3346.7399,3345.9341,3299.1941,3324.9817,-0.9778,-0.0645,-0.1317,-0.9496,0.157,0.5458,1,1,1,1,1,13.0,65.2,
2026-07-23 18:41:05.407,0.065,0.1271,0.1449,0.0576,0.4295,0.2893,0.3068,0.4576,0.2558,0.1999,0.2354,0.288,0.2301,0.2869,0.2473,0.1802,0.0195,0.0969,0.0656,0.0167,3321.3553,3288.315,3316.5201,3299.1941,-0.9752,-0.0614,-0.1317,-0.972,-0.4935,0.4935,1,1,1,1,1,13.0,65.6,
2026-07-23 18:41:06.419,0.0672,0.1393,0.1614,0.0602,0.4384,0.2953,0.318,0.4748,0.2434,0.1894,0.2128,0.2688,0.2296,0.2884,0.2468,0.1775,0.0213,0.0875,0.0611,0.0188,3276.2271,3312.8938,3309.2674,3316.1172,-0.9811,-0.074,-0.1282,-0.9271,0.1122,0.0748,1,1,1,1,1,13.0,65.9,
2026-07-23 18:41:07.433,0.0688,0.1507,0.1761,0.0647,0.4265,0.3053,0.3268,0.4724,0.2587,0.1799,0.1951,0.2601,0.2246,0.2866,0.2376,0.1809,0.0214,0.0775,0.0643,0.0219,3295.5678,3291.1355,3314.1026,3295.1648,-0.9765,-0.0671,-0.1303,-1.0168,-0.314,0.3813,1,1,1,1,1,13.0,65.9,
2026-07-23 18:41:08.467,0.0868,0.176,0.2048,0.0611,0.4155,0.3069,0.3129,0.4722,0.2581,0.1801,0.1762,0.2627,0.2156,0.2624,0.2433,0.181,0.024,0.0746,0.0627,0.023,3326.1905,3316.9231,3292.3443,3293.1502,-0.9719,-0.0735,-0.1335,-0.9421,0.2916,0.1346,1,1,1,1,1,13.0,65.6,
2026-07-23 18:41:09.487,0.0951,0.185,0.2119,0.0621,0.4027,0.2955,0.314,0.484,0.2849,0.1824,0.1692,0.2705,0.1896,0.2552,0.2444,0.1602,0.0278,0.0818,0.0605,0.0232,3276.2271,3296.7766,3321.7582,3304.0293,-0.976,-0.0737,-0.1341,-0.9421,-0.0598,0.2094,1,1,1,1,1,13.0,65.1,
2026-07-23 18:41:10.498,0.0983,0.1797,0.2088,0.0674,0.4292,0.2959,0.3289,0.5064,0.281,0.1886,0.1533,0.2557,0.1636,0.2585,0.2498,0.1457,0.0279,0.0773,0.0592,0.0247,3345.5311,3329.4139,3291.9414,3329.4139,-0.9766,-0.0702,-0.1272,-1.0094,-0.0,0.1944,1,1,1,1,1,13.0,64.6,
2026-07-23 18:41:11.523,0.1057,0.1804,0.2386,0.0834,0.4231,0.2944,0.3239,0.4985,0.2812,0.1966,0.1292,0.2466,0.1614,0.2537,0.2484,0.1415,0.0285,0.075,0.0599,0.03,3318.5348,3309.2674,3309.2674,3302.0147,-0.9774,-0.072,-0.1328,-1.0094,-0.2991,0.2916,1,1,1,1,1,12.9,64.2,
2026-07-23 18:41:12.535,0.1017,0.1675,0.2344,0.0916,0.4038,0.2931,0.3444,0.5109,0.2925,0.1921,0.1271,0.2295,0.1715,0.2727,0.2347,0.1377,0.0305,0.0747,0.0594,0.0303,3311.685,3300.4029,3343.1136,3302.8205,-0.9764,-0.0687,-0.13,-0.9496,-0.1346,0.157,1,1,1,1,1,12.9,64.1,
2026-07-23 18:41:13.549,0.0955,0.1652,0.2276,0.0852,0.3928,0.2815,0.352,0.5061,0.3099,0.181,0.1133,0.247,0.1712,0.2959,0.2464,0.1314,0.0307,0.0764,0.0608,0.0303,3310.8791,3317.7289,3321.7582,3332.6374,-0.9753,-0.0693,-0.1306,-0.9496,-0.3888,0.0673,1,1,1,1,1,12.9,64.4,
2026-07-23 18:41:14.560,0.1013,0.1598,0.2086,0.0817,0.3557,0.2673,0.3317,0.451,0.3327,0.1838,0.1239,0.2923,0.181,0.3132,0.2764,0.1477,0.0294,0.0759,0.0594,0.0273,3314.1026,3337.8755,3285.4945,3266.5568,-0.9779,-0.0735,-0.129,-1.0468,0.1346,0.3439,1,1,1,1,1,12.9,64.8,
2026-07-23 18:41:15.577,0.0925,0.1592,0.211,0.0808,0.3635,0.2557,0.3126,0.4529,0.3254,0.1907,0.1323,0.3011,0.1871,0.3166,0.2866,0.1381,0.0315,0.0778,0.0574,0.0271,3324.1758,3316.5201,3295.9707,3320.9524,-0.9727,-0.0663,-0.1277,-1.0019,-0.2916,0.1047,1,1,1,1,1,12.9,65.3,
2026-07-23 18:41:16.599,0.0982,0.1736,0.1931,0.0729,0.3621,0.2343,0.3385,0.4375,0.3009,0.1747,0.1422,0.3141,0.2048,0.3412,0.2677,0.1491,0.034,0.0762,0.0585,0.0263,3325.3846,3297.1795,3316.5201,3298.3883,-0.977,-0.0648,-0.1295,-0.9944,-0.0897,0.4561,1,1,1,1,1,12.9,65.5,
2026-07-23 18:41:17.610,0.0915,0.1668,0.1802,0.0736,0.2923,0.2121,0.333,0.3622,0.2867,0.176,0.1591,0.3193,0.2961,0.3788,0.2738,0.2191,0.0335,0.0663,0.054,0.0258,3260.9158,3310.8791,3300.0,3273.0037,-0.9743,-0.0717,-0.1208,-0.8,-0.2318,-0.172,1,1,1,1,1,12.9,65.3,
2026-07-23 18:41:18.620,0.0769,0.1421,0.1592,0.0625,0.2844,0.2288,0.3536,0.3241,0.2833,0.177,0.1781,0.3146,0.3297,0.3907,0.2603,0.2775,0.0258,0.0614,0.0488,0.0212,3291.1355,3297.1795,3300.0,3275.8242,-0.9727,-0.0666,-0.1274,-1.0094,-0.1122,0.2542,1,1,1,1,1,12.9,64.7,
2026-07-23 18:41:19.633,0.0682,0.1446,0.1354,0.0421,0.3125,0.2308,0.3443,0.3658,0.2706,0.1646,0.1996,0.3078,0.3224,0.3988,0.2701,0.2652,0.0263,0.0612,0.0506,0.0191,3341.0989,3305.641,3337.4725,3365.2747,-0.9806,-0.0767,-0.1235,-0.9421,0.0075,0.1495,1,1,1,1,1,12.9,64.0,
2026-07-23 18:41:20.650,0.0668,0.1657,0.1323,0.0431,0.3171,0.2409,0.3317,0.3375,0.2619,0.1595,0.2059,0.3149,0.3269,0.3735,0.2799,0.2847,0.0273,0.0604,0.0502,0.0198,3321.7582,3332.2344,3331.0256,3329.011,-0.9731,-0.0705,-0.131,-1.0019,-0.015,0.2094,1,1,1,1,1,12.9,63.5,
2026-07-23 18:41:21.664,0.0621,0.1677,0.1239,0.0487,0.3271,0.2627,0.324,0.3422,0.2637,0.163,0.2242,0.316,0.3217,0.3497,0.2776,0.2743,0.0254,0.057,0.0504,0.0188,3281.4652,3316.9231,3327.8022,3326.5934,-0.9759,-0.071,-0.1237,-0.9496,-0.1122,0.2991,1,1,1,1,1,12.9,63.3,
2026-07-23 18:41:22.680,0.0434,0.1665,0.1226,0.0473,0.3415,0.2695,0.3266,0.3595,0.2862,0.1668,0.2242,0.3083,0.3063,0.3444,0.2746,0.2665,0.0226,0.0528,0.052,0.0183,3219.4139,3293.5531,3324.5788,3248.8278,-0.9739,-0.0734,-0.1276,-0.9421,-0.0523,0.2019,1,1,1,1,1,12.9,63.5,
2026-07-23 18:41:23.686,0.0397,0.1509,0.1027,0.0403,0.3846,0.2727,0.3197,0.367,0.3222,0.1743,0.2366,0.3173,0.2381,0.3507,0.2895,0.2593,0.0153,0.0514,0.0515,0.0161,3295.9707,3307.2527,3324.1758,3302.8205,-0.9771,-0.0724,-0.1314,-1.0468,-0.2019,0.2916,1,1,1,1,1,12.9,63.8,
2026-07-23 18:41:24.701,0.0356,0.1253,0.0977,0.0401,0.4006,0.279,0.3033,0.3781,0.3174,0.1793,0.2401,0.2952,0.2321,0.3594,0.3021,0.2707,0.0144,0.057,0.0568,0.0159,3331.0256,3334.2491,3310.8791,3267.7656,-0.9744,-0.0695,-0.1316,-0.9645,-0.5533,0.1047,1,1,1,1,1,12.9,64.1,
2026-07-23 18:41:25.728,0.0394,0.1367,0.1019,0.0369,0.4065,0.3098,0.314,0.4009,0.33,0.1677,0.2447,0.3033,0.21,0.3255,0.2846,0.2434,0.0141,0.0604,0.0547,0.0155,3294.359,3322.5641,3311.2821,3241.1722,-0.9715,-0.0727,-0.1359,-1.0692,0.2393,0.2393,1,1,1,1,1,12.9,64.3,
2026-07-23 18:41:26.738,0.0396,0.1454,0.1164,0.0436,0.4048,0.3051,0.2904,0.4182,0.35,0.1771,0.2369,0.3104,0.192,0.3121,0.3025,0.2129,0.0137,0.0603,0.0538,0.0149,3341.9048,3326.9963,3309.2674,3347.1429,-0.9714,-0.0633,-0.1206,-1.0468,-0.5533,0.1794,1,1,1,1,1,12.9,64.6,
2026-07-23 18:41:27.753,0.0434,0.1769,0.133,0.0522,0.3962,0.2885,0.2831,0.3976,0.3584,0.179,0.2468,0.3292,0.1899,0.2985,0.2871,0.2077,0.0122,0.0571,0.0499,0.0133,3281.4652,3321.7582,3317.326,3264.9451,-0.9803,-0.0728,-0.1371,-1.1066,0.0748,0.0897,1,1,1,1,1,12.9,65.0,
2026-07-23 18:41:28.774,0.0438,0.1743,0.1329,0.0472,0.3954,0.2996,0.2892,0.4021,0.3734,0.1775,0.2592,0.3452,0.1768,0.2927,0.2679,0.1934,0.0105,0.0559,0.0509,0.0121,3288.7179,3299.1941,3310.8791,3301.6117,-0.9775,-0.0685,-0.1331,-1.0318,-0.0897,0.2991,1,1,1,1,1,12.9,65.4,
2026-07-23 18:41:29.790,0.0446,0.1749,0.1408,0.0457,0.3994,0.2961,0.2909,0.3979,0.3807,0.1777,0.2493,0.3484,0.1652,0.2918,0.2667,0.196,0.0101,0.0594,0.0523,0.012,3277.4359,3310.0733,3282.2711,3281.4652,-0.9792,-0.0767,-0.1354,-1.0393,-0.0449,0.1944,1,1,1,1,1,12.9,65.6,
2026-07-23 18:41:30.801,0.0558,0.1867,0.1434,0.0527,0.4002,0.3008,0.3101,0.4039,0.3699,0.1738,0.2353,0.3426,0.163,0.2752,0.261,0.1894,0.0111,0.0635,0.0501,0.0114,3370.1099,3328.2051,3306.4469,3335.4579,-0.977,-0.0713,-0.1365,-1.1215,0.1495,0.1869,1,1,1,1,1,12.9,65.4,
2026-07-23 18:41:31.817,0.0644,0.2037,0.1462,0.059,0.3547,0.2892,0.3224,0.3968,0.3592,0.1709,0.2338,0.3336,0.2055,0.2685,0.2485,0.1985,0.0162,0.0677,0.0491,0.0121,3293.1502,3293.956,3345.1282,3357.2161,-0.9733,-0.0695,-0.1334,-1.0243,-0.157,0.2542,1,1,1,1,1,12.9,64.9,
2026-07-23 18:41:32.832,0.0699,0.2133,0.1508,0.0657,0.3478,0.2936,0.3234,0.3816,0.3589,0.1785,0.2382,0.3493,0.207,0.2523,0.2419,0.1906,0.0165,0.0623,0.0457,0.0128,3300.8059,3333.4432,3266.1538,3288.315,-0.9769,-0.0695,-0.1282,-1.0318,0.0374,0.2916,1,1,1,1,1,12.9,63.9,
2026-07-23 18:41:33.852,0.077,0.2244,0.1577,0.0858,0.3751,0.2758,0.3267,0.376,0.3378,0.1754,0.2112,0.3426,0.1913,0.2613,0.2545,0.1823,0.0189,0.0631,0.05,0.0132,3349.5604,3352.7839,3308.4615,3326.1905,-0.9738,-0.0673,-0.1292,-0.9645,-0.2243,0.0075,1,1,1,1,1,12.9,61.8,
2026-07-23 18:41:34.865,0.0903,0.2441,0.1559,0.0959,0.3822,0.2751,0.3219,0.3564,0.3187,0.1676,0.2126,0.3386,0.1865,0.2462,0.2531,0.1932,0.0221,0.0669,0.0565,0.0159,3347.1429,3319.7436,3313.6996,3291.5385,-0.9747,-0.071,-0.1219,-0.9869,0.0972,0.0598,1,1,1,1,1,12.9,60.4,
2026-07-23 18:41:35.883,0.0856,0.2007,0.174,0.1199,0.3762,0.313,0.3276,0.3526,0.3375,0.1767,0.179,0.3068,0.179,0.243,0.2589,0.2017,0.0218,0.0666,0.0606,0.0189,3329.4139,3305.641,3314.1026,3309.2674,-0.9761,-0.0701,-0.1304,-0.9346,0.0897,0.0897,1,1,1,1,1,12.9,60.0,
2026-07-23 18:41:36.910,0.0964,0.2104,0.2059,0.1538,0.3704,0.2975,0.3129,0.3721,0.3261,0.1853,0.1611,0.2643,0.1833,0.2439,0.2603,0.1909,0.0237,0.0628,0.0599,0.0189,3310.0733,3305.2381,3290.7326,3308.4615,-0.9761,-0.0687,-0.1327,-0.9421,0.1122,0.1794,1,1,1,1,1,12.9,60.1,
2026-07-23 18:41:37.936,0.1112,0.2185,0.2139,0.1638,0.341,0.2866,0.3144,0.3818,0.3304,0.1805,0.1692,0.2417,0.1916,0.254,0.2449,0.1908,0.0258,0.0605,0.0575,0.0218,3308.8645,3316.5201,3317.7289,3302.8205,-0.9722,-0.0679,-0.1283,-0.9795,-0.3215,0.3813,1,1,1,1,1,12.9,60.3,
2026-07-23 18:41:38.959,0.1089,0.2257,0.2167,0.1761,0.3314,0.2885,0.3014,0.3517,0.3444,0.1706,0.1746,0.2434,0.1895,0.2594,0.2458,0.2039,0.0259,0.0558,0.0614,0.0249,3328.6081,3306.4469,3314.9084,3294.359,-0.9779,-0.0708,-0.1306,-1.0243,-0.2766,0.329,1,1,1,1,1,12.9,60.4,
2026-07-23 18:41:39.975,0.1204,0.2251,0.2283,0.1895,0.3193,0.2907,0.301,0.3353,0.3453,0.1721,0.1654,0.2553,0.1878,0.2584,0.2452,0.1939,0.0271,0.0536,0.0601,0.0261,3316.9231,3295.5678,3289.9267,3277.4359,-0.9754,-0.0638,-0.1263,-1.0841,-0.2766,0.1346,1,1,1,1,1,12.9,60.1,
2026-07-23 18:41:41.005,0.1288,0.2204,0.2142,0.1964,0.2817,0.2832,0.3073,0.3334,0.3766,0.1795,0.1607,0.2623,0.1838,0.2609,0.2557,0.1807,0.029,0.056,0.0621,0.0272,3257.2894,3294.7619,3302.4176,3264.1392,-0.9763,-0.0639,-0.1307,-0.9795,-0.015,0.1495,1,1,1,1,1,12.9,59.5,
2026-07-23 18:41:42.022,0.1485,0.2282,0.2261,0.2183,0.2714,0.2725,0.2885,0.326,0.3679,0.1835,0.1657,0.2572,0.1833,0.2549,0.2564,0.1697,0.029,0.0609,0.0633,0.0288,3325.3846,3323.37,3316.1172,3292.3443,-0.9753,-0.0698,-0.1249,-0.9645,-0.2692,0.3664,1,1,1,1,1,12.9,59.0,
2026-07-23 18:41:43.039,0.1876,0.2244,0.2291,0.2249,0.269,0.284,0.2882,0.3379,0.3183,0.1778,0.1749,0.2447,0.1933,0.2544,0.2472,0.1615,0.0318,0.0593,0.0606,0.031,3289.1209,3295.1648,3284.2857,3296.3736,-0.9752,-0.0697,-0.1268,-0.9795,-0.0449,0.2318,1,1,1,1,1,12.9,58.8,
2026-07-23 18:41:44.051,0.2104,0.2326,0.2102,0.2137,0.272,0.2679,0.2622,0.3283,0.2716,0.1807,0.1925,0.2449,0.2069,0.2575,0.271,0.1751,0.039,0.0614,0.0641,0.0381,3269.7802,3291.5385,3291.9414,3262.5275,-0.9728,-0.0683,-0.1327,-1.0019,0.0673,0.2094,1,1,1,1,1,12.9,59.2,
2026-07-23 18:41:45.064,0.1887,0.2095,0.184,0.1733,0.2792,0.2651,0.2568,0.3042,0.2422,0.1814,0.1845,0.2626,0.2503,0.2766,0.3055,0.2181,0.0396,0.0674,0.0692,0.0419,3303.2234,3314.5055,3310.0733,3262.5275,-0.975,-0.0663,-0.1287,-1.0243,0.0449,0.3215,1,1,1,1,1,12.9,59.7,
2026-07-23 18:41:46.077,0.1454,0.1749,0.1687,0.1503,0.2934,0.273,0.2621,0.2463,0.2829,0.2145,0.1962,0.3544,0.2469,0.2731,0.3051,0.2183,0.0314,0.0645,0.068,0.0307,3342.7106,3326.9963,3345.1282,3357.619,-0.9742,-0.0665,-0.1287,-1.0393,-0.0299,0.2542,1,1,1,1,1,12.9,60.2,
2026-07-23 18:41:47.086,0.1364,0.137,0.1589,0.1306,0.2604,0.2568,0.2422,0.2718,0.2887,0.2306,0.2033,0.3343,0.2806,0.3041,0.3311,0.2341,0.0339,0.0714,0.0645,0.0292,3241.1722,3308.8645,3287.9121,3243.9927,-0.9783,-0.0706,-0.1308,-0.9944,-0.0224,0.2542,1,1,1,1,1,12.9,60.5,
2026-07-23 18:41:48.100,0.1252,0.1387,0.1466,0.1023,0.268,0.2575,0.2572,0.3615,0.2793,0.233,0.2082,0.2889,0.2978,0.2986,0.3231,0.2242,0.0296,0.0722,0.065,0.0231,3270.1832,3324.5788,3326.5934,3300.0,-0.9736,-0.0676,-0.1243,-0.957,-0.1869,0.1047,1,1,1,1,1,12.9,60.8,
2026-07-23 18:41:49.118,0.1041,0.1225,0.1467,0.0909,0.31,0.2931,0.2584,0.3657,0.2742,0.2235,0.2311,0.2751,0.2857,0.2935,0.3047,0.2469,0.026,0.0674,0.059,0.0214,3255.2747,3318.5348,3335.4579,3278.2418,-0.9771,-0.0699,-0.1321,-1.0468,0.2542,0.3365,1,1,1,1,1,12.9,61.1,
2026-07-23 18:41:50.136,0.0889,0.1094,0.135,0.0746,0.3297,0.3023,0.2652,0.3767,0.2726,0.2241,0.2366,0.2719,0.2842,0.3013,0.3054,0.2563,0.0246,0.0629,0.0578,0.0204,3351.5751,3322.967,3337.4725,3375.348,-0.9738,-0.0675,-0.1303,-0.9645,-0.0299,0.2542,1,1,1,1,1,12.9,61.4,
2026-07-23 18:41:51.154,0.0677,0.1036,0.1224,0.0587,0.3072,0.2772,0.2516,0.3477,0.3015,0.2239,0.2311,0.2772,0.301,0.3329,0.3386,0.2986,0.0227,0.0623,0.0563,0.0178,3364.4689,3339.0842,3302.0147,3327.3993,-0.975,-0.0696,-0.1277,-0.9122,-0.1869,0.2094,1,1,1,1,1,12.9,61.6,
2026-07-23 18:41:52.195,0.0526,0.0898,0.1172,0.0484,0.331,0.279,0.2519,0.35,0.3197,0.2466,0.2441,0.2903,0.2788,0.3259,0.3349,0.2965,0.0179,0.0587,0.0518,0.0148,3339.0842,3311.685,3305.2381,3328.6081,-0.9751,-0.0722,-0.1302,-1.0243,-0.0374,0.1645,1,1,1,1,1,12.9,61.6,
2026-07-23 18:41:53.211,0.047,0.0993,0.1057,0.0431,0.318,0.2622,0.2543,0.356,0.3493,0.2612,0.2638,0.2981,0.2684,0.3197,0.3277,0.2892,0.0173,0.0576,0.0485,0.0135,3295.1648,3326.1905,3320.9524,3324.1758,-0.9749,-0.0685,-0.1285,-1.0767,-0.1944,0.2168,1,1,1,1,1,12.9,61.4,
2026-07-23 18:41:54.229,0.0471,0.1097,0.1063,0.0354,0.3193,0.2629,0.2506,0.3831,0.338,0.243,0.2531,0.2719,0.2774,0.3234,0.338,0.2951,0.0182,0.0611,0.0519,0.0146,3321.3553,3297.9853,3327.8022,3329.8168,-0.9762,-0.0663,-0.1321,-1.0318,-0.1346,0.5309,1,1,1,1,1,12.9,61.1,
2026-07-23 18:41:55.252,0.0418,0.1171,0.1093,0.0321,0.3392,0.2771,0.2698,0.3797,0.3528,0.2445,0.2396,0.2896,0.2505,0.3005,0.3271,0.2845,0.0158,0.0607,0.0542,0.0141,3341.0989,3300.8059,3312.0879,3332.6374,-0.9772,-0.0646,-0.1354,-0.8673,0.1346,0.5907,1,1,1,1,1,12.9,60.9,
2026-07-23 18:41:56.266,0.0331,0.1,0.1062,0.0346,0.3473,0.2725,0.2621,0.3478,0.3575,0.2566,0.2303,0.3128,0.2464,0.3131,0.3453,0.289,0.0157,0.0579,0.0561,0.0158,3335.0549,3332.2344,3315.7143,3344.3223,-0.9755,-0.0688,-0.1277,-0.7851,0.2467,0.4486,1,1,1,1,1,12.9,60.8,
2026-07-23 18:41:57.280,0.0443,0.1393,0.1021,0.0338,0.3191,0.2336,0.2617,0.3493,0.3587,0.253,0.2084,0.3203,0.2614,0.3135,0.3699,0.28,0.0165,0.0607,0.058,0.0165,3295.1648,3304.4322,3296.7766,3312.4908,-0.9758,-0.0677,-0.1315,-0.8524,0.1869,0.5009,1,1,1,1,1,12.9,61.0,
2026-07-23 18:41:58.311,0.0532,0.1396,0.1213,0.0532,0.3026,0.2451,0.267,0.3439,0.3581,0.2503,0.2009,0.3131,0.2694,0.3038,0.3551,0.2734,0.0167,0.0612,0.0557,0.0164,3322.5641,3313.6996,3327.3993,3358.8278,-0.9708,-0.0734,-0.1254,-0.8374,-0.0523,-0.0299,1,1,1,1,1,12.9,61.1,
2026-07-23 18:41:59.340,0.0601,0.144,0.1471,0.0685,0.3119,0.257,0.2776,0.3596,0.3536,0.2545,0.2049,0.33,0.257,0.2846,0.3142,0.2244,0.0173,0.0599,0.0562,0.0174,3316.1172,3316.5201,3303.2234,3289.9267,-0.9736,-0.0641,-0.1276,-0.8972,-0.3888,0.0598,1,1,1,1,1,12.9,61.0,
2026-07-23 18:42:00.345,0.0893,0.1595,0.1463,0.0855,0.2873,0.2569,0.3058,0.3714,0.3372,0.2254,0.1866,0.3144,0.2665,0.2942,0.3022,0.2098,0.0198,0.0641,0.0591,0.019,3275.0183,3308.0586,3318.1319,3282.674,-0.9725,-0.0651,-0.1268,-0.9122,-0.3813,-0.1196,1,1,1,1,1,12.9,60.6,
2026-07-23 18:42:01.350,0.1054,0.1554,0.1454,0.0986,0.3369,0.2839,0.3184,0.3812,0.2989,0.2172,0.1843,0.3081,0.2395,0.2809,0.2942,0.192,0.0193,0.0626,0.0576,0.0201,3302.0147,3308.0586,3305.641,3288.7179,-0.9741,-0.07,-0.1288,-1.0468,-0.0523,0.1196,1,1,1,1,1,12.9,60.3,
2026-07-23 18:42:02.365,0.1071,0.1542,0.1417,0.1052,0.3839,0.3188,0.3103,0.419,0.2678,0.2098,0.2033,0.2884,0.2218,0.2558,0.2877,0.1674,0.0194,0.0614,0.057,0.0201,3354.7985,3317.7289,3314.5055,3321.3553,-0.9734,-0.0649,-0.129,-1.0094,-0.2617,0.0822,1,1,1,1,1,12.9,60.0,
2026-07-23 18:42:03.385,0.1052,0.1481,0.1404,0.1079,0.3812,0.3097,0.2941,0.4084,0.2434,0.2179,0.2267,0.2714,0.2528,0.2683,0.281,0.1931,0.0174,0.0561,0.0578,0.0192,3286.7033,3295.9707,3335.8608,3326.9963,-0.9774,-0.0711,-0.1238,-0.957,-0.0374,0.1271,1,1,1,1,1,12.9,59.9,
2026-07-23 18:42:04.404,0.1099,0.1548,0.1525,0.1312,0.4173,0.3388,0.2859,0.3948,0.2227,0.204,0.2396,0.263,0.2337,0.2467,0.2675,0.1927,0.0164,0.0556,0.0545,0.0183,3269.3773,3311.685,3293.1502,3286.3004,-0.9766,-0.071,-0.1323,-1.0168,-0.015,0.2692,1,1,1,1,1,12.9,60.1,
2026-07-23 18:42:05.419,0.0992,0.1265,0.1787,0.1344,0.4309,0.3544,0.2831,0.4047,0.2311,0.2179,0.241,0.259,0.2222,0.2458,0.2439,0.183,0.0166,0.0553,0.0533,0.0188,3308.0586,3318.1319,3302.0147,3293.1502,-0.9758,-0.0685,-0.1275,-0.9047,-0.0299,0.1196,1,1,1,1,1,12.9,60.5,
2026-07-23 18:42:06.432,0.0952,0.1158,0.1633,0.1227,0.437,0.3424,0.2798,0.4085,0.2411,0.2266,0.2466,0.2648,0.2086,0.2567,0.2536,0.1822,0.018,0.0585,0.0567,0.0217,3333.0403,3314.9084,3320.5495,3288.315,-0.9741,-0.0676,-0.1294,-0.957,0.2916,0.1944,1,1,1,1,1,12.9,61.4,
2026-07-23 18:42:07.444,0.11,0.1147,0.1689,0.1274,0.4454,0.3625,0.2741,0.4195,0.2167,0.2232,0.2418,0.2408,0.2096,0.2387,0.2581,0.1895,0.0182,0.0609,0.057,0.0228,3302.8205,3302.0147,3309.6703,3310.4762,-0.9772,-0.0673,-0.1316,-0.9421,-0.471,0.1421,1,1,1,1,1,12.9,62.1,
2026-07-23 18:42:08.462,0.103,0.1083,0.1748,0.1313,0.4423,0.3559,0.2579,0.4151,0.2152,0.2314,0.2366,0.2374,0.2189,0.2386,0.2721,0.1924,0.0206,0.0658,0.0585,0.0239,3290.7326,3314.9084,3323.37,3321.3553,-0.9758,-0.067,-0.124,-0.972,-0.1794,0.4037,1,1,1,1,1,12.8,62.2,
2026-07-23 18:42:09.473,0.1256,0.1181,0.1955,0.1465,0.4205,0.3433,0.2459,0.4208,0.2044,0.2372,0.2108,0.2142,0.2276,0.2356,0.2857,0.1943,0.0219,0.0658,0.0621,0.0242,3391.8681,3333.0403,3305.641,3416.4469,-0.9722,-0.0666,-0.1204,-0.9346,-0.2542,-0.0449,1,1,1,1,1,12.8,61.4,
2026-07-23 18:42:10.483,0.127,0.1363,0.1925,0.1448,0.3576,0.3027,0.2406,0.3432,0.2163,0.2335,0.2172,0.2449,0.2783,0.2678,0.2908,0.2456,0.0208,0.0598,0.0588,0.0216,3307.6557,3327.8022,3308.8645,3301.6117,-0.9764,-0.0681,-0.1312,-0.8823,0.0748,0.015,1,1,1,1,1,12.8,60.5,
2026-07-23 18:42:11.498,0.1171,0.1529,0.1855,0.1133,0.2911,0.298,0.2334,0.2879,0.2839,0.2251,0.2314,0.2886,0.2875,0.2672,0.2958,0.2918,0.0204,0.0569,0.054,0.0183,3255.2747,3327.3993,3289.1209,3271.7949,-0.9753,-0.0659,-0.1281,-0.8673,0.0897,0.1794,1,1,1,1,1,12.8,59.8,
2026-07-23 18:42:12.505,0.1129,0.1464,0.1719,0.0859,0.2311,0.2826,0.2274,0.2878,0.3457,0.231,0.2277,0.2922,0.2892,0.2864,0.3204,0.3154,0.0211,0.0536,0.0526,0.0186,3312.4908,3331.4286,3303.6264,3300.8059,-0.9755,-0.0725,-0.1293,-1.1066,0.1346,0.3888,1,1,1,1,1,12.8,59.3,
2026-07-23 18:42:13.521,0.0871,0.1382,0.1448,0.0756,0.2129,0.2558,0.2156,0.2637,0.3561,0.2452,0.2274,0.288,0.3258,0.3063,0.3603,0.3561,0.018,0.0545,0.052,0.0166,3287.1062,3326.5934,3293.1502,3263.7363,-0.9774,-0.0684,-0.1254,-1.0094,-0.2393,0.314,1,1,1,1,1,12.8,58.9,
2026-07-23 18:42:14.562,0.0702,0.1264,0.1365,0.0645,0.2252,0.2531,0.201,0.2589,0.3511,0.2638,0.2319,0.2903,0.3371,0.3065,0.3818,0.3721,0.0165,0.0501,0.0488,0.0141,3276.63,3316.9231,3285.8974,3260.9158,-0.9752,-0.0739,-0.1269,-0.815,0.1196,0.1495,1,1,1,1,1,12.8,58.8,
2026-07-23 18:42:15.575,0.0595,0.1312,0.1158,0.0531,0.2297,0.2436,0.2201,0.2711,0.3617,0.2658,0.2331,0.2941,0.333,0.3117,0.381,0.3684,0.016,0.0477,0.05,0.0133,3308.0586,3313.6996,3304.0293,3268.5714,-0.9764,-0.0697,-0.1437,-0.8598,0.2019,0.0822,1,1,1,1,1,12.8,59.3,
2026-07-23 18:42:16.588,0.0602,0.1596,0.1089,0.047,0.245,0.2485,0.214,0.2773,0.3549,0.2471,0.2371,0.2987,0.3246,0.302,0.388,0.3643,0.0152,0.0428,0.052,0.0128,3303.2234,3293.956,3296.3736,3292.7473,-0.9699,-0.0698,-0.1476,-1.4131,1.0168,0.471,1,1,1,1,1,12.8,60.4,
2026-07-23 18:42:17.596,0.0504,0.1555,0.0959,0.0409,0.2457,0.2527,0.2231,0.2671,0.3641,0.2319,0.2401,0.3118,0.3236,0.3156,0.3866,0.3673,0.0161,0.0443,0.0543,0.0129,3394.2857,3321.7582,3346.7399,3362.8571,-0.9783,-0.0692,-0.1329,-1.2038,-0.1421,0.643,1,1,1,1,1,12.8,61.6,
2026-07-23 18:42:18.620,0.0896,0.1425,0.1071,0.0649,0.2516,0.2594,0.2284,0.2741,0.3556,0.2505,0.2142,0.2977,0.2847,0.301,0.3913,0.3473,0.0184,0.0466,0.059,0.016,3302.4176,3339.8901,3293.956,3282.2711,-0.9586,-0.0638,-0.1624,-0.4561,-0.8598,-0.7477,1,1,1,1,1,12.8,62.2,
2026-07-23 18:42:19.634,0.1801,0.1672,0.1344,0.1224,0.2634,0.2576,0.2319,0.2919,0.2865,0.2373,0.1919,0.251,0.2473,0.2888,0.3765,0.3084,0.0227,0.0491,0.0652,0.0263,3242.7839,3329.011,3310.8791,3271.3919,-0.9584,-0.0634,-0.1454,-1.4505,-0.8823,-0.1794,1,1,1,1,1,12.8,62.8,
2026-07-23 18:42:20.651,0.2558,0.1876,0.1349,0.1233,0.2769,0.248,0.1977,0.2318,0.2327,0.2162,0.161,0.2239,0.2014,0.2864,0.3498,0.3182,0.0331,0.0618,0.1566,0.1028,3322.1612,3310.8791,3307.2527,3246.8132,-1.0054,-0.079,-0.1855,-0.8449,0.0523,0.2393,1,1,1,1,1,12.8,63.4,
2026-07-23 18:42:21.669,0.2919,0.2294,0.1501,0.1686,0.2981,0.2505,0.2026,0.2482,0.2111,0.1857,0.1423,0.205,0.1598,0.2655,0.3362,0.2648,0.0391,0.0689,0.1689,0.1134,3304.0293,3298.3883,3319.3407,3271.7949,-0.9833,-0.0715,-0.1575,-0.6056,-0.5757,-0.0748,1,1,1,1,1,12.8,64.7,
2026-07-23 18:42:22.692,0.3132,0.2763,0.157,0.1904,0.285,0.2423,0.206,0.2484,0.2026,0.1514,0.1354,0.1905,0.1566,0.2524,0.3162,0.2484,0.0427,0.0776,0.1854,0.1223,3306.044,3300.4029,3319.7436,3288.7179,-0.9742,-0.0662,-0.1497,-0.8823,0.0523,0.1645,1,1,1,1,1,12.8,66.5,
2026-07-23 18:42:23.712,0.3096,0.2671,0.1609,0.2002,0.2804,0.2381,0.2045,0.2584,0.2024,0.1493,0.1325,0.1817,0.1621,0.2598,0.3175,0.2386,0.0454,0.0858,0.1846,0.1211,3304.8352,3307.6557,3308.4615,3307.2527,-0.9727,-0.0656,-0.1551,-1.0243,0.2916,0.2318,1,1,1,1,1,12.8,68.4,
2026-07-23 18:42:24.727,0.3102,0.2354,0.1625,0.2094,0.2727,0.2373,0.2044,0.2412,0.2032,0.1567,0.1275,0.1765,0.1657,0.2723,0.3208,0.2494,0.0483,0.0982,0.1849,0.1235,3341.0989,3295.1648,3294.359,3321.3553,-0.9634,-0.0704,-0.1453,-1.2112,0.0673,0.0673,1,1,1,1,1,12.8,69.0,
2026-07-23 18:42:25.738,0.3061,0.2657,0.1677,0.2115,0.2712,0.2148,0.1851,0.2356,0.203,0.154,0.1425,0.1724,0.1709,0.2648,0.3229,0.2584,0.0488,0.1006,0.1818,0.122,3297.9853,3283.0769,3275.8242,3326.1905,-0.9708,-0.0634,-0.168,-1.1365,-0.1047,0.2841,1,1,1,1,1,12.8,69.0,
2026-07-23 18:42:26.752,0.287,0.2826,0.1795,0.1909,0.2822,0.2206,0.2053,0.2464,0.2036,0.1299,0.142,0.1679,0.1768,0.2604,0.3016,0.2697,0.0503,0.1064,0.1716,0.1251,3258.4982,3320.1465,3291.5385,3241.1722,-0.9727,-0.0621,-0.1602,-1.0393,0.5009,0.1645,1,1,1,1,1,12.8,68.8,
2026-07-23 18:42:27.765,0.2493,0.2565,0.1641,0.1589,0.295,0.2256,0.2063,0.2648,0.2169,0.1398,0.1362,0.1724,0.1862,0.267,0.3184,0.2792,0.0526,0.1111,0.175,0.1247,3218.2051,3329.011,3299.1941,3197.6557,-0.9667,-0.0632,-0.1723,-0.8748,0.2168,0.2094,1,1,1,1,1,12.8,68.7,
2026-07-23 18:42:28.792,0.2111,0.2395,0.1492,0.17,0.3028,0.2391,0.1946,0.2741,0.1989,0.1343,0.1263,0.1573,0.2322,0.27,0.3973,0.317,0.0551,0.1171,0.1326,0.0817,3263.3333,3300.8059,3308.8645,3277.033,-0.9755,-0.074,-0.1501,-0.9346,0.4636,0.0374,1,1,1,1,1,12.8,68.9,
2026-07-23 18:42:29.809,0.2712,0.2124,0.145,0.1249,0.3053,0.2398,0.205,0.2957,0.1688,0.1376,0.1292,0.1875,0.2071,0.2893,0.3861,0.3134,0.0476,0.1209,0.1347,0.0786,3307.2527,3300.0,3298.3883,3313.2967,-0.9726,-0.0734,-0.1619,-1.0019,-0.1196,0.1271,1,1,1,1,1,12.8,69.3,
2026-07-23 18:42:30.831,0.2641,0.18,0.155,0.1136,0.3231,0.2635,0.2169,0.2982,0.171,0.1594,0.1319,0.2015,0.1973,0.2801,0.3692,0.3142,0.0446,0.117,0.127,0.0725,3310.8791,3306.044,3317.7289,3330.2198,-0.9793,-0.0654,-0.1374,-1.0243,-1.1664,0.2991,1,1,1,1,1,12.8,69.8,
2026-07-23 18:42:31.830,0.2759,0.1955,0.1613,0.1065,0.3231,0.2751,0.2011,0.2912,0.164,0.1483,0.1292,0.2128,0.1928,0.269,0.3778,0.3172,0.0442,0.1121,0.1306,0.0724,3259.304,3290.3297,3295.9707,3293.956,-0.9749,-0.0641,-0.1568,-1.0542,-0.0748,0.3514,1,1,1,1,1,12.8,70.3,
2026-07-23 18:42:32.841,0.2766,0.1957,0.1719,0.0941,0.3284,0.2762,0.2107,0.3268,0.1709,0.1657,0.1333,0.2102,0.182,0.2542,0.3555,0.2983,0.0421,0.1082,0.1286,0.0706,3351.978,3344.7253,3295.5678,3337.4725,-0.9728,-0.0669,-0.1518,-1.0318,-0.1346,0.2094,1,1,1,1,1,12.8,71.0,
2026-07-23 18:42:33.856,0.2846,0.1751,0.172,0.0882,0.3322,0.296,0.2296,0.3436,0.1641,0.1659,0.1191,0.206,0.1763,0.2586,0.3503,0.2885,0.0428,0.1044,0.129,0.0737,3274.2125,3326.9963,3293.956,3267.3626,-0.9778,-0.0697,-0.1482,-1.1664,0.0299,-0.0598,1,1,1,1,1,12.8,71.3,
2026-07-23 18:42:34.867,0.3034,0.159,0.1767,0.0949,0.3228,0.2998,0.2305,0.3475,0.1594,0.1801,0.1148,0.2037,0.1727,0.2563,0.349,0.2826,0.0416,0.1048,0.129,0.0714,3312.0879,3313.6996,3287.9121,3321.3553,-0.9739,-0.0654,-0.1511,-1.0916,0.5907,0.0523,1,1,1,1,1,12.8,71.3,
2026-07-23 18:42:35.912,0.3058,0.1597,0.1905,0.1012,0.317,0.2894,0.239,0.3485,0.1581,0.1936,0.1158,0.2116,0.1763,0.2513,0.3305,0.2701,0.0428,0.1059,0.1242,0.0686,3227.4725,3312.8938,3292.3443,3243.5897,-0.9738,-0.0712,-0.154,-1.0094,0.4935,0.2243,1,1,1,1,1,12.8,70.8,
2026-07-23 18:42:36.921,0.2964,0.1592,0.2279,0.0874,0.3125,0.2838,0.2999,0.418,0.196,0.2104,0.1394,0.2717,0.1564,0.2498,0.2465,0.1901,0.0386,0.0969,0.0863,0.0328,3331.4286,3332.2344,3295.9707,3308.8645,-0.9606,-0.0701,-0.1422,-1.1963,-0.7253,0.4636,1,1,1,1,1,12.8,69.9,
2026-07-23 18:42:37.943,0.213,0.1468,0.2301,0.0959,0.2936,0.311,0.2992,0.3948,0.2564,0.2062,0.1327,0.2659,0.188,0.2435,0.2539,0.2067,0.049,0.0925,0.0842,0.0367,3245.6044,3293.5531,3310.0733,3294.359,-0.9734,-0.0677,-0.1565,-0.8748,-0.3664,0.172,1,1,1,1,1,12.8,69.1,
2026-07-23 18:42:38.962,0.1954,0.146,0.2199,0.0792,0.3167,0.2969,0.2902,0.4088,0.2473,0.2061,0.14,0.2875,0.1951,0.2571,0.2635,0.1903,0.0455,0.0939,0.0864,0.0343,3395.8974,3310.8791,3319.7436,3381.3919,-0.9671,-0.0732,-0.1547,-0.9346,-0.4486,0.157,1,1,1,1,1,12.8,68.5,
2026-07-23 18:42:39.977,0.1755,0.1308,0.2223,0.0849,0.344,0.3058,0.2809,0.3974,0.2596,0.2106,0.1476,0.297,0.1832,0.261,0.2591,0.1898,0.0377,0.0919,0.0901,0.0309,3358.022,3319.3407,3322.1612,3331.0256,-0.9705,-0.0676,-0.1597,-1.129,-0.0897,0.3963,1,1,1,1,1,12.8,68.1,
2026-07-23 18:42:40.986,0.1557,0.1338,0.2111,0.0787,0.3333,0.3219,0.2697,0.3485,0.2932,0.1851,0.1472,0.3432,0.1856,0.2671,0.2833,0.2024,0.0322,0.0921,0.0887,0.0272,3290.7326,3306.8498,3317.326,3311.2821,-0.9808,-0.0645,-0.1611,-0.7626,-0.5608,0.0449,1,1,1,1,1,12.8,67.9,
2026-07-23 18:42:42.009,0.1377,0.1146,0.215,0.0773,0.3381,0.3143,0.2457,0.3419,0.3154,0.2039,0.156,0.3555,0.1783,0.2675,0.2903,0.2013,0.0305,0.0997,0.093,0.0238,3330.6227,3339.4872,3324.1758,3345.1282,-0.9688,-0.0558,-0.1732,-1.4056,1.0991,1.0094,1,1,1,1,1,12.8,67.8,
2026-07-23 18:42:43.026,0.1087,0.1111,0.1634,0.0703,0.3684,0.2904,0.2424,0.2956,0.3026,0.1913,0.1748,0.3884,0.1857,0.2997,0.3141,0.216,0.0346,0.1075,0.1054,0.0296,3304.4322,3312.0879,3307.6557,3300.4029,-0.968,-0.0546,-0.1561,-0.3813,-0.8598,0.1421,1,1,1,1,1,12.7,67.8,
2026-07-23 18:42:44.033,0.1345,0.1149,0.136,0.0664,0.3902,0.2902,0.2615,0.2857,0.2566,0.1748,0.1823,0.4111,0.1916,0.3103,0.3165,0.2108,0.0271,0.1098,0.1037,0.0259,3264.5421,3315.7143,3300.8059,3263.3333,-0.9689,-0.0759,-0.1454,-1.2337,0.815,-0.157,1,1,1,1,1,12.7,67.8,
2026-07-23 18:42:45.041,0.1441,0.1175,0.1101,0.0685,0.3787,0.2907,0.2567,0.2866,0.2573,0.1797,0.2015,0.4045,0.1947,0.3047,0.3292,0.2138,0.0252,0.1074,0.1025,0.0266,3239.5604,3295.5678,3320.9524,3144.8718,-0.9681,-0.0643,-0.1672,-1.6898,-0.4935,0.6729,1,1,1,1,1,12.7,68.1,
2026-07-23 18:42:46.056,0.1849,0.1059,0.0778,0.0627,0.3529,0.228,0.1945,0.2475,0.235,0.1749,0.1623,0.339,0.19,0.3467,0.3736,0.2663,0.0371,0.1444,0.1919,0.0845,3287.5092,3343.9194,3301.2088,3309.6703,-0.9715,-0.0587,-0.1544,-1.2785,-0.5084,0.6281,1,1,1,1,1,12.7,68.7,
2026-07-23 18:42:47.066,0.1976,0.104,0.0792,0.0607,0.3475,0.2293,0.1813,0.2149,0.2291,0.169,0.1576,0.3183,0.1875,0.351,0.3822,0.2961,0.0383,0.1467,0.1997,0.11,3335.0549,3296.3736,3329.8168,3321.3553,-0.9824,-0.065,-0.1592,-1.129,0.2766,0.3664,1,1,1,1,1,12.7,69.5,
2026-07-23 18:42:48.080,0.2189,0.1106,0.0805,0.0579,0.3528,0.2414,0.1813,0.203,0.2049,0.1623,0.1549,0.3108,0.1876,0.3432,0.3841,0.3142,0.0358,0.1426,0.1992,0.1141,3345.5311,3299.5971,3323.37,3339.8901,-0.9687,-0.0644,-0.1569,-0.8224,-0.4935,0.2094,1,1,1,1,1,12.7,70.4,
2026-07-23 18:42:49.094,0.2394,0.113,0.0862,0.0665,0.3545,0.2262,0.1814,0.2023,0.1814,0.1692,0.1519,0.2798,0.1873,0.3482,0.3796,0.325,0.0374,0.1433,0.2009,0.1265,3274.2125,3283.0769,3291.1355,3286.3004,-0.9724,-0.0645,-0.1514,-0.9047,0.2991,0.1271,1,1,1,1,1,12.7,71.4,
2026-07-23 18:42:50.116,0.2561,0.1208,0.0855,0.0696,0.3549,0.2433,0.1789,0.2022,0.1707,0.1466,0.1538,0.2654,0.1823,0.3472,0.3827,0.3319,0.036,0.142,0.1991,0.131,3287.9121,3283.4799,3306.044,3321.7582,-0.9692,-0.0623,-0.156,-0.9645,-0.172,0.2243,1,1,1,1,1,12.7,72.8,
2026-07-23 18:42:51.126,0.2714,0.1285,0.0942,0.0747,0.3485,0.2569,0.178,0.2301,0.1668,0.1472,0.1423,0.2323,0.178,0.3277,0.383,0.3293,0.0353,0.1397,0.2026,0.1336,3258.9011,3300.8059,3293.956,3253.2601,-0.9854,-0.0633,-0.1566,-0.9869,0.314,0.0897,1,1,1,1,1,12.7,73.1,
2026-07-23 18:42:52.136,0.279,0.1268,0.11,0.0769,0.3338,0.261,0.1651,0.2368,0.1728,0.1484,0.1327,0.2048,0.1731,0.3263,0.3874,0.3394,0.0413,0.1374,0.2048,0.1421,3333.0403,3330.2198,3308.4615,3324.5788,-0.9701,-0.0682,-0.1539,-0.9496,-0.2318,0.0748,1,1,1,1,1,12.7,71.9,
2026-07-23 18:42:53.156,0.2743,0.1555,0.1342,0.0791,0.3478,0.2775,0.1671,0.2439,0.1657,0.1301,0.1141,0.1975,0.1698,0.3064,0.3866,0.3352,0.0424,0.1305,0.198,0.1443,3291.1355,3303.6264,3322.5641,3328.6081,-0.9719,-0.0715,-0.1604,-0.9346,0.7103,0.1645,1,1,1,1,1,12.7,70.4,
2026-07-23 18:42:54.173,0.2556,0.1819,0.1924,0.1005,0.3694,0.3235,0.2161,0.3111,0.1731,0.1344,0.1439,0.2333,0.171,0.2614,0.3403,0.2815,0.0309,0.0987,0.1072,0.0736,3242.381,3330.6227,3322.967,3248.8278,-0.9692,-0.0604,-0.1485,-1.3757,-0.8524,0.8897,1,1,1,1,1,12.7,66.1,
2026-07-23 18:42:55.191,0.2478,0.1893,0.2175,0.1119,0.3693,0.3152,0.2466,0.3586,0.1835,0.1317,0.1234,0.2457,0.1669,0.2607,0.3235,0.2435,0.0325,0.1032,0.089,0.0402,3318.5348,3325.7875,3328.6081,3317.7289,-0.9675,-0.0609,-0.1511,-0.8598,-0.8823,-0.0673,1,1,1,1,1,12.7,65.0,
2026-07-23 18:42:56.206,0.2351,0.2027,0.2163,0.126,0.3678,0.2844,0.2655,0.3907,0.2048,0.1271,0.128,0.2442,0.1568,0.2715,0.303,0.2022,0.0355,0.1144,0.0871,0.037,3285.0916,3317.7289,3306.4469,3325.7875,-0.9778,-0.0679,-0.1609,-1.0617,0.0897,0.2243,1,1,1,1,1,12.7,65.0,
2026-07-23 18:42:57.220,0.212,0.1895,0.2396,0.1094,0.374,0.2792,0.2718,0.3903,0.2165,0.1242,0.1165,0.2588,0.162,0.2916,0.2926,0.2091,0.0355,0.1154,0.0795,0.0325,3282.674,3316.5201,3287.1062,3294.359,-0.9801,-0.0685,-0.1588,-0.972,0.2766,0.2841,1,1,1,1,1,12.7,65.3,
2026-07-23 18:42:58.237,0.1285,0.1826,0.2159,0.1064,0.414,0.2796,0.2674,0.3814,0.2541,0.1281,0.1293,0.2779,0.1678,0.3041,0.3134,0.2097,0.0356,0.1056,0.074,0.0246,3257.2894,3291.1355,3280.2564,3231.0989,-0.9691,-0.0636,-0.1551,-0.8449,0.1047,0.0748,1,1,1,1,1,12.7,65.5,
2026-07-23 18:42:59.252,0.1217,0.197,0.204,0.0956,0.3856,0.2748,0.2564,0.3578,0.2752,0.1265,0.1402,0.2976,0.1833,0.2991,0.322,0.224,0.0342,0.1026,0.0774,0.025,3333.8462,3300.8059,3316.9231,3295.5678,-0.9694,-0.0667,-0.1509,-0.9196,-0.1944,0.1346,1,1,1,1,1,12.7,65.3,
2026-07-23 18:43:00.262,0.1084,0.1964,0.1988,0.0867,0.3826,0.2679,0.249,0.3484,0.2976,0.129,0.1487,0.3137,0.1843,0.3028,0.3219,0.2266,0.0271,0.1038,0.0816,0.0246,3288.7179,3312.4908,3304.4322,3323.37,-0.9699,-0.0665,-0.1585,-0.9421,-0.2542,0.0972,1,1,1,1,1,12.7,65.0,
2026-07-23 18:43:01.279,0.0877,0.178,0.1864,0.0754,0.3522,0.2453,0.2582,0.372,0.3429,0.1589,0.1625,0.3152,0.1931,0.3131,0.3122,0.2146,0.0242,0.1047,0.0807,0.0228,3307.2527,3292.7473,3294.359,3297.1795,-0.977,-0.0587,-0.1549,-1.1066,0.1495,0.2692,1,1,1,1,1,12.7,64.7,
2026-07-23 18:43:02.290,0.1008,0.2154,0.1827,0.0711,0.3554,0.2417,0.2661,0.3794,0.3378,0.148,0.1706,0.3208,0.1842,0.2945,0.2967,0.2067,0.0218,0.1004,0.0838,0.022,3291.5385,3323.7729,3333.8462,3365.2747,-0.9762,-0.0646,-0.1575,-1.0318,-0.5159,0.2766,1,1,1,1,1,12.7,64.4,
2026-07-23 18:43:03.306,0.1052,0.2218,0.1691,0.066,0.3489,0.2426,0.2699,0.3728,0.3276,0.1488,0.1809,0.3226,0.1966,0.2949,0.2943,0.2168,0.0217,0.0918,0.0859,0.0218,3335.0549,3323.7729,3321.7582,3373.3333,-0.971,-0.0651,-0.1544,-0.9869,-0.0075,0.1346,1,1,1,1,1,12.7,63.9,
2026-07-23 18:43:04.315,0.084,0.2123,0.1511,0.0458,0.3354,0.2642,0.2606,0.3482,0.3403,0.1458,0.1906,0.3478,0.2175,0.2923,0.3147,0.2372,0.0227,0.0853,0.083,0.0209,3274.6154,3318.5348,3330.6227,3267.3626,-0.9711,-0.0659,-0.1553,-0.8524,-0.2617,0.2467,1,1,1,1,1,12.7,63.2,
2026-07-23 18:43:05.326,0.0764,0.2083,0.1004,0.0457,0.3297,0.2712,0.2385,0.3479,0.3746,0.1612,0.2231,0.3799,0.197,0.2749,0.3395,0.2068,0.0224,0.0843,0.0984,0.0197,3294.359,3322.5641,3279.4505,3282.2711,-0.9717,-0.0601,-0.1569,-1.129,0.2094,0.2991,1,1,1,1,1,12.7,62.5,
2026-07-23 18:43:06.338,0.0757,0.2205,0.1065,0.041,0.2936,0.239,0.2535,0.3481,0.4073,0.181,0.2162,0.3978,0.1986,0.2679,0.3179,0.1922,0.0247,0.0916,0.106,0.0209,3306.044,3309.6703,3310.4762,3320.5495,-0.9734,-0.0649,-0.1479,-0.9795,-0.2467,0.1047,1,1,1,1,1,12.7,62.7,
2026-07-23 18:43:07.358,0.0688,0.1965,0.1256,0.0468,0.3141,0.2474,0.2547,0.3735,0.4071,0.1818,0.208,0.3799,0.1868,0.2852,0.3116,0.1803,0.0232,0.0891,0.1001,0.0195,3349.9634,3336.6667,3275.8242,3313.6996,-0.9734,-0.071,-0.16,-1.0168,0.1346,0.1122,1,1,1,1,1,12.7,63.7,
2026-07-23 18:43:08.371,0.0759,0.1945,0.1506,0.0493,0.332,0.2635,0.2672,0.3978,0.388,0.1708,0.1954,0.3621,0.1802,0.2904,0.2992,0.1722,0.0239,0.0808,0.0877,0.0186,3335.8608,3328.2051,3337.4725,3375.7509,-0.9679,-0.0645,-0.1622,-1.0617,0.5009,0.4262,1,1,1,1,1,12.7,64.7,
2026-07-23 18:43:09.389,0.0794,0.1827,0.1453,0.0507,0.3723,0.2878,0.2868,0.3884,0.3583,0.1621,0.186,0.3657,0.1647,0.2893,0.2981,0.1763,0.0254,0.0782,0.0838,0.0189,3321.3553,3327.3993,3265.7509,3318.5348,-0.9634,-0.0612,-0.1695,-1.0916,-0.0822,0.2692,1,1,1,1,1,12.7,64.9,
2026-07-23 18:43:10.402,0.0622,0.1455,0.1367,0.0493,0.3572,0.2901,0.3043,0.385,0.3972,0.1843,0.1847,0.3741,0.1582,0.2999,0.2976,0.1736,0.0253,0.0802,0.0766,0.0181,3329.8168,3305.2381,3318.5348,3323.7729,-0.9683,-0.0555,-0.1541,-1.0318,-0.1645,0.172,1,1,1,1,1,12.7,64.2,
2026-07-23 18:43:11.420,0.0575,0.1412,0.1409,0.0637,0.3459,0.3,0.3061,0.3796,0.4287,0.1756,0.18,0.3857,0.1437,0.293,0.2919,0.1528,0.0243,0.0902,0.0811,0.0181,3348.3516,3295.5678,3306.8498,3335.0549,-0.9689,-0.0699,-0.1824,-0.7477,1.0468,-0.0449,1,1,1,1,1,12.7,61.8,
2026-07-23 18:43:12.439,0.0577,0.1142,0.1414,0.0703,0.3389,0.2209,0.3089,0.3847,0.4337,0.1523,0.17,0.3724,0.1411,0.3196,0.2878,0.152,0.0286,0.193,0.0919,0.0205,3241.1722,3299.5971,3292.3443,3228.2784,-0.9744,-0.0599,-0.1777,-0.8449,0.0598,0.2318,1,1,1,1,1,12.7,60.6,
2026-07-23 18:43:13.458,0.119,0.0959,0.1561,0.1214,0.3099,0.177,0.3022,0.3718,0.3991,0.1424,0.1582,0.331,0.1405,0.352,0.2831,0.1534,0.0315,0.2326,0.1003,0.0224,3304.4322,3315.7143,3319.7436,3304.4322,-0.959,-0.0639,-0.1741,-0.8449,-0.3365,0.4636,1,1,1,1,1,12.7,60.7,
2026-07-23 18:43:14.494,0.1289,0.1009,0.1604,0.126,0.3149,0.1745,0.2831,0.3679,0.3762,0.1379,0.1685,0.3074,0.1471,0.3578,0.2884,0.1763,0.0329,0.2288,0.0997,0.0224,3287.1062,3264.9451,3328.6081,3324.5788,-0.9686,-0.0654,-0.1783,-0.9346,-0.2094,-0.1271,1,1,1,1,1,12.7,61.3,
2026-07-23 18:43:15.521,0.1621,0.1207,0.1405,0.1349,0.3056,0.1466,0.2575,0.3398,0.3483,0.1279,0.1677,0.2973,0.1395,0.3962,0.3195,0.1926,0.0445,0.2086,0.1148,0.0353,3326.9963,3314.1026,3314.1026,3328.2051,-0.966,-0.0616,-0.1751,-1.0393,-0.2094,0.314,1,1,1,1,1,12.7,62.0,
2026-07-23 18:43:16.541,0.1724,0.1317,0.1213,0.1453,0.2734,0.1364,0.2393,0.3139,0.3544,0.135,0.1629,0.3031,0.1506,0.3899,0.3502,0.1998,0.0492,0.207,0.1263,0.0378,3275.4212,3291.5385,3335.0549,3284.2857,-0.9693,-0.0627,-0.1728,-1.0991,-0.5682,0.172,1,1,1,1,1,12.7,62.8,
2026-07-23 18:43:17.571,0.1726,0.1329,0.1314,0.1404,0.2562,0.1173,0.2135,0.289,0.3534,0.1358,0.178,0.319,0.167,0.402,0.3486,0.2155,0.0508,0.212,0.1284,0.0362,3332.2344,3321.7582,3296.3736,3317.7289,-0.9595,-0.0673,-0.1519,-0.957,-2.0561,0.3738,1,1,1,1,1,12.7,63.1,
2026-07-23 18:43:18.562,0.1793,0.1273,0.1357,0.15,0.2728,0.1072,0.2082,0.307,0.3202,0.1305,0.1856,0.2992,0.1747,0.4179,0.3424,0.2105,0.0531,0.217,0.1281,0.0332,3280.6593,3329.4139,3325.7875,3300.4029,-0.9681,-0.068,-0.1682,-0.9196,-0.0972,0.1794,1,1,1,1,1,12.7,63.2,
2026-07-23 18:43:19.573,0.191,0.1347,0.1548,0.1512,0.2824,0.116,0.2008,0.3161,0.2817,0.1379,0.1872,0.2739,0.1894,0.4058,0.3388,0.2249,0.0554,0.2055,0.1184,0.0339,3315.7143,3298.3883,3334.2491,3284.2857,-0.9707,-0.0684,-0.1725,-0.9047,0.0523,0.3065,1,1,1,1,1,12.7,63.5,
2026-07-23 18:43:20.575,0.1895,0.1703,0.1751,0.1471,0.2871,0.1437,0.2007,0.3176,0.2876,0.167,0.1856,0.2818,0.1846,0.3961,0.332,0.2202,0.0512,0.1229,0.1066,0.0333,3340.696,3313.6996,3288.315,3370.5128,-0.9921,-0.067,-0.1713,-0.9496,-0.2393,-0.0075,1,1,1,1,1,12.7,64.0,
2026-07-23 18:43:21.606,0.1359,0.1986,0.1859,0.1114,0.3054,0.1702,0.201,0.3111,0.3254,0.1711,0.1919,0.3172,0.1854,0.3722,0.3256,0.2262,0.0478,0.0879,0.0958,0.0341,3328.2051,3315.3114,3292.3443,3304.4322,-0.966,-0.0685,-0.1651,-1.0542,0.2692,0.1196,1,1,1,1,1,12.6,64.4,
2026-07-23 18:43:22.623,0.1335,0.1941,0.1905,0.1162,0.3071,0.1785,0.2176,0.3115,0.3433,0.1773,0.1748,0.3415,0.1701,0.3629,0.32,0.1978,0.046,0.0873,0.0971,0.0331,3273.0037,3299.1941,3318.5348,3298.7912,-0.9701,-0.0596,-0.1667,-1.0542,-0.3215,0.314,1,1,1,1,1,12.6,64.7,
2026-07-23 18:43:23.632,0.0971,0.1837,0.1928,0.1139,0.3199,0.2148,0.2393,0.3197,0.3658,0.2104,0.1953,0.3485,0.1833,0.2976,0.2846,0.1958,0.034,0.0934,0.088,0.0221,3315.3114,3326.5934,3282.2711,3286.3004,-0.9651,-0.0697,-0.1595,-0.8374,-0.2766,0.1047,1,1,1,1,1,12.6,64.7,
2026-07-23 18:43:24.645,0.09,0.1783,0.1968,0.1107,0.3243,0.2155,0.254,0.3368,0.3743,0.2107,0.2046,0.3449,0.1784,0.301,0.2657,0.1862,0.033,0.0945,0.0789,0.0213,3262.5275,3287.1062,3353.5897,3314.5055,-0.9698,-0.0709,-0.1735,-0.9944,-0.2841,0.1869,1,1,1,1,1,12.6,64.3,
2026-07-23 18:43:25.674,0.1011,0.1856,0.1906,0.1104,0.3341,0.2216,0.2469,0.4152,0.3454,0.2058,0.1969,0.2925,0.1852,0.298,0.2918,0.1621,0.0342,0.0891,0.0738,0.0198,3255.2747,3290.7326,3306.8498,3267.7656,-0.9684,-0.062,-0.1866,-0.8,-1.3234,0.2094,1,1,1,1,1,12.6,63.8,
2026-07-23 18:43:26.707,0.0967,0.1985,0.1803,0.1038,0.3206,0.2145,0.2318,0.4319,0.3527,0.2246,0.1904,0.2851,0.1968,0.2778,0.3247,0.1596,0.0332,0.0846,0.0729,0.0196,3369.304,3332.6374,3288.315,3356.0073,-0.9653,-0.0692,-0.1696,-0.9271,-0.1794,0.3439,1,1,1,1,1,12.6,63.1,
2026-07-23 18:43:27.733,0.1022,0.1867,0.1777,0.1138,0.3309,0.1877,0.2348,0.4419,0.3407,0.2303,0.1828,0.2752,0.1929,0.3004,0.3253,0.1502,0.0333,0.0949,0.0794,0.0188,3312.8938,3310.4762,3292.7473,3283.0769,-0.9698,-0.0647,-0.1768,-1.2262,-1.286,0.4112,1,1,1,1,1,12.6,62.6,
2026-07-23 18:43:28.764,0.1005,0.1607,0.1725,0.1071,0.3345,0.1961,0.2371,0.4479,0.3478,0.2427,0.1842,0.2824,0.1863,0.2879,0.3299,0.1464,0.0308,0.1127,0.0764,0.0161,3295.9707,3311.685,3296.3736,3283.8828,-0.9657,-0.0602,-0.1694,-0.972,-0.157,0.1944,1,1,1,1,1,12.6,62.4,
2026-07-23 18:43:29.803,0.096,0.1529,0.157,0.0954,0.3488,0.1936,0.2578,0.4739,0.3048,0.2463,0.1845,0.2619,0.2177,0.2884,0.3222,0.1534,0.0327,0.1188,0.0785,0.0155,3331.8315,3322.1612,3297.9853,3306.4469,-0.9694,-0.0637,-0.1711,-0.8823,-0.0972,0.2168,1,1,1,1,1,12.6,62.6,
2026-07-23 18:43:30.838,0.0881,0.1556,0.1558,0.0895,0.3426,0.1886,0.2555,0.4739,0.2966,0.2341,0.1882,0.2549,0.2376,0.294,0.3269,0.1649,0.0352,0.1276,0.0736,0.0168,3258.4982,3319.7436,3283.8828,3240.3663,-0.9664,-0.0592,-0.1743,-1.1215,-1.0542,0.3514,1,1,1,1,1,12.6,63.0,
2026-07-23 18:43:31.878,0.0816,0.1754,0.1586,0.0804,0.3646,0.1897,0.2507,0.4556,0.3074,0.241,0.1814,0.2884,0.2137,0.2744,0.3394,0.1603,0.0326,0.1195,0.0699,0.0153,3298.7912,3311.2821,3307.2527,3295.5678,-0.9668,-0.0688,-0.1723,-1.0243,-0.0673,0.2019,1,1,1,1,1,12.6,63.1,
2026-07-23 18:43:32.914,0.0696,0.1696,0.1624,0.0768,0.3582,0.1968,0.2438,0.4323,0.3472,0.2596,0.1799,0.3074,0.1963,0.2617,0.3455,0.1684,0.0288,0.1123,0.0684,0.015,3285.0916,3310.8791,3324.1758,3336.2637,-0.9709,-0.0639,-0.1765,-0.815,0.3365,0.1645,1,1,1,1,1,12.6,62.6,
2026-07-23 18:43:33.956,0.0803,0.1826,0.1872,0.0748,0.3554,0.1984,0.2537,0.3729,0.3575,0.2559,0.1727,0.3558,0.1788,0.2524,0.3127,0.1794,0.0281,0.1107,0.0738,0.0171,3290.3297,3317.7289,3294.359,3294.359,-0.9658,-0.0676,-0.1722,-1.0916,0.0449,0.2617,1,1,1,1,1,12.6,61.9,
2026-07-23 18:43:34.973,0.0821,0.187,0.2079,0.0528,0.3575,0.2089,0.2579,0.4042,0.3543,0.241,0.1718,0.3552,0.1802,0.2622,0.2996,0.1728,0.0259,0.1008,0.0628,0.0149,3331.8315,3292.7473,3293.956,3337.4725,-0.967,-0.0716,-0.1732,-1.0617,0.2019,0.172,1,1,1,1,1,12.6,61.5,
2026-07-23 18:43:35.991,0.0709,0.1724,0.1862,0.0424,0.3731,0.2387,0.2571,0.3932,0.3626,0.2305,0.1868,0.3731,0.1695,0.2677,0.3096,0.1762,0.0239,0.0907,0.0604,0.0151,3332.6374,3315.7143,3310.0733,3309.6703,-0.9695,-0.0742,-0.1713,-0.957,0.1346,0.2094,1,1,1,1,1,12.6,61.5,
2026-07-23 18:43:37.017,0.074,0.1896,0.1918,0.0446,0.3683,0.2496,0.2453,0.3822,0.3499,0.2029,0.1905,0.3745,0.1828,0.2756,0.3121,0.183,0.0251,0.0823,0.0603,0.0156,3331.8315,3326.5934,3318.1319,3340.293,-0.9684,-0.0637,-0.166,-1.0243,-0.329,0.2094,1,1,1,1,1,12.6,61.9,
2026-07-23 18:43:38.030,0.0743,0.2021,0.1988,0.0444,0.3731,0.2634,0.2379,0.3928,0.3422,0.1894,0.1817,0.3576,0.1855,0.2706,0.3229,0.1892,0.0249,0.0745,0.0587,0.016,3312.4908,3288.7179,3298.7912,3343.9194,-0.9696,-0.0736,-0.1678,-0.8374,-0.5084,-0.1794,1,1,1,1,1,12.6,62.3,
2026-07-23 18:43:39.054,0.0756,0.1993,0.1969,0.0434,0.3433,0.2719,0.2397,0.3986,0.353,0.194,0.185,0.3618,0.2066,0.2772,0.3207,0.18,0.0215,0.0576,0.0577,0.0161,3320.9524,3309.2674,3292.7473,3336.6667,-0.9697,-0.0707,-0.1718,-1.0617,-0.1869,0.4187,1,1,1,1,1,12.6,62.5,
2026-07-23 18:43:40.075,0.1116,0.2031,0.206,0.0462,0.2992,0.2726,0.2595,0.4084,0.3527,0.1828,0.1754,0.3557,0.2163,0.2852,0.3035,0.1728,0.0202,0.0563,0.0555,0.0169,3322.1612,3306.4469,3325.3846,3349.1575,-0.9672,-0.0645,-0.1614,-0.9047,-0.4187,0.172,1,1,1,1,1,12.6,62.3,
2026-07-23 18:43:41.087,0.1271,0.2032,0.2125,0.0451,0.3043,0.2746,0.2664,0.424,0.3451,0.1722,0.1678,0.369,0.2051,0.2889,0.2986,0.1467,0.0184,0.0611,0.0547,0.0152,3306.8498,3319.3407,3285.8974,3298.7912,-0.9675,-0.0652,-0.1584,-1.0243,-0.3963,0.2467,1,1,1,1,1,12.6,62.1,
2026-07-23 18:43:42.093,0.1167,0.1872,0.2219,0.0571,0.3074,0.2779,0.2712,0.4147,0.3476,0.1735,0.164,0.3662,0.2103,0.298,0.2893,0.1455,0.018,0.0635,0.0536,0.0165,3273.8095,3323.37,3319.3407,3309.6703,-0.9709,-0.0721,-0.1599,-0.9196,-0.0224,-0.0523,1,1,1,1,1,12.6,62.0,
2026-07-23 18:43:43.103,0.1207,0.1857,0.212,0.0802,0.2983,0.2797,0.2784,0.3747,0.3548,0.1748,0.1593,0.373,0.2078,0.2931,0.2936,0.1532,0.0185,0.0666,0.0568,0.019,3310.4762,3315.3114,3285.4945,3302.8205,-0.9688,-0.063,-0.1618,-0.8897,-0.2243,-0.1196,1,1,1,1,1,12.6,62.1,
2026-07-23 18:43:44.111,0.1386,0.2313,0.2149,0.0869,0.2611,0.2656,0.2856,0.3623,0.3606,0.1743,0.1515,0.3716,0.2208,0.266,0.2926,0.1601,0.0189,0.0628,0.0555,0.019,3303.6264,3334.2491,3299.5971,3281.0623,-0.9669,-0.0653,-0.1565,-0.957,-0.3813,0.172,1,1,1,1,1,12.6,62.1,
2026-07-23 18:43:45.120,0.1452,0.2293,0.2122,0.0921,0.2604,0.2557,0.2963,0.3565,0.3497,0.1909,0.161,0.3614,0.2251,0.264,0.2759,0.1671,0.0195,0.0601,0.0545,0.023,3318.5348,3335.0549,3310.4762,3304.4322,-0.9691,-0.0648,-0.157,-0.957,-0.1495,0.0972,1,1,1,1,1,12.6,61.6,
2026-07-23 18:43:46.122,0.1535,0.2302,0.214,0.1049,0.2751,0.2506,0.3079,0.3338,0.3418,0.1971,0.1602,0.378,0.2107,0.2653,0.2628,0.1604,0.019,0.0568,0.0551,0.023,3277.8388,3315.7143,3314.9084,3270.989,-0.9706,-0.0695,-0.1516,-0.9196,-0.5383,0.0224,1,1,1,1,1,12.6,60.8,
2026-07-23 18:43:47.131,0.172,0.246,0.2553,0.1415,0.3057,0.2534,0.2912,0.3513,0.33,0.1923,0.1496,0.3489,0.1733,0.2495,0.2464,0.1374,0.019,0.0588,0.0576,0.0209,3284.6886,3292.7473,3297.1795,3297.9853,-0.9728,-0.0701,-0.1544,-0.7327,-0.1869,0.2393,1,1,1,1,1,12.6,60.0,
2026-07-23 18:43:48.136,0.159,0.2159,0.2678,0.1632,0.3337,0.2623,0.2782,0.3605,0.3131,0.2065,0.1483,0.2989,0.1729,0.2511,0.2474,0.1542,0.0213,0.0643,0.0583,0.0233,3329.8168,3315.7143,3306.044,3341.9048,-0.9698,-0.0671,-0.1525,-0.9346,-0.0299,0.2094,1,1,1,1,1,12.6,59.6,
2026-07-23 18:43:49.147,0.1726,0.2118,0.2568,0.1932,0.3249,0.2684,0.2782,0.3618,0.2784,0.1955,0.157,0.2314,0.1986,0.2615,0.2476,0.1839,0.0255,0.0628,0.0604,0.0296,3334.2491,3316.1172,3304.0293,3303.2234,-0.9691,-0.0735,-0.1517,-1.0318,-0.2168,0.2318,1,1,1,1,1,12.6,59.6,
2026-07-23 18:43:50.160,0.1812,0.2083,0.2638,0.191,0.3189,0.2906,0.2808,0.3645,0.2589,0.1796,0.1577,0.2157,0.2067,0.26,0.2384,0.195,0.0343,0.0615,0.0593,0.0338,3272.1978,3302.4176,3303.2234,3289.5238,-0.967,-0.0692,-0.1552,-0.957,-0.2019,0.1944,1,1,1,1,1,12.6,59.9,
2026-07-23 18:43:51.185,0.1902,0.2022,0.2598,0.1917,0.3253,0.3017,0.2653,0.3636,0.2392,0.1721,0.1778,0.2137,0.2081,0.2625,0.2361,0.1953,0.0372,0.0615,0.061,0.0357,3290.7326,3286.7033,3307.6557,3304.8352,-0.9741,-0.0688,-0.1559,-1.0542,-0.0523,0.2542,1,1,1,1,1,12.6,60.3,
2026-07-23 18:43:52.183,0.1895,0.1456,0.2633,0.1995,0.3439,0.3139,0.2765,0.3856,0.2166,0.1934,0.1717,0.195,0.211,0.2819,0.223,0.1825,0.039,0.0653,0.0656,0.0375,3277.033,3326.5934,3290.7326,3274.2125,-0.9692,-0.0719,-0.1514,-1.0019,0.1794,0.3365,1,1,1,1,1,12.6,60.7,
2026-07-23 18:43:53.196,0.1928,0.1484,0.2677,0.2022,0.3599,0.3227,0.2956,0.4121,0.2005,0.1777,0.15,0.1803,0.205,0.2872,0.2176,0.1683,0.0418,0.0641,0.0691,0.037,3285.8974,3265.7509,3320.9524,3292.7473,-0.9726,-0.0716,-0.152,-1.0168,-0.0299,0.3065,1,1,1,1,1,12.6,60.8,
2026-07-23 18:43:54.209,0.1789,0.1376,0.2567,0.1866,0.3348,0.3182,0.3037,0.4026,0.1978,0.1869,0.1482,0.1791,0.2458,0.2886,0.222,0.1914,0.0428,0.0686,0.0694,0.0402,3341.0989,3308.0586,3297.5824,3314.1026,-0.969,-0.0692,-0.147,-0.9196,0.2766,-0.0224,1,1,1,1,1,12.6,60.9,
2026-07-23 18:43:55.219,0.1323,0.1208,0.2186,0.1073,0.3253,0.3034,0.3009,0.4036,0.2572,0.2035,0.1611,0.2512,0.2483,0.2921,0.2493,0.2047,0.037,0.0801,0.07,0.0331,3182.3443,3299.1941,3278.6447,3146.8864,-0.9724,-0.0714,-0.1576,-1.0094,0.157,0.2318,1,1,1,1,1,12.6,60.7,
2026-07-23 18:43:56.229,0.0909,0.1288,0.1891,0.0871,0.3269,0.3126,0.2909,0.3692,0.2883,0.2078,0.1898,0.3037,0.2617,0.2785,0.2585,0.2101,0.0321,0.0723,0.0717,0.0298,3344.7253,3301.2088,3312.0879,3338.6813,-0.9713,-0.0693,-0.1568,-0.9645,-0.3439,0.2467,1,1,1,1,1,12.6,60.2,
2026-07-23 18:43:57.232,0.0769,0.1467,0.1758,0.0689,0.3465,0.3039,0.3047,0.3607,0.3044,0.2061,0.1903,0.3682,0.2466,0.2755,0.2537,0.18,0.0257,0.0678,0.0755,0.0222,3291.1355,3312.0879,3297.1795,3260.1099,-0.9693,-0.0679,-0.1559,-1.0019,-0.0598,0.2916,1,1,1,1,1,12.6,59.5,
2026-07-23 18:43:58.243,0.06,0.1446,0.1561,0.061,0.3661,0.3194,0.2948,0.3841,0.3105,0.208,0.1941,0.3582,0.2455,0.2622,0.2761,0.1791,0.0179,0.0658,0.0788,0.0176,3274.6154,3326.9963,3307.6557,3313.2967,-0.9695,-0.068,-0.1577,-0.9645,0.015,0.1346,1,1,1,1,1,12.6,58.9,
2026-07-23 18:43:59.262,0.0531,0.1571,0.1554,0.0466,0.3541,0.3153,0.2978,0.382,0.3234,0.2055,0.1886,0.3711,0.2521,0.2563,0.2809,0.1827,0.0173,0.0658,0.0772,0.0176,3308.0586,3297.1795,3300.4029,3299.5971,-0.9702,-0.0728,-0.158,-1.0318,0.2019,0.2841,1,1,1,1,1,12.6,59.2,
2026-07-23 18:44:00.285,0.0511,0.1741,0.1578,0.0397,0.3405,0.3055,0.2824,0.3878,0.3307,0.1936,0.2089,0.3688,0.2613,0.2622,0.2771,0.1877,0.0163,0.0647,0.0738,0.016,3229.4872,3304.8352,3339.4872,3249.6337,-0.9703,-0.0692,-0.1603,-0.957,-0.0449,0.314,1,1,1,1,1,12.6,60.0,
2026-07-23 18:44:01.298,0.0493,0.1635,0.1445,0.0352,0.3362,0.2939,0.2532,0.386,0.3454,0.2193,0.2242,0.3708,0.2537,0.2609,0.3064,0.1934,0.0153,0.0625,0.0717,0.0146,3332.2344,3333.0403,3324.1758,3335.0549,-0.9731,-0.0666,-0.1597,-1.0019,0.2019,0.329,1,1,1,1,1,12.6,60.6,
2026-07-23 18:44:02.310,0.0499,0.1541,0.1544,0.0353,0.3388,0.3029,0.2417,0.3907,0.3667,0.2214,0.2286,0.3807,0.2302,0.2618,0.3056,0.1797,0.0144,0.0598,0.0696,0.0135,3323.37,3303.2234,3289.9267,3348.7546,-0.9735,-0.0688,-0.1595,-1.0019,0.015,0.0523,1,1,1,1,1,12.5,60.0,
2026-07-23 18:44:03.316,0.0575,0.1478,0.1729,0.0449,0.3379,0.3181,0.2487,0.3776,0.3532,0.2084,0.222,0.3745,0.2352,0.2669,0.2853,0.1866,0.0162,0.0588,0.0711,0.0164,3319.3407,3311.2821,3287.5092,3281.8681,-0.9712,-0.0654,-0.1556,-0.9795,-0.1495,0.4112,1,1,1,1,1,12.5,58.8,
2026-07-23 18:44:04.323,0.0598,0.1432,0.1845,0.0463,0.3506,0.3154,0.2626,0.4,0.3494,0.1977,0.2009,0.3509,0.2237,0.2801,0.2823,0.1862,0.0165,0.0636,0.0697,0.0166,3333.8462,3306.044,3311.685,3326.1905,-0.9705,-0.0598,-0.154,-1.0094,-0.2168,0.1944,1,1,1,1,1,12.5,57.4,
2026-07-23 18:44:05.334,0.0568,0.131,0.1929,0.05,0.3417,0.3089,0.2392,0.3941,0.3646,0.2062,0.2015,0.3351,0.2193,0.2864,0.2982,0.2026,0.0176,0.0675,0.0681,0.0182,3311.685,3320.9524,3298.7912,3341.5018,-0.9703,-0.0667,-0.1528,-1.0692,0.0299,0.5234,1,1,1,1,1,12.5,56.5,
2026-07-23 18:44:06.344,0.0655,0.1546,0.174,0.0584,0.3257,0.2638,0.2515,0.3845,0.3773,0.2119,0.2112,0.3379,0.2115,0.2981,0.2961,0.1999,0.02,0.0716,0.0671,0.0192,3299.5971,3316.9231,3325.3846,3327.8022,-0.969,-0.0707,-0.1555,-1.0318,-0.1869,0.4561,1,1,1,1,1,12.5,56.4,
2026-07-23 18:44:07.339,0.0591,0.1679,0.1791,0.0611,0.3398,0.244,0.2513,0.4076,0.3683,0.2007,0.208,0.3086,0.2132,0.3157,0.3018,0.2054,0.0196,0.0717,0.0598,0.0173,3282.2711,3308.4615,3313.6996,3308.0586,-0.972,-0.0687,-0.1595,-1.0468,0.0897,0.0299,1,1,1,1,1,12.5,56.4,
2026-07-23 18:44:08.383,0.0603,0.1606,0.1738,0.0666,0.3437,0.2419,0.2454,0.3916,0.3704,0.2058,0.2021,0.3145,0.2053,0.318,0.3161,0.2086,0.0203,0.0737,0.0626,0.0187,3284.2857,3319.3407,3330.2198,3300.0,-0.9744,-0.0668,-0.1602,-1.0318,0.2168,0.2991,1,1,1,1,1,12.5,56.7,
2026-07-23 18:44:09.395,0.068,0.1668,0.1726,0.0722,0.3503,0.257,0.2511,0.3787,0.3518,0.1819,0.2105,0.317,0.2086,0.3141,0.3033,0.213,0.0212,0.0802,0.0625,0.019,3294.359,3312.8938,3314.5055,3326.9963,-0.9674,-0.064,-0.1575,-1.0243,-0.2617,0.3365,1,1,1,1,1,12.5,57.2,
2026-07-23 18:44:10.448,0.074,0.1819,0.1746,0.0733,0.358,0.2533,0.2505,0.3572,0.3267,0.1734,0.2151,0.3115,0.2192,0.3088,0.2972,0.2398,0.022,0.0826,0.0626,0.0182,3311.685,3300.4029,3312.0879,3322.967,-0.9733,-0.0671,-0.1617,-1.0542,0.1944,0.1645,1,1,1,1,1,12.5,57.8,
2026-07-23 18:44:11.504,0.0676,0.1962,0.1653,0.0661,0.3652,0.237,0.2423,0.3488,0.3132,0.1713,0.2103,0.323,0.2299,0.3129,0.3189,0.2452,0.024,0.0826,0.0632,0.0169,3316.5201,3315.7143,3306.044,3319.7436,-0.9702,-0.0574,-0.1527,-1.0617,-0.4037,0.5084,1,1,1,1,1,12.5,58.3,
2026-07-23 18:44:12.508,0.0681,0.198,0.1705,0.0675,0.3394,0.2303,0.2161,0.3129,0.3125,0.1722,0.206,0.3125,0.2528,0.3171,0.3257,0.2874,0.0271,0.0823,0.0817,0.0197,3307.6557,3314.1026,3327.3993,3306.044,-0.9756,-0.07,-0.162,-1.0019,0.4337,0.2168,1,1,1,1,1,12.5,58.4,
2026-07-23 18:44:13.514,0.0683,0.2016,0.1674,0.0686,0.337,0.2436,0.2157,0.3113,0.2978,0.1679,0.2095,0.2964,0.2674,0.3058,0.3214,0.3032,0.0295,0.0811,0.0861,0.0205,3311.2821,3294.359,3332.2344,3325.3846,-0.9669,-0.0619,-0.1633,-0.9869,-0.0523,0.4262,1,1,1,1,1,12.5,57.8,
2026-07-23 18:44:14.525,0.0658,0.1898,0.193,0.0558,0.3454,0.2614,0.2003,0.302,0.2963,0.1649,0.1982,0.3126,0.2643,0.3014,0.3194,0.3081,0.0283,0.0825,0.0891,0.0215,3258.4982,3289.9267,3297.1795,3258.9011,-0.9664,-0.064,-0.1542,-0.972,-0.3738,-0.0,1,1,1,1,1,12.5,57.0,
2026-07-23 18:44:15.537,0.067,0.187,0.1927,0.0542,0.3481,0.2678,0.2073,0.3033,0.2985,0.1697,0.1949,0.3177,0.2584,0.2892,0.3069,0.3023,0.028,0.0863,0.0982,0.0226,3324.9817,3287.5092,3324.1758,3331.0256,-0.968,-0.0646,-0.1583,-0.8748,-0.1421,-0.0822,1,1,1,1,1,12.5,56.5,
2026-07-23 18:44:16.553,0.0646,0.1945,0.1901,0.0462,0.3834,0.264,0.2183,0.3665,0.2763,0.1598,0.1963,0.3068,0.2489,0.2912,0.2981,0.2617,0.0268,0.0906,0.0973,0.0188,3285.4945,3315.7143,3311.685,3318.1319,-0.9702,-0.0648,-0.1591,-0.9122,-0.0972,0.0449,1,1,1,1,1,12.5,56.3,
2026-07-23 18:44:17.572,0.0536,0.1876,0.1878,0.0446,0.4101,0.2662,0.2329,0.4066,0.2709,0.1635,0.189,0.2917,0.2382,0.2915,0.2926,0.2397,0.0271,0.0911,0.0978,0.0175,3279.4505,3315.7143,3304.4322,3287.9121,-0.9753,-0.0684,-0.1602,-1.0393,0.0449,0.314,1,1,1,1,1,12.5,56.8,
2026-07-23 18:44:18.586,0.049,0.1794,0.175,0.0407,0.4116,0.2579,0.2257,0.4282,0.2604,0.1648,0.1916,0.292,0.2491,0.2998,0.3048,0.2198,0.0299,0.0982,0.1029,0.0192,3301.6117,3323.7729,3309.6703,3328.6081,-0.9723,-0.0656,-0.1594,-0.9944,-0.0075,0.3065,1,1,1,1,1,12.5,58.3,
2026-07-23 18:44:19.606,0.0659,0.1677,0.184,0.0413,0.413,0.2707,0.2282,0.4368,0.2536,0.1783,0.1949,0.2911,0.2407,0.2869,0.2919,0.2124,0.0268,0.0965,0.1009,0.0185,3311.685,3321.3553,3296.3736,3285.4945,-0.9727,-0.0678,-0.1639,-0.957,0.0673,0.3065,1,1,1,1,1,12.5,59.5,
2026-07-23 18:44:20.616,0.0816,0.1672,0.1884,0.0428,0.4198,0.2597,0.2476,0.4695,0.2435,0.1829,0.211,0.291,0.2301,0.2871,0.2662,0.1803,0.0251,0.1032,0.0869,0.0165,3345.5311,3335.8608,3327.3993,3333.4432,-0.9706,-0.0667,-0.1655,-0.9496,-0.4112,0.3439,1,1,1,1,1,12.5,60.3,
2026-07-23 18:44:21.624,0.081,0.1796,0.1839,0.0409,0.4206,0.2557,0.249,0.4837,0.2352,0.1643,0.2219,0.279,0.2391,0.295,0.26,0.1782,0.0241,0.1053,0.0852,0.0182,3332.2344,3343.9194,3317.326,3348.7546,-0.969,-0.0651,-0.1559,-1.0168,-0.015,0.1869,1,1,1,1,1,12.5,60.7,
2026-07-23 18:44:22.635,0.0786,0.1695,0.1491,0.0448,0.4137,0.2536,0.2786,0.4791,0.231,0.1856,0.2471,0.2992,0.2532,0.2887,0.2415,0.1613,0.0235,0.1025,0.0837,0.0155,3348.3516,3304.0293,3324.5788,3307.2527,-0.9691,-0.0634,-0.1531,-0.9869,0.0972,0.329,1,1,1,1,1,12.5,60.6,
2026-07-23 18:44:23.645,0.0739,0.1515,0.1475,0.048,0.42,0.2683,0.2734,0.4629,0.2462,0.1994,0.2685,0.3114,0.2371,0.2861,0.236,0.1637,0.0227,0.0947,0.0747,0.014,3353.1868,3337.8755,3325.7875,3280.2564,-0.9701,-0.063,-0.1622,-1.0318,-0.2617,0.2841,1,1,1,1,1,12.5,60.4,
2026-07-23 18:44:24.655,0.0679,0.1512,0.1591,0.0614,0.405,0.2671,0.2969,0.4237,0.2619,0.2004,0.24,0.3114,0.2434,0.2939,0.2354,0.1884,0.0218,0.0874,0.0686,0.015,3315.3114,3309.2674,3296.7766,3337.8755,-0.975,-0.0649,-0.1636,-1.0019,-0.2094,0.314,1,1,1,1,1,12.5,60.1,
2026-07-23 18:44:25.661,0.0594,0.1672,0.1581,0.0687,0.3897,0.2545,0.296,0.4107,0.3303,0.1894,0.2404,0.3209,0.2046,0.307,0.2393,0.1856,0.016,0.0818,0.0662,0.0141,3344.3223,3312.4908,3312.0879,3316.1172,-0.9691,-0.0645,-0.153,-1.0841,0.0299,0.0673,1,1,1,1,1,12.5,59.8,
2026-07-23 18:44:26.673,0.0674,0.1897,0.1598,0.0744,0.3826,0.2605,0.2971,0.4023,0.349,0.1803,0.2485,0.3263,0.1862,0.2928,0.2302,0.1839,0.0149,0.0767,0.0644,0.0131,3303.6264,3332.2344,3273.0037,3329.011,-0.969,-0.0635,-0.1596,-1.0468,0.0673,0.2467,1,1,1,1,1,12.5,59.6,
2026-07-23 18:44:27.678,0.0568,0.2004,0.1525,0.0705,0.3941,0.2676,0.297,0.4053,0.3543,0.1589,0.2563,0.3286,0.1806,0.302,0.2302,0.1835,0.0142,0.0712,0.064,0.0121,3286.7033,3274.2125,3366.8864,3346.337,-0.9703,-0.0725,-0.1569,-0.8524,0.0972,0.0523,1,1,1,1,1,12.5,59.6,
2026-07-23 18:44:28.691,0.049,0.2025,0.1462,0.0672,0.3984,0.2949,0.3091,0.411,0.365,0.1544,0.2556,0.3376,0.173,0.2844,0.2299,0.172,0.0145,0.0637,0.0592,0.0123,3282.674,3306.8498,3308.4615,3321.3553,-0.9722,-0.0659,-0.1605,-0.9196,0.3813,0.1495,1,1,1,1,1,12.5,59.7,
2026-07-23 18:44:29.703,0.0467,0.1926,0.154,0.0675,0.3923,0.3147,0.3047,0.4007,0.3752,0.1598,0.2452,0.3405,0.1723,0.2744,0.2429,0.1809,0.0135,0.0585,0.0533,0.0104,3310.4762,3291.5385,3296.3736,3355.2015,-0.97,-0.067,-0.1603,-0.9346,-0.0897,0.2393,1,1,1,1,1,12.5,60.0,
2026-07-23 18:44:30.706,0.0468,0.1991,0.184,0.0665,0.4021,0.3526,0.2766,0.3837,0.3656,0.1438,0.2273,0.3333,0.1719,0.2503,0.2623,0.2049,0.0137,0.0542,0.0497,0.0115,3326.5934,3322.967,3301.2088,3293.956,-0.9693,-0.0695,-0.1581,-0.9869,-0.015,0.2617,1,1,1,1,1,12.5,60.4,
2026-07-23 18:44:31.716,0.0535,0.2034,0.1845,0.0682,0.4049,0.3551,0.2947,0.397,0.3595,0.1397,0.2032,0.3296,0.1677,0.2462,0.2659,0.1916,0.0144,0.0556,0.0518,0.0135,3292.7473,3326.5934,3314.5055,3280.6593,-0.9731,-0.0701,-0.1593,-1.0168,-0.314,0.3365,1,1,1,1,1,12.5,60.6,
2026-07-23 18:44:32.721,0.0583,0.2078,0.1869,0.07,0.4185,0.3656,0.2818,0.419,0.3591,0.1479,0.2129,0.3292,0.1501,0.2237,0.2663,0.1684,0.0141,0.0551,0.0522,0.0134,3321.3553,3324.5788,3322.5641,3313.6996,-0.9716,-0.0646,-0.1561,-0.7626,-0.5084,0.0748,1,1,1,1,1,12.5,60.7,
2026-07-23 18:44:33.730,0.0733,0.2097,0.2022,0.065,0.4322,0.3744,0.2776,0.415,0.3069,0.1498,0.2124,0.329,0.1699,0.211,0.2561,0.176,0.0177,0.0551,0.0517,0.015,3268.9744,3325.7875,3293.1502,3279.8535,-0.9698,-0.0712,-0.1568,-0.8823,0.1346,0.1271,1,1,1,1,1,12.5,60.6,
2026-07-23 18:44:34.737,0.076,0.2065,0.2042,0.0636,0.4354,0.3806,0.2907,0.4119,0.2842,0.1528,0.2022,0.325,0.1859,0.2085,0.2529,0.1831,0.0185,0.0516,0.05,0.0164,3357.2161,3329.011,3296.7766,3321.3553,-0.9728,-0.0684,-0.1455,-0.972,-0.1346,0.3664,1,1,1,1,1,12.5,60.4,
2026-07-23 18:44:35.752,0.0987,0.2226,0.1986,0.0734,0.4405,0.3853,0.3114,0.4281,0.2704,0.1554,0.1932,0.3096,0.1723,0.186,0.248,0.1707,0.0181,0.0508,0.0489,0.0182,3327.8022,3321.3553,3321.7582,3350.3663,-0.9678,-0.0673,-0.1473,-1.0393,0.0598,0.2617,1,1,1,1,1,12.5,60.0,
2026-07-23 18:44:36.752,0.1052,0.2336,0.2392,0.1055,0.4478,0.3662,0.2949,0.4136,0.2641,0.1623,0.1781,0.2905,0.1665,0.1881,0.2389,0.173,0.0164,0.0498,0.049,0.0175,3297.1795,3317.326,3335.8608,3335.4579,-0.9728,-0.0635,-0.1459,-0.9944,-0.3813,0.2467,1,1,1,1,1,12.5,59.4,
2026-07-23 18:44:37.808,0.1142,0.2428,0.2394,0.1282,0.4631,0.3431,0.3066,0.4314,0.2564,0.1635,0.1716,0.2853,0.1474,0.1986,0.2291,0.1328,0.0188,0.052,0.0534,0.0222,3280.6593,3320.9524,3287.9121,3289.9267,-0.9758,-0.0633,-0.1442,-0.957,-0.1421,0.015,1,1,1,1,1,12.5,58.6,
2026-07-23 18:44:38.812,0.1233,0.238,0.2267,0.1451,0.4436,0.3033,0.3085,0.4313,0.285,0.1724,0.1737,0.2777,0.1301,0.2275,0.2341,0.1219,0.018,0.0588,0.057,0.024,3260.9158,3315.3114,3310.8791,3272.1978,-0.9719,-0.0646,-0.1488,-0.9795,-0.0598,0.329,1,1,1,1,1,12.5,58.0,
2026-07-23 18:44:39.819,0.1258,0.2366,0.2415,0.1532,0.4347,0.31,0.2871,0.4202,0.28,0.1682,0.1706,0.2772,0.1415,0.227,0.2412,0.1233,0.018,0.0581,0.0597,0.0261,3332.6374,3326.1905,3314.1026,3291.5385,-0.971,-0.0594,-0.1482,-1.0767,0.0075,0.157,1,1,1,1,1,12.5,57.8,
2026-07-23 18:44:40.828,0.1287,0.239,0.2529,0.1543,0.3944,0.3015,0.2609,0.3768,0.2925,0.1561,0.1791,0.2965,0.164,0.2389,0.2422,0.1408,0.0204,0.0646,0.065,0.0316,3287.9121,3295.1648,3321.7582,3312.8938,-0.9722,-0.0653,-0.1514,-1.0542,-0.0897,0.1944,1,1,1,1,1,12.5,58.0,
2026-07-23 18:44:41.837,0.1051,0.2062,0.2413,0.1377,0.3986,0.2901,0.2532,0.3481,0.2852,0.167,0.1802,0.3229,0.1914,0.2731,0.2593,0.1635,0.0197,0.0636,0.066,0.0278,3314.1026,3314.9084,3316.1172,3318.9377,-0.9703,-0.07,-0.1525,-0.9944,0.0374,0.3365,1,1,1,1,1,12.5,58.5,
2026-07-23 18:44:42.857,0.0921,0.1947,0.2374,0.123,0.4133,0.2715,0.2373,0.3626,0.2744,0.1741,0.184,0.3241,0.2009,0.2909,0.2734,0.1652,0.0192,0.0688,0.0679,0.0251,3303.6264,3302.8205,3300.8059,3320.5495,-0.9705,-0.0672,-0.1526,-1.0168,-0.1196,0.2467,1,1,1,1,1,12.5,59.0,
2026-07-23 18:44:43.870,0.079,0.1635,0.2344,0.1017,0.3765,0.2661,0.2157,0.3622,0.276,0.1754,0.1849,0.3177,0.2476,0.3182,0.2961,0.1963,0.0208,0.0768,0.0689,0.0221,3304.4322,3320.1465,3313.6996,3314.1026,-0.9716,-0.0618,-0.1456,-1.0168,-0.2094,0.0598,1,1,1,1,1,12.5,59.6,
2026-07-23 18:44:44.893,0.0725,0.1388,0.179,0.0668,0.3616,0.2925,0.2281,0.3613,0.2794,0.157,0.1849,0.3148,0.2645,0.3336,0.3341,0.2355,0.022,0.0781,0.0738,0.0216,3271.7949,3305.2381,3300.4029,3279.0476,-0.9757,-0.0699,-0.1566,-0.9869,-0.1944,0.2766,1,1,1,1,1,12.5,60.3,
2026-07-23 18:44:45.933,0.0671,0.1352,0.1759,0.0519,0.3397,0.3024,0.2315,0.3395,0.2949,0.164,0.1772,0.3188,0.2771,0.3246,0.3432,0.2719,0.0212,0.0737,0.0722,0.0179,3358.4249,3326.5934,3316.9231,3316.1172,-0.9705,-0.071,-0.1518,-0.7851,-0.0673,-0.1047,1,1,1,1,1,12.4,60.7,
2026-07-23 18:44:46.947,0.0554,0.1624,0.1804,0.0425,0.3293,0.2954,0.237,0.3571,0.3052,0.1562,0.1761,0.3136,0.2888,0.3168,0.3327,0.2697,0.0213,0.0693,0.0737,0.017,3357.619,3303.6264,3331.4286,3307.6557,-0.9703,-0.0632,-0.151,-1.0318,-0.329,0.1495,1,1,1,1,1,12.4,60.3,
2026-07-23 18:44:47.971,0.0532,0.1687,0.1857,0.0518,0.3166,0.2809,0.2353,0.3509,0.3278,0.1541,0.175,0.3137,0.2812,0.326,0.331,0.2684,0.0212,0.0702,0.073,0.0151,3365.2747,3318.1319,3303.6264,3340.696,-0.968,-0.0583,-0.1525,-0.957,-0.2766,0.1346,1,1,1,1,1,12.4,58.8,
2026-07-23 18:44:48.985,0.0532,0.1586,0.1708,0.0462,0.3426,0.2917,0.2709,0.3809,0.3249,0.1561,0.1602,0.3094,0.2593,0.3272,0.3265,0.2506,0.0199,0.0664,0.0717,0.0129,3341.5018,3312.0879,3328.2051,3297.5824,-0.9739,-0.0547,-0.1526,-0.9346,-0.2019,0.3439,1,1,1,1,1,12.4,56.9,
2026-07-23 18:44:49.990,0.0505,0.16,0.1583,0.0419,0.3355,0.2972,0.2571,0.4056,0.3633,0.1715,0.1834,0.316,0.2321,0.3054,0.3331,0.2253,0.0185,0.0659,0.068,0.0112,3266.1538,3299.5971,3287.5092,3273.4066,-0.9689,-0.063,-0.1554,-0.9869,0.1122,0.3439,1,1,1,1,1,12.4,56.6,
2026-07-23 18:44:51.000,0.0448,0.1644,0.1497,0.0445,0.3287,0.3007,0.2714,0.4082,0.3924,0.18,0.1852,0.3197,0.2167,0.2954,0.3259,0.2168,0.0175,0.0595,0.0679,0.0108,3283.0769,3321.3553,3220.6227,3158.5714,-0.9716,-0.066,-0.1562,-1.1963,-0.3813,0.3589,1,1,1,1,1,12.4,57.7,
2026-07-23 18:44:52.012,0.0957,0.149,0.1307,0.097,0.3244,0.2876,0.2293,0.3448,0.329,0.1829,0.1711,0.3167,0.2083,0.2852,0.3345,0.2008,0.0426,0.0952,0.1344,0.0407,3283.0769,3343.9194,3349.5604,3287.1062,-0.9732,-0.0634,-0.1609,-0.9944,-0.0374,0.2168,1,1,1,1,1,12.4,58.9,
2026-07-23 18:44:53.030,0.1263,0.1448,0.1251,0.1056,0.3123,0.2643,0.2019,0.3428,0.2942,0.1934,0.1631,0.3171,0.2166,0.2816,0.3316,0.1864,0.0507,0.1158,0.1783,0.0482,3320.9524,3324.9817,3312.8938,3304.8352,-0.973,-0.0633,-0.1631,-1.0168,0.0224,0.2617,1,1,1,1,1,12.4,59.4,
2026-07-23 18:44:54.040,0.1274,0.1325,0.1248,0.1047,0.3164,0.2632,0.2042,0.34,0.2858,0.2013,0.1781,0.321,0.2202,0.2839,0.312,0.1849,0.0502,0.1191,0.1809,0.0493,3277.033,3301.2088,3291.1355,3232.3077,-0.9699,-0.0647,-0.1576,-0.9645,0.0374,0.1869,1,1,1,1,1,12.4,59.8,
2026-07-23 18:44:55.051,0.1254,0.1141,0.1111,0.1031,0.3442,0.2703,0.1995,0.3345,0.2638,0.199,0.1743,0.3195,0.2149,0.2943,0.3323,0.1925,0.0517,0.1223,0.1829,0.0504,3317.326,3325.7875,3291.9414,3287.1062,-0.9722,-0.0645,-0.16,-0.9196,-0.2393,0.2019,1,1,1,1,1,12.4,60.5,
2026-07-23 18:44:56.059,0.1277,0.0994,0.0989,0.0967,0.3536,0.2667,0.2003,0.3411,0.2502,0.213,0.1748,0.3163,0.2159,0.2949,0.3436,0.1965,0.0526,0.126,0.1824,0.0494,3316.9231,3321.7582,3330.2198,3332.6374,-0.9698,-0.066,-0.163,-0.972,0.2168,0.2168,1,1,1,1,1,12.4,63.6,
2026-07-23 18:44:57.086,0.1347,0.1056,0.1118,0.1061,0.3324,0.2405,0.1869,0.3341,0.2567,0.2338,0.173,0.3086,0.2205,0.2917,0.3469,0.1999,0.0557,0.1284,0.1813,0.0513,3312.4908,3325.3846,3303.2234,3285.4945,-0.9676,-0.0654,-0.1582,-1.0019,-0.3439,0.2841,1,1,1,1,1,12.4,64.9,
2026-07-23 18:44:58.107,0.1371,0.1062,0.1191,0.1124,0.3196,0.2364,0.1934,0.326,0.2671,0.2451,0.1593,0.2982,0.2206,0.2854,0.3415,0.209,0.0555,0.1269,0.1867,0.0544,3342.7106,3345.5311,3315.3114,3349.1575,-0.97,-0.0604,-0.1588,-0.972,0.0673,0.2243,1,1,1,1,1,12.4,64.9,
2026-07-23 18:44:59.114,0.1379,0.1541,0.1225,0.1092,0.3186,0.2931,0.1784,0.3362,0.2522,0.1977,0.1547,0.2862,0.2347,0.2536,0.3535,0.2132,0.0566,0.1014,0.191,0.0553,3324.1758,3323.37,3320.9524,3306.8498,-0.9719,-0.0663,-0.1583,-0.972,-0.0224,0.1421,1,1,1,1,1,12.4,64.1,
2026-07-23 18:45:00.146,0.0905,0.1771,0.1475,0.0674,0.3522,0.3063,0.2335,0.3961,0.3128,0.2066,0.1676,0.2865,0.2149,0.2486,0.3332,0.2219,0.0295,0.0613,0.1181,0.0281,3350.3663,3318.5348,3317.326,3326.5934,-0.9708,-0.0643,-0.1626,-1.0094,-0.3439,0.2019,1,1,1,1,1,12.4,62.6,
2026-07-23 18:45:01.167,0.0584,0.1858,0.1684,0.061,0.3762,0.3061,0.255,0.4148,0.3315,0.204,0.1773,0.276,0.2107,0.2525,0.3219,0.2284,0.0233,0.0516,0.0773,0.0198,3322.5641,3289.1209,3317.7289,3380.1832,-0.9707,-0.0624,-0.1578,-1.0916,-0.1196,0.2542,1,1,1,1,1,12.4,61.1,
2026-07-23 18:45:02.176,0.059,0.1851,0.1664,0.0617,0.394,0.3055,0.255,0.4274,0.3198,0.1927,0.1626,0.268,0.2034,0.2635,0.3384,0.2254,0.0238,0.0532,0.0775,0.0176,3333.0403,3337.4725,3307.2527,3349.5604,-0.9699,-0.0627,-0.1605,-1.0542,-0.1196,0.2019,1,1,1,1,1,12.4,60.4,
2026-07-23 18:45:03.189,0.0602,0.1827,0.167,0.0634,0.3817,0.304,0.2716,0.4307,0.3361,0.2108,0.161,0.2882,0.2011,0.2514,0.3234,0.2032,0.0208,0.051,0.077,0.0145,3302.4176,3317.7289,3324.1758,3316.1172,-0.9751,-0.0621,-0.1609,-0.9645,0.0075,0.172,1,1,1,1,1,12.4,59.8,
2026-07-23 18:45:04.212,0.0546,0.1765,0.1943,0.0616,0.3572,0.3106,0.2693,0.4139,0.3679,0.2159,0.1543,0.3187,0.201,0.2476,0.304,0.1905,0.0192,0.0493,0.078,0.0153,3271.3919,3312.8938,3296.3736,3298.3883,-0.9745,-0.0662,-0.1604,-0.9944,-0.2617,0.2019,1,1,1,1,1,12.4,59.3,
2026-07-23 18:45:05.237,0.0438,0.1744,0.1972,0.0531,0.3847,0.3221,0.2537,0.4204,0.3583,0.2076,0.1574,0.3244,0.1961,0.243,0.3052,0.1864,0.0171,0.0528,0.0864,0.0158,3275.4212,3304.4322,3275.0183,3248.8278,-0.9686,-0.067,-0.1598,-1.0094,-0.2243,0.2393,1,1,1,1,1,12.4,58.7,
2026-07-23 18:45:06.250,0.0447,0.1738,0.2069,0.0486,0.4104,0.3428,0.2555,0.461,0.3433,0.2005,0.163,0.3004,0.1857,0.2294,0.2947,0.175,0.0159,0.0535,0.0798,0.0149,3345.5311,3312.0879,3297.5824,3342.7106,-0.9681,-0.0651,-0.1608,-0.9496,-0.1271,0.2094,1,1,1,1,1,12.4,57.8,
2026-07-23 18:45:07.265,0.047,0.1355,0.1822,0.0464,0.4128,0.3128,0.2698,0.4643,0.3505,0.2415,0.1959,0.31,0.1727,0.245,0.281,0.1645,0.017,0.0651,0.0712,0.0148,3304.8352,3300.8059,3329.011,3291.5385,-0.9739,-0.069,-0.1649,-0.9795,0.0673,0.2094,1,1,1,1,1,12.4,57.0,
2026-07-23 18:45:08.293,0.05,0.1322,0.1925,0.0487,0.4033,0.3099,0.2663,0.4429,0.3501,0.2537,0.1991,0.3301,0.1778,0.2358,0.2714,0.1635,0.0187,0.0683,0.0707,0.0148,3319.3407,3313.6996,3275.0183,3285.4945,-0.9714,-0.0661,-0.1562,-1.0767,0.0598,0.3065,1,1,1,1,1,12.4,56.7,
2026-07-23 18:45:09.300,0.0557,0.1327,0.1825,0.0407,0.3964,0.3061,0.2665,0.4325,0.3557,0.2629,0.2011,0.3437,0.1728,0.2312,0.2785,0.1664,0.0195,0.0671,0.0715,0.0167,3301.6117,3297.1795,3292.3443,3303.2234,-0.9696,-0.0694,-0.156,-1.0617,-0.172,0.1495,1,1,1,1,1,12.4,56.8,
2026-07-23 18:45:10.317,0.0586,0.1278,0.1771,0.0423,0.3828,0.3257,0.2756,0.426,0.3717,0.2827,0.209,0.3491,0.1642,0.2006,0.2661,0.1627,0.0228,0.0632,0.0721,0.0198,3318.5348,3310.4762,3291.1355,3294.359,-0.9723,-0.0646,-0.1591,-1.0617,-0.0224,0.2617,1,1,1,1,1,12.4,57.5,
2026-07-23 18:45:11.336,0.0671,0.1546,0.1851,0.0434,0.3806,0.3364,0.2638,0.4332,0.3641,0.2672,0.2129,0.3238,0.1643,0.1802,0.2694,0.177,0.0239,0.0616,0.0687,0.0227,3282.674,3308.0586,3334.2491,3312.4908,-0.9728,-0.0623,-0.1611,-1.129,0.0598,0.2467,1,1,1,1,1,12.4,58.6,
2026-07-23 18:45:12.352,0.0712,0.1736,0.1541,0.0452,0.402,0.3467,0.2562,0.4621,0.3472,0.246,0.2254,0.3004,0.1554,0.173,0.298,0.1703,0.024,0.0607,0.0663,0.022,3268.9744,3329.8168,3319.7436,3285.8974,-0.9715,-0.0687,-0.1638,-0.9496,0.1196,0.2991,1,1,1,1,1,12.4,59.7,
2026-07-23 18:45:13.374,0.0795,0.1679,0.1384,0.0477,0.3951,0.3603,0.2647,0.4412,0.3405,0.2425,0.2319,0.3132,0.1603,0.1737,0.3052,0.1761,0.0247,0.0557,0.0597,0.0218,3277.8388,3336.2637,3318.9377,3280.6593,-0.9678,-0.0626,-0.1642,-0.8823,0.172,0.2991,1,1,1,1,1,12.4,60.7,
2026-07-23 18:45:14.402,0.0969,0.1672,0.134,0.0628,0.3948,0.3512,0.2796,0.3821,0.2943,0.2304,0.221,0.3479,0.1813,0.1898,0.2994,0.1785,0.0327,0.0615,0.0659,0.0287,3317.7289,3307.6557,3332.6374,3330.6227,-0.9703,-0.0667,-0.165,-1.0243,-0.2766,0.2467,1,1,1,1,1,12.4,61.6,
2026-07-23 18:45:15.420,0.1031,0.1472,0.1411,0.0691,0.4115,0.3863,0.3264,0.3805,0.2891,0.2224,0.1815,0.3609,0.1659,0.1821,0.2861,0.1625,0.0305,0.062,0.0648,0.0269,3317.326,3287.9121,3322.5641,3314.1026,-0.9723,-0.0671,-0.1631,-0.8972,0.2243,0.2243,1,1,1,1,1,12.4,61.7,
2026-07-23 18:45:16.433,0.0931,0.1438,0.1295,0.0719,0.4192,0.3991,0.333,0.3822,0.3042,0.2056,0.1858,0.3601,0.156,0.1881,0.2878,0.1583,0.0275,0.0634,0.064,0.0275,3291.9414,3326.5934,3275.4212,3325.3846,-0.9778,-0.0599,-0.1648,-0.9196,0.0523,0.1271,1,1,1,1,1,12.4,60.7,
2026-07-23 18:45:17.457,0.0867,0.1362,0.1343,0.069,0.4396,0.4091,0.3327,0.4068,0.2863,0.1996,0.1916,0.3577,0.1658,0.1915,0.2815,0.1447,0.0215,0.0636,0.0599,0.0219,3305.641,3296.3736,3281.4652,3303.6264,-0.9697,-0.0643,-0.1605,-1.0542,-0.0523,0.3215,1,1,1,1,1,12.4,58.9,
2026-07-23 18:45:18.483,0.0875,0.1403,0.1354,0.067,0.4353,0.3928,0.3217,0.4233,0.2899,0.1868,0.1955,0.3581,0.1692,0.2115,0.2882,0.1338,0.0181,0.0685,0.0593,0.0178,3358.4249,3331.8315,3326.9963,3329.8168,-0.9711,-0.0663,-0.1616,-1.0468,-0.0598,0.2916,1,1,1,1,1,12.4,56.1,
2026-07-23 18:45:19.500,0.0778,0.1034,0.1332,0.0622,0.4238,0.3936,0.3303,0.411,0.3112,0.1819,0.1929,0.3789,0.1696,0.2422,0.2727,0.1313,0.0176,0.0789,0.071,0.0166,3260.9158,3310.0733,3318.9377,3284.6886,-0.9686,-0.069,-0.1581,-1.0019,-0.172,0.1346,1,1,1,1,1,12.4,55.5,
2026-07-23 18:45:20.511,0.0773,0.0888,0.1424,0.0628,0.4217,0.3865,0.3393,0.4229,0.3136,0.1806,0.1919,0.3635,0.17,0.2633,0.2518,0.1333,0.0176,0.0807,0.0746,0.0175,3357.2161,3357.619,3273.4066,3298.3883,-0.9737,-0.067,-0.1614,-1.0393,-0.1122,0.3589,1,1,1,1,1,12.4,55.3,
2026-07-23 18:45:21.538,0.0747,0.0948,0.1429,0.0546,0.4294,0.3966,0.3191,0.4184,0.3209,0.1827,0.2127,0.3729,0.1586,0.25,0.252,0.1385,0.0164,0.0759,0.0733,0.0156,3266.9597,3282.2711,3294.7619,3270.5861,-0.9719,-0.0628,-0.158,-0.9346,-0.1944,0.2243,1,1,1,1,1,12.4,55.3,
2026-07-23 18:45:22.550,0.0772,0.1206,0.1404,0.0518,0.4213,0.3885,0.3094,0.4084,0.3365,0.1738,0.2137,0.3711,0.1502,0.2445,0.2617,0.154,0.0149,0.0725,0.0749,0.0147,3319.3407,3329.8168,3316.5201,3308.0586,-0.973,-0.0655,-0.1656,-1.0019,0.0598,0.2841,1,1,1,1,1,12.4,55.3,
2026-07-23 18:45:23.560,0.0786,0.1554,0.1569,0.0482,0.4089,0.3444,0.2521,0.3957,0.3334,0.1675,0.2295,0.3745,0.1636,0.2575,0.2825,0.1664,0.0156,0.0753,0.0789,0.0152,3327.8022,3279.0476,3323.7729,3324.9817,-0.9711,-0.0662,-0.1628,-0.9196,-0.2168,0.2318,1,1,1,1,1,12.4,55.3,
2026-07-23 18:45:24.576,0.0858,0.1699,0.1841,0.043,0.4165,0.3453,0.2224,0.4051,0.3232,0.1791,0.221,0.3711,0.1586,0.2414,0.2946,0.1657,0.016,0.0644,0.0778,0.0152,3332.6374,3340.696,3304.8352,3273.8095,-0.9701,-0.0656,-0.1594,-1.0094,-0.2617,0.2617,1,1,1,1,1,12.3,55.6,
2026-07-23 18:45:25.586,0.0826,0.1773,0.1987,0.044,0.4126,0.346,0.2215,0.3994,0.3383,0.1745,0.211,0.375,0.15,0.2386,0.2931,0.1668,0.0166,0.0636,0.0757,0.0149,3330.6227,3301.2088,3338.2784,3344.3223,-0.9677,-0.0668,-0.1642,-0.8897,0.0374,0.172,1,1,1,1,1,12.3,56.1,
2026-07-23 18:45:26.612,0.0722,0.1738,0.2164,0.0435,0.4365,0.3492,0.2244,0.4011,0.3408,0.1817,0.2047,0.3693,0.1347,0.2369,0.2826,0.1707,0.0159,0.0585,0.0719,0.0155,3318.9377,3304.4322,3310.4762,3312.4908,-0.9731,-0.061,-0.162,-0.957,-0.2318,0.1196,1,1,1,1,1,12.3,56.9,
2026-07-23 18:45:27.631,0.0758,0.1927,0.2231,0.0466,0.4479,0.3408,0.23,0.4002,0.3252,0.1905,0.2018,0.361,0.1357,0.225,0.2825,0.1757,0.0153,0.051,0.0625,0.0165,3318.5348,3297.1795,3316.5201,3299.5971,-0.9666,-0.0632,-0.1578,-0.9496,-0.3888,0.1047,1,1,1,1,1,12.3,57.4,
2026-07-23 18:45:28.658,0.0871,0.2244,0.2114,0.0519,0.4503,0.3255,0.2391,0.3912,0.3071,0.1876,0.2048,0.3621,0.139,0.2138,0.2809,0.1775,0.0164,0.0487,0.0639,0.0174,3314.5055,3295.1648,3339.0842,3322.5641,-0.9728,-0.0635,-0.1602,-0.9869,-0.157,0.2766,1,1,1,1,1,12.3,57.8,
2026-07-23 18:45:29.669,0.1098,0.2572,0.204,0.0707,0.4241,0.2969,0.2833,0.4145,0.3049,0.1692,0.174,0.3391,0.1438,0.224,0.2737,0.1573,0.0173,0.0527,0.065,0.0185,3301.2088,3325.7875,3302.0147,3287.5092,-0.9716,-0.0684,-0.1577,-1.0318,-0.0523,0.2393,1,1,1,1,1,12.3,58.0,
2026-07-23 18:45:30.684,0.1055,0.2609,0.2023,0.0748,0.42,0.2868,0.2839,0.4228,0.2984,0.1719,0.182,0.3341,0.1557,0.2287,0.2703,0.1483,0.0204,0.0517,0.0615,0.0199,3337.8755,3307.2527,3310.8791,3325.3846,-0.97,-0.0664,-0.1492,-1.0094,-0.2168,0.1495,1,1,1,1,1,12.3,58.2,
2026-07-23 18:45:31.706,0.1067,0.2399,0.2005,0.1012,0.4297,0.3036,0.2786,0.4456,0.2965,0.1719,0.1781,0.2905,0.1467,0.2332,0.2745,0.1406,0.0204,0.0514,0.0682,0.0223,3302.4176,3296.7766,3283.4799,3291.1355,-0.9719,-0.0681,-0.1537,-0.9421,-0.0075,0.2542,1,1,1,1,1,12.3,58.5,
2026-07-23 18:45:32.720,0.1085,0.2681,0.1747,0.1155,0.4049,0.2785,0.296,0.4462,0.3035,0.1559,0.1877,0.2767,0.1572,0.2407,0.2659,0.1376,0.0259,0.0568,0.0757,0.024,3284.6886,3295.1648,3308.8645,3282.2711,-0.9699,-0.064,-0.1547,-0.9869,0.1794,0.2467,1,1,1,1,1,12.3,58.6,
2026-07-23 18:45:33.733,0.1301,0.2725,0.1552,0.1341,0.4023,0.272,0.3022,0.4398,0.2893,0.157,0.1951,0.2624,0.1494,0.2435,0.2655,0.1363,0.029,0.055,0.0821,0.0274,3300.4029,3287.9121,3282.674,3289.5238,-0.9739,-0.0613,-0.1533,-1.0094,-0.0523,0.3365,1,1,1,1,1,12.3,58.7,
2026-07-23 18:45:34.739,0.1608,0.2817,0.1528,0.1544,0.358,0.2578,0.3057,0.4175,0.2752,0.1498,0.2008,0.2751,0.1719,0.2468,0.2588,0.1246,0.034,0.0639,0.0819,0.0284,3317.326,3311.2821,3307.6557,3301.2088,-0.9732,-0.0601,-0.153,-0.9346,-0.1944,0.3365,1,1,1,1,1,12.3,58.7,
2026-07-23 18:45:35.745,0.1907,0.2736,0.1575,0.1898,0.3357,0.2552,0.3111,0.408,0.2609,0.1351,0.1975,0.2545,0.1785,0.267,0.2575,0.1206,0.0342,0.069,0.0763,0.0271,3312.0879,3302.4176,3319.7436,3327.3993,-0.9731,-0.0624,-0.1465,-0.8972,-0.1495,0.2841,1,1,1,1,1,12.3,58.9,
2026-07-23 18:45:36.766,0.1827,0.2478,0.1996,0.2138,0.3758,0.2728,0.298,0.3944,0.2424,0.1477,0.1794,0.2421,0.1688,0.2618,0.2483,0.1245,0.0303,0.0699,0.0746,0.0252,3337.8755,3312.8938,3335.4579,3324.1758,-0.9738,-0.0593,-0.1479,-1.0168,-0.0224,0.2617,1,1,1,1,1,12.3,59.3,
2026-07-23 18:45:37.782,0.1462,0.2322,0.2128,0.2139,0.3604,0.2367,0.2566,0.3526,0.2464,0.1936,0.1902,0.2295,0.2194,0.2704,0.2648,0.1775,0.0276,0.0672,0.0757,0.0266,3294.359,3297.5824,3318.5348,3250.4396,-0.9714,-0.0657,-0.1467,-0.9271,0.0299,0.4187,1,1,1,1,1,12.3,59.8,
2026-07-23 18:45:38.796,0.1219,0.206,0.2099,0.1745,0.3676,0.2265,0.2687,0.3547,0.2335,0.2227,0.1912,0.2366,0.2518,0.2713,0.2586,0.2114,0.0252,0.0735,0.0715,0.0228,3339.8901,3299.1941,3320.1465,3344.7253,-0.9702,-0.0661,-0.1489,-0.9496,-0.1047,0.0673,1,1,1,1,1,12.3,60.1,
2026-07-23 18:45:39.818,0.1038,0.1819,0.2186,0.1384,0.3464,0.2113,0.2666,0.3283,0.234,0.2457,0.1988,0.2702,0.2913,0.2811,0.2499,0.2409,0.0244,0.0799,0.0662,0.0222,3313.6996,3330.6227,3320.1465,3317.326,-0.9713,-0.069,-0.1497,-0.9421,-0.1271,0.2168,1,1,1,1,1,12.3,60.2,
2026-07-23 18:45:40.841,0.0885,0.1546,0.2245,0.115,0.3489,0.2371,0.2598,0.3391,0.2735,0.2643,0.1933,0.3033,0.2708,0.274,0.2614,0.224,0.0183,0.0701,0.061,0.0186,3273.4066,3326.1905,3308.4615,3266.5568,-0.9736,-0.065,-0.1505,-1.0318,-0.0673,0.1869,1,1,1,1,1,12.3,60.0,
2026-07-23 18:45:41.858,0.0771,0.1681,0.2293,0.0943,0.3519,0.2418,0.2612,0.3661,0.286,0.2535,0.1848,0.3121,0.2687,0.2646,0.2652,0.2104,0.0164,0.072,0.0595,0.0171,3320.9524,3319.7436,3324.9817,3321.3553,-0.972,-0.0655,-0.1532,-1.0393,-0.1645,0.1869,1,1,1,1,1,12.3,59.6,
2026-07-23 18:45:42.877,0.0744,0.169,0.2038,0.0803,0.3464,0.2526,0.251,0.3455,0.2771,0.2455,0.1859,0.3212,0.2858,0.2663,0.2944,0.2372,0.0162,0.0666,0.0649,0.0158,3303.2234,3302.8205,3275.4212,3312.8938,-0.9719,-0.065,-0.1523,-1.0019,-0.2393,0.4187,1,1,1,1,1,12.3,59.0,
2026-07-23 18:45:43.887,0.053,0.1698,0.1909,0.0525,0.3302,0.251,0.244,0.3227,0.2803,0.2418,0.1878,0.3146,0.3201,0.2713,0.3077,0.2953,0.0163,0.0661,0.0696,0.015,3268.5714,3309.2674,3293.1502,3275.8242,-0.9731,-0.0674,-0.1583,-0.9944,-0.0673,0.2916,1,1,1,1,1,12.3,58.3,
2026-07-23 18:45:44.904,0.039,0.1559,0.1532,0.0315,0.2899,0.2499,0.2477,0.2923,0.276,0.2234,0.1999,0.3053,0.3783,0.3025,0.3286,0.3567,0.0168,0.0683,0.0705,0.0143,3334.652,3334.652,3328.2051,3322.1612,-0.968,-0.065,-0.1469,-1.0393,-0.1645,0.3514,1,1,1,1,1,12.3,57.2,
2026-07-23 18:45:45.919,0.0363,0.1389,0.1547,0.0317,0.2962,0.2671,0.2545,0.2949,0.2731,0.2082,0.1951,0.3125,0.3762,0.3117,0.3211,0.3465,0.0183,0.074,0.0745,0.0145,3286.3004,3310.8791,3321.3553,3283.0769,-0.9713,-0.0595,-0.1486,-1.0243,-0.1495,0.0598,1,1,1,1,1,12.3,56.4,
2026-07-23 18:45:46.929,0.0367,0.1388,0.1475,0.0362,0.3069,0.2759,0.245,0.2936,0.2661,0.1921,0.195,0.3033,0.3712,0.3172,0.3311,0.3527,0.019,0.076,0.0814,0.0141,3315.7143,3320.5495,3323.37,3282.674,-0.9686,-0.0641,-0.1526,-0.9795,0.0523,0.2019,1,1,1,1,1,12.3,55.9,
2026-07-23 18:45:47.944,0.0386,0.1405,0.1249,0.0359,0.3305,0.285,0.2561,0.3121,0.2624,0.1889,0.1923,0.2796,0.3486,0.3099,0.3399,0.3588,0.0199,0.0757,0.0868,0.0136,3259.304,3296.3736,3321.3553,3300.0,-0.9697,-0.0651,-0.1505,-0.9869,-0.1346,0.2168,1,1,1,1,1,12.3,56.0,
2026-07-23 18:45:48.966,0.0385,0.1464,0.106,0.0382,0.3102,0.2673,0.2517,0.2858,0.2316,0.1753,0.1924,0.2593,0.3966,0.3258,0.3555,0.4012,0.0231,0.0851,0.0944,0.0155,3315.7143,3310.4762,3320.5495,3333.0403,-0.9694,-0.0677,-0.1572,-0.9421,0.2243,0.2094,1,1,1,1,1,12.3,57.1,
2026-07-23 18:45:49.976,0.034,0.1176,0.1004,0.0419,0.2856,0.2585,0.2632,0.2725,0.2432,0.1991,0.1807,0.2142,0.4139,0.3376,0.3587,0.4568,0.0233,0.0873,0.0969,0.0146,3303.6264,3320.5495,3331.8315,3316.1172,-0.9719,-0.0652,-0.1573,-1.0393,-0.1047,0.2692,1,1,1,1,1,12.3,58.7,
2026-07-23 18:45:50.990,0.0316,0.1114,0.1002,0.0433,0.2829,0.2394,0.2704,0.2849,0.2454,0.1993,0.1708,0.2189,0.4167,0.3598,0.3663,0.4377,0.0233,0.09,0.0923,0.0151,3251.6484,3308.4615,3297.9853,3261.3187,-0.9711,-0.0647,-0.156,-1.0243,-0.1047,0.1271,1,1,1,1,1,12.3,59.6,
2026-07-23 18:45:52.008,0.0304,0.1005,0.1008,0.0423,0.3031,0.2288,0.2569,0.287,0.2509,0.2074,0.1671,0.3035,0.3936,0.3672,0.387,0.3534,0.022,0.0961,0.0882,0.0139,3299.5971,3306.4469,3325.3846,3304.8352,-0.97,-0.0677,-0.1522,-0.9869,-0.1944,0.1271,1,1,1,1,1,12.3,60.1,
2026-07-23 18:45:53.018,0.0318,0.1012,0.1116,0.0429,0.3508,0.2466,0.2509,0.3058,0.2632,0.2114,0.1639,0.3252,0.3322,0.3442,0.3848,0.3111,0.022,0.0966,0.0888,0.015,3338.6813,3320.5495,3316.1172,3349.1575,-0.975,-0.0648,-0.153,-0.9795,0.1495,0.2542,1,1,1,1,1,12.3,60.3,
2026-07-23 18:45:54.030,0.0321,0.099,0.1186,0.042,0.3682,0.2413,0.2534,0.3072,0.2658,0.2246,0.1688,0.3246,0.3129,0.3393,0.3736,0.3111,0.021,0.0958,0.0856,0.0151,3303.6264,3292.7473,3337.0696,3295.1648,-0.9665,-0.0607,-0.1537,-1.0094,-0.2841,0.2243,1,1,1,1,1,12.3,60.3,
2026-07-23 18:45:55.044,0.0436,0.1034,0.1193,0.0451,0.3261,0.2341,0.2594,0.2835,0.2844,0.224,0.1617,0.3398,0.3262,0.3453,0.3742,0.3154,0.0198,0.0931,0.0854,0.0163,3312.0879,3301.2088,3331.4286,3336.2637,-0.9695,-0.0596,-0.1536,-0.9869,-0.3215,0.2168,1,1,1,1,1,12.3,59.9,
2026-07-23 18:45:56.061,0.0434,0.104,0.1269,0.0444,0.3203,0.2122,0.2596,0.2838,0.2985,0.2239,0.1558,0.3685,0.3197,0.3638,0.3713,0.2877,0.0181,0.096,0.0863,0.0157,3244.3956,3282.674,3309.2674,3260.5128,-0.97,-0.0662,-0.1534,-0.9645,0.0673,0.1645,1,1,1,1,1,12.3,59.1,
2026-07-23 18:45:57.084,0.0461,0.0871,0.1206,0.0419,0.322,0.2156,0.2728,0.2991,0.305,0.2315,0.1584,0.3639,0.3094,0.3674,0.3629,0.2803,0.0175,0.0984,0.0853,0.0147,3364.8718,3324.9817,3309.6703,3336.2637,-0.9728,-0.0645,-0.1523,-0.9944,-0.1944,0.2991,1,1,1,1,1,12.3,58.4,
2026-07-23 18:45:58.104,0.0405,0.0902,0.1211,0.0383,0.3506,0.2157,0.2668,0.299,0.3106,0.2187,0.1782,0.3873,0.2829,0.3778,0.3517,0.2601,0.0154,0.0975,0.0822,0.0153,3334.652,3326.9963,3320.5495,3328.2051,-0.9653,-0.0661,-0.1514,-0.8748,-0.4037,0.0449,1,1,1,1,1,12.3,58.2,
2026-07-23 18:45:59.122,0.0493,0.093,0.1261,0.0485,0.3889,0.2553,0.2862,0.324,0.3061,0.2178,0.1856,0.3693,0.2411,0.3428,0.3181,0.2435,0.0146,0.0912,0.0842,0.0146,3330.2198,3318.1319,3324.1758,3316.5201,-0.9714,-0.0643,-0.1593,-0.957,0.2692,0.2617,1,1,1,1,1,12.3,58.7,
2026-07-23 18:46:00.150,0.0635,0.0957,0.1255,0.0579,0.3908,0.2712,0.3193,0.3537,0.3116,0.2151,0.178,0.328,0.2185,0.3315,0.2942,0.2429,0.0156,0.0865,0.0829,0.0175,3266.9597,3322.967,3311.2821,3260.9158,-0.9697,-0.0678,-0.16,-1.0617,-0.157,0.314,1,1,1,1,1,12.3,59.2,
2026-07-23 18:46:01.170,0.07,0.1125,0.1174,0.0593,0.3881,0.2649,0.3204,0.3677,0.3074,0.2128,0.1887,0.3243,0.2185,0.3248,0.2927,0.2309,0.0159,0.0849,0.0808,0.0178,3259.707,3349.5604,3315.3114,3241.978,-0.9691,-0.0609,-0.1588,-1.0916,-0.0224,0.1869,1,1,1,1,1,12.3,59.5,
2026-07-23 18:46:02.192,0.0795,0.1343,0.1187,0.0676,0.3931,0.2578,0.3243,0.3721,0.2972,0.1967,0.1721,0.3207,0.2145,0.326,0.3006,0.2227,0.0157,0.0852,0.0843,0.0168,3307.2527,3309.2674,3316.9231,3326.1905,-0.975,-0.0668,-0.1547,-0.972,-0.1869,0.1271,1,1,1,1,1,12.3,59.5,
2026-07-23 18:46:03.203,0.0944,0.1535,0.1162,0.0851,0.4047,0.2572,0.3362,0.3894,0.2914,0.2052,0.1754,0.3028,0.1941,0.3018,0.2896,0.2063,0.0154,0.0823,0.0826,0.0163,3312.8938,3314.5055,3326.1905,3311.2821,-0.9702,-0.0686,-0.1567,-0.972,-0.0598,0.1794,1,1,1,1,1,12.3,60.0,
2026-07-23 18:46:04.211,0.1396,0.1621,0.1414,0.1492,0.3932,0.2735,0.3356,0.393,0.2778,0.2034,0.1751,0.2482,0.175,0.2822,0.2685,0.1939,0.0144,0.0787,0.0794,0.0158,3255.2747,3294.359,3310.8791,3259.707,-0.9687,-0.0663,-0.1564,-1.0168,-0.1196,0.1271,1,1,1,1,1,12.3,61.7,
2026-07-23 18:46:05.219,0.1843,0.1708,0.173,0.2082,0.3881,0.2816,0.327,0.3716,0.2571,0.1969,0.1634,0.2335,0.1538,0.2699,0.2599,0.1692,0.0167,0.0809,0.0767,0.0175,3275.8242,3326.9963,3306.4469,3285.4945,-0.9727,-0.0649,-0.157,-0.972,-0.1794,0.2019,1,1,1,1,1,12.3,63.5,
2026-07-23 18:46:06.231,0.213,0.1784,0.1721,0.2157,0.3699,0.2937,0.3227,0.3658,0.247,0.1897,0.1733,0.234,0.1496,0.2572,0.2565,0.1649,0.0204,0.081,0.0754,0.0196,3309.6703,3313.2967,3309.6703,3331.8315,-0.9689,-0.0638,-0.1647,-1.0243,-0.0,0.2094,1,1,1,1,1,12.3,63.4,
2026-07-23 18:46:07.256,0.2028,0.1795,0.1668,0.1827,0.3379,0.2516,0.3048,0.3752,0.2651,0.1954,0.1891,0.2538,0.1708,0.2801,0.265,0.1638,0.0234,0.0934,0.0744,0.0244,3349.5604,3329.4139,3297.9853,3325.7875,-0.9666,-0.0662,-0.1651,-0.9496,0.1346,0.2393,1,1,1,1,1,12.3,60.8,
2026-07-23 18:46:08.272,0.1915,0.1667,0.1571,0.1631,0.3477,0.2345,0.2887,0.4037,0.2685,0.2004,0.1959,0.2526,0.1689,0.3047,0.2802,0.1595,0.0234,0.0938,0.0781,0.0211,3339.0842,3328.6081,3286.7033,3306.044,-0.9673,-0.0668,-0.1599,-1.0393,-0.1047,0.1271,1,1,1,1,1,12.3,57.0,
2026-07-23 18:46:09.284,0.1915,0.1771,0.1632,0.1633,0.3322,0.2196,0.3018,0.4075,0.2704,0.1931,0.1743,0.2564,0.182,0.3168,0.2859,0.1524,0.0239,0.0934,0.0747,0.0204,3330.6227,3326.9963,3344.7253,3279.4505,-0.97,-0.0674,-0.1615,-0.9645,-0.0598,0.2766,1,1,1,1,1,12.3,55.4,
2026-07-23 18:46:10.329,0.1786,0.1859,0.1576,0.1462,0.3276,0.2366,0.2966,0.4137,0.2969,0.1876,0.1781,0.2832,0.1711,0.301,0.2963,0.1364,0.0259,0.0889,0.0714,0.0205,3312.8938,3333.8462,3310.4762,3327.8022,-0.972,-0.0649,-0.1595,-0.9645,-0.1794,0.1645,1,1,1,1,1,12.3,55.2,
2026-07-23 18:46:11.343,0.1615,0.197,0.1559,0.1303,0.3484,0.2472,0.3123,0.4163,0.292,0.1671,0.1698,0.3019,0.1731,0.3,0.2949,0.1318,0.0251,0.0888,0.0671,0.0195,3358.4249,3331.0256,3307.2527,3312.0879,-0.9717,-0.0667,-0.162,-0.9196,0.0075,0.0972,1,1,1,1,1,12.2,55.6,
2026-07-23 18:46:12.362,0.1068,0.1881,0.128,0.0851,0.3519,0.2497,0.3209,0.4104,0.32,0.1725,0.1819,0.3349,0.1949,0.3025,0.3028,0.1476,0.0264,0.0872,0.0664,0.022,3255.2747,3308.4615,3321.7582,3285.8974,-0.9677,-0.0614,-0.1619,-1.0841,-0.1122,0.2841,1,1,1,1,1,12.2,56.3,
2026-07-23 18:46:13.372,0.0759,0.1831,0.1077,0.06,0.368,0.2503,0.3264,0.4122,0.3336,0.1617,0.1812,0.347,0.1969,0.3191,0.3146,0.1605,0.0256,0.0858,0.0701,0.0202,3293.1502,3305.2381,3306.4469,3288.7179,-0.9664,-0.062,-0.1606,-0.957,-0.3215,0.3065,1,1,1,1,1,12.2,57.0,
2026-07-23 18:46:14.396,0.0684,0.1776,0.1073,0.0544,0.376,0.2765,0.3395,0.3983,0.3567,0.1554,0.1564,0.3891,0.1762,0.3088,0.3287,0.1409,0.0227,0.0817,0.0682,0.0173,3339.8901,3323.7729,3311.2821,3335.4579,-0.9659,-0.0685,-0.1631,-1.0542,-0.3439,0.4561,1,1,1,1,1,12.2,57.4,
2026-07-23 18:46:15.417,0.0748,0.1748,0.1112,0.0621,0.3709,0.2862,0.3559,0.3964,0.3673,0.1695,0.1483,0.384,0.1666,0.2937,0.3174,0.1433,0.0204,0.0758,0.0672,0.0142,3290.3297,3324.5788,3275.8242,3305.641,-0.972,-0.0643,-0.1628,-1.0243,-0.2542,0.314,1,1,1,1,1,12.2,57.6,
2026-07-23 18:46:16.425,0.0581,0.1772,0.11,0.0586,0.3938,0.3022,0.349,0.3851,0.3589,0.1687,0.1849,0.3926,0.171,0.276,0.2903,0.1483,0.0181,0.076,0.0658,0.0154,3267.3626,3303.6264,3323.37,3277.4359,-0.9677,-0.0601,-0.1572,-0.9795,-0.5309,0.0449,1,1,1,1,1,12.2,57.6,
2026-07-23 18:46:17.446,0.0486,0.1515,0.1066,0.0482,0.3953,0.3056,0.3305,0.3895,0.3751,0.1874,0.2078,0.3987,0.1636,0.2766,0.2882,0.1488,0.0173,0.079,0.067,0.0147,3317.7289,3308.4615,3321.7582,3311.2821,-0.9697,-0.0688,-0.1554,-0.8598,0.0374,0.2841,1,1,1,1,1,12.2,57.7,
2026-07-23 18:46:18.458,0.0481,0.1208,0.1088,0.0475,0.3917,0.3098,0.3199,0.3702,0.3769,0.205,0.2323,0.4156,0.1667,0.2865,0.2736,0.1523,0.0166,0.0779,0.0654,0.0144,3291.5385,3336.6667,3239.1575,3387.4359,-0.9692,-0.0683,-0.1699,-0.9496,-0.0523,0.329,1,1,1,1,1,12.2,57.9,
2026-07-23 18:46:19.472,0.0445,0.0945,0.1067,0.1062,0.3739,0.2762,0.2341,0.3378,0.3576,0.2128,0.1985,0.3515,0.1781,0.2837,0.2875,0.1489,0.0458,0.1328,0.1732,0.0556,3270.1832,3330.6227,3305.2381,3256.8864,-0.969,-0.067,-0.1712,-1.0617,-1.2038,0.4187,1,1,1,1,1,12.2,58.4,
2026-07-23 18:46:20.485,0.0645,0.0812,0.0828,0.2024,0.3434,0.2409,0.1688,0.2688,0.312,0.1997,0.1585,0.2569,0.1918,0.2705,0.2961,0.1606,0.0883,0.2077,0.2938,0.1113,3388.2418,3315.3114,3303.6264,3378.1685,-0.9702,-0.0633,-0.1573,-1.1365,-0.0748,0.5009,1,1,1,1,1,12.2,58.9,
2026-07-23 18:46:21.512,0.0761,0.0859,0.0864,0.2171,0.3294,0.2423,0.1747,0.2585,0.301,0.2091,0.1614,0.2456,0.2045,0.2644,0.2881,0.1591,0.089,0.1983,0.2894,0.1197,3330.2198,3293.5531,3316.9231,3294.359,-0.9688,-0.0682,-0.1702,-0.972,0.314,0.5533,1,1,1,1,1,12.2,59.8,
2026-07-23 18:46:22.535,0.0779,0.0992,0.1124,0.2174,0.3275,0.2442,0.178,0.276,0.28,0.2069,0.1534,0.2125,0.225,0.259,0.2832,0.1722,0.0896,0.1906,0.273,0.1218,3329.8168,3320.9524,3293.956,3322.1612,-0.9686,-0.0683,-0.16,-0.9496,0.2243,0.2019,1,1,1,1,1,12.2,63.2,
2026-07-23 18:46:23.548,0.0709,0.1056,0.1146,0.2153,0.3235,0.2466,0.1688,0.2738,0.2854,0.1977,0.1511,0.2156,0.2287,0.2597,0.2856,0.1729,0.0916,0.1904,0.2799,0.1224,3274.2125,3274.6154,3295.9707,3310.8791,-0.9747,-0.0683,-0.1643,-0.9421,0.1794,0.2916,1,1,1,1,1,12.2,66.7,
2026-07-23 18:46:24.564,0.074,0.1074,0.1175,0.2131,0.3082,0.2488,0.1617,0.2782,0.3013,0.1966,0.135,0.2186,0.2231,0.2578,0.2983,0.1704,0.0935,0.1895,0.2875,0.1198,3261.7216,3320.1465,3318.9377,3329.011,-0.9724,-0.0656,-0.1633,-0.9869,-0.2542,0.157,1,1,1,1,1,12.2,68.0,
2026-07-23 18:46:25.583,0.0742,0.1238,0.119,0.2139,0.3064,0.2547,0.1642,0.284,0.3064,0.1891,0.1279,0.2041,0.2211,0.2546,0.2984,0.1772,0.0918,0.1779,0.2905,0.1207,3317.7289,3302.4176,3356.8132,3346.7399,-0.9672,-0.0673,-0.1611,-0.8972,0.0224,-0.0673,1,1,1,1,1,12.2,67.1,
2026-07-23 18:46:26.597,0.0725,0.1374,0.1364,0.2144,0.2957,0.2422,0.1528,0.2878,0.3276,0.185,0.1175,0.2001,0.2135,0.2593,0.2938,0.1752,0.0906,0.1761,0.2996,0.1225,3316.9231,3332.6374,3293.956,3277.033,-0.9706,-0.069,-0.1627,-0.9496,-0.2243,0.0822,1,1,1,1,1,12.2,64.4,
2026-07-23 18:46:27.602,0.0876,0.1522,0.1555,0.1818,0.2848,0.2785,0.1888,0.3033,0.3633,0.1829,0.134,0.2366,0.2058,0.2692,0.3066,0.1887,0.0586,0.1172,0.2151,0.0896,3285.0916,3308.0586,3299.5971,3296.7766,-0.9697,-0.0662,-0.1649,-0.957,-0.1122,0.0748,1,1,1,1,1,12.2,60.3,
2026-07-23 18:46:28.628,0.0829,0.1763,0.2207,0.0708,0.3112,0.2999,0.2543,0.405,0.3923,0.186,0.1584,0.3132,0.1923,0.2805,0.2903,0.1824,0.0212,0.0574,0.0764,0.0286,3354.7985,3294.7619,3322.1612,3331.0256,-0.9728,-0.0663,-0.1579,-1.0542,-0.4262,0.314,1,1,1,1,1,12.2,59.7,
2026-07-23 18:46:29.653,0.0746,0.1785,0.2279,0.0721,0.3188,0.3004,0.2465,0.4155,0.4022,0.1918,0.1724,0.3118,0.1822,0.27,0.2807,0.1767,0.0221,0.0593,0.0724,0.0239,3325.3846,3349.9634,3312.0879,3305.641,-0.9686,-0.0676,-0.1539,-0.8823,-0.1495,0.2467,1,1,1,1,1,12.2,59.2,
2026-07-23 18:46:30.668,0.0834,0.1812,0.2163,0.0926,0.3165,0.2914,0.2372,0.3925,0.4023,0.1998,0.192,0.3161,0.174,0.2718,0.2772,0.173,0.0238,0.0558,0.0773,0.0257,3336.6667,3330.2198,3326.9963,3325.7875,-0.9695,-0.0635,-0.1611,-0.957,-0.015,0.2019,1,1,1,1,1,12.2,58.5,
2026-07-23 18:46:31.688,0.0969,0.1937,0.2215,0.1019,0.325,0.3019,0.2353,0.4016,0.3798,0.1925,0.1901,0.3063,0.176,0.2606,0.2851,0.1645,0.0223,0.0513,0.068,0.0257,3293.5531,3308.0586,3293.956,3290.3297,-0.968,-0.0676,-0.1522,-0.972,-0.4486,0.2318,1,1,1,1,1,12.2,57.1,
2026-07-23 18:46:32.693,0.1137,0.2015,0.2266,0.1213,0.32,0.3127,0.2576,0.3889,0.3673,0.1951,0.1835,0.3031,0.175,0.246,0.2662,0.1585,0.0241,0.0448,0.0661,0.0282,3343.1136,3322.967,3301.6117,3297.5824,-0.9694,-0.0682,-0.1588,-1.1365,-0.0075,0.2692,1,1,1,1,1,12.2,56.2,
2026-07-23 18:46:33.710,0.1381,0.1969,0.2148,0.1413,0.3386,0.3096,0.2748,0.3617,0.3158,0.1919,0.1816,0.3152,0.1804,0.2478,0.2654,0.1527,0.0271,0.0538,0.0633,0.0292,3306.044,3323.37,3300.8059,3314.5055,-0.9711,-0.0671,-0.1559,-1.0168,-0.172,0.1645,1,1,1,1,1,12.2,56.0,
2026-07-23 18:46:34.728,0.1813,0.1953,0.1821,0.1949,0.3455,0.3198,0.2963,0.3507,0.2472,0.1868,0.1757,0.2596,0.1971,0.239,0.2795,0.1659,0.0289,0.0591,0.0663,0.0289,3281.0623,3288.315,3316.9231,3310.4762,-0.9711,-0.0701,-0.1599,-1.0094,0.1047,0.1869,1,1,1,1,1,12.2,56.5,
2026-07-23 18:46:35.742,0.1966,0.2055,0.1922,0.2493,0.3762,0.3143,0.3118,0.3642,0.1962,0.1902,0.1802,0.2057,0.1969,0.2251,0.248,0.1458,0.0341,0.065,0.0677,0.035,3308.4615,3310.4762,3284.6886,3330.2198,-0.9708,-0.0695,-0.1627,-1.129,0.0598,0.0897,1,1,1,1,1,12.2,57.8,
2026-07-23 18:46:36.762,0.1857,0.2189,0.1542,0.2395,0.3949,0.3107,0.3176,0.3609,0.1923,0.1872,0.1894,0.2177,0.1929,0.2207,0.2662,0.1466,0.0343,0.0625,0.0727,0.0354,3356.8132,3347.1429,3292.3443,3323.7729,-0.9707,-0.0658,-0.1589,-0.9421,-0.1421,0.0822,1,1,1,1,1,12.2,59.0,
2026-07-23 18:46:37.770,0.1868,0.2232,0.1403,0.2323,0.3939,0.3217,0.3262,0.3729,0.2055,0.1759,0.1715,0.2197,0.1781,0.2181,0.2877,0.1415,0.0357,0.0612,0.0743,0.0337,3301.6117,3292.3443,3343.5165,3331.0256,-0.9675,-0.063,-0.1558,-1.0094,0.0822,0.3215,1,1,1,1,1,12.2,59.8,
2026-07-23 18:46:38.786,0.1816,0.2272,0.1493,0.2267,0.3728,0.3239,0.3269,0.348,0.2238,0.1617,0.1595,0.231,0.1808,0.2245,0.29,0.1555,0.041,0.0627,0.0744,0.0389,3328.6081,3324.5788,3299.1941,3315.7143,-0.9726,-0.0638,-0.162,-1.144,-0.0299,0.2393,1,1,1,1,1,12.2,60.1,
2026-07-23 18:46:39.798,0.1765,0.2105,0.1439,0.2231,0.3502,0.3172,0.3399,0.3243,0.2365,0.1675,0.1678,0.2473,0.1937,0.238,0.2732,0.1659,0.0431,0.0669,0.0753,0.0396,3273.0037,3295.9707,3297.1795,3273.0037,-0.9715,-0.0673,-0.1599,-1.0617,-0.0299,0.0897,1,1,1,1,1,12.2,60.1,
2026-07-23 18:46:40.820,0.1654,0.2093,0.1483,0.1893,0.3115,0.2953,0.3113,0.2914,0.2438,0.1588,0.1764,0.2525,0.2371,0.2583,0.2954,0.2274,0.0422,0.0782,0.0685,0.0393,3323.7729,3307.6557,3334.652,3313.6996,-0.971,-0.0657,-0.1525,-0.9869,-0.0523,0.3439,1,1,1,1,1,12.2,59.8,
2026-07-23 18:46:41.842,0.1344,0.1796,0.1615,0.1281,0.3014,0.3094,0.291,0.3306,0.2805,0.1842,0.1844,0.2781,0.2485,0.2542,0.2952,0.2351,0.0352,0.0726,0.0679,0.028,3364.0659,3333.4432,3318.5348,3363.663,-0.9712,-0.0656,-0.1608,-0.7402,-0.1944,0.4337,1,1,1,1,1,12.2,59.4,
2026-07-23 18:46:42.859,0.1013,0.1664,0.1626,0.0722,0.2948,0.281,0.3099,0.3586,0.3573,0.2347,0.1998,0.3821,0.218,0.2514,0.2682,0.169,0.0286,0.0665,0.0594,0.0181,3293.1502,3328.6081,3310.8791,3287.9121,-0.9689,-0.067,-0.1505,-1.0393,-0.0299,0.2467,1,1,1,1,1,12.2,59.1,
2026-07-23 18:46:43.874,0.0874,0.1456,0.1774,0.0658,0.2815,0.2711,0.2901,0.3501,0.3675,0.2352,0.194,0.3884,0.2332,0.2674,0.2718,0.1784,0.0303,0.0808,0.0668,0.0174,3325.7875,3326.5934,3286.3004,3291.5385,-0.9744,-0.0684,-0.1619,-0.957,-0.0523,0.2393,1,1,1,1,1,12.2,59.0,
2026-07-23 18:46:44.887,0.0819,0.1348,0.1836,0.0693,0.2632,0.2789,0.2691,0.3376,0.3697,0.2255,0.2116,0.3825,0.2535,0.2795,0.2642,0.1922,0.0317,0.0813,0.0716,0.0185,3343.1136,3335.4579,3297.5824,3336.2637,-0.9733,-0.0695,-0.1583,-0.8673,0.1271,0.1421,1,1,1,1,1,12.2,59.2,
2026-07-23 18:46:45.903,0.0779,0.1324,0.1669,0.0639,0.2509,0.2537,0.2611,0.3239,0.3833,0.2329,0.2274,0.396,0.2606,0.3011,0.2773,0.1992,0.0272,0.0799,0.0673,0.017,3280.6593,3296.3736,3313.6996,3300.4029,-0.9675,-0.0663,-0.1537,-0.957,-0.1869,0.1271,1,1,1,1,1,12.2,59.8,
2026-07-23 18:46:46.926,0.081,0.122,0.1461,0.06,0.2616,0.2466,0.256,0.3225,0.3826,0.2439,0.2378,0.4043,0.251,0.3074,0.2938,0.1981,0.0238,0.08,0.0663,0.0152,3260.1099,3297.1795,3281.0623,3267.3626,-0.9645,-0.0674,-0.1572,-1.0318,0.1869,0.1271,1,1,1,1,1,12.2,61.1,
2026-07-23 18:46:47.939,0.0791,0.1216,0.1344,0.057,0.2741,0.2541,0.2537,0.3206,0.3732,0.2414,0.2394,0.4075,0.2498,0.3041,0.3028,0.2001,0.0237,0.0788,0.0696,0.0147,3239.9634,3320.9524,3295.1648,3295.1648,-0.9663,-0.0672,-0.1652,-1.0393,0.2542,0.3813,1,1,1,1,1,12.2,63.3,
2026-07-23 18:46:48.959,0.0906,0.1176,0.1282,0.0727,0.2844,0.2547,0.2535,0.3302,0.3637,0.2489,0.2473,0.3999,0.2377,0.3043,0.3001,0.1835,0.0236,0.0745,0.0709,0.0137,3300.8059,3314.9084,3300.4029,3305.641,-0.9738,-0.0662,-0.1743,-1.0243,-0.0299,0.2692,1,1,1,1,1,12.2,63.9,
2026-07-23 18:46:49.976,0.1034,0.115,0.1209,0.0874,0.2754,0.2464,0.2432,0.3115,0.3421,0.2395,0.2435,0.3921,0.2517,0.3248,0.3186,0.193,0.0274,0.0744,0.0739,0.0161,3302.0147,3275.0183,3289.1209,3321.3553,-0.9647,-0.0728,-0.1693,-0.8972,-0.2019,0.0374,1,1,1,1,1,12.2,63.2,
2026-07-23 18:46:50.993,0.1075,0.1262,0.1053,0.1045,0.3069,0.2745,0.2253,0.3119,0.2737,0.1869,0.2497,0.2892,0.2806,0.3379,0.3372,0.2701,0.0312,0.0745,0.0826,0.0242,3285.0916,3303.6264,3305.2381,3252.0513,-0.9697,-0.0694,-0.1719,-1.129,0.1196,0.2542,1,1,1,1,1,12.2,60.4,
2026-07-23 18:46:52.015,0.0986,0.1335,0.086,0.0828,0.3386,0.2776,0.243,0.3414,0.2832,0.1915,0.2601,0.3159,0.2527,0.3365,0.3413,0.2385,0.027,0.0609,0.0697,0.0214,3319.7436,3329.4139,3308.4615,3287.9121,-0.9662,-0.0674,-0.1678,-1.0019,-0.172,0.2692,1,1,1,1,1,12.2,57.7,
2026-07-23 18:46:53.024,0.0992,0.1235,0.0924,0.0669,0.3364,0.275,0.2513,0.3334,0.3038,0.1969,0.2375,0.3468,0.2363,0.3405,0.3546,0.2333,0.0243,0.064,0.0643,0.0195,3316.5201,3312.4908,3316.9231,3283.8828,-0.9692,-0.0643,-0.1686,-1.0318,-0.0822,0.2991,1,1,1,1,1,12.2,55.5,
2026-07-23 18:46:54.041,0.1008,0.1235,0.126,0.0666,0.3617,0.2879,0.2384,0.351,0.2789,0.183,0.2186,0.3302,0.2326,0.339,0.3473,0.2325,0.026,0.0665,0.0698,0.0197,3287.5092,3312.0879,3306.8498,3289.9267,-0.9708,-0.0623,-0.1705,-0.9944,-0.0224,0.1271,1,1,1,1,1,12.2,54.6,
2026-07-23 18:46:55.047,0.0991,0.1218,0.1354,0.0752,0.3617,0.2857,0.2435,0.3684,0.2771,0.1875,0.2171,0.3093,0.2345,0.3346,0.3349,0.2278,0.0275,0.0703,0.069,0.0193,3251.6484,3305.641,3297.9853,3269.7802,-0.9693,-0.0663,-0.1685,-1.0393,0.0598,0.2243,1,1,1,1,1,12.2,54.0,
2026-07-23 18:46:56.075,0.1066,0.1378,0.1489,0.0811,0.3487,0.2525,0.2483,0.3592,0.2858,0.193,0.2121,0.3046,0.2299,0.3458,0.3218,0.2353,0.0289,0.0709,0.069,0.0198,3341.9048,3332.2344,3289.1209,3301.6117,-0.967,-0.0665,-0.1676,-0.9645,0.1047,0.2841,1,1,1,1,1,12.2,53.5,
2026-07-23 18:46:57.092,0.0917,0.1428,0.1505,0.0619,0.3516,0.243,0.2527,0.3673,0.3227,0.1836,0.205,0.3292,0.204,0.3577,0.3178,0.2213,0.0299,0.0729,0.074,0.0203,3270.1832,3307.6557,3318.5348,3302.4176,-0.9716,-0.0652,-0.1705,-1.0542,0.1196,0.3813,1,1,1,1,1,12.2,53.1,
2026-07-23 18:46:58.110,0.0809,0.1432,0.157,0.0675,0.3391,0.2453,0.2503,0.3506,0.3459,0.1954,0.2096,0.3516,0.2053,0.3466,0.3109,0.2102,0.0287,0.0694,0.0723,0.0201,3291.5385,3291.1355,3310.4762,3289.9267,-0.9706,-0.0652,-0.1642,-0.957,-0.2692,0.3065,1,1,1,1,1,12.2,53.2,
2026-07-23 18:46:59.124,0.0844,0.1375,0.1649,0.079,0.3143,0.2324,0.2337,0.3218,0.3601,0.2027,0.2028,0.3598,0.2123,0.3564,0.3298,0.2175,0.0288,0.0711,0.0688,0.0219,3333.8462,3331.0256,3303.6264,3293.1502,-0.9695,-0.064,-0.1666,-1.0468,-0.157,0.2243,1,1,1,1,1,12.2,53.5,
2026-07-23 18:47:00.156,0.0948,0.1352,0.1633,0.0894,0.2852,0.2358,0.2163,0.3033,0.3623,0.2138,0.2064,0.3501,0.2268,0.3462,0.3395,0.232,0.0309,0.0691,0.0745,0.0252,3333.0403,3325.3846,3306.4469,3342.3077,-0.9688,-0.0682,-0.1658,-0.972,-0.172,0.172,1,1,1,1,1,12.2,54.1,
2026-07-23 18:47:01.182,0.0827,0.1419,0.1477,0.0863,0.2945,0.2346,0.2315,0.3218,0.368,0.2158,0.2049,0.3606,0.2239,0.3368,0.333,0.2063,0.0309,0.0709,0.0829,0.0248,3268.1685,3313.6996,3279.4505,3233.1136,-0.9664,-0.064,-0.1652,-0.8897,0.0075,0.1944,1,1,1,1,1,12.1,54.8,
2026-07-23 18:47:02.202,0.0849,0.1544,0.1266,0.0768,0.326,0.2269,0.2511,0.354,0.3609,0.2263,0.21,0.3593,0.1999,0.318,0.3254,0.1855,0.0283,0.0744,0.0869,0.0244,3237.9487,3293.1502,3312.0879,3373.3333,-0.9733,-0.0634,-0.1681,-1.0019,-0.0897,0.2243,1,1,1,1,1,12.1,55.4,
2026-07-23 18:47:03.219,0.0898,0.1647,0.1236,0.0733,0.321,0.2452,0.2551,0.3501,0.3645,0.2193,0.1905,0.3664,0.1979,0.3008,0.3393,0.1865,0.0268,0.0699,0.0915,0.0238,3307.6557,3314.1026,3322.1612,3300.0,-0.9666,-0.0701,-0.1649,-0.9645,0.1196,0.2617,1,1,1,1,1,12.1,56.2,
2026-07-23 18:47:04.239,0.082,0.1469,0.126,0.0795,0.3328,0.2758,0.2537,0.3665,0.3654,0.2267,0.1803,0.3597,0.1946,0.2845,0.3485,0.1721,0.0251,0.0661,0.0914,0.0222,3344.7253,3304.4322,3331.8315,3353.5897,-0.9696,-0.0641,-0.1615,-0.9944,-0.0598,0.2318,1,1,1,1,1,12.1,57.6,
2026-07-23 18:47:05.235,0.0755,0.1515,0.127,0.0829,0.3401,0.2938,0.258,0.3756,0.3688,0.2311,0.183,0.3513,0.1922,0.263,0.345,0.1669,0.0235,0.0607,0.087,0.0232,3327.3993,3318.1319,3299.1941,3341.0989,-0.9684,-0.0662,-0.1639,-0.9271,-0.0673,0.0374,1,1,1,1,1,12.1,59.1,
2026-07-23 18:47:06.252,0.0734,0.1614,0.1231,0.0761,0.3515,0.2929,0.2634,0.3862,0.3819,0.2297,0.167,0.3433,0.1698,0.2504,0.359,0.171,0.0234,0.0657,0.0875,0.0234,3308.8645,3308.0586,3302.4176,3328.2051,-0.9705,-0.0612,-0.1646,-1.0841,0.2393,0.5608,1,1,1,1,1,12.1,60.3,
2026-07-23 18:47:07.272,0.0676,0.1533,0.1187,0.0636,0.3489,0.3156,0.2812,0.3959,0.3806,0.2346,0.1633,0.3387,0.1814,0.2336,0.3494,0.1806,0.0216,0.0628,0.0874,0.0212,3244.3956,3320.1465,3304.4322,3335.8608,-0.9689,-0.0662,-0.1655,-0.9645,-0.1346,0.2841,1,1,1,1,1,12.1,61.1,
2026-07-23 18:47:08.308,0.0672,0.1646,0.121,0.0598,0.3468,0.3118,0.28,0.3855,0.4026,0.2273,0.1654,0.3694,0.1659,0.237,0.3464,0.1664,0.0176,0.0594,0.0872,0.0189,3336.6667,3270.989,3294.359,3339.0842,-0.9708,-0.0613,-0.1618,-1.0767,-0.1122,0.471,1,1,1,1,1,12.1,60.9,
2026-07-23 18:47:09.331,0.0671,0.1547,0.1371,0.0566,0.3475,0.3258,0.3161,0.3762,0.4185,0.2335,0.1609,0.3842,0.1523,0.2347,0.3155,0.1679,0.0146,0.0513,0.0703,0.0152,3283.8828,3318.5348,3291.5385,3268.9744,-0.9734,-0.0655,-0.1639,-0.9047,-0.172,0.1944,1,1,1,1,1,12.1,59.7,
2026-07-23 18:47:10.361,0.0527,0.1447,0.1659,0.0607,0.312,0.3239,0.3137,0.3495,0.4458,0.2351,0.1579,0.3942,0.1759,0.2511,0.3017,0.1816,0.0135,0.0453,0.0608,0.014,3310.8791,3296.3736,3329.011,3325.3846,-0.9695,-0.0629,-0.164,-1.0692,0.0224,0.4486,1,1,1,1,1,12.1,57.9,
2026-07-23 18:47:11.374,0.0582,0.1399,0.1916,0.0758,0.3143,0.3187,0.3149,0.3553,0.4368,0.2346,0.1524,0.3852,0.1775,0.26,0.2848,0.1709,0.0132,0.0468,0.0563,0.0127,3318.5348,3330.6227,3288.7179,3325.7875,-0.9707,-0.0618,-0.1613,-0.9271,0.0299,0.314,1,1,1,1,1,12.1,56.8,
2026-07-23 18:47:12.387,0.0593,0.1455,0.2068,0.0771,0.3052,0.3101,0.3145,0.3468,0.4473,0.229,0.1459,0.3966,0.1746,0.2639,0.2731,0.1663,0.0136,0.0514,0.0596,0.0131,3315.3114,3300.8059,3321.3553,3297.9853,-0.9725,-0.062,-0.1637,-1.0318,-0.1122,0.4112,1,1,1,1,1,12.1,57.1,
2026-07-23 18:47:13.402,0.0663,0.1479,0.2036,0.0834,0.2965,0.3067,0.3206,0.3321,0.4468,0.2289,0.1448,0.4011,0.1769,0.261,0.2676,0.1709,0.0135,0.0556,0.0633,0.0126,3318.5348,3339.8901,3306.8498,3302.8205,-0.97,-0.0651,-0.1603,-0.9496,-0.1645,0.3365,1,1,1,1,1,12.1,58.2,
2026-07-23 18:47:14.426,0.0759,0.148,0.2013,0.0926,0.3156,0.311,0.3252,0.3298,0.4201,0.2258,0.161,0.4036,0.1753,0.2607,0.2519,0.1609,0.013,0.0544,0.0606,0.0131,3289.1209,3306.4469,3288.7179,3278.6447,-0.9719,-0.0613,-0.1592,-0.9346,0.1196,0.4337,1,1,1,1,1,12.1,58.9,
2026-07-23 18:47:15.434,0.0878,0.1686,0.2153,0.1031,0.3182,0.2951,0.3187,0.3234,0.4182,0.213,0.16,0.4104,0.1613,0.2656,0.2438,0.1499,0.0145,0.0577,0.0622,0.0133,3286.7033,3320.5495,3289.1209,3281.0623,-0.9724,-0.064,-0.1586,-0.957,-0.2019,0.3738,1,1,1,1,1,12.1,59.0,
2026-07-23 18:47:16.455,0.1016,0.1905,0.2221,0.1315,0.3265,0.3188,0.3236,0.334,0.3783,0.1904,0.161,0.3583,0.1745,0.243,0.2308,0.1619,0.0191,0.0574,0.0625,0.0143,3319.7436,3331.0256,3310.4762,3327.3993,-0.9726,-0.0638,-0.1563,-0.9944,-0.0748,0.2019,1,1,1,1,1,12.1,58.8,
2026-07-23 18:47:17.469,0.1321,0.2057,0.2568,0.2,0.3287,0.3117,0.29,0.3237,0.3126,0.1692,0.1563,0.2895,0.2025,0.2522,0.2284,0.1671,0.024,0.0612,0.0685,0.0197,3312.4908,3320.9524,3330.6227,3295.9707,-0.971,-0.0671,-0.1558,-0.9196,-0.1645,0.2692,1,1,1,1,1,12.1,58.4,
2026-07-23 18:47:18.486,0.1618,0.2131,0.2586,0.2328,0.3665,0.3191,0.2903,0.3157,0.2523,0.1476,0.1493,0.2651,0.1846,0.2512,0.2227,0.1562,0.0349,0.0691,0.0791,0.0302,3290.3297,3314.9084,3322.5641,3290.7326,-0.967,-0.0643,-0.1541,-0.957,-0.0075,0.1346,1,1,1,1,1,12.1,58.1,
2026-07-23 18:47:19.497,0.1843,0.2122,0.2539,0.2166,0.3663,0.3077,0.2806,0.307,0.2292,0.1487,0.1635,0.2663,0.1815,0.264,0.2228,0.171,0.0386,0.0675,0.0792,0.0391,3326.1905,3311.2821,3319.3407,3307.6557,-0.9687,-0.0652,-0.1555,-1.0318,-0.2243,0.2318,1,1,1,1,1,12.1,57.9,
2026-07-23 18:47:20.516,0.1957,0.2066,0.2313,0.2167,0.3628,0.2963,0.2935,0.3155,0.1938,0.1622,0.1682,0.2217,0.2069,0.2648,0.2316,0.201,0.0407,0.0702,0.0753,0.0451,3384.6154,3331.8315,3328.2051,3349.1575,-0.9659,-0.0709,-0.155,-1.0094,0.0449,0.1944,1,1,1,1,1,12.1,57.9,
2026-07-23 18:47:21.536,0.1764,0.1925,0.2309,0.1753,0.3905,0.3136,0.2755,0.3404,0.1689,0.1581,0.1839,0.2125,0.224,0.2656,0.2374,0.2287,0.0402,0.0702,0.0722,0.0431,3344.3223,3321.7582,3328.6081,3331.8315,-0.974,-0.0674,-0.1553,-0.9271,-0.0,0.1122,1,1,1,1,1,12.1,58.2,
2026-07-23 18:47:22.548,0.1315,0.1734,0.2199,0.1405,0.372,0.301,0.2658,0.3142,0.2,0.2209,0.2204,0.2277,0.2628,0.246,0.225,0.2789,0.0337,0.0586,0.0689,0.0387,3272.1978,3314.5055,3310.4762,3294.359,-0.9694,-0.063,-0.1582,-0.9944,0.2393,0.2542,1,1,1,1,1,12.1,58.8,
2026-07-23 18:47:23.560,0.0871,0.1487,0.2087,0.096,0.386,0.2795,0.2664,0.3648,0.2475,0.2432,0.2216,0.2712,0.2552,0.2691,0.2323,0.2393,0.0241,0.0595,0.0709,0.0287,3308.8645,3320.1465,3332.6374,3310.8791,-0.9727,-0.0662,-0.1561,-0.972,0.0374,0.2916,1,1,1,1,1,12.1,59.4,
2026-07-23 18:47:24.576,0.068,0.1184,0.189,0.0625,0.3764,0.2764,0.2775,0.3811,0.2628,0.2604,0.2178,0.2804,0.2713,0.2822,0.2449,0.2517,0.0216,0.0626,0.0708,0.0243,3337.4725,3319.7436,3298.3883,3363.663,-0.9721,-0.0668,-0.1575,-1.0094,-0.3514,0.2766,1,1,1,1,1,12.1,60.0,
2026-07-23 18:47:25.583,0.0603,0.1038,0.1552,0.0458,0.3749,0.2689,0.2674,0.4071,0.2662,0.2773,0.2356,0.2811,0.2777,0.2871,0.2704,0.2451,0.0209,0.0629,0.0714,0.0208,3327.3993,3304.0293,3306.044,3333.8462,-0.9696,-0.0637,-0.1553,-0.972,-0.3963,0.314,1,1,1,1,1,12.1,60.3,
2026-07-23 18:47:26.608,0.0653,0.0962,0.1328,0.0425,0.3806,0.2657,0.2775,0.432,0.2672,0.2849,0.2494,0.2902,0.2702,0.2935,0.2756,0.2201,0.0167,0.0598,0.0648,0.0152,3326.5934,3328.6081,3315.3114,3400.3297,-0.9715,-0.0687,-0.1566,-1.0019,-0.4262,0.2766,1,1,1,1,1,12.1,60.2,
2026-07-23 18:47:27.625,0.048,0.0883,0.1086,0.0373,0.3747,0.265,0.2828,0.435,0.2979,0.2801,0.2533,0.2965,0.2647,0.3138,0.2941,0.2175,0.0147,0.0528,0.0612,0.0137,3328.6081,3306.8498,3319.3407,3344.7253,-0.9712,-0.0612,-0.1543,-1.0767,-0.3738,0.2766,1,1,1,1,1,12.1,59.5,
2026-07-23 18:47:28.646,0.0462,0.0911,0.1061,0.0321,0.389,0.2677,0.2743,0.4499,0.2953,0.2678,0.2612,0.302,0.2566,0.3249,0.3004,0.2044,0.0129,0.0485,0.058,0.0116,3326.5934,3323.37,3345.5311,3366.8864,-0.9711,-0.0645,-0.1586,-0.9645,-0.0972,0.2094,1,1,1,1,1,12.1,57.2,
2026-07-23 18:47:29.656,0.0464,0.0917,0.1156,0.0323,0.4015,0.2609,0.2865,0.4628,0.2903,0.2655,0.2406,0.305,0.2498,0.3305,0.2977,0.189,0.012,0.0514,0.0595,0.011,3287.1062,3319.7436,3278.6447,3303.2234,-0.9727,-0.0637,-0.1603,-0.972,-0.2542,0.2318,1,1,1,1,1,12.1,55.6,
2026-07-23 18:47:30.685,0.0517,0.1137,0.1194,0.0348,0.4127,0.2702,0.3048,0.4862,0.2902,0.2098,0.2071,0.304,0.2336,0.349,0.3075,0.1648,0.0117,0.0573,0.0612,0.0102,3250.4396,3309.2674,3291.1355,3277.8388,-0.9695,-0.0677,-0.1598,-0.9047,0.0972,0.015,1,1,1,1,1,12.1,55.3,
2026-07-23 18:47:31.708,0.0699,0.1255,0.1299,0.0397,0.4092,0.2887,0.3087,0.4891,0.2742,0.1887,0.2042,0.2956,0.2327,0.3393,0.3003,0.1651,0.014,0.0577,0.0569,0.0104,3329.4139,3330.6227,3306.8498,3314.9084,-0.9677,-0.0649,-0.1551,-0.9271,-0.314,0.2841,1,1,1,1,1,12.1,56.4,
2026-07-23 18:47:32.734,0.0787,0.1459,0.1368,0.044,0.4266,0.2711,0.2823,0.4923,0.2706,0.1812,0.2088,0.3062,0.2092,0.3479,0.314,0.147,0.0148,0.0539,0.0582,0.0106,3289.5238,3313.6996,3319.7436,3297.9853,-0.9721,-0.0651,-0.1556,-0.9496,0.1944,0.172,1,1,1,1,1,12.1,59.1,
2026-07-23 18:47:33.756,0.077,0.15,0.1378,0.0452,0.4257,0.2807,0.2875,0.4923,0.2851,0.181,0.2087,0.3106,0.1976,0.3362,0.3037,0.1403,0.0146,0.0521,0.0623,0.0116,3327.3993,3321.7582,3286.3004,3295.9707,-0.9734,-0.0672,-0.1578,-0.9421,-0.1196,0.1944,1,1,1,1,1,12.1,59.7,
2026-07-23 18:47:34.772,0.0606,0.152,0.1345,0.0391,0.4049,0.2724,0.2714,0.4979,0.3257,0.1932,0.2072,0.2932,0.1951,0.3309,0.3193,0.1577,0.0137,0.0515,0.0676,0.0121,3323.7729,3296.3736,3332.2344,3355.2015,-0.972,-0.0682,-0.1583,-0.972,0.0449,0.0822,1,1,1,1,1,12.0,59.6,
2026-07-23 18:47:35.792,0.0611,0.1706,0.1547,0.044,0.412,0.2806,0.2676,0.5235,0.3046,0.1936,0.1999,0.2703,0.2072,0.3034,0.3053,0.1501,0.0151,0.0518,0.0726,0.0122,3316.5201,3325.7875,3334.652,3329.8168,-0.9725,-0.0692,-0.1554,-0.9047,-0.0598,0.0075,1,1,1,1,1,12.0,59.1,
2026-07-23 18:47:36.808,0.0593,0.1611,0.166,0.0507,0.3909,0.281,0.2674,0.4914,0.3251,0.1951,0.2014,0.2932,0.2089,0.3127,0.2954,0.1516,0.0159,0.0501,0.0697,0.0131,3286.3004,3292.7473,3309.6703,3266.1538,-0.9717,-0.0689,-0.1556,-1.0019,-0.0374,0.2168,1,1,1,1,1,12.0,58.7,
2026-07-23 18:47:37.814,0.0636,0.1634,0.1509,0.0494,0.3531,0.2766,0.2518,0.4708,0.3457,0.1971,0.2246,0.3,0.2205,0.3141,0.3054,0.1668,0.0171,0.0487,0.0672,0.013,3344.3223,3311.2821,3319.3407,3381.3919,-0.9741,-0.0671,-0.1583,-0.8598,-0.3215,0.1421,1,1,1,1,1,12.0,58.1,
2026-07-23 18:47:38.822,0.055,0.1342,0.1347,0.0476,0.3096,0.2679,0.2615,0.4443,0.3847,0.205,0.2357,0.3202,0.2344,0.346,0.3079,0.1752,0.0163,0.047,0.0601,0.0127,3364.0659,3344.3223,3312.0879,3343.5165,-0.972,-0.0723,-0.1582,-0.957,-0.2841,0.2393,1,1,1,1,1,12.0,56.8,
2026-07-23 18:47:39.831,0.0452,0.1238,0.1218,0.046,0.2991,0.2763,0.2756,0.4332,0.4003,0.2096,0.2449,0.3292,0.2383,0.3443,0.3027,0.1798,0.0171,0.046,0.055,0.0118,3328.6081,3326.9963,3304.4322,3285.4945,-0.9693,-0.0634,-0.1616,-0.9421,-0.1196,0.1122,1,1,1,1,1,12.0,55.2,
2026-07-23 18:47:40.851,0.0362,0.1126,0.113,0.0436,0.3027,0.2941,0.2828,0.4413,0.425,0.2158,0.2496,0.3239,0.221,0.3312,0.301,0.1798,0.0151,0.0463,0.0537,0.0113,3332.6374,3326.1905,3333.4432,3289.9267,-0.9757,-0.0671,-0.1556,-0.9496,0.015,0.2617,1,1,1,1,1,12.0,53.9,
2026-07-23 18:47:41.868,0.0392,0.1142,0.1101,0.0395,0.3093,0.2889,0.2781,0.455,0.4106,0.2046,0.2484,0.3152,0.2254,0.3447,0.3121,0.1799,0.0155,0.0476,0.0514,0.0103,3316.1172,3356.0073,3284.6886,3309.2674,-0.9719,-0.0663,-0.1581,-1.0019,-0.0822,0.2692,1,1,1,1,1,12.0,53.5,
2026-07-23 18:47:42.892,0.0593,0.1219,0.1152,0.0438,0.3174,0.2946,0.2779,0.4443,0.3814,0.1909,0.2441,0.3303,0.2259,0.3417,0.3133,0.172,0.0159,0.0509,0.0496,0.0097,3285.8974,3297.9853,3316.5201,3280.6593,-0.9697,-0.0664,-0.157,-0.9421,0.157,0.172,1,1,1,1,1,12.0,54.0,
2026-07-23 18:47:43.905,0.0711,0.1267,0.1052,0.0397,0.3117,0.3088,0.2819,0.4209,0.3883,0.1925,0.2611,0.353,0.2134,0.3191,0.3005,0.1761,0.0155,0.0529,0.0513,0.0103,3276.63,3329.8168,3280.6593,3266.1538,-0.9693,-0.0682,-0.1565,-0.9645,-0.4785,0.2692,1,1,1,1,1,12.0,55.3,
2026-07-23 18:47:44.930,0.0766,0.129,0.1114,0.0438,0.3153,0.3166,0.2921,0.4257,0.382,0.1964,0.2529,0.3413,0.2105,0.3026,0.2903,0.1779,0.0157,0.0553,0.0532,0.0113,3355.2015,3342.7106,3313.6996,3317.7289,-0.9729,-0.0688,-0.1506,-0.9869,0.0673,0.2318,1,1,1,1,1,12.0,56.8,
2026-07-23 18:47:45.937,0.088,0.1557,0.1592,0.065,0.3311,0.3111,0.3033,0.4335,0.3642,0.1916,0.2272,0.3255,0.1995,0.2893,0.2615,0.1638,0.0172,0.0524,0.0488,0.0122,3319.7436,3300.4029,3325.7875,3305.2381,-0.9708,-0.0616,-0.1531,-0.9346,-0.0673,0.1869,1,1,1,1,1,12.0,57.7,
2026-07-23 18:47:46.958,0.1041,0.1793,0.1949,0.0705,0.3551,0.3366,0.2961,0.4426,0.3394,0.1751,0.2108,0.3128,0.1817,0.2523,0.2426,0.1607,0.0196,0.0568,0.0557,0.0133,3293.5531,3322.5641,3309.6703,3308.0586,-0.9695,-0.0667,-0.149,-0.9869,-0.2692,0.0748,1,1,1,1,1,12.0,57.8,
2026-07-23 18:47:47.975,0.1253,0.1913,0.2182,0.0886,0.3559,0.3119,0.2887,0.4426,0.3171,0.1766,0.1997,0.2958,0.1831,0.2597,0.2358,0.1575,0.0186,0.0605,0.0577,0.0155,3284.2857,3299.5971,3310.4762,3289.5238,-0.974,-0.067,-0.1479,-0.9346,-0.2318,-0.0,1,1,1,1,1,12.0,57.1,
2026-07-23 18:47:48.988,0.154,0.2108,0.2246,0.1037,0.3523,0.2873,0.2847,0.4184,0.2734,0.1695,0.1947,0.2934,0.1978,0.2689,0.2369,0.1653,0.0225,0.0635,0.0591,0.0192,3318.5348,3321.3553,3323.7729,3320.5495,-0.9683,-0.0655,-0.1508,-1.0019,0.1421,0.1122,1,1,1,1,1,12.0,56.3,
2026-07-23 18:47:50.008,0.1677,0.2258,0.2329,0.1331,0.3437,0.3037,0.2872,0.3409,0.2695,0.1778,0.1985,0.3122,0.1961,0.2344,0.2243,0.1893,0.023,0.0584,0.0572,0.0244,3311.2821,3311.2821,3331.8315,3331.4286,-0.9716,-0.0706,-0.1474,-1.0318,-0.015,0.1645,1,1,1,1,1,12.0,55.8,
2026-07-23 18:47:51.029,0.1346,0.2106,0.2242,0.129,0.3468,0.2904,0.2814,0.298,0.2604,0.2011,0.2092,0.3147,0.2348,0.2407,0.228,0.2335,0.0234,0.0573,0.0571,0.0248,3252.0513,3296.7766,3314.9084,3247.619,-0.9704,-0.0711,-0.1522,-0.9869,-0.3439,0.2393,1,1,1,1,1,12.0,55.6,
2026-07-23 18:47:52.063,0.1196,0.178,0.2382,0.1162,0.3624,0.2726,0.2685,0.3169,0.2331,0.2023,0.1953,0.2695,0.2649,0.2881,0.2462,0.2767,0.02,0.059,0.0518,0.0206,3306.8498,3324.5788,3306.4469,3257.6923,-0.974,-0.0629,-0.1498,-1.0168,-0.4561,0.2916,1,1,1,1,1,12.0,55.7,
2026-07-23 18:47:53.076,0.104,0.1805,0.2111,0.0953,0.3587,0.2734,0.2915,0.3805,0.2458,0.2,0.1943,0.2304,0.2734,0.2919,0.2566,0.2743,0.018,0.0542,0.0467,0.0194,3345.9341,3320.9524,3339.4872,3334.2491,-0.9738,-0.0715,-0.1491,-1.0168,-0.3065,0.1645,1,1,1,1,1,12.0,56.3,
2026-07-23 18:47:54.093,0.0936,0.15,0.1779,0.0705,0.3512,0.2779,0.2913,0.404,0.2494,0.2073,0.1959,0.2251,0.2888,0.3077,0.2851,0.282,0.017,0.0572,0.0498,0.0184,3316.9231,3320.1465,3322.967,3295.5678,-0.9701,-0.0681,-0.1476,-1.0094,-0.1346,0.0449,1,1,1,1,1,12.0,57.6,
2026-07-23 18:47:55.108,0.1025,0.149,0.1937,0.0764,0.3539,0.2767,0.2916,0.4101,0.2421,0.2121,0.1815,0.2142,0.2846,0.3043,0.2837,0.2796,0.017,0.0578,0.0494,0.0197,3279.8535,3320.9524,3293.956,3257.2894,-0.9732,-0.066,-0.1498,-0.9869,0.2243,0.3963,1,1,1,1,1,12.0,58.7,
2026-07-23 18:47:56.127,0.0917,0.1621,0.1908,0.0651,0.3653,0.3007,0.2901,0.4169,0.2449,0.1987,0.1879,0.2182,0.2803,0.2847,0.2815,0.2797,0.0177,0.0538,0.0497,0.0201,3339.8901,3347.5458,3295.1648,3297.1795,-0.9732,-0.0652,-0.1478,-0.9271,-0.2019,0.2766,1,1,1,1,1,12.0,59.0,
2026-07-23 18:47:57.145,0.0978,0.1567,0.19,0.0645,0.3821,0.3099,0.3094,0.4279,0.2312,0.1928,0.1792,0.21,0.2723,0.2832,0.2751,0.2786,0.0167,0.0573,0.0463,0.019,3286.3004,3315.3114,3315.3114,3303.2234,-0.9719,-0.0674,-0.1451,-0.8748,-0.314,0.2692,1,1,1,1,1,12.0,58.6,
2026-07-23 18:47:58.169,0.116,0.1549,0.1821,0.0642,0.3799,0.3038,0.308,0.4392,0.2226,0.1927,0.1831,0.2064,0.2632,0.2905,0.2814,0.2705,0.0182,0.0581,0.0454,0.0196,3286.3004,3329.8168,3314.1026,3299.1941,-0.9719,-0.0658,-0.1467,-1.0019,-0.1346,0.2467,1,1,1,1,1,12.0,57.6,
2026-07-23 18:47:59.183,0.1439,0.1777,0.2013,0.0827,0.3769,0.3171,0.3131,0.4683,0.2053,0.1671,0.1683,0.1766,0.2533,0.2804,0.2716,0.2488,0.0206,0.0576,0.0458,0.0237,3342.7106,3306.044,3311.2821,3327.3993,-0.9736,-0.0667,-0.1435,-0.9496,-0.0,0.1645,1,1,1,1,1,12.0,56.6,
2026-07-23 18:48:00.209,0.2332,0.2113,0.1972,0.1159,0.365,0.3086,0.3209,0.4642,0.1947,0.1633,0.1645,0.1775,0.1858,0.2565,0.2668,0.2119,0.0213,0.0604,0.0506,0.0305,3295.9707,3339.4872,3324.5788,3302.0147,-0.9709,-0.0655,-0.1486,-0.9496,0.157,0.3963,1,1,1,1,1,12.0,56.4,
2026-07-23 18:48:01.230,0.2671,0.223,0.2219,0.1236,0.37,0.3015,0.2947,0.3795,0.1811,0.159,0.1555,0.2365,0.159,0.2543,0.2702,0.2279,0.0227,0.0622,0.0577,0.0325,3251.2454,3299.1941,3300.8059,3294.359,-0.9751,-0.0652,-0.1453,-1.0019,-0.0224,0.1047,1,1,1,1,1,12.0,56.6,
2026-07-23 18:48:02.251,0.2415,0.2249,0.2244,0.1211,0.3585,0.2868,0.2842,0.2917,0.1996,0.1576,0.1577,0.2775,0.1779,0.2668,0.2758,0.28,0.0224,0.0639,0.0579,0.0298,3248.8278,3294.359,3297.9853,3258.4982,-0.9709,-0.0694,-0.1467,-0.972,-0.1495,0.2243,1,1,1,1,1,12.0,57.3,
2026-07-23 18:48:03.257,0.1986,0.209,0.1783,0.0809,0.3323,0.2902,0.2517,0.2171,0.2527,0.1653,0.1982,0.3781,0.1958,0.2715,0.3174,0.3015,0.0206,0.064,0.0543,0.0225,3265.7509,3319.3407,3307.6557,3206.1172,-0.9708,-0.0708,-0.148,-0.8897,-0.0897,0.0224,1,1,1,1,1,12.0,58.6,
2026-07-23 18:48:04.275,0.1854,0.2007,0.1775,0.0906,0.3152,0.2754,0.25,0.2092,0.2725,0.1755,0.1886,0.3761,0.2069,0.2846,0.3293,0.3017,0.02,0.0638,0.0546,0.0225,3340.696,3339.8901,3348.7546,3349.1575,-0.973,-0.0667,-0.1487,-0.957,-0.0449,0.2393,1,1,1,1,1,12.0,59.3,
2026-07-23 18:48:05.295,0.1717,0.1947,0.1634,0.0759,0.2966,0.2673,0.2345,0.1987,0.2825,0.1728,0.1863,0.3841,0.2275,0.3023,0.3605,0.3202,0.0217,0.063,0.0553,0.021,3325.7875,3338.6813,3297.5824,3318.9377,-0.9731,-0.0667,-0.1492,-1.0019,-0.2766,0.2243,1,1,1,1,1,12.0,59.6,
2026-07-23 18:48:06.318,0.1527,0.1676,0.1529,0.0716,0.2822,0.2545,0.2325,0.1756,0.2804,0.1804,0.172,0.3765,0.2638,0.3295,0.3872,0.3561,0.0209,0.068,0.0554,0.0203,3297.9853,3293.5531,3302.4176,3306.4469,-0.9713,-0.0657,-0.1487,-1.0692,-0.0299,0.172,1,1,1,1,1,12.0,59.3,
2026-07-23 18:48:07.338,0.1322,0.1441,0.1325,0.0531,0.297,0.2597,0.2172,0.1891,0.2851,0.1998,0.1869,0.3759,0.2659,0.3324,0.4084,0.364,0.0198,0.0641,0.0551,0.0179,3272.6007,3325.3846,3309.2674,3309.2674,-0.9677,-0.0677,-0.1507,-1.0393,-0.2243,0.4262,1,1,1,1,1,12.0,57.3,
2026-07-23 18:48:08.355,0.0532,0.1289,0.1291,0.0468,0.2911,0.2748,0.2316,0.1964,0.3145,0.2096,0.1831,0.3756,0.3193,0.3215,0.3993,0.364,0.022,0.0652,0.0569,0.0172,3325.3846,3325.7875,3310.0733,3291.1355,-0.9716,-0.0756,-0.1508,-0.9346,-0.015,-0.0299,1,1,1,1,1,12.0,55.5,
2026-07-23 18:48:09.387,0.0379,0.1263,0.1299,0.0475,0.2977,0.2753,0.2293,0.2101,0.3375,0.2056,0.1834,0.37,0.3068,0.326,0.4002,0.3557,0.0201,0.0667,0.0572,0.0167,3333.8462,3324.9817,3292.3443,3262.9304,-0.9734,-0.0656,-0.1517,-1.0542,-0.1346,0.2393,1,1,1,1,1,12.0,55.1,
2026-07-23 18:48:10.394,0.0531,0.1253,0.1201,0.0414,0.3296,0.2906,0.2631,0.2386,0.3308,0.1991,0.1703,0.3715,0.2704,0.3242,0.3901,0.3312,0.0161,0.0608,0.0564,0.0174,3338.6813,3320.5495,3326.5934,3370.5128,-0.9705,-0.0692,-0.1514,-0.9869,-0.2393,0.3589,1,1,1,1,1,12.0,55.6,
2026-07-23 18:48:11.408,0.0626,0.1358,0.1172,0.0409,0.3647,0.2959,0.2896,0.3197,0.2974,0.1889,0.1439,0.3197,0.2596,0.321,0.3892,0.3031,0.0157,0.0585,0.0601,0.0166,3339.4872,3318.1319,3331.8315,3343.5165,-0.9727,-0.0698,-0.1559,-1.0692,-0.2617,0.3589,1,1,1,1,1,12.0,56.2,
2026-07-23 18:48:12.423,0.0692,0.1268,0.1244,0.036,0.3672,0.308,0.2957,0.3492,0.3069,0.1899,0.1401,0.3237,0.2425,0.3142,0.3772,0.2766,0.0143,0.0611,0.0626,0.0144,3288.7179,3308.4615,3281.0623,3267.3626,-0.9702,-0.0676,-0.1475,-0.7776,-0.2766,-0.1645,1,1,1,1,1,12.0,57.0,
2026-07-23 18:48:13.446,0.0701,0.1212,0.1353,0.0383,0.3756,0.3159,0.305,0.379,0.3247,0.2082,0.1507,0.3332,0.2171,0.2975,0.3445,0.2362,0.0125,0.0572,0.0646,0.0133,3322.1612,3317.326,3283.8828,3305.2381,-0.9701,-0.0653,-0.1559,-0.972,-0.2617,0.4935,1,1,1,1,1,12.0,57.9,
2026-07-23 18:48:14.475,0.0737,0.1277,0.1437,0.0398,0.3845,0.3209,0.3185,0.3892,0.335,0.206,0.1498,0.3377,0.1934,0.2907,0.3207,0.2207,0.0135,0.0548,0.0673,0.0126,3379.7802,3326.1905,3334.652,3364.8718,-0.9687,-0.0715,-0.1445,-0.9421,-0.0673,-0.1047,1,1,1,1,1,12.0,58.3,
2026-07-23 18:48:15.489,0.0844,0.1366,0.1594,0.0458,0.3689,0.3237,0.3248,0.3989,0.3428,0.1941,0.141,0.3357,0.1895,0.2864,0.3008,0.2058,0.0144,0.0592,0.0741,0.0138,3277.033,3298.7912,3308.4615,3280.6593,-0.9744,-0.0688,-0.1508,-0.9869,0.0972,0.1047,1,1,1,1,1,12.0,58.4,
2026-07-23 18:48:16.502,0.0851,0.1268,0.1462,0.0459,0.3628,0.314,0.3247,0.4062,0.3438,0.1892,0.1398,0.3306,0.1932,0.3109,0.3123,0.2035,0.0151,0.059,0.077,0.0136,3320.1465,3319.7436,3276.63,3268.1685,-0.9679,-0.0693,-0.1528,-1.0168,0.1421,0.0972,1,1,1,1,1,12.0,58.2,
2026-07-23 18:48:17.516,0.0881,0.1182,0.1755,0.0461,0.3655,0.3196,0.3211,0.4191,0.3302,0.188,0.1373,0.3189,0.2,0.3159,0.2941,0.2026,0.0163,0.0583,0.0721,0.0133,3292.3443,3304.4322,3308.0586,3306.044,-0.9747,-0.0725,-0.1527,-1.0841,0.1869,0.2617,1,1,1,1,1,12.0,58.1,
2026-07-23 18:48:18.534,0.0726,0.1273,0.2058,0.0555,0.36,0.3148,0.3039,0.4474,0.3433,0.206,0.1626,0.3033,0.2051,0.2914,0.2603,0.183,0.019,0.0605,0.0674,0.0109,3325.7875,3329.4139,3315.3114,3312.8938,-0.9707,-0.0669,-0.1476,-1.0692,0.0075,0.2841,1,1,1,1,1,12.0,58.2,
2026-07-23 18:48:19.546,0.0674,0.1323,0.2382,0.0611,0.3548,0.2994,0.3021,0.4391,0.3397,0.208,0.1593,0.2954,0.2186,0.2982,0.2381,0.1927,0.0195,0.062,0.0622,0.0118,3331.0256,3326.9963,3324.9817,3296.3736,-0.9702,-0.0648,-0.1456,-0.9645,-0.3963,0.2916,1,1,1,1,1,11.9,58.7,
2026-07-23 18:48:20.570,0.0674,0.1357,0.2466,0.0659,0.369,0.2848,0.2954,0.4385,0.3142,0.218,0.1588,0.2834,0.2275,0.2993,0.2415,0.1996,0.0219,0.0621,0.0577,0.0126,3342.7106,3314.9084,3309.6703,3336.6667,-0.9714,-0.0688,-0.1499,-1.0393,-0.3065,0.471,1,1,1,1,1,11.9,59.6,
2026-07-23 18:48:21.589,0.0886,0.1549,0.2591,0.0781,0.3601,0.2847,0.2911,0.4321,0.2863,0.1946,0.1564,0.2673,0.243,0.3014,0.2382,0.2088,0.022,0.0645,0.0552,0.0137,3401.9414,3336.6667,3293.5531,3344.3223,-0.9692,-0.069,-0.1494,-0.7925,-0.0897,-0.172,1,1,1,1,1,11.9,60.3,
2026-07-23 18:48:22.602,0.0922,0.1459,0.2585,0.0815,0.373,0.277,0.2925,0.4405,0.2915,0.2113,0.1692,0.2757,0.224,0.3032,0.2291,0.1886,0.0193,0.0626,0.0507,0.0136,3334.652,3311.685,3340.696,3336.6667,-0.9662,-0.0648,-0.1404,-0.9346,-0.1495,0.0449,1,1,1,1,1,11.9,60.5,
2026-07-23 18:48:23.607,0.0842,0.1446,0.2567,0.0807,0.4006,0.2794,0.2965,0.4489,0.2892,0.2187,0.1844,0.2803,0.2081,0.2978,0.2191,0.1765,0.0179,0.0595,0.0433,0.0136,3252.8571,3282.674,3306.4469,3293.5531,-0.9679,-0.0649,-0.1449,-0.9196,-0.329,-0.0598,1,1,1,1,1,11.9,60.0,
2026-07-23 18:48:24.623,0.092,0.1605,0.2613,0.0834,0.409,0.2843,0.3045,0.4365,0.2891,0.2316,0.1917,0.2931,0.1927,0.2668,0.2041,0.1726,0.0173,0.0568,0.0384,0.0145,3327.8022,3296.3736,3314.1026,3321.7582,-0.9686,-0.0645,-0.1445,-1.0019,-0.3664,0.0374,1,1,1,1,1,11.9,59.4,
2026-07-23 18:48:25.645,0.1133,0.1598,0.2403,0.0896,0.408,0.2927,0.3122,0.4246,0.2678,0.2298,0.2006,0.3037,0.19,0.256,0.2066,0.1631,0.021,0.0617,0.0402,0.0189,3298.7912,3318.1319,3297.5824,3321.7582,-0.969,-0.0607,-0.1439,-1.0692,-0.4187,0.2243,1,1,1,1,1,11.9,58.4,
2026-07-23 18:48:26.661,0.1356,0.1403,0.2224,0.0995,0.3901,0.2933,0.3085,0.3777,0.2536,0.2201,0.187,0.3203,0.1944,0.2774,0.2325,0.1738,0.0263,0.0689,0.0496,0.0287,3382.1978,3324.9817,3313.6996,3356.4103,-0.9691,-0.0626,-0.1471,-0.9645,0.1645,0.3963,1,1,1,1,1,11.9,57.5,
2026-07-23 18:48:27.677,0.1308,0.1208,0.1959,0.1016,0.3802,0.3128,0.3092,0.3686,0.277,0.2241,0.194,0.3193,0.1833,0.2764,0.246,0.1779,0.0286,0.066,0.0548,0.0327,3274.6154,3307.2527,3300.0,3289.1209,-0.9731,-0.0723,-0.14,-0.8823,-0.4262,-0.1122,1,1,1,1,1,11.9,57.1,
2026-07-23 18:48:28.692,0.1137,0.132,0.1846,0.0834,0.3762,0.3108,0.296,0.3433,0.2745,0.2114,0.2014,0.299,0.2087,0.2841,0.2605,0.2416,0.027,0.0617,0.0576,0.0327,3348.3516,3343.5165,3295.5678,3247.2161,-0.9746,-0.0704,-0.1517,-1.1215,0.0523,0.157,1,1,1,1,1,11.9,57.3,
2026-07-23 18:48:29.706,0.0785,0.1125,0.1837,0.0657,0.4141,0.3303,0.295,0.3686,0.2729,0.2141,0.2081,0.2869,0.2116,0.281,0.2587,0.2511,0.0229,0.0621,0.0545,0.0277,3313.6996,3323.37,3308.4615,3300.8059,-0.9717,-0.0739,-0.1546,-1.1215,0.2841,0.2916,1,1,1,1,1,11.9,58.1,
2026-07-23 18:48:30.723,0.066,0.1162,0.1845,0.0766,0.4248,0.3483,0.3035,0.3808,0.2683,0.1935,0.1993,0.2759,0.2178,0.2758,0.2565,0.2398,0.0232,0.0661,0.0562,0.0268,3324.1758,3327.8022,3301.6117,3312.8938,-0.9705,-0.0692,-0.1489,-0.8823,-0.1944,0.0523,1,1,1,1,1,11.9,58.8,
2026-07-23 18:48:31.733,0.0635,0.1429,0.1869,0.0782,0.4312,0.3294,0.3083,0.3931,0.2583,0.1803,0.1732,0.2538,0.2251,0.283,0.2736,0.2493,0.022,0.0644,0.058,0.0256,3273.0037,3299.5971,3297.9853,3273.0037,-0.9686,-0.0687,-0.1447,-0.8897,-0.0374,-0.1122,1,1,1,1,1,11.9,59.4,
2026-07-23 18:48:32.731,0.062,0.1429,0.179,0.0772,0.4198,0.3187,0.2823,0.4026,0.2547,0.1739,0.1687,0.2446,0.2426,0.2967,0.3061,0.2513,0.0209,0.0677,0.064,0.0243,3320.9524,3329.8168,3340.696,3334.2491,-0.9674,-0.0724,-0.1473,-0.8598,0.1346,-0.1794,1,1,1,1,1,11.9,59.9,
2026-07-23 18:48:33.744,0.0504,0.1419,0.1786,0.0727,0.4142,0.3181,0.2686,0.406,0.2929,0.183,0.1696,0.2483,0.2266,0.2951,0.319,0.2532,0.016,0.0619,0.0642,0.0198,3288.7179,3316.9231,3352.381,3314.1026,-0.9753,-0.0709,-0.1534,-1.1365,-0.0075,0.2243,1,1,1,1,1,11.9,60.1,
2026-07-23 18:48:34.768,0.0474,0.1569,0.1805,0.0608,0.4468,0.3167,0.256,0.3918,0.2907,0.1893,0.1694,0.2568,0.204,0.2818,0.3408,0.2752,0.0111,0.0553,0.0533,0.0154,3356.0073,3316.5201,3318.1319,3334.2491,-0.9714,-0.0688,-0.1499,-1.0692,0.0224,0.4112,1,1,1,1,1,11.9,59.9,
2026-07-23 18:48:35.777,0.0464,0.1595,0.1945,0.0553,0.4474,0.3104,0.2731,0.3962,0.2843,0.1905,0.1673,0.2645,0.2124,0.2826,0.3172,0.2715,0.0095,0.057,0.0478,0.0124,3246.0073,3304.8352,3310.4762,3303.2234,-0.9747,-0.0708,-0.1576,-1.0692,0.157,0.0972,1,1,1,1,1,11.9,59.5,
2026-07-23 18:48:36.791,0.0479,0.1551,0.1847,0.0545,0.4516,0.3147,0.2877,0.428,0.2905,0.1911,0.1702,0.2753,0.2004,0.2811,0.3076,0.2306,0.0097,0.058,0.0499,0.0115,3286.3004,3304.8352,3328.2051,3332.2344,-0.97,-0.0665,-0.1489,-0.815,0.2542,-0.0972,1,1,1,1,1,11.9,59.2,
2026-07-23 18:48:37.813,0.0605,0.1722,0.161,0.0591,0.4182,0.2923,0.2978,0.4129,0.3115,0.1894,0.1635,0.2857,0.1991,0.2843,0.3219,0.2293,0.0107,0.0618,0.0558,0.0131,3359.2308,3326.9963,3326.9963,3349.1575,-0.9719,-0.0708,-0.154,-1.3757,0.4037,0.3963,1,1,1,1,1,11.9,59.3,
2026-07-23 18:48:38.827,0.072,0.179,0.1494,0.077,0.3959,0.2845,0.2641,0.3817,0.3204,0.1858,0.1564,0.2875,0.1943,0.2845,0.3653,0.2295,0.0174,0.0663,0.0647,0.0243,3305.641,3306.044,3324.1758,3295.5678,-0.9659,-0.0706,-0.1686,-1.144,-0.0,0.329,1,1,1,1,1,11.9,59.5,
2026-07-23 18:48:39.841,0.073,0.1592,0.1511,0.125,0.3779,0.295,0.2648,0.3591,0.3186,0.1866,0.1585,0.2707,0.1972,0.2834,0.359,0.208,0.0333,0.0759,0.0667,0.0373,3312.4908,3318.9377,3327.8022,3334.2491,-0.9636,-0.0752,-0.1653,-1.0542,-0.0075,0.314,1,1,1,1,1,11.9,59.7,
2026-07-23 18:48:40.850,0.0698,0.1509,0.1512,0.1256,0.3811,0.3149,0.2763,0.353,0.3219,0.1815,0.1619,0.2686,0.1931,0.2791,0.3478,0.2144,0.0341,0.0735,0.0628,0.0383,3278.2418,3316.5201,3321.3553,3327.8022,-0.9734,-0.0713,-0.1719,-1.0393,-0.1122,0.4187,1,1,1,1,1,11.9,59.9,
2026-07-23 18:48:41.870,0.0703,0.152,0.1335,0.1263,0.3886,0.3178,0.2967,0.37,0.2998,0.1778,0.1553,0.2543,0.2032,0.2755,0.3495,0.2099,0.0382,0.0769,0.0649,0.0395,3289.9267,3315.7143,3314.9084,3302.4176,-0.9725,-0.0673,-0.1733,-0.9196,0.0299,0.172,1,1,1,1,1,11.9,60.8,
2026-07-23 18:48:42.883,0.0685,0.1524,0.1336,0.1338,0.3748,0.322,0.3125,0.3986,0.2986,0.1664,0.1531,0.2482,0.2101,0.2762,0.326,0.1769,0.0479,0.0829,0.0749,0.0425,3273.4066,3291.9414,3302.0147,3275.8242,-0.9636,-0.0658,-0.162,-1.0916,-0.6281,0.2542,1,1,1,1,1,11.9,63.6,
2026-07-23 18:48:43.939,0.0646,0.1487,0.1176,0.137,0.3729,0.3154,0.279,0.3919,0.3118,0.1756,0.1701,0.2449,0.1995,0.2761,0.3552,0.1817,0.0513,0.0842,0.0781,0.0445,3329.011,3352.381,3331.0256,3316.9231,-0.9734,-0.0659,-0.1593,-0.9496,-0.2617,0.3365,1,1,1,1,1,11.9,64.2,
2026-07-23 18:48:44.950,0.0657,0.1271,0.1259,0.139,0.3785,0.3043,0.2804,0.3689,0.3131,0.211,0.1612,0.2598,0.1902,0.271,0.3562,0.1858,0.0525,0.0867,0.0763,0.0466,3322.967,3310.4762,3329.011,3345.1282,-0.968,-0.069,-0.1517,-1.0617,0.0748,0.0374,1,1,1,1,1,11.9,63.7,
2026-07-23 18:48:45.969,0.0569,0.142,0.1295,0.1255,0.3979,0.2965,0.28,0.3715,0.3005,0.2208,0.1674,0.2635,0.1951,0.2611,0.3501,0.1944,0.0496,0.0796,0.073,0.045,3288.7179,3328.2051,3282.2711,3273.0037,-0.969,-0.0697,-0.1628,-0.7925,-0.1645,0.0523,1,1,1,1,1,11.9,53.4,
2026-07-23 18:48:46.985,0.0448,0.1342,0.1368,0.0912,0.4182,0.3022,0.2914,0.3954,0.2973,0.2258,0.1725,0.2911,0.2003,0.2669,0.3374,0.1922,0.0394,0.071,0.0618,0.03,3273.4066,3291.9414,3292.7473,3266.1538,-0.9656,-0.0749,-0.1633,-0.9271,-0.2243,0.1271,1,1,1,1,1,11.9,54.3,
2026-07-23 18:48:48.004,0.0428,0.1234,0.1194,0.0316,0.4268,0.3157,0.2997,0.4091,0.3057,0.2252,0.1752,0.3217,0.2004,0.2674,0.3442,0.2176,0.0243,0.0683,0.0615,0.02,3312.4908,3323.37,3333.0403,3322.967,-0.9658,-0.0745,-0.1618,-0.972,-0.4112,0.0897,1,1,1,1,1,11.9,54.5,
2026-07-23 18:48:49.019,0.0445,0.1266,0.1238,0.0338,0.4259,0.2969,0.2825,0.4039,0.2957,0.225,0.1792,0.3198,0.2086,0.2807,0.3479,0.2204,0.0253,0.0708,0.0667,0.022,3293.5531,3297.9853,3309.6703,3333.8462,-0.9726,-0.0685,-0.1629,-1.0019,0.0449,0.2318,1,1,1,1,1,11.9,55.1,
2026-07-23 18:48:50.033,0.0471,0.1254,0.1384,0.0308,0.4006,0.2962,0.2612,0.3716,0.3014,0.2295,0.1874,0.3478,0.2255,0.2795,0.345,0.2275,0.0255,0.0694,0.068,0.0224,3329.011,3314.9084,3267.3626,3335.4579,-0.9695,-0.0668,-0.1658,-1.0692,-0.0598,0.4112,1,1,1,1,1,11.9,59.5,
2026-07-23 18:48:51.051,0.0522,0.1341,0.1377,0.0264,0.3729,0.2853,0.2564,0.3439,0.3232,0.2395,0.1971,0.3805,0.2273,0.2743,0.3385,0.2263,0.0244,0.0668,0.0703,0.0228,3300.0,3319.3407,3321.7582,3310.8791,-0.9708,-0.0707,-0.1635,-0.957,-0.015,0.015,1,1,1,1,1,11.9,60.8,
2026-07-23 18:48:52.084,0.0559,0.1575,0.1358,0.0327,0.3904,0.2886,0.2727,0.388,0.3242,0.2251,0.1866,0.3794,0.2072,0.2597,0.3295,0.1795,0.0223,0.0691,0.0753,0.0204,3338.6813,3303.2234,3281.8681,3325.3846,-0.9698,-0.0682,-0.1638,-0.9047,-0.1421,-0.0748,1,1,1,1,1,11.9,60.8,
2026-07-23 18:48:53.110,0.0532,0.1749,0.1382,0.0372,0.4083,0.2934,0.2778,0.4301,0.3241,0.2037,0.1843,0.3349,0.1926,0.2601,0.3228,0.1791,0.0218,0.068,0.0769,0.0187,3225.0549,3273.8095,3309.6703,3283.8828,-0.9745,-0.071,-0.1639,-1.0318,-0.0972,0.1421,1,1,1,1,1,11.9,59.1,
2026-07-23 18:48:54.134,0.0489,0.1709,0.1392,0.0437,0.3991,0.3022,0.2789,0.4227,0.3496,0.196,0.1909,0.3484,0.1797,0.2619,0.3126,0.1676,0.0227,0.069,0.0784,0.0177,3291.1355,3329.8168,3315.7143,3302.0147,-0.9683,-0.0709,-0.1616,-0.9795,-0.0374,0.3888,1,1,1,1,1,11.9,53.7,
2026-07-23 18:48:55.158,0.0533,0.1714,0.1361,0.0531,0.3934,0.3256,0.2862,0.4252,0.3552,0.1938,0.1958,0.3233,0.1751,0.2433,0.296,0.1804,0.023,0.0659,0.0858,0.018,3318.9377,3321.7582,3348.3516,3330.2198,-0.9652,-0.0673,-0.1614,-0.9196,-0.314,0.2094,1,1,1,1,1,11.9,53.7,
2026-07-23 18:48:56.185,0.0619,0.1643,0.1584,0.0644,0.3911,0.3352,0.2843,0.4343,0.3589,0.1909,0.1906,0.3244,0.1654,0.2442,0.2841,0.1611,0.0227,0.0654,0.0826,0.0157,3319.3407,3284.6886,3328.2051,3322.967,-0.972,-0.0698,-0.1655,-0.957,0.1495,0.1271,1,1,1,1,1,11.9,54.1,
2026-07-23 18:48:57.205,0.076,0.1988,0.1688,0.0742,0.3904,0.3222,0.2969,0.4426,0.3682,0.1851,0.1865,0.3254,0.1436,0.2305,0.2694,0.1438,0.0218,0.0634,0.0784,0.014,3324.5788,3302.8205,3310.0733,3297.5824,-0.9694,-0.0693,-0.1608,-1.1066,-0.1495,0.4486,1,1,1,1,1,11.9,55.1,
2026-07-23 18:48:58.216,0.0772,0.2104,0.1807,0.0842,0.3866,0.309,0.3042,0.4536,0.3678,0.1742,0.1739,0.3031,0.1467,0.2427,0.2626,0.1443,0.0217,0.0638,0.0787,0.0148,3314.9084,3310.4762,3320.1465,3319.7436,-0.9674,-0.0704,-0.1663,-1.0393,-0.0897,0.1495,1,1,1,1,1,11.9,58.8,
2026-07-23 18:48:59.227,0.0801,0.1907,0.1719,0.0889,0.3908,0.3266,0.3211,0.4709,0.3435,0.1621,0.1754,0.2812,0.1643,0.256,0.2597,0.1455,0.0214,0.0646,0.0719,0.0136,3299.1941,3320.9524,3328.2051,3328.6081,-0.9656,-0.0639,-0.1613,-0.8972,-0.2542,-0.0299,1,1,1,1,1,11.9,60.3,
2026-07-23 18:49:00.262,0.0885,0.1783,0.1704,0.0951,0.3774,0.3392,0.3345,0.4469,0.3276,0.1514,0.1659,0.279,0.184,0.2705,0.2562,0.1642,0.0225,0.0605,0.0731,0.0148,3360.0366,3320.1465,3325.3846,3367.2894,-0.9691,-0.0701,-0.1655,-1.0094,-0.1944,0.1346,1,1,1,1,1,11.9,60.5,
2026-07-23 18:49:01.290,0.1,0.1819,0.1652,0.1025,0.3817,0.3511,0.324,0.4235,0.2985,0.1313,0.1674,0.2944,0.1976,0.28,0.2748,0.1639,0.0222,0.0557,0.0686,0.0158,3291.9414,3326.1905,3321.7582,3329.011,-0.9766,-0.0668,-0.1638,-1.0094,-0.0224,0.157,1,1,1,1,1,11.9,59.6,
2026-07-23 18:49:02.325,0.1016,0.1723,0.1986,0.1162,0.391,0.3479,0.3123,0.441,0.2819,0.1317,0.1478,0.2699,0.2035,0.2911,0.269,0.1556,0.022,0.057,0.0722,0.0172,3287.1062,3326.5934,3276.2271,3262.5275,-0.9694,-0.0646,-0.1551,-0.9795,0.1421,0.0598,1,1,1,1,1,11.9,58.0,
2026-07-23 18:49:03.342,0.0992,0.1771,0.2172,0.1282,0.41,0.3279,0.3102,0.447,0.2673,0.1313,0.1424,0.2678,0.1988,0.2977,0.2563,0.1383,0.0247,0.066,0.0739,0.0187,3276.63,3304.4322,3299.1941,3311.2821,-0.973,-0.0693,-0.157,-0.9496,-0.5309,0.1495,1,1,1,1,1,11.9,56.7,
2026-07-23 18:49:04.363,0.0885,0.169,0.215,0.1197,0.4187,0.3279,0.3138,0.4514,0.2648,0.1392,0.1383,0.262,0.2013,0.2992,0.2581,0.1464,0.0267,0.0647,0.0748,0.0204,3285.4945,3318.1319,3312.0879,3297.9853,-0.9747,-0.0693,-0.1526,-0.9496,-0.0972,0.3439,1,1,1,1,1,11.9,57.0,
2026-07-23 18:49:05.372,0.0754,0.1322,0.2137,0.1218,0.4255,0.3616,0.2994,0.4378,0.2594,0.1402,0.1555,0.2758,0.2097,0.3007,0.2567,0.1416,0.0299,0.0653,0.0748,0.023,3311.2821,3277.8388,3317.326,3337.4725,-0.9747,-0.0717,-0.1591,-0.8598,0.5159,-0.0523,1,1,1,1,1,11.9,58.6,
2026-07-23 18:49:06.384,0.0858,0.1337,0.2036,0.1169,0.433,0.3653,0.2923,0.4455,0.2599,0.1469,0.1674,0.2806,0.191,0.2887,0.2629,0.1327,0.0302,0.0654,0.0739,0.0243,3222.6374,3272.1978,3289.1209,3256.0806,-0.9692,-0.0664,-0.1552,-0.8748,0.2841,0.0673,1,1,1,1,1,11.9,60.3,
2026-07-23 18:49:07.395,0.0748,0.1357,0.215,0.1108,0.4149,0.345,0.2736,0.4044,0.2976,0.1605,0.1611,0.2962,0.1815,0.2912,0.2743,0.1619,0.0311,0.0676,0.076,0.0266,3283.0769,3298.7912,3287.5092,3278.2418,-0.9685,-0.0672,-0.157,-0.9869,-0.1944,0.3664,1,1,1,1,1,11.9,61.0,
2026-07-23 18:49:08.409,0.0686,0.1422,0.2155,0.0999,0.4073,0.3186,0.262,0.3804,0.3304,0.205,0.1639,0.3042,0.1654,0.2675,0.2817,0.1876,0.0284,0.0667,0.0769,0.028,3302.8205,3278.2418,3325.7875,3342.7106,-0.9717,-0.0679,-0.1522,-0.9869,0.0075,0.2692,1,1,1,1,1,11.9,60.9,
2026-07-23 18:49:09.419,0.0565,0.1409,0.2146,0.0964,0.3913,0.2966,0.2731,0.3603,0.35,0.2135,0.17,0.297,0.1728,0.273,0.2653,0.2175,0.0293,0.0761,0.0771,0.0287,3293.5531,3298.7912,3329.8168,3307.2527,-0.9726,-0.0728,-0.1573,-0.8524,-0.015,0.0972,1,1,1,1,1,11.9,60.0,
2026-07-23 18:49:10.444,0.0532,0.133,0.1865,0.0812,0.3825,0.2805,0.2818,0.3588,0.3471,0.2225,0.1792,0.2968,0.1837,0.2852,0.2806,0.2305,0.0336,0.0788,0.0719,0.0327,3231.0989,3300.0,3291.1355,3221.8315,-0.9746,-0.0673,-0.1619,-0.9944,0.0972,0.2393,1,1,1,1,1,11.8,58.8,
2026-07-23 18:49:11.467,0.053,0.1366,0.1653,0.0705,0.3588,0.2869,0.2736,0.3427,0.3658,0.2252,0.2004,0.3166,0.1931,0.2818,0.2926,0.2386,0.0294,0.0695,0.0681,0.0316,3339.8901,3326.5934,3319.3407,3343.1136,-0.9677,-0.0734,-0.1579,-1.0243,-0.1944,0.2467,1,1,1,1,1,11.8,57.9,
2026-07-23 18:49:12.487,0.0494,0.1394,0.1715,0.0608,0.3648,0.2744,0.2574,0.3487,0.3709,0.2263,0.2019,0.3408,0.1882,0.288,0.2989,0.2218,0.0266,0.072,0.0703,0.0279,3371.7216,3327.3993,3341.0989,3370.5128,-0.9668,-0.0768,-0.16,-1.0542,0.0897,0.1421,1,1,1,1,1,11.8,57.8,
2026-07-23 18:49:13.505,0.046,0.1308,0.1591,0.0449,0.3947,0.2871,0.2754,0.3787,0.3552,0.2282,0.1853,0.3322,0.1809,0.2842,0.3062,0.2192,0.0233,0.0696,0.0739,0.025,3277.4359,3318.9377,3284.2857,3246.8132,-0.97,-0.07,-0.1603,-0.9944,-0.1421,0.2991,1,1,1,1,1,11.8,58.9,
2026-07-23 18:49:14.517,0.0408,0.1207,0.1577,0.0436,0.3995,0.2975,0.2918,0.3823,0.354,0.2292,0.1763,0.3349,0.1833,0.2818,0.2991,0.2155,0.0224,0.0708,0.0751,0.0238,3277.033,3297.5824,3314.5055,3244.3956,-0.9702,-0.0676,-0.1614,-0.8524,0.2393,0.1047,1,1,1,1,1,11.8,60.9,
2026-07-23 18:49:15.522,0.0546,0.1348,0.1622,0.0547,0.4128,0.3158,0.2991,0.4142,0.3198,0.2125,0.1702,0.3232,0.1905,0.2681,0.2948,0.1858,0.0222,0.0688,0.0738,0.0221,3320.1465,3329.011,3269.7802,3322.967,-0.9678,-0.072,-0.157,-1.0617,-0.2393,0.0748,1,1,1,1,1,11.8,61.8,
2026-07-23 18:49:16.533,0.0623,0.1222,0.1832,0.0623,0.3876,0.3183,0.2892,0.424,0.2895,0.171,0.1641,0.3136,0.237,0.3164,0.2891,0.18,0.0236,0.0722,0.0743,0.0202,3342.7106,3323.37,3288.7179,3286.7033,-0.9703,-0.0704,-0.1541,-0.8972,0.0673,0.1794,1,1,1,1,1,11.8,61.2,
2026-07-23 18:49:17.552,0.0686,0.1201,0.2422,0.0738,0.4005,0.35,0.2675,0.4298,0.2699,0.1723,0.1434,0.3217,0.238,0.2955,0.2726,0.1559,0.023,0.0621,0.0743,0.0188,3270.989,3281.4652,3317.326,3293.5531,-0.9726,-0.0699,-0.1604,-0.9122,0.1869,0.1271,1,1,1,1,1,11.8,59.0,
2026-07-23 18:49:18.582,0.0693,0.1614,0.2536,0.0775,0.3997,0.3649,0.2803,0.4467,0.2832,0.1573,0.1413,0.3123,0.23,0.2609,0.2533,0.1479,0.0178,0.0556,0.0714,0.0155,3357.2161,3341.9048,3320.1465,3346.7399,-0.9677,-0.0715,-0.1601,-1.0168,0.015,0.1271,1,1,1,1,1,11.8,55.8,
2026-07-23 18:49:19.599,0.0846,0.1928,0.2703,0.0785,0.4153,0.357,0.2836,0.4574,0.2636,0.1504,0.1321,0.3062,0.2195,0.2423,0.2403,0.1439,0.017,0.0575,0.0737,0.014,3331.4286,3311.2821,3302.0147,3322.1612,-0.9702,-0.0609,-0.1572,-1.114,-0.3888,0.4262,1,1,1,1,1,11.8,55.5,
2026-07-23 18:49:20.622,0.0868,0.1986,0.2451,0.072,0.4106,0.3413,0.298,0.459,0.2745,0.1555,0.1505,0.3089,0.213,0.2524,0.2338,0.1472,0.0151,0.0521,0.0726,0.013,3310.4762,3298.3883,3300.4029,3307.2527,-0.9763,-0.0729,-0.1633,-1.0468,0.0598,0.1794,1,1,1,1,1,11.8,56.0,
2026-07-23 18:49:21.634,0.0871,0.2047,0.2423,0.0687,0.3589,0.3168,0.29,0.3979,0.2986,0.1646,0.1607,0.3433,0.2415,0.2625,0.241,0.1781,0.014,0.0513,0.0659,0.012,3304.0293,3326.9963,3283.4799,3287.9121,-0.9752,-0.0709,-0.1611,-1.0916,-0.1047,0.2617,1,1,1,1,1,11.8,57.2,
2026-07-23 18:49:22.641,0.084,0.2015,0.2424,0.0621,0.3624,0.3104,0.2835,0.4115,0.3077,0.176,0.1624,0.3486,0.2323,0.2632,0.2473,0.1669,0.0135,0.049,0.0644,0.0108,3344.7253,3335.8608,3317.326,3337.4725,-0.9691,-0.0704,-0.1567,-0.8972,-0.0748,0.2467,1,1,1,1,1,11.8,58.2,
2026-07-23 18:49:23.661,0.0736,0.1968,0.2606,0.0588,0.3876,0.2964,0.2629,0.4149,0.3158,0.1788,0.1672,0.3547,0.2109,0.278,0.2459,0.161,0.0121,0.05,0.0634,0.0106,3316.9231,3316.1172,3293.5531,3321.7582,-0.9724,-0.0686,-0.1586,-0.972,0.015,0.3813,1,1,1,1,1,11.8,57.7,
2026-07-23 18:49:24.683,0.0662,0.1946,0.2524,0.0499,0.4208,0.3086,0.2586,0.4425,0.318,0.1912,0.1751,0.3439,0.1833,0.2551,0.2547,0.1533,0.0117,0.0504,0.0593,0.0104,3304.4322,3311.685,3267.3626,3300.8059,-0.9673,-0.0692,-0.1627,-0.9421,-0.1421,0.1944,1,1,1,1,1,11.8,57.0,
2026-07-23 18:49:25.704,0.0733,0.1899,0.2055,0.0384,0.4223,0.2967,0.2539,0.4598,0.2986,0.1924,0.1903,0.3327,0.1933,0.2685,0.2837,0.1581,0.0126,0.0525,0.0666,0.011,3300.8059,3313.6996,3316.1172,3295.9707,-0.9669,-0.0657,-0.159,-0.8972,-0.1794,0.3514,1,1,1,1,1,11.8,56.8,
2026-07-23 18:49:26.726,0.0751,0.1763,0.1923,0.0396,0.4186,0.2963,0.2492,0.4416,0.3022,0.1954,0.1981,0.3453,0.1918,0.2836,0.2923,0.1629,0.0123,0.0484,0.068,0.0106,3294.359,3295.9707,3330.2198,3339.8901,-0.9714,-0.0669,-0.1462,-0.8748,-0.1271,0.0299,1,1,1,1,1,11.8,58.6,
2026-07-23 18:49:27.748,0.0648,0.1475,0.1883,0.0409,0.4236,0.3001,0.2639,0.4468,0.3018,0.207,0.1976,0.3405,0.1969,0.2979,0.2869,0.1606,0.0128,0.0475,0.0633,0.0112,3335.0549,3320.9524,3297.1795,3322.1612,-0.9728,-0.0677,-0.1494,-1.0094,-0.1047,0.3963,1,1,1,1,1,11.8,60.1,
2026-07-23 18:49:28.767,0.0667,0.1549,0.2059,0.0538,0.4231,0.3207,0.2744,0.4466,0.2866,0.1934,0.1752,0.3256,0.2083,0.2834,0.2856,0.1615,0.0152,0.0476,0.0589,0.0124,3310.4762,3289.9267,3329.011,3319.7436,-0.9722,-0.0648,-0.155,-1.1066,-0.0449,0.3439,1,1,1,1,1,11.8,61.0,
2026-07-23 18:49:29.786,0.0829,0.1659,0.2094,0.073,0.4434,0.337,0.2694,0.4975,0.2762,0.1724,0.1794,0.292,0.1793,0.2778,0.2802,0.1236,0.0181,0.0469,0.0616,0.0139,3341.9048,3320.1465,3331.0256,3348.7546,-0.9767,-0.0667,-0.1536,-1.0468,0.0822,0.3738,1,1,1,1,1,11.8,60.8,
2026-07-23 18:49:30.818,0.0966,0.171,0.2064,0.1056,0.4294,0.3353,0.2626,0.4652,0.2619,0.1727,0.1986,0.2725,0.1908,0.2756,0.2719,0.1404,0.0212,0.0454,0.0605,0.0163,3311.2821,3306.8498,3320.5495,3327.8022,-0.9731,-0.067,-0.1535,-1.0019,-0.1047,0.3589,1,1,1,1,1,11.8,59.3,
2026-07-23 18:49:31.828,0.141,0.1725,0.1752,0.1341,0.4002,0.327,0.3073,0.4543,0.2488,0.1941,0.2054,0.247,0.1864,0.257,0.2514,0.1475,0.0237,0.0493,0.0607,0.0171,3330.6227,3314.1026,3306.044,3348.3516,-0.9742,-0.0674,-0.1506,-1.1066,0.2766,0.3215,1,1,1,1,1,11.8,56.9,
2026-07-23 18:49:32.850,0.1886,0.189,0.1624,0.1804,0.3717,0.3173,0.3208,0.4029,0.2341,0.1859,0.2165,0.2541,0.179,0.2563,0.2343,0.1437,0.0266,0.0514,0.066,0.0188,3341.5018,3304.8352,3331.8315,3329.8168,-0.9686,-0.0665,-0.1461,-0.8524,-0.3065,-0.1047,1,1,1,1,1,11.8,56.1,
2026-07-23 18:49:33.853,0.2221,0.1956,0.1803,0.2397,0.3594,0.3109,0.3233,0.3756,0.242,0.1854,0.2115,0.236,0.1488,0.255,0.2249,0.1298,0.0277,0.0531,0.06,0.0189,3355.2015,3315.7143,3304.0293,3356.8132,-0.9714,-0.0615,-0.1437,-0.9795,-0.2542,0.1047,1,1,1,1,1,11.8,56.2,
2026-07-23 18:49:34.863,0.2722,0.1987,0.1825,0.2766,0.3454,0.2964,0.3305,0.3771,0.1994,0.1806,0.2022,0.2029,0.1501,0.2644,0.2208,0.1194,0.0329,0.06,0.0639,0.0241,3270.1832,3313.2967,3302.0147,3295.9707,-0.9676,-0.0616,-0.1423,-0.9421,-0.4337,0.0972,1,1,1,1,1,11.8,56.7,
2026-07-23 18:49:35.876,0.2685,0.2057,0.1698,0.2792,0.3583,0.287,0.3321,0.3859,0.1997,0.1851,0.207,0.1931,0.143,0.2616,0.2252,0.1182,0.0306,0.0606,0.066,0.0236,3280.2564,3320.1465,3314.1026,3296.3736,-0.972,-0.0542,-0.1384,-0.9869,-0.3738,0.2617,1,1,1,1,1,11.8,57.1,
2026-07-23 18:49:36.883,0.2837,0.2259,0.1648,0.2835,0.3514,0.2538,0.312,0.3861,0.1952,0.2041,0.2185,0.1853,0.1414,0.2584,0.2347,0.1219,0.0283,0.0578,0.07,0.0233,3332.2344,3332.6374,3308.0586,3302.8205,-0.972,-0.0655,-0.1473,-0.9271,0.2393,0.6206,1,1,1,1,1,11.8,57.5,
2026-07-23 18:49:37.895,0.2673,0.2579,0.1716,0.2732,0.3592,0.2243,0.329,0.3872,0.2074,0.2107,0.1999,0.1858,0.1403,0.2486,0.2288,0.1311,0.0259,0.0584,0.0708,0.0227,3315.3114,3326.5934,3301.6117,3300.0,-0.973,-0.0634,-0.1425,-1.0318,-0.2841,0.1421,1,1,1,1,1,11.8,57.5,
2026-07-23 18:49:38.902,0.2664,0.2557,0.1773,0.2728,0.3544,0.2196,0.3212,0.3789,0.2024,0.2084,0.1944,0.1835,0.1517,0.2534,0.2346,0.1412,0.0252,0.0629,0.0725,0.0235,3294.359,3305.2381,3304.8352,3283.8828,-0.9764,-0.0681,-0.1368,-1.0168,-0.015,0.2991,1,1,1,1,1,11.8,57.4,
2026-07-23 18:49:39.924,0.2471,0.2631,0.1874,0.261,0.3525,0.246,0.2955,0.3624,0.1973,0.1782,0.1827,0.1886,0.1759,0.2581,0.2601,0.1611,0.0273,0.0546,0.0743,0.0269,3318.1319,3299.5971,3321.3553,3342.7106,-0.9719,-0.0696,-0.1443,-1.0094,0.1196,0.2318,1,1,1,1,1,11.8,57.4,
2026-07-23 18:49:40.939,0.2383,0.2495,0.189,0.257,0.3374,0.2516,0.303,0.358,0.2099,0.1752,0.169,0.1852,0.1852,0.2698,0.2704,0.1697,0.0291,0.0539,0.0686,0.0301,3328.6081,3309.2674,3332.6374,3343.1136,-0.9761,-0.0685,-0.1435,-1.0767,0.0822,0.4561,1,1,1,1,1,11.8,57.6,
2026-07-23 18:49:41.956,0.2153,0.2379,0.1655,0.2053,0.3419,0.2477,0.3112,0.3656,0.2146,0.1838,0.1739,0.1989,0.1955,0.2711,0.2749,0.1946,0.0328,0.0596,0.0745,0.0356,3289.9267,3326.9963,3296.3736,3286.7033,-0.9739,-0.0639,-0.143,-0.9271,-0.1047,0.1421,1,1,1,1,1,11.8,57.6,
2026-07-23 18:49:42.965,0.2099,0.2213,0.1536,0.1987,0.3505,0.2613,0.3219,0.3821,0.2094,0.1881,0.1792,0.1898,0.1969,0.2669,0.2756,0.1956,0.0333,0.0624,0.0698,0.0339,3319.7436,3331.0256,3326.5934,3311.685,-0.9731,-0.067,-0.1439,-0.9869,0.172,0.1944,1,1,1,1,1,11.8,57.9,
2026-07-23 18:49:43.982,0.206,0.2189,0.1676,0.1892,0.3259,0.2665,0.3054,0.348,0.2094,0.1818,0.1803,0.1916,0.2157,0.2689,0.2705,0.2219,0.043,0.0639,0.0762,0.0493,3315.7143,3319.3407,3319.3407,3312.4908,-0.9703,-0.0676,-0.1412,-0.9421,-0.314,0.1495,1,1,1,1,1,11.8,58.3,
2026-07-23 18:49:44.996,0.1735,0.1859,0.1672,0.1676,0.3308,0.2773,0.3128,0.3399,0.2089,0.1815,0.1845,0.2003,0.2386,0.2843,0.2597,0.2407,0.0483,0.0709,0.0758,0.0516,3287.9121,3281.0623,3323.37,3270.989,-0.9727,-0.0666,-0.1403,-1.114,0.3664,0.2243,1,1,1,1,1,11.7,58.8,
2026-07-23 18:49:46.006,0.1526,0.1423,0.1389,0.1375,0.3012,0.2652,0.2882,0.2914,0.2413,0.22,0.2054,0.2186,0.2633,0.3043,0.2889,0.3042,0.0415,0.0682,0.0786,0.0483,3253.2601,3314.1026,3317.326,3279.0476,-0.9741,-0.0685,-0.1449,-1.0841,0.3065,0.1495,1,1,1,1,1,11.7,59.1,
2026-07-23 18:49:47.030,0.1199,0.1395,0.1163,0.0802,0.3076,0.2543,0.2732,0.3385,0.3178,0.2564,0.2256,0.2845,0.2223,0.2919,0.3134,0.2628,0.0323,0.0579,0.0716,0.0341,3406.7766,3315.3114,3315.7143,3299.5971,-0.9694,-0.0577,-0.1794,-0.3215,3.4244,-0.5234,1,1,1,1,1,11.7,59.1,
2026-07-23 18:49:48.044,0.1049,0.1307,0.1165,0.1302,0.331,0.2208,0.2442,0.3299,0.3083,0.2909,0.2345,0.264,0.2226,0.2995,0.3208,0.2389,0.0333,0.0581,0.084,0.037,3275.0183,3283.4799,3312.8938,3285.4945,-0.9778,-0.0677,-0.1724,-1.0468,-0.3888,0.3664,1,1,1,1,1,11.7,58.8,
2026-07-23 18:49:49.060,0.1007,0.1205,0.1106,0.1324,0.3222,0.2162,0.2532,0.3254,0.3184,0.2996,0.2326,0.2709,0.227,0.3073,0.3197,0.2371,0.0317,0.0565,0.0838,0.0343,3275.4212,3297.9853,3297.1795,3251.6484,-0.9601,-0.0716,-0.1671,-0.8449,0.1346,0.2393,1,1,1,1,1,11.7,58.6,
2026-07-23 18:49:50.075,0.0892,0.1154,0.1149,0.1208,0.3481,0.2212,0.2407,0.3308,0.319,0.3013,0.2409,0.2755,0.2164,0.3113,0.3202,0.2418,0.0272,0.0508,0.0833,0.031,3313.2967,3311.685,3343.1136,3332.2344,-0.9567,-0.0685,-0.1661,-0.7701,-0.1271,-0.0075,1,1,1,1,1,11.7,58.9,
2026-07-23 18:49:51.096,0.0757,0.1291,0.1284,0.1089,0.3682,0.2199,0.2169,0.3413,0.3181,0.2963,0.2404,0.2835,0.2127,0.3083,0.3304,0.2376,0.0253,0.0464,0.0839,0.0287,3294.7619,3324.5788,3331.8315,3299.5971,-0.9713,-0.072,-0.1644,-0.9645,0.1495,0.1196,1,1,1,1,1,11.7,60.2,
2026-07-23 18:49:52.103,0.0753,0.1305,0.114,0.1033,0.3778,0.2295,0.2312,0.3525,0.3051,0.2935,0.2278,0.2799,0.221,0.3037,0.3494,0.242,0.0209,0.0428,0.0775,0.0222,3247.619,3293.1502,3309.6703,3316.9231,-0.9683,-0.0719,-0.1615,-0.8598,-0.6056,0.1794,1,1,1,1,1,11.7,62.5,
2026-07-23 18:49:53.114,0.0739,0.1251,0.1085,0.0988,0.37,0.2376,0.2262,0.3667,0.3118,0.2889,0.2322,0.281,0.2245,0.305,0.355,0.2322,0.0198,0.0434,0.0781,0.0212,3303.6264,3307.2527,3300.0,3333.8462,-0.9703,-0.0758,-0.1601,-0.9869,-0.1794,0.1869,1,1,1,1,1,11.7,64.5,
2026-07-23 18:49:54.128,0.071,0.1243,0.125,0.0989,0.3837,0.2587,0.241,0.3883,0.3139,0.2514,0.2121,0.2924,0.2119,0.3153,0.3386,0.2002,0.0196,0.0502,0.0832,0.0202,3345.5311,3318.5348,3336.6667,3321.3553,-0.9684,-0.0721,-0.1537,-0.7477,0.8374,0.1346,1,1,1,1,1,11.7,48.9,
2026-07-23 18:49:55.142,0.0714,0.1263,0.1414,0.1109,0.3998,0.263,0.2688,0.3912,0.288,0.2112,0.1974,0.2728,0.2199,0.3394,0.3021,0.2027,0.0208,0.0601,0.0902,0.0224,3322.5641,3318.1319,3331.4286,3341.9048,-0.9704,-0.0745,-0.167,-1.0542,0.0673,0.2916,1,1,1,1,1,11.7,48.3,
2026-07-23 18:49:56.157,0.0653,0.1171,0.1454,0.0725,0.4007,0.286,0.2844,0.4036,0.3072,0.1919,0.1965,0.2952,0.2088,0.3433,0.2983,0.2117,0.0179,0.0616,0.0754,0.0169,3321.7582,3321.7582,3298.3883,3328.6081,-0.9766,-0.0728,-0.1691,-0.9944,-0.0598,0.1346,1,1,1,1,1,11.7,45.0,
2026-07-23 18:49:57.191,0.0494,0.1329,0.1522,0.0473,0.436,0.2895,0.2875,0.4278,0.302,0.2005,0.209,0.3003,0.1962,0.3145,0.2817,0.2094,0.0163,0.0627,0.0697,0.0152,3322.967,3308.8645,3294.7619,3308.0586,-0.9631,-0.0725,-0.1681,-0.9421,0.1421,0.1869,1,1,1,1,1,11.7,45.0,
2026-07-23 18:49:58.207,0.0528,0.1385,0.1602,0.0501,0.4317,0.3189,0.3252,0.4275,0.2975,0.1784,0.1901,0.3127,0.2015,0.3013,0.2635,0.1949,0.0164,0.063,0.0609,0.0148,3296.3736,3313.6996,3310.4762,3313.6996,-0.9644,-0.0739,-0.1621,-1.0243,0.0748,0.1196,1,1,1,1,1,11.7,45.0,
2026-07-23 18:49:59.218,0.057,0.1177,0.1459,0.0464,0.4097,0.3447,0.3418,0.426,0.3386,0.1784,0.1908,0.3287,0.1797,0.2907,0.2602,0.1855,0.015,0.0685,0.0613,0.0134,3322.967,3320.9524,3306.044,3314.5055,-0.9652,-0.0744,-0.1653,-0.9122,-0.2019,0.0224,1,1,1,1,1,11.7,59.8,
2026-07-23 18:50:00.253,0.0489,0.1077,0.1474,0.0409,0.4137,0.3473,0.3206,0.4295,0.3689,0.1794,0.2107,0.3537,0.1513,0.2892,0.256,0.1611,0.0172,0.0764,0.0653,0.0148,3292.3443,3317.7289,3313.2967,3248.4249,-0.9718,-0.0717,-0.1655,-1.0692,0.1122,0.3888,1,1,1,1,1,11.7,59.5,
2026-07-23 18:50:01.273,0.0527,0.1121,0.1555,0.0452,0.4287,0.343,0.3158,0.4171,0.3604,0.1886,0.1992,0.3527,0.1397,0.2839,0.2642,0.1697,0.0186,0.0724,0.0654,0.0152,3282.2711,3336.6667,3300.0,3304.4322,-0.9669,-0.0748,-0.1609,-0.8,-0.1346,0.1196,1,1,1,1,1,11.7,56.9,
2026-07-23 18:50:02.285,0.0521,0.1117,0.1723,0.0474,0.4314,0.3373,0.3212,0.4205,0.3569,0.2031,0.197,0.3425,0.1387,0.2795,0.244,0.1739,0.0209,0.0683,0.0655,0.0158,3252.0513,3275.8242,3319.3407,3276.63,-0.9712,-0.077,-0.1639,-1.0243,-0.0748,0.3738,1,1,1,1,1,11.7,52.9,
2026-07-23 18:50:03.300,0.0501,0.1064,0.1701,0.0399,0.4142,0.3589,0.3161,0.4245,0.388,0.2157,0.201,0.3626,0.1291,0.2571,0.2448,0.1588,0.0186,0.0618,0.068,0.0142,3335.4579,3319.7436,3317.7289,3371.7216,-0.9698,-0.0724,-0.1584,-0.9869,0.0673,0.2318,1,1,1,1,1,11.7,52.6,
2026-07-23 18:50:04.312,0.0478,0.0981,0.1659,0.0441,0.4048,0.3655,0.3317,0.4267,0.3963,0.2387,0.2071,0.3666,0.1332,0.2392,0.2314,0.1502,0.0179,0.0585,0.0639,0.0123,3335.8608,3330.2198,3331.8315,3293.1502,-0.9634,-0.0728,-0.1688,-0.9421,-0.0374,0.2019,1,1,1,1,1,11.7,52.6,
2026-07-23 18:50:05.327,0.0611,0.1003,0.1693,0.049,0.4075,0.3654,0.3015,0.4134,0.3832,0.2391,0.2095,0.3756,0.1307,0.2424,0.2529,0.1488,0.0175,0.0529,0.0668,0.0131,3325.3846,3323.7729,3296.7766,3269.3773,-0.9683,-0.0701,-0.1647,-0.9645,-0.0449,0.2094,1,1,1,1,1,11.7,52.8,
2026-07-23 18:50:06.344,0.0629,0.1139,0.1626,0.0544,0.4131,0.3756,0.2556,0.4231,0.3798,0.2444,0.231,0.3685,0.1263,0.2192,0.2801,0.1406,0.0179,0.0468,0.0708,0.0134,3233.5165,3320.5495,3284.2857,3225.4579,-0.9672,-0.0726,-0.1734,-0.9869,0.015,0.0972,1,1,1,1,1,11.7,52.5,
2026-07-23 18:50:07.361,0.0657,0.1239,0.1986,0.062,0.4377,0.3666,0.2512,0.416,0.3377,0.2412,0.2232,0.3778,0.1398,0.2266,0.2601,0.1307,0.0192,0.0417,0.0669,0.0136,3333.4432,3302.8205,3333.0403,3332.2344,-0.9664,-0.0729,-0.1632,-0.9645,-0.015,0.2094,1,1,1,1,1,11.7,51.2,
2026-07-23 18:50:08.384,0.0685,0.1311,0.1977,0.0605,0.437,0.3538,0.2615,0.4371,0.3297,0.2447,0.2266,0.3655,0.1478,0.2319,0.2477,0.1242,0.0169,0.0384,0.0664,0.0126,3323.37,3301.2088,3275.4212,3304.4322,-0.9625,-0.0696,-0.1671,-1.0019,0.0748,0.2019,1,1,1,1,1,11.7,61.6,
2026-07-23 18:50:09.409,0.0607,0.1378,0.1913,0.0529,0.4476,0.3681,0.2773,0.4657,0.3302,0.2339,0.2157,0.3538,0.1461,0.2196,0.2536,0.1163,0.0154,0.0406,0.0621,0.0113,3266.5568,3291.5385,3290.7326,3315.7143,-0.9684,-0.0691,-0.1673,-1.1514,0.2467,0.4037,1,1,1,1,1,11.7,49.8,
2026-07-23 18:50:10.425,0.069,0.1528,0.184,0.053,0.4525,0.3621,0.2855,0.4785,0.3161,0.2282,0.2051,0.3434,0.1493,0.2181,0.2694,0.115,0.0132,0.0389,0.056,0.0101,3306.4469,3302.0147,3337.4725,3336.6667,-0.973,-0.0743,-0.1708,-1.1365,0.1122,0.1645,1,1,1,1,1,11.7,50.2,
2026-07-23 18:50:11.439,0.0737,0.1607,0.1953,0.0559,0.4717,0.3613,0.279,0.4915,0.2848,0.217,0.2001,0.3324,0.1548,0.2197,0.2729,0.1103,0.015,0.0414,0.0527,0.0099,3314.5055,3325.3846,3353.1868,3341.0989,-0.9719,-0.0732,-0.1638,-1.0168,-0.3738,0.2168,1,1,1,1,1,11.7,50.9,
2026-07-23 18:50:12.458,0.0744,0.1723,0.195,0.0505,0.4753,0.352,0.2706,0.4982,0.2784,0.1915,0.186,0.3311,0.1573,0.2356,0.2887,0.109,0.0145,0.0486,0.0597,0.0113,3262.5275,3315.7143,3305.2381,3273.4066,-0.9691,-0.0729,-0.1588,-1.0019,0.0897,0.0598,1,1,1,1,1,11.7,51.6,
2026-07-23 18:50:13.472,0.066,0.1601,0.1812,0.0492,0.478,0.3618,0.2849,0.503,0.2719,0.1899,0.1729,0.3247,0.1689,0.2364,0.3006,0.1118,0.0151,0.0518,0.0604,0.0113,3308.4615,3309.2674,3306.8498,3274.2125,-0.9689,-0.0697,-0.1634,-0.9271,0.1944,0.0673,1,1,1,1,1,11.7,52.2,
2026-07-23 18:50:14.496,0.0687,0.1759,0.1928,0.0408,0.4812,0.3169,0.2933,0.5126,0.2688,0.1796,0.1607,0.3194,0.1663,0.2678,0.297,0.116,0.0149,0.0597,0.0561,0.0111,3289.5238,3325.3846,3308.0586,3250.0366,-0.9695,-0.0732,-0.1653,-1.0318,-0.0598,0.3365,1,1,1,1,1,11.7,53.0,
2026-07-23 18:50:15.519,0.0725,0.1724,0.1683,0.04,0.4806,0.3329,0.299,0.5156,0.267,0.1862,0.177,0.3005,0.165,0.2532,0.3047,0.132,0.0149,0.0553,0.051,0.0119,3331.8315,3335.4579,3311.2821,3288.7179,-0.967,-0.0668,-0.1642,-1.0318,0.2617,0.2916,1,1,1,1,1,11.7,54.0,
2026-07-23 18:50:16.550,0.0705,0.1593,0.1643,0.0455,0.469,0.3509,0.3161,0.4988,0.2906,0.2176,0.1756,0.3113,0.1549,0.2258,0.2954,0.1324,0.015,0.0464,0.0485,0.012,3329.011,3342.7106,3316.9231,3293.956,-0.9629,-0.0766,-0.1655,-0.9795,-0.0374,0.2991,1,1,1,1,1,11.7,56.2,
2026-07-23 18:50:17.567,0.0777,0.1588,0.1648,0.0558,0.4517,0.3338,0.295,0.4698,0.3031,0.2277,0.1934,0.3192,0.1514,0.2344,0.2965,0.1418,0.0161,0.0453,0.0503,0.0134,3310.0733,3303.2234,3336.6667,3342.3077,-0.9683,-0.0713,-0.1616,-0.9346,-0.2617,0.1346,1,1,1,1,1,11.7,63.0,
2026-07-23 18:50:18.583,0.0697,0.1571,0.1751,0.0534,0.4478,0.3377,0.3026,0.4544,0.3154,0.2244,0.1885,0.3264,0.1477,0.2348,0.2811,0.149,0.0195,0.046,0.0527,0.0168,3317.326,3316.9231,3302.4176,3298.7912,-0.9728,-0.077,-0.1692,-0.9944,0.0523,0.4262,1,1,1,1,1,11.7,64.1,
2026-07-23 18:50:19.600,0.0743,0.155,0.1767,0.0553,0.4421,0.3383,0.3134,0.4359,0.315,0.2246,0.1806,0.324,0.1489,0.2375,0.2769,0.1656,0.0197,0.0446,0.0523,0.0193,3258.4982,3303.6264,3301.2088,3275.4212,-0.9729,-0.0794,-0.1682,-1.0767,-0.0598,0.3365,1,1,1,1,1,11.7,63.6,
2026-07-23 18:50:20.614,0.0792,0.1586,0.1944,0.0586,0.439,0.3378,0.2993,0.4487,0.3075,0.2311,0.18,0.3132,0.15,0.2324,0.2687,0.1579,0.0244,0.04,0.0576,0.0216,3327.8022,3324.1758,3302.0147,3287.9121,-0.9667,-0.0663,-0.1615,-0.9795,-0.2019,0.1869,1,1,1,1,1,11.7,51.8,
2026-07-23 18:50:21.634,0.0791,0.1753,0.2045,0.0662,0.4187,0.3301,0.299,0.4516,0.3286,0.2237,0.18,0.3142,0.1465,0.2313,0.2541,0.1443,0.0271,0.0395,0.0624,0.0237,3307.2527,3320.9524,3309.2674,3289.9267,-0.9709,-0.0708,-0.1622,-1.0168,-0.0972,0.1421,1,1,1,1,1,11.7,53.1,
2026-07-23 18:50:22.657,0.0751,0.1516,0.2012,0.0882,0.3941,0.3393,0.3107,0.4397,0.344,0.235,0.1876,0.306,0.1551,0.2339,0.2355,0.1388,0.0317,0.0401,0.0649,0.0272,3320.5495,3296.3736,3328.6081,3324.5788,-0.97,-0.0741,-0.1644,-0.9122,0.2916,0.2094,1,1,1,1,1,11.7,53.6,
2026-07-23 18:50:23.669,0.075,0.1554,0.2097,0.0987,0.3755,0.3191,0.3038,0.4291,0.3603,0.2226,0.1669,0.3104,0.153,0.2554,0.2447,0.1301,0.0362,0.0475,0.0749,0.0317,3281.4652,3298.3883,3310.4762,3283.8828,-0.9724,-0.0688,-0.1656,-1.0318,0.1196,0.2318,1,1,1,1,1,11.7,54.1,
2026-07-23 18:50:24.719,0.0863,0.1712,0.2409,0.1123,0.3514,0.2926,0.2818,0.4019,0.3404,0.177,0.1521,0.2922,0.1749,0.3019,0.2487,0.1552,0.047,0.0573,0.0765,0.0383,3283.0769,3280.6593,3343.1136,3347.9487,-0.967,-0.0651,-0.1599,-0.9869,-0.2467,0.3738,1,1,1,1,1,11.7,55.4,
2026-07-23 18:50:25.740,0.0923,0.1744,0.2377,0.1022,0.3486,0.2972,0.2905,0.4075,0.3074,0.1724,0.1496,0.2858,0.2039,0.2984,0.2488,0.1665,0.0478,0.0576,0.0734,0.0381,3324.1758,3266.1538,3321.3553,3346.337,-0.978,-0.0729,-0.1676,-1.114,0.1495,0.2841,1,1,1,1,1,11.7,59.1,
2026-07-23 18:50:26.751,0.0932,0.1754,0.2217,0.1048,0.3229,0.3176,0.2763,0.3759,0.2914,0.1691,0.1673,0.2725,0.2469,0.281,0.2592,0.2117,0.0456,0.0569,0.0756,0.035,3343.9194,3301.6117,3294.7619,3344.7253,-0.9619,-0.0652,-0.1597,-1.0393,-0.329,0.1047,1,1,1,1,1,11.7,60.2,
2026-07-23 18:50:27.774,0.0642,0.1855,0.2056,0.0829,0.3342,0.329,0.2709,0.4036,0.3497,0.201,0.1741,0.2556,0.2194,0.2378,0.2735,0.2316,0.0325,0.0467,0.0759,0.0262,3401.5385,3323.7729,3321.7582,3359.2308,-0.9665,-0.0656,-0.1534,-0.8748,-0.2467,-0.0075,1,1,1,1,1,11.7,60.1,
2026-07-23 18:50:28.787,0.0468,0.174,0.1758,0.0645,0.3451,0.3351,0.3031,0.4427,0.3941,0.2087,0.1715,0.2586,0.1937,0.2369,0.2886,0.2167,0.0202,0.0453,0.061,0.0175,3278.6447,3295.1648,3300.4029,3276.63,-0.9701,-0.075,-0.166,-0.9795,-0.0075,0.2318,1,1,1,1,1,11.7,59.1,
2026-07-23 18:50:29.818,0.0412,0.1617,0.1664,0.0565,0.348,0.3295,0.315,0.4257,0.4111,0.2078,0.1706,0.2834,0.1823,0.2565,0.2917,0.2197,0.0175,0.0444,0.0563,0.0147,3289.1209,3319.7436,3313.6996,3349.5604,-0.9666,-0.0739,-0.1637,-0.8823,0.2318,0.172,1,1,1,1,1,11.7,57.2,
2026-07-23 18:50:30.837,0.0447,0.1715,0.152,0.0524,0.3384,0.3219,0.3169,0.4053,0.4035,0.2046,0.1622,0.2896,0.1954,0.2594,0.3122,0.2379,0.018,0.0427,0.0566,0.0149,3309.6703,3312.8938,3324.9817,3327.8022,-0.9677,-0.0741,-0.1678,-1.0318,0.0748,0.2168,1,1,1,1,1,11.7,56.2,
2026-07-23 18:50:31.858,0.0389,0.1673,0.1494,0.0526,0.3325,0.326,0.3195,0.4016,0.4123,0.2194,0.1605,0.2844,0.1997,0.2459,0.3175,0.2473,0.0167,0.0414,0.0531,0.014,3337.0696,3332.2344,3322.1612,3339.4872,-0.9738,-0.0688,-0.1656,-1.0617,0.0897,0.2243,1,1,1,1,1,11.7,56.2,
2026-07-23 18:50:32.882,0.0344,0.1575,0.1261,0.047,0.3485,0.3463,0.321,0.4071,0.4123,0.2211,0.1688,0.2908,0.1891,0.2319,0.3303,0.2412,0.0157,0.0432,0.0538,0.0139,3319.3407,3312.0879,3308.0586,3329.8168,-0.9653,-0.0805,-0.171,-0.9196,-0.2243,0.2766,1,1,1,1,1,11.7,58.1,
2026-07-23 18:50:33.900,0.029,0.1411,0.1227,0.0446,0.3696,0.3631,0.3407,0.4159,0.4054,0.235,0.1648,0.2924,0.1807,0.219,0.3185,0.2332,0.0153,0.0418,0.0533,0.0139,3336.6667,3334.652,3313.6996,3326.5934,-0.9697,-0.0657,-0.1628,-1.0542,0.0075,0.2916,1,1,1,1,1,11.7,60.6,
2026-07-23 18:50:34.912,0.039,0.1221,0.1132,0.0468,0.3836,0.3672,0.3641,0.4397,0.3959,0.2448,0.1597,0.2891,0.1664,0.2237,0.3139,0.2111,0.0151,0.0422,0.0491,0.0132,3309.2674,3303.2234,3316.1172,3296.7766,-0.9734,-0.0758,-0.1653,-1.0318,-0.2168,0.172,1,1,1,1,1,11.7,62.8,
2026-07-23 18:50:35.928,0.0504,0.1219,0.1283,0.0579,0.3652,0.3525,0.3582,0.419,0.3828,0.2198,0.1684,0.2974,0.1829,0.2573,0.299,0.2086,0.0188,0.0485,0.046,0.0171,3319.7436,3316.9231,3333.8462,3322.967,-0.9702,-0.0731,-0.162,-0.8075,0.0299,-0.1346,1,1,1,1,1,11.7,63.1,
2026-07-23 18:50:36.934,0.0675,0.1488,0.1412,0.0856,0.3644,0.3355,0.3431,0.374,0.3343,0.205,0.1738,0.2978,0.2087,0.256,0.291,0.2207,0.025,0.0547,0.0509,0.0219,3308.0586,3322.5641,3289.5238,3277.4359,-0.9691,-0.0715,-0.1597,-0.8598,0.1346,0.1196,1,1,1,1,1,11.7,60.5,
2026-07-23 18:50:37.950,0.082,0.158,0.1596,0.1071,0.3695,0.3401,0.3333,0.3891,0.293,0.2066,0.1676,0.2577,0.2263,0.232,0.2825,0.219,0.0292,0.0632,0.057,0.0271,3330.2198,3322.5641,3317.326,3306.4469,-0.9728,-0.0709,-0.1617,-1.0243,-0.1645,0.2393,1,1,1,1,1,11.7,52.2,
2026-07-23 18:50:38.960,0.0895,0.1507,0.1542,0.1128,0.3901,0.3549,0.3406,0.4088,0.2864,0.2083,0.1806,0.2554,0.206,0.22,0.2675,0.1948,0.028,0.0662,0.057,0.0282,3303.2234,3310.4762,3301.2088,3312.8938,-0.9666,-0.0712,-0.1614,-1.0767,-0.0972,0.4112,1,1,1,1,1,11.7,53.7,
2026-07-23 18:50:39.975,0.1199,0.171,0.1907,0.132,0.3938,0.343,0.3312,0.4126,0.2426,0.1932,0.1779,0.2441,0.2108,0.2289,0.2411,0.1792,0.0329,0.0639,0.0591,0.0321,3299.1941,3326.9963,3310.8791,3318.1319,-0.9716,-0.0678,-0.1653,-1.0542,-0.3365,0.3514,1,1,1,1,1,11.7,54.0,
2026-07-23 18:50:40.992,0.158,0.1827,0.2017,0.1594,0.3477,0.3074,0.3246,0.4035,0.2129,0.1915,0.1823,0.2243,0.2435,0.2558,0.2295,0.1776,0.0379,0.0626,0.0619,0.0351,3324.9817,3311.685,3301.6117,3283.0769,-0.971,-0.0726,-0.1629,-1.0468,-0.1495,0.2393,1,1,1,1,1,11.7,54.9,
2026-07-23 18:50:42.010,0.1728,0.1946,0.2124,0.1914,0.2632,0.276,0.2897,0.3117,0.2393,0.1684,0.1834,0.2165,0.2852,0.2915,0.245,0.2418,0.0396,0.0694,0.0694,0.0386,3274.2125,3296.7766,3331.0256,3280.2564,-0.9655,-0.0679,-0.1607,-0.9421,-0.3738,0.1421,1,1,1,1,1,11.6,57.6,
2026-07-23 18:50:43.027,0.1156,0.182,0.2029,0.1441,0.2177,0.2268,0.2319,0.2351,0.2667,0.1697,0.207,0.258,0.3679,0.3558,0.2872,0.3304,0.0321,0.0657,0.0709,0.0324,3287.1062,3315.3114,3280.6593,3262.1245,-0.9629,-0.074,-0.1653,-0.9795,0.0897,0.3439,1,1,1,1,1,11.6,59.5,
2026-07-23 18:50:44.042,0.1032,0.1587,0.1821,0.1267,0.2304,0.2116,0.2288,0.2468,0.272,0.1708,0.2041,0.253,0.3674,0.3938,0.3105,0.3469,0.027,0.0651,0.0745,0.0266,3323.7729,3299.1941,3315.3114,3387.8388,-0.9706,-0.0678,-0.1536,-0.9271,-0.172,-0.0224,1,1,1,1,1,11.6,60.0,
2026-07-23 18:50:45.059,0.0936,0.1382,0.1698,0.0885,0.2476,0.2349,0.2456,0.271,0.2729,0.1746,0.2047,0.2655,0.3608,0.391,0.3106,0.3512,0.0251,0.0612,0.0693,0.0238,3324.9817,3311.2821,3296.7766,3315.3114,-0.9689,-0.077,-0.1646,-1.1589,-0.0075,0.2168,1,1,1,1,1,11.6,60.1,
2026-07-23 18:50:46.076,0.0708,0.123,0.158,0.0588,0.2753,0.2348,0.2588,0.3393,0.3041,0.1864,0.2115,0.2952,0.3288,0.3958,0.3108,0.2902,0.021,0.06,0.0608,0.0165,3289.1209,3328.2051,3298.3883,3310.4762,-0.97,-0.067,-0.1624,-1.114,-0.2991,0.5159,1,1,1,1,1,11.6,60.1,
2026-07-23 18:50:47.096,0.0571,0.1356,0.1446,0.0462,0.2635,0.267,0.2832,0.3412,0.3075,0.1752,0.1943,0.3164,0.3527,0.3687,0.3202,0.282,0.0191,0.0535,0.0578,0.0141,3288.7179,3311.2821,3274.6154,3283.0769,-0.9702,-0.0746,-0.1662,-1.0019,0.2467,0.1271,1,1,1,1,1,11.6,59.9,
2026-07-23 18:50:48.121,0.044,0.1171,0.1158,0.0377,0.2593,0.2659,0.2978,0.359,0.3156,0.1794,0.1873,0.3149,0.3632,0.3841,0.3449,0.2761,0.0179,0.0535,0.0542,0.0124,3297.5824,3322.5641,3312.0879,3267.7656,-0.9705,-0.071,-0.1639,-0.9869,0.3888,0.157,1,1,1,1,1,11.6,59.4,
2026-07-23 18:50:49.136,0.0345,0.117,0.1213,0.0333,0.2678,0.2824,0.3093,0.368,0.3155,0.1797,0.174,0.3079,0.364,0.3691,0.3415,0.279,0.0183,0.0518,0.054,0.0118,3327.3993,3328.2051,3320.1465,3320.5495,-0.9689,-0.0655,-0.1598,-1.0393,-0.4037,0.4262,1,1,1,1,1,11.6,57.6,
2026-07-23 18:50:50.148,0.0475,0.1442,0.1272,0.0325,0.2946,0.2926,0.3231,0.3979,0.304,0.1705,0.1695,0.3081,0.3326,0.3421,0.3266,0.249,0.0214,0.0506,0.0536,0.0124,3271.3919,3308.0586,3304.8352,3334.652,-0.9702,-0.0746,-0.1522,-0.8224,-0.5009,0.0299,1,1,1,1,1,11.6,55.2,
2026-07-23 18:50:51.159,0.061,0.1505,0.1456,0.0398,0.3255,0.3287,0.3466,0.4334,0.2961,0.1717,0.15,0.3018,0.293,0.2997,0.307,0.212,0.0244,0.0494,0.0509,0.013,3333.8462,3301.6117,3283.8828,3316.5201,-0.9701,-0.0604,-0.1483,-1.114,-0.3439,0.2991,1,1,1,1,1,11.6,54.7,
2026-07-23 18:50:52.178,0.0604,0.1529,0.1558,0.0418,0.3693,0.3355,0.348,0.451,0.2725,0.1745,0.1499,0.3027,0.273,0.2888,0.2972,0.1909,0.0248,0.0481,0.0491,0.0136,3323.7729,3322.5641,3336.2637,3286.7033,-0.9731,-0.0693,-0.1535,-1.1739,0.1944,0.2617,1,1,1,1,1,11.6,55.1,
2026-07-23 18:50:53.191,0.0623,0.1723,0.167,0.049,0.3781,0.3231,0.3364,0.4576,0.2699,0.1797,0.158,0.2931,0.2645,0.2783,0.2914,0.1861,0.0251,0.0466,0.0471,0.0142,3300.0,3305.2381,3317.326,3292.3443,-0.9714,-0.0704,-0.1493,-0.9645,-0.1047,0.2916,1,1,1,1,1,11.6,56.7,
2026-07-23 18:50:54.211,0.0889,0.179,0.1666,0.067,0.3725,0.3176,0.3228,0.4207,0.2291,0.1729,0.1622,0.2739,0.2801,0.2847,0.2966,0.2189,0.0294,0.0458,0.0518,0.0195,3320.5495,3322.967,3308.4615,3312.0879,-0.9712,-0.0692,-0.1515,-0.9869,0.015,0.1944,1,1,1,1,1,11.6,58.6,
2026-07-23 18:50:55.236,0.1211,0.1899,0.1722,0.1003,0.4045,0.274,0.2901,0.4394,0.2062,0.1825,0.1805,0.2213,0.2308,0.3008,0.301,0.213,0.0374,0.0528,0.0562,0.026,3368.0952,3343.5165,3326.9963,3328.6081,-0.9677,-0.0735,-0.1454,-1.0019,-0.2019,0.1421,1,1,1,1,1,11.6,58.8,
2026-07-23 18:50:56.253,0.1427,0.2062,0.1772,0.1188,0.4328,0.2648,0.2822,0.4343,0.1981,0.1872,0.2073,0.2186,0.1897,0.2888,0.2745,0.2003,0.0367,0.0529,0.0589,0.028,3303.2234,3293.956,3323.7729,3293.1502,-0.9717,-0.0703,-0.1458,-0.9196,-0.172,0.2393,1,1,1,1,1,11.6,57.9,
2026-07-23 18:50:57.273,0.1678,0.231,0.1862,0.1433,0.4586,0.2502,0.2677,0.4137,0.1749,0.185,0.2131,0.2228,0.1634,0.2806,0.2743,0.1894,0.0352,0.0531,0.0588,0.0307,3342.3077,3317.7289,3317.7289,3332.6374,-0.9711,-0.0699,-0.1452,-1.0094,-0.2393,0.2617,1,1,1,1,1,11.6,56.3,
2026-07-23 18:50:58.290,0.1552,0.2043,0.1779,0.1499,0.4685,0.2717,0.2546,0.4,0.1778,0.1865,0.2159,0.2244,0.1673,0.2857,0.2934,0.1954,0.0312,0.0517,0.0583,0.0303,3277.8388,3324.9817,3306.4469,3281.4652,-0.9714,-0.0737,-0.1453,-0.9496,-0.1122,0.1944,1,1,1,1,1,11.6,55.9,
2026-07-23 18:50:59.309,0.1703,0.215,0.1591,0.1615,0.4562,0.2556,0.2748,0.3942,0.1786,0.1947,0.2201,0.2235,0.1654,0.2777,0.2831,0.1906,0.0296,0.057,0.0629,0.0303,3240.7692,3266.5568,3346.7399,3374.1392,-0.9716,-0.0723,-0.1465,-0.9944,-0.015,0.1944,1,1,1,1,1,11.6,56.1,
2026-07-23 18:51:00.348,0.1628,0.2078,0.1644,0.1486,0.3812,0.258,0.2959,0.3556,0.2484,0.2136,0.2205,0.2454,0.1824,0.2685,0.2597,0.222,0.0252,0.0521,0.0595,0.0284,3267.7656,3301.6117,3326.1905,3312.4908,-0.9758,-0.0739,-0.1427,-0.9496,-0.1645,0.0972,1,1,1,1,1,11.6,57.0,
2026-07-23 18:51:01.378,0.1227,0.1847,0.1597,0.1545,0.3475,0.2624,0.3202,0.3268,0.3326,0.2526,0.2229,0.2476,0.1804,0.2563,0.2387,0.2433,0.0168,0.044,0.0584,0.0277,3338.6813,3320.9524,3322.1612,3351.1722,-0.9731,-0.0695,-0.147,-0.9271,-0.2094,0.0897,1,1,1,1,1,11.6,57.6,
2026-07-23 18:51:02.399,0.1153,0.185,0.1628,0.1554,0.3464,0.2637,0.3321,0.3169,0.3393,0.2529,0.2215,0.2527,0.1846,0.2569,0.2275,0.2507,0.0144,0.0415,0.0562,0.0243,3267.3626,3305.2381,3320.9524,3297.1795,-0.9735,-0.0719,-0.1444,-0.9271,-0.3065,0.0972,1,1,1,1,1,11.6,57.4,
2026-07-23 18:51:03.419,0.1024,0.16,0.1544,0.1292,0.3418,0.2691,0.3002,0.2707,0.3679,0.2675,0.2473,0.2941,0.1763,0.2629,0.2444,0.2857,0.0116,0.0405,0.0536,0.0204,3323.37,3345.1282,3323.37,3349.9634,-0.9693,-0.0746,-0.1471,-1.0542,-0.0897,0.3065,1,1,1,1,1,11.6,56.5,
2026-07-23 18:51:04.438,0.0829,0.1246,0.1268,0.0961,0.3503,0.281,0.3083,0.264,0.3676,0.2714,0.2787,0.3429,0.1881,0.2868,0.2418,0.28,0.0111,0.0361,0.0445,0.0169,3224.2491,3292.3443,3302.4176,3267.3626,-0.9739,-0.0719,-0.1468,-0.9346,0.4785,0.3215,1,1,1,1,1,11.6,55.5,
2026-07-23 18:51:05.450,0.0717,0.1088,0.1069,0.0782,0.3838,0.3293,0.3609,0.3238,0.3567,0.2588,0.2694,0.3215,0.1774,0.2694,0.2239,0.2609,0.0104,0.0337,0.0389,0.0156,3319.7436,3320.5495,3332.2344,3328.2051,-0.9693,-0.0686,-0.1512,-1.0841,0.1645,0.1869,1,1,1,1,1,11.6,54.6,
2026-07-23 18:51:06.463,0.0724,0.1067,0.0958,0.0694,0.401,0.3351,0.37,0.3174,0.3511,0.2709,0.2907,0.3245,0.1652,0.2547,0.2067,0.2716,0.0102,0.0327,0.0368,0.0171,3315.3114,3315.7143,3323.7729,3337.4725,-0.9642,-0.0684,-0.1426,-1.0168,-0.3215,0.172,1,1,1,1,1,11.6,53.9,
2026-07-23 18:51:07.491,0.0601,0.0988,0.0952,0.0551,0.3902,0.3423,0.3543,0.3196,0.3744,0.2711,0.296,0.327,0.1651,0.2561,0.2184,0.2813,0.0101,0.0317,0.0362,0.0169,3294.7619,3300.8059,3302.8205,3285.4945,-0.972,-0.0721,-0.1523,-1.0243,-0.0748,0.2766,1,1,1,1,1,11.6,53.8,
2026-07-23 18:51:08.510,0.0534,0.0988,0.0932,0.0521,0.4081,0.3583,0.3504,0.3748,0.3706,0.2588,0.2857,0.3289,0.1571,0.2496,0.232,0.2293,0.0108,0.0344,0.0387,0.0149,3275.0183,3318.9377,3278.6447,3250.4396,-0.9688,-0.0697,-0.1506,-1.0243,-0.658,0.4636,1,1,1,1,1,11.6,54.3,
2026-07-23 18:51:09.528,0.0517,0.0881,0.0827,0.0432,0.4461,0.3702,0.3503,0.4089,0.3362,0.2326,0.2753,0.315,0.1541,0.2698,0.2519,0.2189,0.0119,0.0393,0.0399,0.0141,3385.4212,3352.381,3307.6557,3355.2015,-0.9733,-0.076,-0.1498,-0.8972,-0.0822,0.1645,1,1,1,1,1,11.6,55.0,
2026-07-23 18:51:10.545,0.0446,0.0892,0.0732,0.0339,0.4417,0.3685,0.3399,0.4155,0.3411,0.2495,0.2752,0.3263,0.1608,0.2555,0.2721,0.2103,0.0118,0.0373,0.0396,0.0141,3283.4799,3312.4908,3291.1355,3293.956,-0.9705,-0.0718,-0.1511,-0.957,0.1271,0.0897,1,1,1,1,1,11.6,55.4,
2026-07-23 18:51:11.557,0.037,0.0943,0.0712,0.0282,0.4671,0.3852,0.3492,0.4419,0.3287,0.2395,0.2512,0.3342,0.1551,0.2418,0.2874,0.1822,0.0122,0.0391,0.0409,0.0134,3324.9817,3306.4469,3301.6117,3306.8498,-0.9706,-0.0695,-0.154,-0.972,0.1794,0.5159,1,1,1,1,1,11.6,55.3,
2026-07-23 18:51:12.575,0.0349,0.1075,0.088,0.0313,0.4784,0.4235,0.3407,0.4631,0.3323,0.232,0.2111,0.322,0.1413,0.1938,0.3109,0.1696,0.0132,0.0433,0.0493,0.014,3331.0256,3304.0293,3330.6227,3359.6337,-0.9705,-0.0743,-0.1489,-1.144,0.1869,0.2318,1,1,1,1,1,11.6,54.8,
2026-07-23 18:51:13.590,0.0323,0.1124,0.1111,0.0325,0.4569,0.3685,0.2804,0.4535,0.3408,0.2479,0.2164,0.3311,0.1563,0.2228,0.3359,0.1699,0.0137,0.0484,0.0563,0.013,3317.7289,3326.9963,3318.5348,3313.2967,-0.9677,-0.0738,-0.15,-0.9496,-0.1346,0.2094,1,1,1,1,1,11.6,54.7,
2026-07-23 18:51:14.614,0.0194,0.1093,0.1228,0.0323,0.4383,0.3407,0.2603,0.4698,0.3528,0.2377,0.1929,0.3312,0.1756,0.2622,0.364,0.1559,0.0139,0.0502,0.06,0.0108,3262.5275,3285.4945,3306.4469,3296.7766,-0.9706,-0.0737,-0.149,-1.0094,-0.0075,0.2019,1,1,1,1,1,11.6,55.2,
2026-07-23 18:51:15.640,0.0219,0.106,0.1249,0.0345,0.4389,0.3472,0.2677,0.4546,0.3423,0.2374,0.2082,0.3405,0.183,0.2621,0.3445,0.1601,0.0138,0.0473,0.0547,0.0103,3280.2564,3324.1758,3335.4579,3286.7033,-0.971,-0.0733,-0.1508,-1.0094,0.0897,0.2991,1,1,1,1,1,11.6,55.8,
2026-07-23 18:51:16.661,0.0286,0.0997,0.147,0.037,0.4206,0.3722,0.2503,0.4245,0.334,0.2303,0.212,0.3371,0.2021,0.255,0.3389,0.1891,0.0146,0.0428,0.0519,0.0123,3355.2015,3322.967,3317.7289,3356.0073,-0.9717,-0.0716,-0.1528,-1.0542,-0.3215,0.2542,1,1,1,1,1,11.6,55.8,
2026-07-23 18:51:17.688,0.0343,0.1175,0.1621,0.0405,0.3979,0.3758,0.2423,0.4092,0.3453,0.2267,0.2059,0.3472,0.2073,0.2379,0.3353,0.1898,0.0151,0.0421,0.0544,0.0133,3297.5824,3302.4176,3351.978,3326.5934,-0.972,-0.0688,-0.1564,-1.0991,-0.2916,0.5533,1,1,1,1,1,11.6,55.3,
2026-07-23 18:51:18.704,0.043,0.122,0.1725,0.0443,0.4062,0.3805,0.275,0.4161,0.3422,0.2034,0.1899,0.3407,0.193,0.2492,0.3073,0.186,0.0156,0.045,0.0553,0.0129,3287.5092,3314.1026,3288.7179,3294.7619,-0.9715,-0.0732,-0.1482,-1.0542,-0.2094,0.172,1,1,1,1,1,11.6,55.0,
2026-07-23 18:51:19.724,0.0518,0.1387,0.1795,0.0559,0.3856,0.3676,0.3338,0.4227,0.3253,0.1851,0.1714,0.31,0.2197,0.2645,0.2584,0.1963,0.0176,0.0441,0.057,0.0152,3333.0403,3325.7875,3330.2198,3314.5055,-0.9698,-0.074,-0.1518,-0.9496,-0.3664,0.2168,1,1,1,1,1,11.5,55.0,
2026-07-23 18:51:20.742,0.0617,0.1398,0.1724,0.0544,0.373,0.3421,0.331,0.4223,0.3207,0.1869,0.1867,0.3109,0.2251,0.2839,0.2537,0.1956,0.0194,0.0474,0.0563,0.0168,3300.8059,3302.0147,3345.1282,3300.0,-0.9733,-0.0695,-0.1495,-0.9496,-0.2991,0.314,1,1,1,1,1,11.5,55.1,
2026-07-23 18:51:21.782,0.0738,0.1401,0.1716,0.0597,0.3445,0.3285,0.3239,0.3932,0.3308,0.1916,0.1956,0.3185,0.2208,0.2851,0.2482,0.2032,0.0301,0.0548,0.0607,0.0255,3221.4286,3282.674,3292.7473,3262.5275,-0.9719,-0.0678,-0.1462,-0.9869,-0.2243,0.0972,1,1,1,1,1,11.5,55.0,
2026-07-23 18:51:22.812,0.1104,0.1673,0.1827,0.0689,0.337,0.3399,0.3302,0.3801,0.3051,0.174,0.1924,0.3032,0.2118,0.2591,0.232,0.2138,0.0357,0.0597,0.0628,0.034,3281.8681,3326.1905,3305.2381,3276.2271,-0.9745,-0.0712,-0.1464,-1.1589,0.157,0.2617,1,1,1,1,1,11.5,54.7,
2026-07-23 18:51:23.823,0.1405,0.2005,0.1769,0.085,0.3432,0.3223,0.3443,0.4047,0.2686,0.1502,0.1822,0.2816,0.2026,0.2616,0.2281,0.183,0.0451,0.0654,0.0685,0.0457,3283.0769,3309.6703,3299.1941,3261.3187,-0.9716,-0.0718,-0.1408,-0.8972,-0.4486,-0.0449,1,1,1,1,1,11.5,54.5,
2026-07-23 18:51:24.830,0.1448,0.2118,0.1581,0.1058,0.3525,0.2952,0.3608,0.4071,0.2647,0.1427,0.1849,0.2912,0.1877,0.2775,0.2244,0.1488,0.0503,0.0728,0.0718,0.0471,3322.5641,3321.7582,3305.641,3315.3114,-0.9758,-0.0646,-0.1453,-0.9795,0.2766,0.5832,1,1,1,1,1,11.5,54.3,
2026-07-23 18:51:25.843,0.163,0.1912,0.1707,0.1369,0.3457,0.2935,0.3659,0.3998,0.2441,0.1456,0.1836,0.2716,0.1909,0.294,0.2099,0.142,0.0563,0.0757,0.0699,0.0498,3322.967,3289.9267,3272.6007,3319.3407,-0.9745,-0.0717,-0.1442,-1.0393,0.0449,0.2393,1,1,1,1,1,11.5,54.1,
2026-07-23 18:51:26.856,0.2002,0.183,0.1914,0.1741,0.3156,0.3031,0.3325,0.3728,0.2142,0.1391,0.191,0.2535,0.2079,0.2977,0.2144,0.1448,0.062,0.0771,0.0708,0.0548,3315.7143,3253.663,3294.359,3330.6227,-0.9754,-0.0731,-0.1487,-0.9645,-0.1271,0.1645,1,1,1,1,1,11.5,53.9,
2026-07-23 18:51:27.876,0.2185,0.1881,0.1973,0.2066,0.3296,0.3329,0.3164,0.3584,0.2092,0.1334,0.1879,0.2273,0.1852,0.2683,0.2262,0.1499,0.0576,0.0773,0.0722,0.0578,3315.7143,3329.4139,3339.8901,3310.0733,-0.97,-0.0719,-0.14,-1.0767,0.1271,0.2542,1,1,1,1,1,11.5,53.9,
2026-07-23 18:51:28.894,0.22,0.2175,0.1794,0.2252,0.3352,0.3416,0.3344,0.3916,0.2108,0.1325,0.189,0.1807,0.1807,0.2371,0.2268,0.1467,0.0533,0.0713,0.0704,0.0559,3326.9963,3272.1978,3300.0,3277.4359,-0.9717,-0.0661,-0.1445,-0.972,-0.5234,0.2094,1,1,1,1,1,11.5,54.3,
2026-07-23 18:51:29.909,0.2135,0.2144,0.1713,0.2264,0.3527,0.3501,0.3411,0.4229,0.2073,0.1318,0.1824,0.1639,0.1885,0.2377,0.241,0.1439,0.038,0.066,0.0642,0.0428,3334.652,3329.011,3290.7326,3304.8352,-0.9714,-0.0745,-0.1445,-1.0094,-0.1645,0.2467,1,1,1,1,1,11.5,54.9,
2026-07-23 18:51:30.925,0.2372,0.2018,0.1838,0.2381,0.3659,0.3455,0.343,0.4198,0.1903,0.1378,0.1689,0.1636,0.1751,0.2532,0.2422,0.1438,0.0315,0.0618,0.0622,0.0347,3333.4432,3343.9194,3328.6081,3330.6227,-0.9716,-0.0749,-0.1458,-0.9421,0.0598,0.2393,1,1,1,1,1,11.5,55.6,
2026-07-23 18:51:31.935,0.275,0.2039,0.187,0.2529,0.3615,0.3404,0.3298,0.4178,0.1754,0.142,0.1788,0.1574,0.1604,0.2517,0.2416,0.1446,0.0276,0.062,0.0628,0.0273,3343.1136,3342.3077,3327.3993,3318.5348,-0.97,-0.0736,-0.1467,-0.815,-0.157,0.1196,1,1,1,1,1,11.5,56.0,
2026-07-23 18:51:32.950,0.2494,0.1933,0.1857,0.2182,0.3475,0.3334,0.32,0.4196,0.2059,0.158,0.1825,0.1611,0.1743,0.2555,0.2483,0.175,0.0229,0.0599,0.0634,0.026,3303.2234,3313.2967,3291.1355,3280.2564,-0.974,-0.0777,-0.1434,-0.957,0.1122,0.1794,1,1,1,1,1,11.5,56.1,
2026-07-23 18:51:33.972,0.2491,0.1979,0.1696,0.2094,0.3485,0.3305,0.315,0.4193,0.2097,0.1712,0.1861,0.1631,0.1685,0.241,0.2647,0.1807,0.0242,0.0594,0.0646,0.0275,3325.7875,3342.7106,3263.3333,3223.4432,-0.9737,-0.071,-0.1454,-0.9869,-0.2168,0.2991,1,1,1,1,1,11.5,56.0,
2026-07-23 18:51:34.993,0.2368,0.1967,0.1694,0.2094,0.3578,0.3207,0.3085,0.4117,0.1992,0.1748,0.1924,0.1569,0.1828,0.2491,0.267,0.1952,0.0234,0.0586,0.0627,0.0268,3304.4322,3315.3114,3304.8352,3331.4286,-0.9749,-0.0713,-0.1418,-1.0019,0.0374,0.1944,1,1,1,1,1,11.5,55.9,
2026-07-23 18:51:36.017,0.2302,0.1933,0.1785,0.2047,0.3615,0.3099,0.311,0.4047,0.1955,0.1763,0.2027,0.1553,0.1904,0.2611,0.2508,0.2098,0.0224,0.0594,0.0569,0.0255,3286.3004,3266.5568,3335.0549,3339.0842,-0.9714,-0.0697,-0.1425,-1.0094,-0.2168,0.2019,1,1,1,1,1,11.5,56.1,
2026-07-23 18:51:37.031,0.2426,0.1953,0.1974,0.2288,0.3655,0.3032,0.3059,0.3686,0.1902,0.1795,0.196,0.1625,0.181,0.2602,0.2451,0.2134,0.0208,0.0618,0.0556,0.0268,3291.5385,3293.956,3331.8315,3295.5678,-0.9724,-0.0723,-0.1387,-0.9196,-0.2916,0.0598,1,1,1,1,1,11.5,56.8,
2026-07-23 18:51:38.051,0.2437,0.2025,0.2004,0.2435,0.3788,0.3037,0.3141,0.3629,0.1789,0.1841,0.1931,0.161,0.1771,0.2501,0.2387,0.2053,0.0217,0.0596,0.0538,0.0274,3365.6777,3334.652,3303.2234,3347.1429,-0.9709,-0.0756,-0.1348,-0.9869,-0.1271,0.3065,1,1,1,1,1,11.5,57.3,
2026-07-23 18:51:39.060,0.1964,0.1835,0.1794,0.2348,0.3832,0.3068,0.3201,0.3632,0.2004,0.2011,0.2028,0.1621,0.1947,0.2428,0.2409,0.2101,0.0253,0.0658,0.0567,0.0298,3302.4176,3316.1172,3323.7729,3274.6154,-0.9731,-0.0689,-0.142,-1.0168,0.2019,0.4112,1,1,1,1,1,11.5,57.1,
2026-07-23 18:51:40.083,0.1696,0.1968,0.177,0.2137,0.3884,0.2993,0.3168,0.3669,0.2093,0.2022,0.1917,0.1653,0.2056,0.2359,0.2576,0.2235,0.0273,0.0659,0.0569,0.0307,3275.4212,3299.5971,3314.1026,3288.7179,-0.9741,-0.0702,-0.1453,-0.972,0.015,0.3215,1,1,1,1,1,11.5,56.2,
2026-07-23 18:51:41.096,0.1687,0.1922,0.1634,0.2167,0.4044,0.2934,0.3226,0.3394,0.176,0.1878,0.1885,0.1707,0.2204,0.2623,0.2674,0.2392,0.0305,0.0642,0.0581,0.0341,3312.8938,3327.3993,3304.8352,3322.967,-0.9733,-0.0688,-0.1387,-0.8823,-0.015,-0.1271,1,1,1,1,1,11.5,55.3,
2026-07-23 18:51:42.113,0.1649,0.1974,0.1691,0.2112,0.4107,0.2974,0.3218,0.3404,0.1771,0.1774,0.1852,0.1763,0.2183,0.2629,0.2664,0.2417,0.029,0.0649,0.0574,0.0304,3348.3516,3326.9963,3325.7875,3305.2381,-0.976,-0.0734,-0.1433,-1.1589,0.2094,0.3589,1,1,1,1,1,11.5,55.0,
2026-07-23 18:51:43.135,0.171,0.2046,0.186,0.1958,0.4026,0.2949,0.3034,0.3406,0.1901,0.177,0.1832,0.1965,0.2065,0.2575,0.269,0.2379,0.0299,0.066,0.0584,0.0292,3251.2454,3288.315,3312.0879,3287.5092,-0.9724,-0.0679,-0.1368,-0.9795,-0.6654,0.2467,1,1,1,1,1,11.5,55.3,
2026-07-23 18:51:44.172,0.1434,0.1822,0.2008,0.1657,0.3506,0.2584,0.2624,0.2995,0.251,0.2075,0.1871,0.2594,0.2253,0.2867,0.2841,0.2461,0.0297,0.0652,0.0656,0.0293,3322.967,3313.2967,3314.5055,3354.3956,-0.9756,-0.0731,-0.1468,-1.0916,-0.0673,0.3514,1,1,1,1,1,11.5,55.5,
2026-07-23 18:51:45.192,0.1143,0.1511,0.1747,0.133,0.3015,0.2201,0.245,0.2929,0.3082,0.2294,0.196,0.2696,0.2491,0.3397,0.3172,0.2773,0.0269,0.0597,0.0671,0.0274,3328.2051,3341.0989,3306.044,3275.8242,-0.9689,-0.0711,-0.1408,-0.9869,-0.2168,0.2991,1,1,1,1,1,11.5,55.2,
2026-07-23 18:51:46.205,0.1009,0.1473,0.1615,0.1068,0.2692,0.2147,0.2436,0.2875,0.3222,0.2264,0.206,0.2969,0.2836,0.3533,0.3222,0.2841,0.0241,0.0584,0.0667,0.0248,3308.4615,3319.7436,3333.0403,3355.2015,-0.9739,-0.0722,-0.1406,-1.129,0.2841,0.157,1,1,1,1,1,11.5,54.6,
2026-07-23 18:51:47.221,0.0932,0.15,0.1471,0.0903,0.2564,0.205,0.2708,0.3012,0.3242,0.2289,0.2113,0.3291,0.3041,0.3622,0.3133,0.2583,0.0221,0.0539,0.0575,0.0211,3331.8315,3310.8791,3306.8498,3322.967,-0.9708,-0.0723,-0.142,-0.9346,-0.2019,0.2168,1,1,1,1,1,11.5,54.3,
2026-07-23 18:51:48.242,0.0924,0.1286,0.1483,0.0853,0.2528,0.2202,0.2746,0.297,0.327,0.2325,0.2107,0.342,0.3081,0.3664,0.313,0.2565,0.0198,0.0523,0.0534,0.0193,3356.0073,3342.7106,3314.1026,3336.6667,-0.9713,-0.0654,-0.1397,-0.9496,-0.015,0.2168,1,1,1,1,1,11.5,54.7,
2026-07-23 18:51:49.261,0.104,0.1383,0.1715,0.0887,0.2467,0.2159,0.2702,0.3151,0.3338,0.2468,0.2039,0.3459,0.2969,0.3455,0.3015,0.2324,0.0186,0.0536,0.0529,0.018,3330.2198,3277.8388,3330.6227,3365.6777,-0.9755,-0.0742,-0.1382,-0.9271,-0.2019,0.157,1,1,1,1,1,11.4,55.0,
2026-07-23 18:51:50.278,0.0953,0.1271,0.1698,0.0894,0.2521,0.214,0.2696,0.3286,0.3461,0.2544,0.2181,0.3435,0.2893,0.3524,0.29,0.2212,0.0171,0.0521,0.0524,0.0172,3249.6337,3277.8388,3320.1465,3273.0037,-0.9736,-0.0691,-0.1424,-0.9496,-0.1645,0.0822,1,1,1,1,1,11.4,54.7,
2026-07-23 18:51:51.302,0.0889,0.12,0.1398,0.0758,0.2565,0.2198,0.2782,0.338,0.3552,0.2675,0.2288,0.3618,0.2818,0.344,0.299,0.2068,0.0176,0.0487,0.0541,0.0176,3289.1209,3320.9524,3262.1245,3260.1099,-0.9705,-0.0737,-0.1355,-0.9869,-0.1645,0.1196,1,1,1,1,1,11.4,53.3,
2026-07-23 18:51:52.319,0.094,0.1225,0.1244,0.0681,0.2721,0.2468,0.2938,0.3671,0.3286,0.2542,0.2179,0.3418,0.2885,0.3256,0.3112,0.2056,0.0168,0.0509,0.0528,0.0174,3363.663,3329.8168,3325.3846,3339.0842,-0.9685,-0.0697,-0.1384,-1.0094,0.015,0.0598,1,1,1,1,1,11.4,50.8,
2026-07-23 18:51:53.330,0.0914,0.1454,0.1318,0.0681,0.2977,0.2889,0.3124,0.3673,0.3078,0.2326,0.2125,0.3486,0.2846,0.2755,0.2896,0.1988,0.0185,0.0576,0.0536,0.0173,3301.6117,3293.956,3322.967,3329.011,-0.9683,-0.071,-0.1387,-1.0318,-0.314,0.1944,1,1,1,1,1,11.4,51.0,
2026-07-23 18:51:54.349,0.0976,0.1618,0.1361,0.0699,0.3124,0.2966,0.3216,0.3737,0.3157,0.2283,0.2089,0.3418,0.2553,0.2575,0.2802,0.1962,0.019,0.0559,0.0531,0.0184,3289.9267,3314.5055,3283.8828,3314.1026,-0.9736,-0.0751,-0.1392,-1.0468,0.0822,-0.0374,1,1,1,1,1,11.4,51.9,
2026-07-23 18:51:55.376,0.097,0.1581,0.1458,0.0678,0.327,0.3074,0.298,0.3786,0.306,0.2172,0.2046,0.298,0.2493,0.2574,0.2936,0.2338,0.0207,0.0599,0.0579,0.0217,3263.3333,3313.2967,3314.5055,3299.5971,-0.9725,-0.0737,-0.1448,-0.7103,-0.0075,-0.0224,1,1,1,1,1,11.4,53.6,
2026-07-23 18:51:56.411,0.1123,0.1626,0.1321,0.0677,0.3364,0.2885,0.2924,0.3923,0.2913,0.2211,0.2091,0.2918,0.2396,0.2633,0.3065,0.2278,0.0204,0.0645,0.06,0.0204,3282.674,3314.1026,3324.9817,3292.7473,-0.9695,-0.0652,-0.1425,-0.9346,-0.314,0.5309,1,1,1,1,1,11.4,54.5,
2026-07-23 18:51:57.421,0.1257,0.1715,0.1088,0.0765,0.3258,0.2871,0.2865,0.3901,0.2893,0.216,0.2245,0.2883,0.2391,0.2639,0.3137,0.2255,0.0202,0.0615,0.0666,0.0196,3310.8791,3290.3297,3328.6081,3275.8242,-0.9698,-0.074,-0.142,-1.1215,0.0972,0.2617,1,1,1,1,1,11.4,54.9,
2026-07-23 18:51:58.433,0.1232,0.1856,0.1295,0.0685,0.3349,0.2704,0.2932,0.3994,0.268,0.2237,0.1971,0.2762,0.2542,0.2663,0.3165,0.236,0.0197,0.054,0.0638,0.02,3272.1978,3289.9267,3318.9377,3272.6007,-0.9734,-0.075,-0.1411,-1.1589,0.0374,0.3738,1,1,1,1,1,11.4,55.1,
2026-07-23 18:51:59.446,0.1246,0.1933,0.1756,0.0795,0.3317,0.2749,0.2863,0.4091,0.2593,0.2186,0.1799,0.2433,0.2651,0.2597,0.2987,0.2487,0.0193,0.0536,0.0595,0.0194,3293.1502,3288.315,3349.5604,3336.2637,-0.9748,-0.0713,-0.1348,-1.0318,-0.1196,0.2168,1,1,1,1,1,11.4,55.0,
2026-07-23 18:52:00.484,0.1428,0.1954,0.1909,0.1127,0.3576,0.2752,0.2787,0.4207,0.234,0.2133,0.1727,0.2084,0.2453,0.261,0.3001,0.239,0.0203,0.0551,0.0577,0.0193,3280.2564,3289.1209,3317.7289,3283.0769,-0.9741,-0.0681,-0.1381,-0.9795,-0.2318,0.1944,1,1,1,1,1,11.4,54.5,
2026-07-23 18:52:01.496,0.1591,0.1822,0.1967,0.1195,0.3617,0.2896,0.2757,0.4545,0.2161,0.2289,0.1664,0.1914,0.2412,0.2492,0.3028,0.2155,0.0219,0.0501,0.0584,0.0191,3344.3223,3292.7473,3332.6374,3348.3516,-0.9738,-0.0721,-0.1381,-1.1589,0.1271,0.2542,1,1,1,1,1,11.4,54.2,
2026-07-23 18:52:02.524,0.1647,0.1827,0.2045,0.1264,0.398,0.3044,0.2806,0.4688,0.1865,0.219,0.1539,0.1836,0.2293,0.24,0.3011,0.2019,0.0214,0.0538,0.0599,0.0193,3423.6996,3376.1538,3327.3993,3413.2234,-0.973,-0.069,-0.1396,-1.1365,-0.1869,0.1645,1,1,1,1,1,11.4,54.5,
2026-07-23 18:52:03.540,0.1867,0.2041,0.256,0.1674,0.3946,0.2919,0.2683,0.455,0.1973,0.2275,0.1374,0.1812,0.2008,0.2204,0.2815,0.1765,0.0206,0.0561,0.0567,0.0199,3313.6996,3323.37,3321.7582,3292.3443,-0.9771,-0.0741,-0.1415,-1.0393,0.0598,0.172,1,1,1,1,1,11.4,55.5,
2026-07-23 18:52:04.558,0.1867,0.2011,0.2633,0.2009,0.3704,0.2921,0.2976,0.4091,0.2077,0.2214,0.1348,0.1685,0.2134,0.2284,0.252,0.2008,0.0218,0.057,0.0524,0.0206,3336.6667,3314.9084,3290.3297,3316.5201,-0.9756,-0.0732,-0.137,-1.0019,-0.0598,0.1421,1,1,1,1,1,11.4,56.8,
2026-07-23 18:52:05.573,0.1725,0.1978,0.2638,0.196,0.3586,0.276,0.3005,0.3862,0.2233,0.2282,0.1319,0.1771,0.2238,0.2375,0.2533,0.2198,0.0217,0.0605,0.0505,0.0208,3321.3553,3306.8498,3294.359,3273.0037,-0.9741,-0.0761,-0.1426,-0.972,0.5682,0.4037,1,1,1,1,1,11.4,58.7,
2026-07-23 18:52:06.596,0.1805,0.1865,0.2403,0.2135,0.3462,0.2949,0.3047,0.3615,0.2329,0.2161,0.1397,0.1731,0.215,0.2402,0.26,0.2277,0.0254,0.0623,0.0552,0.0241,3308.0586,3303.2234,3326.5934,3326.5934,-0.972,-0.068,-0.1375,-1.1514,-0.1495,0.3215,1,1,1,1,1,11.4,59.3,
2026-07-23 18:52:07.608,0.1941,0.2043,0.2318,0.2232,0.3459,0.276,0.2993,0.3523,0.2259,0.2095,0.1516,0.1805,0.2077,0.249,0.2599,0.2176,0.0265,0.0612,0.0574,0.0263,3314.5055,3305.641,3304.8352,3280.6593,-0.9702,-0.0676,-0.1448,-1.0841,0.1794,0.6729,1,1,1,1,1,11.4,59.5,
2026-07-23 18:52:08.620,0.2026,0.2117,0.2225,0.2092,0.3364,0.2594,0.3067,0.3575,0.2213,0.2149,0.1629,0.1902,0.2126,0.2537,0.2485,0.2155,0.0271,0.0603,0.0593,0.0276,3323.37,3316.5201,3316.5201,3302.0147,-0.9734,-0.0768,-0.1421,-1.0243,-0.0523,0.1869,1,1,1,1,1,11.4,59.7,
2026-07-23 18:52:09.644,0.2066,0.2089,0.2274,0.2187,0.3287,0.2457,0.2946,0.3357,0.2156,0.2022,0.1723,0.1909,0.2219,0.2787,0.2482,0.226,0.0273,0.0645,0.0574,0.0287,3331.0256,3327.8022,3339.4872,3335.4579,-0.9743,-0.0737,-0.1391,-1.0767,-0.1047,0.2467,1,1,1,1,1,11.4,59.8,
2026-07-23 18:52:10.658,0.2306,0.2025,0.2445,0.2283,0.299,0.2431,0.2815,0.3454,0.2239,0.208,0.171,0.1889,0.2175,0.286,0.2437,0.2107,0.029,0.0604,0.0592,0.0267,3310.4762,3325.3846,3331.0256,3317.7289,-0.974,-0.0682,-0.1384,-0.957,0.0374,0.0897,1,1,1,1,1,11.4,59.9,
2026-07-23 18:52:11.673,0.233,0.2141,0.2176,0.2039,0.3051,0.2407,0.2942,0.3814,0.2162,0.203,0.1839,0.1902,0.2168,0.288,0.2413,0.1984,0.0289,0.0541,0.063,0.0261,3291.1355,3320.1465,3287.9121,3268.5714,-0.9753,-0.0698,-0.1409,-0.9944,-0.4337,0.2094,1,1,1,1,1,11.4,59.6,
2026-07-23 18:52:12.696,0.2077,0.2078,0.2112,0.1792,0.3184,0.2534,0.2696,0.395,0.2376,0.21,0.215,0.2243,0.2083,0.2754,0.2433,0.1761,0.028,0.0534,0.0608,0.0255,3277.033,3318.1319,3291.9414,3288.315,-0.9766,-0.0734,-0.1429,-1.0991,0.0972,0.2617,1,1,1,1,1,11.4,58.9,
2026-07-23 18:52:13.723,0.1921,0.2088,0.1803,0.1517,0.3106,0.2835,0.2939,0.3777,0.2692,0.207,0.279,0.2826,0.2046,0.251,0.2019,0.1698,0.0235,0.0498,0.0448,0.0183,3306.044,3343.5165,3297.5824,3273.8095,-0.975,-0.0696,-0.1412,-0.8823,-0.3514,0.3439,1,1,1,1,1,11.4,57.7,
2026-07-23 18:52:14.742,0.2136,0.2402,0.1999,0.1621,0.3372,0.284,0.2952,0.3758,0.2406,0.2016,0.2711,0.2762,0.189,0.2234,0.1919,0.1693,0.0196,0.0508,0.0418,0.0166,3286.3004,3304.0293,3337.0696,3354.7985,-0.9726,-0.0706,-0.1422,-1.0468,0.0748,0.1346,1,1,1,1,1,11.4,56.8,
2026-07-23 18:52:15.758,0.1935,0.2088,0.1854,0.1544,0.3443,0.2635,0.2806,0.363,0.2381,0.2053,0.2699,0.275,0.205,0.2718,0.2258,0.1944,0.0192,0.0505,0.0382,0.0132,3314.5055,3296.3736,3292.3443,3290.7326,-0.9747,-0.0701,-0.1443,-1.1215,0.3813,0.2467,1,1,1,1,1,11.4,57.1,
2026-07-23 18:52:16.767,0.1689,0.1906,0.1714,0.1384,0.3318,0.2718,0.2694,0.3216,0.2463,0.1926,0.2591,0.2878,0.2358,0.2951,0.2626,0.2402,0.0171,0.0499,0.0375,0.012,3381.3919,3320.1465,3339.4872,3362.4542,-0.9729,-0.0718,-0.1417,-0.957,0.1047,0.1794,1,1,1,1,1,11.4,58.2,
2026-07-23 18:52:17.784,0.1504,0.1744,0.158,0.1263,0.3299,0.2844,0.2777,0.3122,0.2462,0.2037,0.2576,0.282,0.2577,0.2894,0.2682,0.2679,0.0158,0.0481,0.0385,0.0116,3347.9487,3329.8168,3337.8755,3343.9194,-0.9703,-0.0681,-0.1405,-0.9122,-0.1421,0.4187,1,1,1,1,1,11.4,59.3,
2026-07-23 18:52:18.796,0.1255,0.1641,0.1381,0.1133,0.3185,0.2825,0.2857,0.2964,0.2711,0.2071,0.2626,0.3009,0.2698,0.2973,0.2763,0.2772,0.015,0.049,0.0373,0.0123,3299.1941,3306.044,3308.8645,3282.674,-0.9739,-0.0768,-0.1384,-0.9496,0.0822,0.1421,1,1,1,1,1,11.4,59.8,
2026-07-23 18:52:19.816,0.1382,0.163,0.1388,0.1102,0.304,0.2828,0.2789,0.2793,0.265,0.2033,0.2641,0.3084,0.2775,0.3008,0.2826,0.2882,0.0153,0.0502,0.0355,0.0138,3273.0037,3296.7766,3285.4945,3273.4066,-0.9734,-0.0724,-0.1357,-0.9271,-0.1346,0.0449,1,1,1,1,1,11.4,59.9,
2026-07-23 18:52:20.828,0.1407,0.1713,0.1489,0.1167,0.3034,0.2824,0.2856,0.2776,0.2552,0.2004,0.24,0.297,0.2837,0.2985,0.2878,0.2945,0.017,0.0474,0.0376,0.0143,3314.9084,3307.2527,3291.9414,3295.1648,-0.9721,-0.0721,-0.1436,-0.9944,0.1047,0.2393,1,1,1,1,1,11.4,59.7,
2026-07-23 18:52:21.850,0.1435,0.1544,0.1586,0.1297,0.3045,0.2797,0.2515,0.282,0.2368,0.1917,0.2071,0.2687,0.2959,0.3219,0.3356,0.3031,0.0193,0.0524,0.0472,0.0165,3296.3736,3302.8205,3337.0696,3336.2637,-0.9703,-0.069,-0.136,-1.0019,-0.1346,0.1271,1,1,1,1,1,11.4,58.8,
2026-07-23 18:52:22.853,0.1145,0.1171,0.1336,0.111,0.2872,0.3028,0.2389,0.2742,0.2681,0.2098,0.2345,0.3009,0.31,0.3171,0.3441,0.2973,0.0202,0.0532,0.0489,0.0165,3293.1502,3291.9414,3296.7766,3279.8535,-0.9745,-0.0758,-0.134,-1.0841,-0.0822,0.2841,1,1,1,1,1,11.4,56.1,
2026-07-23 18:52:23.873,0.0988,0.1327,0.1253,0.0988,0.314,0.334,0.2781,0.3177,0.3037,0.2151,0.2359,0.3096,0.2667,0.2672,0.3096,0.2574,0.0169,0.051,0.0512,0.0165,3274.2125,3274.2125,3298.7912,3251.6484,-0.9704,-0.0762,-0.1394,-0.8972,0.0075,-0.1271,1,1,1,1,1,11.4,53.6,
2026-07-23 18:52:24.883,0.095,0.1517,0.1257,0.0932,0.3265,0.3385,0.2663,0.34,0.3379,0.2265,0.2904,0.3539,0.2229,0.2364,0.2728,0.1966,0.0177,0.0469,0.0448,0.0163,3328.2051,3305.641,3323.7729,3360.4396,-0.9694,-0.0707,-0.129,-0.9795,-0.5309,0.0673,1,1,1,1,1,11.4,49.6,
2026-07-23 18:52:25.902,0.0945,0.1696,0.1414,0.0835,0.3457,0.3177,0.2484,0.3667,0.3394,0.2123,0.2976,0.3772,0.2039,0.2522,0.2679,0.1582,0.0165,0.0482,0.0447,0.0144,3371.3187,3337.4725,3331.0256,3374.5421,-0.9748,-0.0772,-0.1395,-0.9496,-0.1421,0.0897,1,1,1,1,1,11.4,49.7,
2026-07-23 18:52:26.914,0.0936,0.1785,0.1535,0.0771,0.3502,0.3017,0.2371,0.392,0.3307,0.2059,0.294,0.3513,0.2087,0.266,0.2702,0.1664,0.0168,0.0479,0.0453,0.0131,3278.2418,3309.6703,3318.9377,3281.8681,-0.9717,-0.0741,-0.1391,-0.9795,-0.3065,0.3738,1,1,1,1,1,11.4,50.3,
2026-07-23 18:52:27.940,0.0586,0.1627,0.1409,0.0699,0.3799,0.3234,0.2449,0.4072,0.3413,0.2047,0.2912,0.3457,0.2037,0.2619,0.2786,0.166,0.0164,0.0473,0.0444,0.0111,3284.2857,3284.2857,3343.1136,3305.2381,-0.9756,-0.0757,-0.1411,-1.0916,0.0224,0.1421,1,1,1,1,1,11.3,51.3,
2026-07-23 18:52:28.967,0.0519,0.1673,0.1281,0.0529,0.3704,0.3257,0.2521,0.4033,0.3576,0.2061,0.2912,0.3655,0.2054,0.2542,0.2878,0.1678,0.0147,0.0466,0.0409,0.0106,3315.7143,3320.5495,3350.7692,3336.2637,-0.9756,-0.0758,-0.1407,-1.114,0.329,0.2542,1,1,1,1,1,11.3,53.2,
2026-07-23 18:52:29.988,0.0555,0.1769,0.1294,0.0408,0.3629,0.3135,0.247,0.398,0.3548,0.2014,0.2732,0.3703,0.212,0.2644,0.3114,0.1801,0.0148,0.0438,0.0389,0.0109,3260.9158,3321.3553,3306.4469,3270.989,-0.9746,-0.0732,-0.1373,-0.9645,-0.2841,0.1122,1,1,1,1,1,11.3,55.6,
2026-07-23 18:52:31.002,0.0656,0.221,0.1294,0.0401,0.3584,0.2884,0.2462,0.4042,0.3413,0.1718,0.2567,0.3561,0.2204,0.2767,0.3309,0.1889,0.0143,0.0422,0.0369,0.0107,3328.2051,3312.8938,3287.9121,3321.3553,-0.9716,-0.0707,-0.1401,-1.0168,-0.1944,0.172,1,1,1,1,1,11.3,58.0,
2026-07-23 18:52:32.035,0.0819,0.2212,0.1382,0.0401,0.3297,0.292,0.2347,0.3842,0.3181,0.1582,0.2529,0.3572,0.2513,0.2804,0.3336,0.2052,0.019,0.0482,0.0407,0.0133,3332.2344,3326.5934,3295.1648,3306.4469,-0.9775,-0.0724,-0.1383,-1.0243,-0.2019,0.1421,1,1,1,1,1,11.3,58.1,
2026-07-23 18:52:33.045,0.0892,0.2224,0.1559,0.05,0.3341,0.2749,0.2669,0.4134,0.2788,0.1527,0.1888,0.3048,0.2765,0.2978,0.3406,0.2158,0.0215,0.0522,0.0478,0.0161,3265.7509,3289.1209,3285.0916,3275.0183,-0.9761,-0.0691,-0.1398,-1.0617,0.2243,0.2692,1,1,1,1,1,11.3,56.1,
2026-07-23 18:52:34.061,0.1152,0.2234,0.138,0.0711,0.3044,0.2753,0.267,0.3856,0.2801,0.1586,0.1987,0.2932,0.2734,0.2879,0.3485,0.2281,0.0269,0.0548,0.0478,0.0219,3262.1245,3308.8645,3302.0147,3271.7949,-0.9717,-0.0734,-0.14,-1.0019,0.0224,0.2766,1,1,1,1,1,11.3,54.0,
2026-07-23 18:52:35.088,0.1355,0.2213,0.1628,0.1012,0.3247,0.2852,0.2668,0.3854,0.2565,0.1621,0.2083,0.2872,0.2566,0.2722,0.3171,0.2025,0.0267,0.0592,0.045,0.0236,3327.8022,3346.337,3334.652,3333.0403,-0.9741,-0.0688,-0.1403,-0.8823,0.0598,0.2168,1,1,1,1,1,11.3,52.8,
2026-07-23 18:52:36.111,0.2432,0.2327,0.1653,0.1588,0.2634,0.246,0.2612,0.3535,0.2267,0.168,0.21,0.2637,0.2406,0.2909,0.3169,0.1973,0.0261,0.0624,0.0466,0.0267,3257.2894,3299.5971,3318.5348,3297.1795,-0.9741,-0.0739,-0.139,-0.972,-0.172,0.1794,1,1,1,1,1,11.3,52.3,
2026-07-23 18:52:37.133,0.289,0.2303,0.1828,0.1944,0.2694,0.2333,0.2468,0.3706,0.1729,0.1688,0.216,0.1884,0.2399,0.3016,0.3048,0.2146,0.0288,0.0659,0.0496,0.032,3279.4505,3321.3553,3292.7473,3285.4945,-0.977,-0.0648,-0.1404,-0.9795,0.0374,0.3589,1,1,1,1,1,11.3,52.6,
2026-07-23 18:52:38.152,0.2368,0.2139,0.1788,0.1604,0.333,0.263,0.2484,0.3767,0.1874,0.1751,0.2232,0.1813,0.2149,0.2811,0.2949,0.247,0.0279,0.0668,0.0547,0.0346,3268.5714,3323.37,3292.3443,3285.0916,-0.9706,-0.0681,-0.1401,-1.0094,0.0748,0.2991,1,1,1,1,1,11.3,53.4,
2026-07-23 18:52:39.165,0.2248,0.1797,0.1627,0.1532,0.3407,0.2458,0.2588,0.3765,0.1857,0.1853,0.2217,0.1892,0.2201,0.3191,0.301,0.2465,0.0287,0.0701,0.0559,0.0347,3342.3077,3304.8352,3320.1465,3335.0549,-0.9723,-0.0755,-0.1452,-1.0991,-0.1271,0.2467,1,1,1,1,1,11.3,54.3,
2026-07-23 18:52:40.190,0.2125,0.1698,0.2299,0.1503,0.3289,0.2124,0.226,0.3719,0.1929,0.2067,0.2132,0.2044,0.2417,0.3523,0.2848,0.2441,0.024,0.0589,0.0462,0.0292,3337.4725,3289.5238,3297.9853,3292.3443,-0.9717,-0.0718,-0.1433,-0.9869,0.0299,0.2766,1,1,1,1,1,11.3,55.1,
2026-07-23 18:52:41.207,0.1993,0.1691,0.2268,0.1409,0.3292,0.2176,0.2187,0.3525,0.1959,0.2031,0.2332,0.2195,0.2527,0.3522,0.2763,0.2608,0.0229,0.058,0.045,0.0262,3250.0366,3285.0916,3327.3993,3270.1832,-0.9682,-0.0769,-0.134,-0.9047,-0.3963,-0.2168,1,1,1,1,1,11.3,55.4,
2026-07-23 18:52:42.221,0.2005,0.1694,0.2483,0.1478,0.3335,0.2215,0.2373,0.3545,0.1935,0.2006,0.213,0.2125,0.2494,0.3499,0.2582,0.2596,0.0231,0.0586,0.0432,0.0257,3292.7473,3300.4029,3320.9524,3331.4286,-0.9744,-0.0734,-0.1423,-0.8897,0.4561,0.5907,1,1,1,1,1,11.3,55.2,
2026-07-23 18:52:43.245,0.1934,0.1716,0.2436,0.1393,0.3224,0.2226,0.2435,0.3462,0.2143,0.2031,0.2017,0.2322,0.2454,0.3435,0.2668,0.2567,0.0245,0.0593,0.0444,0.0255,3284.6886,3318.5348,3305.641,3305.2381,-0.9716,-0.0696,-0.1382,-1.0468,0.1047,0.314,1,1,1,1,1,11.3,54.8,
2026-07-23 18:52:44.260,0.1233,0.1695,0.2402,0.1122,0.3655,0.235,0.2717,0.3634,0.2226,0.1984,0.1883,0.2358,0.262,0.3385,0.2587,0.2635,0.0265,0.0586,0.0412,0.0251,3372.1245,3329.8168,3296.7766,3324.1758,-0.9722,-0.0724,-0.1393,-0.972,0.2243,0.2019,1,1,1,1,1,11.3,54.8,
2026-07-23 18:52:45.280,0.1142,0.1722,0.2226,0.1116,0.3654,0.2266,0.29,0.3688,0.2224,0.1875,0.1887,0.2475,0.2736,0.3563,0.2591,0.2495,0.0244,0.0575,0.0396,0.0226,3268.9744,3288.315,3336.2637,3275.4212,-0.9741,-0.0673,-0.142,-0.8972,-0.0598,0.0748,1,1,1,1,1,11.3,55.0,
2026-07-23 18:52:46.297,0.1156,0.1805,0.221,0.1233,0.331,0.2113,0.2937,0.3977,0.2192,0.1898,0.1977,0.2367,0.3093,0.3602,0.25,0.2247,0.0247,0.0582,0.0377,0.0175,3303.2234,3324.1758,3326.5934,3310.0733,-0.9725,-0.0712,-0.14,-1.0393,-0.0972,0.2766,1,1,1,1,1,11.3,55.1,
2026-07-23 18:52:47.308,0.1117,0.1589,0.225,0.1138,0.3316,0.2409,0.3022,0.4079,0.219,0.1913,0.1954,0.2338,0.3121,0.3471,0.2401,0.227,0.0257,0.0619,0.0373,0.0174,3275.4212,3297.9853,3301.6117,3290.7326,-0.9751,-0.0719,-0.139,-1.0243,-0.2019,0.2617,1,1,1,1,1,11.3,54.7,
2026-07-23 18:52:48.322,0.1175,0.1663,0.152,0.1069,0.346,0.2828,0.3321,0.4101,0.2158,0.1689,0.2194,0.2364,0.2941,0.3127,0.2563,0.228,0.0267,0.0694,0.0402,0.0186,3336.2637,3299.1941,3316.5201,3321.7582,-0.9749,-0.0719,-0.1376,-0.9869,0.0673,0.0748,1,1,1,1,1,11.3,53.8,
2026-07-23 18:52:49.350,0.1313,0.1837,0.1523,0.1175,0.3464,0.2956,0.3264,0.4321,0.2199,0.1568,0.2036,0.23,0.2747,0.2948,0.2747,0.2013,0.0277,0.0691,0.0431,0.0191,3287.1062,3245.2015,3282.2711,3273.4066,-0.9739,-0.0701,-0.1425,-0.9944,0.0673,0.1794,1,1,2,1,1,11.3,53.0,
2026-07-23 18:52:50.363,0.1438,0.5182,0.1295,0.1251,0.3439,0.3006,0.3057,0.4332,0.2184,0.1158,0.2164,0.2261,0.2672,0.0532,0.3031,0.1974,0.0266,0.0122,0.0453,0.0183,3279.0476,3296.7766,3311.685,3291.9414,-0.9753,-0.069,-0.1364,-0.9122,-0.2692,0.2692,1,1,2,1,1,11.3,53.1,
2026-07-23 18:52:51.386,0.17,0.5267,0.1251,0.13,0.3375,0.2946,0.2982,0.4329,0.207,0.1156,0.2239,0.215,0.2584,0.0516,0.3057,0.2024,0.0271,0.0115,0.0471,0.0196,3278.2418,3322.5641,3276.2271,3285.0916,-0.9718,-0.0733,-0.142,-0.8897,-0.2094,0.0673,1,1,1,1,1,11.3,53.8,
2026-07-23 18:52:52.408,0.1706,0.5268,0.1465,0.1329,0.3313,0.2943,0.2576,0.4166,0.2203,0.1156,0.2319,0.2356,0.2515,0.0517,0.3079,0.1952,0.0262,0.0116,0.056,0.0197,3338.2784,3333.4432,3333.4432,3328.2051,-0.9756,-0.0747,-0.1415,-1.0468,0.2318,0.2094,1,1,1,1,1,11.3,54.2,
2026-07-23 18:52:53.426,0.1886,0.5274,0.1521,0.1373,0.3363,0.2945,0.237,0.4191,0.2232,0.1154,0.2387,0.2369,0.2243,0.0512,0.3121,0.1852,0.0276,0.0115,0.0601,0.0215,3333.4432,3312.8938,3346.7399,3377.3626,-0.9735,-0.0637,-0.1349,-1.1066,-0.329,0.2692,1,1,1,1,1,11.3,54.1,
2026-07-23 18:52:54.438,0.2229,0.528,0.1535,0.1695,0.3198,0.2941,0.2479,0.3691,0.2415,0.1154,0.2327,0.2671,0.1868,0.0511,0.305,0.1685,0.029,0.0115,0.0609,0.0257,3282.674,3293.5531,3284.2857,3313.2967,-0.974,-0.0692,-0.1451,-0.9496,0.1196,0.6505,1,1,1,1,1,11.3,53.5,
2026-07-23 18:52:55.454,0.229,0.5284,0.1524,0.1813,0.3269,0.2937,0.2697,0.3603,0.2597,0.1155,0.2398,0.2829,0.1574,0.0509,0.2779,0.1493,0.027,0.0115,0.0601,0.0263,3321.3553,3316.9231,3315.3114,3306.044,-0.9742,-0.0582,-0.1389,-1.0393,-0.1421,0.4337,1,1,1,1,1,11.2,53.3,
2026-07-23 18:52:56.476,0.281,0.5284,0.1821,0.2135,0.3114,0.2936,0.2915,0.3666,0.2622,0.1156,0.2089,0.2691,0.1208,0.0509,0.2563,0.1258,0.0246,0.0115,0.0612,0.025,3277.4359,3341.0989,3335.4579,3310.4762,-0.9734,-0.0738,-0.1386,-1.0019,0.0972,0.0598,1,1,1,1,1,11.2,53.9,
2026-07-23 18:52:57.492,0.2614,0.5282,0.1902,0.2207,0.3298,0.2936,0.2944,0.3613,0.2615,0.1158,0.2178,0.2606,0.1259,0.0509,0.241,0.1339,0.0214,0.0114,0.0565,0.0234,3292.7473,3308.0586,3284.2857,3287.5092,-0.9753,-0.0711,-0.1418,-0.8823,0.1122,0.4262,1,1,1,1,1,11.2,54.8,
2026-07-23 18:52:58.505,0.2347,0.5236,0.1999,0.1904,0.3403,0.2652,0.3216,0.3578,0.2552,0.1218,0.1979,0.2587,0.1471,0.0737,0.224,0.1705,0.0227,0.0156,0.0566,0.0226,3305.2381,3321.3553,3296.7766,3290.3297,-0.9686,-0.0698,-0.1329,-0.9421,-0.3065,-0.1346,1,1,1,1,1,11.2,55.7,
2026-07-23 18:52:59.520,0.2129,0.3064,0.1823,0.1733,0.3545,0.2849,0.3316,0.3449,0.2528,0.1522,0.207,0.2807,0.1584,0.2083,0.2222,0.179,0.0214,0.0482,0.0569,0.0221,3331.8315,3314.9084,3333.8462,3342.7106,-0.9733,-0.0624,-0.1389,-1.0393,-0.2916,0.3365,1,1,1,1,1,11.2,56.5,
2026-07-23 18:53:00.555,0.2319,0.2612,0.1598,0.178,0.3438,0.2999,0.3414,0.3539,0.2439,0.1603,0.2053,0.2653,0.1577,0.2286,0.2358,0.1801,0.0227,0.05,0.0576,0.0227,3308.8645,3322.967,3295.9707,3308.8645,-0.9783,-0.071,-0.1381,-1.0393,0.0224,0.2841,1,1,1,1,1,11.2,57.7,
2026-07-23 18:53:01.578,0.229,0.2135,0.1534,0.1873,0.3556,0.3114,0.3584,0.3568,0.2331,0.179,0.1933,0.2479,0.1601,0.246,0.24,0.185,0.0222,0.05,0.0549,0.023,3297.1795,3279.0476,3316.5201,3279.4505,-0.9724,-0.0695,-0.1355,-0.9496,-0.0822,0.2841,1,1,1,1,1,11.2,58.5,
2026-07-23 18:53:02.593,0.2302,0.2079,0.1587,0.1947,0.4195,0.3612,0.3688,0.3819,0.1912,0.1694,0.1836,0.2208,0.141,0.2179,0.2346,0.1796,0.0181,0.0436,0.0543,0.023,3367.6923,3337.0696,3341.9048,3367.2894,-0.9761,-0.0688,-0.1371,-1.0692,-0.1047,0.3589,1,1,1,1,1,11.2,58.8,
2026-07-23 18:53:03.612,0.2735,0.1892,0.1759,0.2174,0.4335,0.4126,0.4103,0.4087,0.1488,0.164,0.1549,0.1841,0.1294,0.1975,0.2114,0.17,0.0148,0.0367,0.0474,0.0199,3320.5495,3338.2784,3320.9524,3326.5934,-0.9745,-0.0752,-0.1371,-1.0168,0.314,0.1869,1,1,1,1,1,11.2,58.0,
2026-07-23 18:53:04.622,0.2504,0.1733,0.1567,0.2078,0.467,0.46,0.4709,0.4467,0.1341,0.1476,0.1358,0.157,0.1338,0.1844,0.192,0.1698,0.0147,0.0347,0.0445,0.0187,3322.1612,3321.7582,3313.6996,3322.967,-0.9753,-0.0699,-0.1385,-1.0542,0.1495,0.2393,1,1,1,1,1,11.2,55.8,
2026-07-23 18:53:05.652,0.251,0.1652,0.1496,0.1942,0.4527,0.4546,0.4901,0.4535,0.1462,0.1521,0.1198,0.155,0.1347,0.1909,0.1952,0.1774,0.0154,0.0372,0.0453,0.0198,3250.0366,3321.7582,3293.956,3219.8168,-0.9753,-0.072,-0.1385,-0.972,0.0299,0.1271,1,1,1,1,1,11.2,53.9,
2026-07-23 18:53:06.665,0.2364,0.163,0.1462,0.1843,0.4317,0.4302,0.4675,0.4335,0.166,0.1484,0.1238,0.1751,0.1509,0.221,0.2183,0.1884,0.015,0.0375,0.0442,0.0186,3288.7179,3308.0586,3320.5495,3277.8388,-0.971,-0.074,-0.1377,-0.9122,0.0075,0.2617,1,1,1,1,1,11.2,53.2,
2026-07-23 18:53:07.766,0.2089,0.1627,0.1529,0.1792,0.3915,0.4057,0.454,0.4073,0.1842,0.1587,0.1255,0.1759,0.2013,0.2366,0.2234,0.2189,0.0141,0.0363,0.0442,0.0187,3291.5385,3310.0733,3315.3114,3314.5055,-0.9725,-0.0733,-0.1398,-0.8374,0.0449,0.1869,1,1,1,1,1,11.2,53.7,
2026-07-23 18:53:08.728,0.1815,0.1455,0.157,0.1777,0.3904,0.3946,0.4436,0.3853,0.2004,0.1665,0.1274,0.1913,0.2123,0.2558,0.23,0.2272,0.0154,0.0376,0.042,0.0186,3317.326,3335.8608,3300.0,3318.5348,-0.9737,-0.0746,-0.1363,-0.9869,0.1944,0.1047,1,1,1,1,1,11.2,55.1,
2026-07-23 18:53:09.744,0.1713,0.149,0.1657,0.1771,0.3758,0.3896,0.4281,0.3667,0.2055,0.1638,0.1308,0.2061,0.2302,0.2579,0.2313,0.2311,0.0171,0.0395,0.0441,0.019,3288.315,3317.7289,3319.7436,3306.8498,-0.9709,-0.0715,-0.1376,-0.9944,-0.2243,0.157,1,1,1,1,1,11.2,55.9,
2026-07-23 18:53:10.755,0.1615,0.1494,0.1622,0.1727,0.3274,0.3652,0.4203,0.3458,0.227,0.1617,0.1329,0.2204,0.2639,0.2798,0.2406,0.2421,0.0202,0.0439,0.044,0.019,3275.4212,3297.9853,3294.7619,3306.8498,-0.9725,-0.0682,-0.1404,-1.0318,-0.2617,0.1944,1,1,1,1,1,11.2,55.6,
2026-07-23 18:53:11.775,0.0907,0.143,0.1586,0.1384,0.346,0.3369,0.3518,0.332,0.2479,0.1598,0.1588,0.2472,0.2919,0.315,0.2793,0.261,0.0237,0.0453,0.0514,0.0215,3356.4103,3338.2784,3296.7766,3327.8022,-0.9722,-0.0693,-0.137,-0.8897,-0.3589,0.1271,1,1,1,1,1,11.2,54.7,
2026-07-23 18:53:12.795,0.0822,0.1378,0.17,0.1328,0.3349,0.3036,0.3065,0.3082,0.2534,0.1824,0.1709,0.266,0.3027,0.3282,0.2981,0.2696,0.0268,0.048,0.0545,0.0234,3321.3553,3323.7729,3314.1026,3326.9963,-0.9712,-0.073,-0.1334,-0.957,0.0523,0.1421,1,1,1,1,1,11.2,54.0,
2026-07-23 18:53:13.811,0.0802,0.1424,0.1866,0.1416,0.358,0.323,0.2845,0.3085,0.2325,0.1834,0.1803,0.2723,0.3017,0.3064,0.2951,0.2542,0.0276,0.0448,0.0536,0.0235,3329.8168,3318.9377,3316.1172,3319.3407,-0.9699,-0.0729,-0.1391,-1.0019,-0.1645,0.2168,1,1,1,1,1,11.2,53.5,
2026-07-23 18:53:14.829,0.0854,0.1541,0.1995,0.1556,0.3843,0.3343,0.2867,0.316,0.2219,0.1981,0.1883,0.27,0.2791,0.2676,0.271,0.2324,0.0293,0.0459,0.0545,0.0261,3283.8828,3286.3004,3305.2381,3275.4212,-0.9722,-0.0697,-0.1368,-0.9645,-0.015,0.172,1,1,1,1,1,11.2,52.9,
2026-07-23 18:53:15.847,0.0938,0.1478,0.2064,0.1593,0.4359,0.3579,0.3005,0.3499,0.2155,0.1983,0.177,0.2647,0.2216,0.2425,0.2621,0.2003,0.0332,0.0536,0.054,0.0259,3285.0916,3284.6886,3327.8022,3310.0733,-0.9698,-0.0732,-0.1412,-1.0617,0.2019,0.2841,1,1,1,1,1,11.2,52.1,
2026-07-23 18:53:16.859,0.0752,0.129,0.1994,0.1107,0.5108,0.4541,0.324,0.3835,0.2514,0.2287,0.2103,0.306,0.1423,0.1532,0.2225,0.1797,0.0202,0.0351,0.0438,0.0202,3272.1978,3308.0586,3294.7619,3270.5861,-0.9675,-0.0734,-0.1412,-1.0243,0.0897,0.0748,1,1,1,1,1,11.2,51.8,
2026-07-23 18:53:17.877,0.0908,0.1364,0.1978,0.1095,0.5079,0.4342,0.3369,0.4098,0.2551,0.2469,0.2189,0.2941,0.1272,0.1497,0.2085,0.1683,0.0192,0.0329,0.0379,0.0183,3287.9121,3302.8205,3298.3883,3305.641,-0.9734,-0.0697,-0.1376,-0.9645,-0.2692,0.157,1,1,1,1,1,11.2,52.3,
2026-07-23 18:53:18.905,0.1139,0.1411,0.2077,0.1351,0.4909,0.4278,0.3297,0.4043,0.2501,0.2537,0.2195,0.2773,0.1267,0.1456,0.2046,0.1651,0.0184,0.0319,0.0384,0.0182,3331.4286,3301.6117,3293.1502,3329.4139,-0.9732,-0.0701,-0.1381,-1.0318,-0.015,0.314,1,1,1,1,1,11.2,53.4,
2026-07-23 18:53:19.917,0.1509,0.1555,0.2409,0.2069,0.4593,0.4092,0.2992,0.355,0.2527,0.2592,0.2218,0.2636,0.1192,0.1422,0.2019,0.1568,0.0178,0.034,0.0362,0.0177,3320.5495,3334.2491,3299.5971,3285.4945,-0.973,-0.0727,-0.1336,-0.9944,-0.1495,0.0822,1,1,1,1,1,11.2,54.5,
2026-07-23 18:53:20.936,0.1694,0.1697,0.2189,0.2348,0.4106,0.3874,0.2515,0.3104,0.2989,0.2579,0.3127,0.3053,0.1072,0.1512,0.1863,0.1364,0.0139,0.0337,0.0306,0.013,3319.7436,3305.641,3300.4029,3304.8352,-0.9769,-0.0672,-0.1407,-1.0019,-0.0449,0.3439,1,1,1,1,1,11.2,55.4,
2026-07-23 18:53:21.955,0.1692,0.1685,0.2054,0.2255,0.4202,0.3862,0.2523,0.3373,0.2973,0.2555,0.3255,0.2958,0.1005,0.1554,0.1854,0.1297,0.0128,0.0344,0.0314,0.0118,3297.1795,3308.4615,3292.3443,3295.1648,-0.971,-0.0703,-0.1411,-0.9271,0.0224,0.2617,1,1,1,1,1,11.2,56.2,
2026-07-23 18:53:22.977,0.1766,0.1656,0.201,0.2283,0.4234,0.3878,0.2581,0.3559,0.289,0.2565,0.3248,0.2821,0.0994,0.156,0.1832,0.1228,0.0115,0.0341,0.0328,0.011,3334.652,3292.7473,3340.696,3361.6484,-0.975,-0.0776,-0.1363,-0.9421,-0.3065,0.0598,1,1,1,1,1,11.2,56.8,
2026-07-23 18:53:23.991,0.1987,0.1719,0.2081,0.2402,0.4195,0.367,0.2659,0.375,0.2684,0.255,0.3153,0.2583,0.1028,0.1741,0.1787,0.1163,0.0106,0.032,0.0321,0.0102,3292.3443,3314.5055,3280.6593,3270.1832,-0.9742,-0.0692,-0.1377,-1.0468,0.4187,0.2692,1,1,1,1,1,11.2,57.3,
2026-07-23 18:53:25.005,0.2659,0.1999,0.1988,0.2662,0.3423,0.2567,0.2425,0.3615,0.2476,0.2524,0.3095,0.2313,0.1312,0.2454,0.2125,0.13,0.013,0.0457,0.0368,0.0111,3267.7656,3264.9451,3300.4029,3278.2418,-0.9744,-0.0732,-0.1396,-0.9645,-0.1196,0.1794,1,1,1,1,1,11.2,57.6,
2026-07-23 18:53:26.030,0.2481,0.2075,0.2057,0.2448,0.3514,0.2527,0.2242,0.3499,0.2561,0.229,0.306,0.2443,0.1309,0.2598,0.2238,0.1487,0.0135,0.051,0.0403,0.0123,3285.4945,3302.0147,3314.9084,3303.6264,-0.971,-0.0721,-0.137,-0.9869,-0.2168,0.2617,1,1,1,1,1,11.2,58.1,
2026-07-23 18:53:27.048,0.2352,0.1913,0.2173,0.2323,0.3656,0.2491,0.2278,0.3482,0.2612,0.2314,0.2931,0.2568,0.1252,0.2756,0.2221,0.1507,0.0129,0.0526,0.0397,0.0119,3284.2857,3316.9231,3325.3846,3331.0256,-0.9741,-0.0682,-0.1373,-1.0168,-0.0299,0.2916,1,1,1,1,1,11.2,59.0,
2026-07-23 18:53:28.067,0.1978,0.1819,0.1873,0.1788,0.3899,0.2678,0.2616,0.3897,0.2649,0.2236,0.2815,0.2551,0.1339,0.2731,0.2287,0.1642,0.0136,0.0536,0.0409,0.0123,3277.4359,3304.8352,3306.4469,3283.8828,-0.9719,-0.0689,-0.1442,-0.8748,0.1794,0.1869,1,1,1,1,1,11.2,60.3,
2026-07-23 18:53:29.091,0.2062,0.2135,0.1962,0.1577,0.4259,0.2825,0.3037,0.4323,0.1981,0.192,0.1958,0.2044,0.1521,0.2576,0.2577,0.1891,0.0177,0.0544,0.0465,0.0165,3325.7875,3335.8608,3292.3443,3298.3883,-0.9745,-0.0697,-0.1409,-1.0318,-0.0822,0.2243,1,1,1,1,1,11.2,61.1,
2026-07-23 18:53:30.114,0.2171,0.2557,0.2059,0.1585,0.3864,0.27,0.3083,0.4149,0.2081,0.1713,0.1808,0.2097,0.1684,0.2509,0.2582,0.1981,0.02,0.0521,0.0467,0.0187,3311.2821,3304.0293,3355.2015,3309.2674,-0.9747,-0.0702,-0.1431,-1.0468,0.3215,0.2617,1,1,1,1,1,11.2,61.0,
2026-07-23 18:53:31.124,0.2054,0.2903,0.21,0.1429,0.3796,0.2825,0.2996,0.3985,0.2172,0.1462,0.1809,0.2255,0.1762,0.2336,0.2626,0.2125,0.0216,0.0474,0.0469,0.0206,3298.7912,3306.044,3311.2821,3283.0769,-0.9733,-0.0695,-0.1359,-0.9944,-0.1047,0.2019,1,1,1,1,1,11.2,57.9,
2026-07-23 18:53:32.143,0.1827,0.2925,0.1989,0.1249,0.3537,0.2879,0.2902,0.3788,0.239,0.1457,0.1739,0.2429,0.2002,0.2275,0.2892,0.2293,0.0245,0.0464,0.0479,0.0241,3324.5788,3327.8022,3295.5678,3320.9524,-0.9711,-0.0735,-0.1364,-1.0019,-0.1869,0.2467,1,1,1,1,1,11.2,53.7,
2026-07-23 18:53:33.162,0.1637,0.2998,0.2198,0.1293,0.3642,0.3113,0.3124,0.3758,0.252,0.1263,0.1587,0.2516,0.1935,0.2164,0.2594,0.2153,0.0266,0.0463,0.0497,0.028,3317.7289,3333.0403,3298.3883,3283.0769,-0.9727,-0.0662,-0.1399,-1.0318,-0.1271,0.4337,1,1,1,1,1,11.2,54.0,
2026-07-23 18:53:34.179,0.1744,0.2917,0.2138,0.1693,0.3731,0.3247,0.3166,0.3767,0.2516,0.1358,0.1671,0.2498,0.1757,0.2002,0.2556,0.175,0.0251,0.0476,0.0468,0.0293,3292.3443,3310.0733,3311.685,3289.1209,-0.9713,-0.0652,-0.136,-1.0542,-0.4187,0.3365,1,1,1,1,1,11.2,54.9,
2026-07-23 18:53:35.200,0.1653,0.307,0.1882,0.1804,0.3498,0.3219,0.3082,0.3794,0.2899,0.1264,0.174,0.2436,0.1694,0.1967,0.2819,0.1671,0.0257,0.048,0.0477,0.0296,3313.6996,3324.9817,3320.9524,3308.4615,-0.9737,-0.0635,-0.1369,-0.9496,-0.1645,0.4112,1,1,1,1,1,11.2,56.0,
2026-07-23 18:53:36.205,0.1747,0.2989,0.2222,0.1914,0.3259,0.3114,0.2555,0.3525,0.3039,0.1362,0.182,0.2689,0.1683,0.2049,0.2849,0.1558,0.0272,0.0487,0.0554,0.0314,3318.9377,3298.3883,3310.8791,3318.5348,-0.9714,-0.0718,-0.1372,-0.8299,-0.0822,-0.0897,1,1,1,1,1,11.2,56.4,
2026-07-23 18:53:37.219,0.1594,0.2667,0.2266,0.1793,0.3335,0.3037,0.2463,0.3466,0.3078,0.1635,0.1828,0.2699,0.1758,0.2151,0.289,0.1778,0.0236,0.051,0.0553,0.0264,3311.685,3328.6081,3295.9707,3306.044,-0.9724,-0.0642,-0.1429,-1.0094,0.1869,0.6879,1,1,1,1,1,11.2,55.9,
2026-07-23 18:53:38.228,0.1491,0.243,0.2349,0.1836,0.3626,0.3224,0.2474,0.342,0.2895,0.1658,0.1767,0.2556,0.1771,0.2177,0.289,0.1944,0.0217,0.0511,0.0521,0.0243,3286.7033,3337.4725,3295.1648,3300.4029,-0.973,-0.0784,-0.1344,-0.8075,-0.2692,0.1122,1,1,1,1,1,11.2,55.2,
2026-07-23 18:53:39.240,0.1466,0.2354,0.2363,0.1802,0.3739,0.319,0.2449,0.3423,0.285,0.1665,0.178,0.2531,0.1746,0.2253,0.2895,0.1996,0.0199,0.0538,0.0512,0.0248,3269.3773,3292.7473,3323.37,3279.4505,-0.9734,-0.0746,-0.1326,-0.8897,-0.3514,0.1271,1,1,1,1,1,11.2,55.1,
2026-07-23 18:53:40.259,0.1435,0.224,0.2493,0.185,0.3774,0.342,0.2402,0.3322,0.2808,0.1563,0.1793,0.255,0.1782,0.2225,0.285,0.2019,0.0202,0.0552,0.0463,0.0259,3291.5385,3297.1795,3320.9524,3289.5238,-0.9777,-0.068,-0.1378,-0.9869,0.172,0.2019,1,1,1,1,1,11.2,55.5,
2026-07-23 18:53:41.283,0.1512,0.2182,0.2323,0.1876,0.3821,0.3355,0.2368,0.3484,0.2612,0.1579,0.1858,0.235,0.1839,0.2327,0.3,0.2026,0.0216,0.0556,0.0451,0.0263,3289.9267,3330.6227,3308.8645,3304.8352,-0.9689,-0.074,-0.1413,-1.1514,-0.2168,0.1346,1,1,1,1,1,11.2,55.9,
2026-07-23 18:53:42.300,0.1629,0.2118,0.2277,0.1789,0.3729,0.3294,0.2363,0.3566,0.2397,0.1551,0.1838,0.2226,0.2016,0.2455,0.3017,0.2161,0.0229,0.0581,0.0504,0.0258,3293.1502,3316.1172,3306.8498,3348.7546,-0.9743,-0.0707,-0.1369,-1.0019,-0.0598,0.2094,1,1,1,1,1,11.2,56.3,
2026-07-23 18:53:43.326,0.2008,0.2153,0.2132,0.1778,0.363,0.324,0.2496,0.3465,0.2108,0.1661,0.1902,0.2228,0.2035,0.2411,0.2971,0.2267,0.022,0.0534,0.0499,0.0263,3316.1172,3306.8498,3308.4615,3310.8791,-0.97,-0.0696,-0.1386,-0.9795,0.0449,0.1196,1,1,1,1,1,11.2,56.5,
2026-07-23 18:53:44.354,0.1999,0.2197,0.1687,0.1777,0.3503,0.3121,0.2914,0.344,0.2215,0.1789,0.2257,0.2299,0.2073,0.2402,0.2715,0.2251,0.021,0.0491,0.0426,0.0234,3333.8462,3301.2088,3324.1758,3341.9048,-0.976,-0.0661,-0.137,-1.0393,-0.0523,0.1794,1,1,1,1,1,11.2,56.5,
2026-07-23 18:53:45.374,0.2039,0.245,0.1694,0.1986,0.3467,0.2829,0.2933,0.3338,0.2315,0.1806,0.2471,0.2532,0.1948,0.2425,0.2476,0.1866,0.0232,0.0491,0.0425,0.0277,3314.1026,3571.1722,3394.2857,3349.9634,-0.9744,-0.0705,-0.1516,-1.7346,0.1421,0.2019,1,1,4,1,1,11.2,56.3,
2026-07-23 18:53:46.385,0.2221,0.7325,0.4683,0.2053,0.3169,0.2301,0.261,0.3294,0.2191,0.0184,0.1008,0.2466,0.2163,0.015,0.1377,0.1902,0.0257,0.0041,0.0322,0.0285,3271.7949,3282.674,3285.0916,3231.9048,-0.9737,-0.0691,-0.1371,-1.0243,-0.0523,0.2841,1,1,4,1,1,11.1,55.6,
2026-07-23 18:53:47.396,0.2688,0.7261,0.5758,0.2516,0.3062,0.2169,0.2706,0.3384,0.2023,0.0338,0.0634,0.2105,0.1978,0.0194,0.0731,0.174,0.0249,0.0038,0.017,0.0256,3346.337,3295.1648,3327.8022,3341.0989,-0.9744,-0.0758,-0.136,-1.0393,0.0374,0.0822,1,1,2,1,1,11.1,54.6,
2026-07-23 18:53:48.415,0.2459,0.723,0.5654,0.2297,0.44,0.2178,0.2753,0.4056,0.1723,0.0351,0.069,0.1985,0.1257,0.0203,0.0738,0.1473,0.0161,0.0038,0.0166,0.019,3325.7875,3324.1758,3334.2491,3315.3114,-0.9747,-0.0742,-0.1392,-0.8897,-0.3514,0.1271,1,1,1,1,1,11.1,53.7,
2026-07-23 18:53:49.430,0.2105,0.7225,0.5442,0.2044,0.4968,0.218,0.2867,0.4668,0.1762,0.0353,0.0779,0.1851,0.1036,0.0203,0.0754,0.1274,0.0129,0.0038,0.0158,0.0164,3316.1172,3291.1355,3327.3993,3335.4579,-0.9739,-0.0735,-0.1356,-1.0243,-0.0748,0.2841,1,1,1,1,1,11.1,54.0,
2026-07-23 18:53:50.455,0.2059,0.7225,0.5438,0.192,0.5024,0.218,0.2867,0.4659,0.1779,0.0353,0.0787,0.1944,0.0998,0.0203,0.075,0.1304,0.0139,0.0038,0.0158,0.0173,3252.4542,3321.3553,3324.5788,3269.3773,-0.9748,-0.0748,-0.1369,-0.9869,-0.2841,0.0972,1,1,1,1,1,11.1,55.4,
2026-07-23 18:53:51.483,0.1908,0.7223,0.5449,0.1979,0.5024,0.2181,0.2859,0.4613,0.1712,0.0353,0.0788,0.1858,0.12,0.0203,0.0748,0.1376,0.0157,0.0039,0.0156,0.0174,3312.4908,3342.7106,3337.8755,3304.4322,-0.9725,-0.0698,-0.1362,-0.9869,-0.0523,0.0523,1,1,1,1,1,11.1,58.8,
2026-07-23 18:53:52.498,0.1827,0.7224,0.5477,0.1837,0.4929,0.2181,0.2834,0.4611,0.1631,0.0352,0.0743,0.1735,0.1455,0.0203,0.0788,0.1635,0.0158,0.0039,0.0158,0.0181,3282.674,3297.9853,3253.663,3234.7253,-0.9745,-0.0707,-0.1377,-1.0094,-0.1047,0.1645,1,1,1,1,1,11.1,59.4,
2026-07-23 18:53:53.511,0.1785,0.7218,0.5457,0.1776,0.4802,0.2183,0.2827,0.4584,0.1744,0.0355,0.0757,0.1754,0.1515,0.0204,0.0799,0.1711,0.0153,0.0039,0.016,0.0175,3293.1502,3302.8205,3298.7912,3280.6593,-0.9712,-0.0713,-0.1386,-0.9944,-0.2393,0.1421,1,1,1,1,1,11.1,58.9,
2026-07-23 18:53:54.535,0.1753,0.6877,0.5159,0.1731,0.4904,0.2063,0.296,0.4609,0.1819,0.0665,0.0963,0.1847,0.1381,0.0347,0.0796,0.1652,0.0143,0.0048,0.0121,0.0161,3325.3846,3306.8498,3334.2491,3340.696,-0.9714,-0.0703,-0.1375,-1.0468,-0.3439,0.0972,1,1,1,1,1,11.1,57.7,
2026-07-23 18:53:55.552,0.1399,0.2621,0.3068,0.1381,0.495,0.304,0.3226,0.4512,0.1886,0.2442,0.1891,0.2089,0.1623,0.1589,0.1598,0.186,0.0142,0.0308,0.0217,0.0157,3307.6557,3324.5788,3330.2198,3312.8938,-0.9759,-0.074,-0.1398,-1.0243,-0.2617,0.1869,1,1,1,1,1,11.1,56.4,
2026-07-23 18:53:56.568,0.12,0.1767,0.2758,0.1354,0.3995,0.2727,0.3173,0.4166,0.2213,0.3121,0.1966,0.2154,0.2388,0.1954,0.1829,0.2138,0.0205,0.0431,0.0274,0.0187,3308.8645,3305.2381,3320.9524,3321.7582,-0.9769,-0.0717,-0.142,-1.129,0.0449,0.2243,1,1,1,1,1,11.1,56.2,
2026-07-23 18:53:57.587,0.1459,0.2051,0.1886,0.1616,0.2732,0.2572,0.2666,0.3379,0.2422,0.3025,0.2397,0.2357,0.3131,0.1892,0.2596,0.2446,0.0256,0.0459,0.0455,0.0201,3280.2564,3316.1172,3296.7766,3270.1832,-0.9764,-0.0746,-0.1405,-1.0916,0.1869,0.3888,1,1,1,1,1,11.1,56.0,
2026-07-23 18:53:58.614,0.1472,0.2054,0.2002,0.169,0.2564,0.2462,0.2661,0.3329,0.2528,0.3078,0.2389,0.2398,0.3203,0.1961,0.2505,0.239,0.0234,0.0445,0.0444,0.0194,3339.4872,3330.6227,3337.0696,3346.7399,-0.9717,-0.0615,-0.1335,-1.0692,-0.4636,0.2617,1,1,1,1,1,11.1,55.4,
2026-07-23 18:53:59.629,0.1601,0.2097,0.1974,0.149,0.2813,0.2221,0.2474,0.3167,0.2733,0.3336,0.284,0.3089,0.264,0.1957,0.2294,0.2067,0.0212,0.0389,0.0419,0.0187,3286.3004,3316.1172,3316.9231,3302.8205,-0.9756,-0.0689,-0.1398,-1.0542,0.4411,0.2168,1,1,1,1,1,11.1,54.7,
2026-07-23 18:54:00.659,0.1815,0.2217,0.2026,0.1757,0.3394,0.2255,0.25,0.3246,0.2534,0.3341,0.2944,0.3112,0.2075,0.1845,0.2118,0.1723,0.0182,0.0341,0.0411,0.016,3303.2234,3306.044,3312.8938,3289.5238,-0.9763,-0.0693,-0.1375,-1.0617,0.0897,0.329,1,1,1,1,1,11.1,54.5,
2026-07-23 18:54:01.691,0.1801,0.2339,0.213,0.1767,0.3898,0.246,0.2505,0.3358,0.2211,0.3062,0.2745,0.31,0.1913,0.1807,0.2191,0.1624,0.0178,0.0332,0.0429,0.0151,3329.011,3296.3736,3312.8938,3266.1538,-0.9777,-0.0744,-0.1365,-1.1739,0.1869,0.3888,1,1,1,1,1,11.1,54.6,
2026-07-23 18:54:02.699,0.1796,0.1943,0.2034,0.1737,0.3808,0.2524,0.2315,0.3414,0.2283,0.3121,0.2875,0.3069,0.1935,0.2039,0.2292,0.163,0.0177,0.0373,0.0484,0.015,3314.1026,3299.5971,3330.6227,3362.0513,-0.9727,-0.0666,-0.1392,-0.9421,0.4486,0.6729,1,1,1,1,1,11.1,54.8,
2026-07-23 18:54:03.744,0.1996,0.2115,0.1852,0.1873,0.3926,0.2658,0.2324,0.3496,0.2146,0.263,0.3002,0.3006,0.1737,0.2167,0.2284,0.1464,0.0194,0.043,0.0538,0.0161,3343.1136,3331.4286,3309.6703,3333.0403,-0.975,-0.0691,-0.1376,-0.9196,-0.4037,0.1421,1,1,1,1,1,11.1,55.0,
2026-07-23 18:54:04.759,0.1991,0.1919,0.1897,0.1853,0.3961,0.2741,0.2171,0.3377,0.21,0.2579,0.3109,0.3143,0.1738,0.2291,0.2252,0.1451,0.021,0.0471,0.0572,0.0175,3290.3297,3341.9048,3299.1941,3280.6593,-0.9741,-0.0706,-0.1399,-1.0094,-0.1495,0.2393,1,1,1,1,1,11.1,55.4,
2026-07-23 18:54:05.774,0.2046,0.1786,0.2066,0.194,0.4067,0.2799,0.225,0.3498,0.2001,0.2718,0.3064,0.3067,0.1693,0.2275,0.213,0.1335,0.0193,0.0422,0.0489,0.016,3347.1429,3324.1758,3323.7729,3372.1245,-0.9752,-0.0717,-0.1387,-0.9122,-0.0224,0.0822,1,1,1,1,1,11.1,56.1,
2026-07-23 18:54:06.787,0.1671,0.1689,0.1806,0.1839,0.4144,0.2915,0.2502,0.3752,0.2591,0.3089,0.3278,0.3162,0.1442,0.1965,0.1993,0.1124,0.0152,0.0342,0.0421,0.0123,3263.3333,3294.7619,3276.63,3227.4725,-0.9724,-0.0755,-0.1365,-1.0767,0.2991,0.2617,1,1,1,1,1,11.1,56.9,
2026-07-23 18:54:07.797,0.1967,0.172,0.1778,0.2209,0.3871,0.296,0.2944,0.3991,0.2531,0.3202,0.2882,0.2588,0.1508,0.1824,0.2,0.1104,0.0123,0.0293,0.0396,0.0107,3279.0476,3289.9267,3317.7289,3285.8974,-0.977,-0.0702,-0.1409,-1.0767,0.0748,0.2766,1,1,1,1,1,11.1,57.2,
2026-07-23 18:54:08.814,0.2102,0.1592,0.1806,0.2241,0.3597,0.2707,0.2925,0.4029,0.2813,0.3534,0.2965,0.2587,0.1369,0.1865,0.1929,0.1035,0.0119,0.0302,0.0376,0.0109,3316.9231,3314.9084,3325.3846,3322.1612,-0.9733,-0.0687,-0.1354,-0.9122,-0.1944,0.0598,1,1,1,1,1,11.1,56.9,
2026-07-23 18:54:09.828,0.2169,0.163,0.1706,0.2328,0.3469,0.2687,0.3049,0.3934,0.2806,0.349,0.2958,0.2522,0.1437,0.1892,0.1919,0.1106,0.0119,0.03,0.0368,0.011,3313.2967,3313.2967,3302.4176,3316.1172,-0.9771,-0.0712,-0.1336,-1.0393,0.0075,0.172,1,1,1,1,1,11.1,56.4,
2026-07-23 18:54:10.842,0.2223,0.1789,0.1631,0.2465,0.351,0.2785,0.3386,0.3939,0.2735,0.3273,0.278,0.2409,0.1423,0.1856,0.1851,0.1077,0.0109,0.0297,0.0352,0.0109,3287.1062,3305.641,3271.3919,3267.3626,-0.9733,-0.0673,-0.1349,-0.8972,0.0299,0.1271,1,1,1,1,1,11.1,56.3,
2026-07-23 18:54:11.858,0.2245,0.1922,0.1529,0.2445,0.3534,0.2889,0.3495,0.3928,0.2795,0.3109,0.2815,0.2471,0.132,0.1786,0.182,0.105,0.0107,0.0293,0.0341,0.0106,3333.8462,3327.8022,3291.1355,3299.1941,-0.9717,-0.0665,-0.1354,-0.9944,-0.2692,0.2168,1,1,1,1,1,11.1,56.4,
2026-07-23 18:54:12.876,0.2009,0.1898,0.1359,0.2251,0.363,0.2919,0.3584,0.3984,0.2927,0.3159,0.2889,0.2612,0.1334,0.1747,0.1872,0.1057,0.0101,0.0277,0.0297,0.0096,3331.4286,3315.7143,3322.967,3340.696,-0.9745,-0.0655,-0.1411,-1.0168,0.0374,0.1869,1,1,1,1,1,11.1,56.4,
2026-07-23 18:54:13.896,0.1937,0.1895,0.1221,0.2002,0.3677,0.2911,0.3368,0.3862,0.2909,0.3129,0.3069,0.2782,0.138,0.1782,0.2039,0.1261,0.0098,0.0283,0.0304,0.0093,3310.4762,3318.1319,3305.641,3285.8974,-0.9747,-0.0685,-0.1385,-0.9421,0.0972,0.2243,1,1,1,1,1,11.1,56.1,
2026-07-23 18:54:14.915,0.2261,0.2001,0.1203,0.2122,0.3617,0.2922,0.3372,0.3891,0.2506,0.2771,0.2888,0.2433,0.1502,0.1973,0.2209,0.1448,0.0113,0.0333,0.0328,0.0106,3269.7802,3369.707,3325.3846,3269.7802,-0.9722,-0.0696,-0.1375,-1.0468,0.3215,0.0523,1,1,1,1,1,11.1,55.8,
2026-07-23 18:54:15.941,0.2138,0.2023,0.1393,0.2099,0.3635,0.3045,0.3048,0.3542,0.2571,0.2581,0.2909,0.2621,0.1516,0.1971,0.233,0.1621,0.014,0.038,0.032,0.0118,3244.7985,3298.7912,3318.9377,3290.3297,-0.9736,-0.0699,-0.1339,-1.0094,-0.0972,0.2243,1,1,1,1,1,11.1,55.6,
2026-07-23 18:54:16.961,0.3176,0.3762,0.2936,0.2028,0.3462,0.2591,0.271,0.3656,0.1936,0.1817,0.2242,0.2438,0.1306,0.1507,0.1901,0.1771,0.012,0.0323,0.0211,0.0107,3300.0,3326.9963,3264.1392,3215.3846,-0.975,-0.0713,-0.1367,-1.0168,-0.1271,0.2393,1,1,1,1,1,11.1,55.8,
2026-07-23 18:54:17.965,0.2839,0.3638,0.2963,0.1698,0.3109,0.2434,0.2633,0.356,0.2161,0.1774,0.2313,0.2756,0.1772,0.1832,0.1891,0.1885,0.0119,0.0322,0.0199,0.0101,3397.9121,3252.0513,3342.7106,3455.9341,-0.9713,-0.0708,-0.1499,-1.5402,0.3888,0.5608,1,1,1,1,1,11.1,56.5,
2026-07-23 18:54:18.982,0.2626,0.3482,0.286,0.1746,0.3142,0.2171,0.2508,0.3269,0.22,0.1909,0.2372,0.2768,0.1871,0.2063,0.2021,0.2066,0.016,0.0374,0.0239,0.015,3220.6227,3302.4176,3312.4908,3314.5055,-0.9692,-0.07,-0.1516,-0.972,-0.4112,0.2617,1,1,1,1,1,11.1,58.5,
2026-07-23 18:54:19.992,0.2256,0.3618,0.2642,0.1754,0.3203,0.1745,0.2239,0.2857,0.2175,0.2022,0.2442,0.2677,0.1973,0.2106,0.2233,0.2332,0.0393,0.0508,0.0444,0.0379,3303.6264,3325.3846,3342.3077,3309.2674,-0.9714,-0.0662,-0.1512,-0.972,-0.1495,0.1271,1,1,1,1,1,11.1,60.3,
2026-07-23 18:54:21.014,0.2168,0.3477,0.2599,0.1662,0.3124,0.1693,0.2072,0.2782,0.2205,0.2049,0.2344,0.2603,0.2083,0.2212,0.2475,0.2526,0.0419,0.0569,0.0511,0.0426,3295.1648,3317.7289,3271.7949,3270.1832,-0.9702,-0.0734,-0.1465,-0.957,-0.0673,0.3065,1,1,1,1,1,11.0,62.1,
2026-07-23 18:54:22.058,0.2092,0.3352,0.2458,0.1594,0.3047,0.1694,0.2027,0.2748,0.2301,0.2034,0.2282,0.2638,0.2141,0.2351,0.2723,0.2587,0.0419,0.0568,0.0511,0.0433,3282.2711,3310.8791,3315.3114,3291.5385,-0.9762,-0.0721,-0.1504,-0.972,-0.2318,0.2318,1,1,1,1,1,11.0,63.0,
2026-07-23 18:54:23.075,0.1976,0.3278,0.2444,0.1448,0.3023,0.1716,0.1938,0.2581,0.2344,0.1946,0.22,0.281,0.2251,0.2489,0.2887,0.273,0.0406,0.057,0.053,0.0432,3266.5568,3298.7912,3307.2527,3277.033,-0.9702,-0.0764,-0.1498,-1.0542,0.1495,0.2243,1,1,1,1,1,11.0,63.5,
2026-07-23 18:54:24.085,0.1783,0.3081,0.226,0.1262,0.3084,0.1793,0.1985,0.2569,0.238,0.193,0.2177,0.2892,0.2341,0.262,0.2986,0.2822,0.0413,0.0577,0.0592,0.0455,3265.348,3295.5678,3286.7033,3267.7656,-0.974,-0.0775,-0.1567,-1.0692,0.0748,0.2393,1,1,1,1,1,11.0,64.3,
2026-07-23 18:54:25.099,0.0981,0.1939,0.0721,0.1147,0.317,0.2001,0.2041,0.2388,0.2624,0.2171,0.2512,0.2953,0.2731,0.3204,0.3866,0.2995,0.0494,0.0685,0.086,0.0516,3292.7473,3320.1465,3323.7729,3315.7143,-0.9709,-0.07,-0.148,-0.957,0.0299,0.2542,1,1,1,1,1,11.0,51.8,
2026-07-23 18:54:26.112,0.1092,0.2024,0.068,0.1245,0.3417,0.2044,0.2137,0.2433,0.248,0.2224,0.2324,0.277,0.248,0.2972,0.3931,0.299,0.0531,0.0736,0.0928,0.0562,3319.7436,3318.9377,3315.3114,3316.1172,-0.9733,-0.0674,-0.1407,-1.0617,0.1495,0.2393,1,1,1,1,1,11.0,51.4,
2026-07-23 18:54:27.130,0.1181,0.2092,0.0785,0.0979,0.3359,0.2214,0.2147,0.2589,0.2479,0.2068,0.2252,0.2874,0.2456,0.2917,0.3916,0.2987,0.0525,0.0709,0.09,0.0571,3273.8095,3289.5238,3295.5678,3283.8828,-0.9733,-0.0734,-0.1423,-1.0617,-0.0822,0.2019,1,1,1,1,1,11.0,51.2,
2026-07-23 18:54:28.150,0.147,0.1329,0.0903,0.0777,0.3421,0.286,0.2617,0.2977,0.247,0.1927,0.2017,0.2882,0.2418,0.3295,0.3841,0.3031,0.0221,0.0589,0.0622,0.0333,3305.641,3326.1905,3304.8352,3296.3736,-0.9762,-0.0689,-0.1387,-1.0243,-0.2168,0.2467,1,1,1,1,1,11.0,51.2,
2026-07-23 18:54:29.167,0.1776,0.1484,0.1056,0.0904,0.3585,0.2832,0.2867,0.3053,0.2106,0.1593,0.1923,0.2896,0.2342,0.3545,0.3552,0.2849,0.0191,0.0547,0.0602,0.0298,3349.1575,3327.3993,3322.1612,3348.7546,-0.9723,-0.0691,-0.1402,-0.9645,-0.314,0.1271,1,1,1,1,1,11.0,51.1,
2026-07-23 18:54:30.188,0.2211,0.1847,0.1296,0.1534,0.3744,0.307,0.3376,0.3323,0.1782,0.1433,0.1707,0.2397,0.2078,0.3109,0.2934,0.2455,0.0185,0.0541,0.0687,0.0291,3316.1172,3324.5788,3274.2125,3268.1685,-0.9733,-0.0722,-0.1423,-0.9122,-0.2542,0.2318,1,1,1,1,1,11.0,51.0,
2026-07-23 18:54:31.205,0.2214,0.2003,0.1288,0.1533,0.3519,0.3039,0.3499,0.3318,0.1843,0.1282,0.1578,0.2257,0.2228,0.3134,0.3004,0.2623,0.0196,0.0542,0.0631,0.0269,3320.1465,3302.4176,3291.9414,3307.2527,-0.9677,-0.0663,-0.1404,-0.957,-0.2766,0.172,1,1,1,1,1,11.0,51.0,
2026-07-23 18:54:32.222,0.2087,0.1857,0.1213,0.1439,0.3153,0.2808,0.3572,0.3363,0.2378,0.1346,0.1593,0.2295,0.221,0.3428,0.3025,0.2676,0.0172,0.0561,0.0596,0.0226,3324.5788,3297.1795,3328.6081,3343.5165,-0.9717,-0.0723,-0.136,-1.0019,-0.0972,0.1944,1,1,1,1,1,11.0,51.1,
2026-07-23 18:54:33.233,0.1966,0.1975,0.1157,0.1457,0.3057,0.2658,0.3535,0.337,0.267,0.1491,0.1713,0.2378,0.2153,0.3305,0.3014,0.2596,0.0154,0.0571,0.0581,0.0199,3337.4725,3334.652,3300.4029,3332.6374,-0.972,-0.0673,-0.1335,-1.0243,-0.2393,0.3514,1,1,1,1,1,11.0,51.1,
2026-07-23 18:54:34.247,0.1878,0.1895,0.1248,0.1459,0.2958,0.2669,0.3218,0.3168,0.2887,0.1544,0.181,0.2644,0.2127,0.3299,0.3187,0.2548,0.0151,0.0593,0.0537,0.0181,3331.8315,3322.5641,3293.956,3316.5201,-0.9753,-0.0649,-0.1313,-0.9645,-0.3664,0.2243,1,1,1,1,1,11.0,51.1,
2026-07-23 18:54:35.265,0.1661,0.1834,0.1337,0.1172,0.2897,0.2587,0.3168,0.3418,0.3024,0.1645,0.1726,0.2647,0.2257,0.3343,0.3223,0.2577,0.016,0.0591,0.0545,0.0186,3322.1612,3328.2051,3325.7875,3299.5971,-0.97,-0.0717,-0.1387,-0.957,-0.2243,0.1794,1,1,1,1,1,11.0,51.8,
2026-07-23 18:54:36.282,0.1508,0.1935,0.1307,0.1169,0.278,0.2339,0.2999,0.332,0.3181,0.1843,0.1691,0.2704,0.2361,0.3331,0.3443,0.2618,0.017,0.0552,0.0561,0.0189,3326.1905,3343.1136,3320.5495,3299.1941,-0.9752,-0.0681,-0.1397,-0.9645,-0.1495,0.1944,1,1,1,1,1,11.0,53.5,
2026-07-23 18:54:37.296,0.1427,0.2141,0.148,0.114,0.2444,0.2258,0.3076,0.3147,0.3422,0.1983,0.1609,0.2804,0.2499,0.3073,0.3312,0.2693,0.0207,0.0545,0.0523,0.0216,3313.2967,3332.2344,3266.9597,3279.8535,-0.976,-0.067,-0.1376,-1.0243,-0.0299,0.2841,1,1,1,1,1,11.0,54.3,
2026-07-23 18:54:38.320,0.1039,0.198,0.1589,0.063,0.2325,0.2039,0.2994,0.3233,0.3782,0.2237,0.1657,0.3012,0.2605,0.3147,0.3236,0.2857,0.0249,0.0597,0.0525,0.0268,3279.8535,3300.4029,3297.9853,3269.3773,-0.9761,-0.0686,-0.1371,-0.9645,-0.1794,0.2094,1,1,1,1,1,11.0,54.3,
2026-07-23 18:54:39.329,0.1234,0.2051,0.1675,0.0804,0.2876,0.2218,0.2996,0.4116,0.3561,0.2247,0.1884,0.265,0.2055,0.287,0.2887,0.211,0.0274,0.0615,0.0557,0.032,3288.7179,3311.685,3279.0476,3285.8974,-0.9691,-0.0731,-0.1334,-0.972,-0.2168,0.0897,1,1,1,1,1,11.0,53.1,
2026-07-23 18:54:40.373,0.1762,0.2382,0.1901,0.1256,0.3211,0.2311,0.2733,0.4042,0.2699,0.2019,0.1865,0.2506,0.197,0.2632,0.2925,0.1824,0.0357,0.0656,0.0576,0.0372,3290.7326,3327.8022,3303.2234,3303.6264,-0.9709,-0.0703,-0.1339,-1.0468,-0.2168,0.2019,1,1,1,1,1,11.0,51.1,
2026-07-23 18:54:41.387,0.2321,0.2602,0.2466,0.1831,0.3158,0.2252,0.256,0.3807,0.2161,0.1946,0.1722,0.2381,0.1951,0.258,0.2722,0.1608,0.041,0.062,0.0529,0.0373,3321.7582,3300.0,3329.8168,3296.3736,-0.9703,-0.0718,-0.1357,-0.9944,-0.1196,0.2916,1,1,1,1,1,11.0,50.9,
2026-07-23 18:54:42.408,0.2657,0.2801,0.2541,0.1882,0.3267,0.2254,0.2642,0.3873,0.2062,0.2074,0.2093,0.2563,0.1654,0.2321,0.2248,0.1363,0.036,0.0551,0.0476,0.0318,3385.4212,3368.9011,3285.0916,3279.8535,-0.9729,-0.069,-0.1382,-1.0019,0.2841,0.2692,1,1,1,1,1,11.0,51.7,
2026-07-23 18:54:43.424,0.2882,0.2814,0.2639,0.2487,0.3511,0.2619,0.2736,0.3589,0.1841,0.2048,0.2315,0.2506,0.1464,0.201,0.1912,0.1161,0.0302,0.0508,0.0397,0.0257,3257.6923,3285.4945,3305.641,3283.0769,-0.9665,-0.0615,-0.1336,-0.9869,-0.1196,0.1869,1,1,1,1,1,11.0,53.3,
2026-07-23 18:54:44.433,0.2847,0.2541,0.2316,0.2537,0.3247,0.2688,0.2686,0.3851,0.2645,0.2741,0.2888,0.2545,0.1072,0.1641,0.18,0.0894,0.0189,0.0389,0.031,0.0173,3256.0806,3324.1758,3251.2454,3219.8168,-0.9744,-0.0697,-0.1347,-1.0094,0.015,0.314,1,1,1,1,1,11.0,54.3,
2026-07-23 18:54:45.447,0.2696,0.244,0.2183,0.2602,0.3281,0.2689,0.2606,0.3836,0.2869,0.2849,0.2963,0.2599,0.1,0.163,0.1916,0.0818,0.0154,0.0393,0.0333,0.0144,3273.4066,3284.2857,3335.0549,3319.7436,-0.9743,-0.0627,-0.137,-0.9869,-0.1122,0.4785,1,1,1,1,1,11.0,54.6,
2026-07-23 18:54:46.462,0.2799,0.2357,0.2098,0.265,0.3233,0.2556,0.2494,0.3727,0.281,0.302,0.316,0.2622,0.1016,0.1718,0.1893,0.0876,0.0142,0.0349,0.0355,0.0125,3332.2344,3317.326,3305.641,3325.7875,-0.9767,-0.0703,-0.1394,-1.0094,0.1421,0.1122,1,1,1,1,1,11.0,54.7,
2026-07-23 18:54:47.478,0.439,0.2855,0.2383,0.4253,0.2309,0.2147,0.2321,0.2388,0.2395,0.3264,0.3172,0.2508,0.0844,0.1543,0.1872,0.0787,0.0062,0.0191,0.0252,0.0063,3333.0403,3326.5934,3296.3736,3315.3114,-0.9771,-0.0686,-0.135,-1.0767,-0.0748,0.2094,1,1,1,1,1,11.0,54.9,
2026-07-23 18:54:48.506,0.4055,0.281,0.249,0.4022,0.2619,0.222,0.2354,0.2456,0.2432,0.3306,0.3128,0.2525,0.0846,0.1502,0.1786,0.0939,0.0049,0.0162,0.0242,0.0058,3258.4982,3303.6264,3337.0696,3327.8022,-0.9744,-0.0687,-0.134,-1.0991,0.0075,0.3514,1,1,1,1,1,11.0,55.3,
2026-07-23 18:54:49.528,0.3974,0.2719,0.2276,0.3846,0.2722,0.2324,0.2419,0.2556,0.241,0.3262,0.3209,0.2575,0.0847,0.153,0.1844,0.0959,0.0047,0.0165,0.0251,0.0063,3262.5275,3322.5641,3351.978,3287.1062,-0.9783,-0.0684,-0.1369,-1.0019,0.2393,0.0972,1,1,1,1,1,11.0,55.8,
2026-07-23 18:54:50.535,0.388,0.2536,0.2169,0.3806,0.268,0.2243,0.2484,0.2565,0.2552,0.3628,0.319,0.2567,0.084,0.1436,0.1912,0.0997,0.0048,0.0157,0.0245,0.0065,3279.0476,3275.8242,3277.4359,3296.3736,-0.9731,-0.0686,-0.1292,-0.9346,-0.1645,0.2617,1,1,1,1,1,11.0,56.3,
2026-07-23 18:54:51.553,0.3763,0.2435,0.2,0.3591,0.2642,0.2166,0.2432,0.2632,0.2672,0.378,0.3298,0.2651,0.0873,0.1454,0.2029,0.1063,0.0049,0.0165,0.0241,0.0064,3313.6996,3292.7473,3289.9267,3289.5238,-0.9716,-0.0636,-0.1348,-1.0318,0.0374,0.2243,1,1,1,1,1,11.0,57.0,
2026-07-23 18:54:52.565,0.3923,0.2527,0.2207,0.3805,0.2665,0.217,0.2465,0.2408,0.2413,0.354,0.2996,0.2566,0.0944,0.1576,0.205,0.1148,0.0055,0.0186,0.0282,0.0074,3323.7729,3325.3846,3329.8168,3302.0147,-0.974,-0.0653,-0.1371,-0.972,0.2766,0.314,1,1,1,1,1,11.0,57.1,
2026-07-23 18:54:53.578,0.3918,0.253,0.2222,0.3778,0.2739,0.2272,0.2423,0.2428,0.2337,0.3445,0.3011,0.2537,0.0951,0.1563,0.2079,0.1186,0.0056,0.0188,0.0266,0.0072,3310.4762,3309.6703,3331.0256,3328.2051,-0.973,-0.0648,-0.1326,-1.0243,0.1421,0.2393,1,1,1,1,1,11.0,56.6,
2026-07-23 18:54:54.597,0.3889,0.2573,0.2274,0.3759,0.2785,0.2444,0.251,0.246,0.2341,0.3276,0.2895,0.2535,0.0929,0.1496,0.2075,0.1172,0.0055,0.0211,0.0246,0.0073,3394.2857,3322.967,3309.6703,3314.5055,-0.9763,-0.0637,-0.1298,-1.129,0.0374,0.4112,1,1,1,1,1,11.0,55.3,
2026-07-23 18:54:55.618,0.1872,0.1982,0.1891,0.1663,0.4207,0.2947,0.285,0.3875,0.2616,0.3136,0.2747,0.2707,0.119,0.1589,0.2145,0.1618,0.0114,0.0346,0.0367,0.0137,3369.707,3339.8901,3331.4286,3366.8864,-0.977,-0.0611,-0.1306,-1.1066,-0.157,0.3065,1,1,1,1,1,11.0,54.4,
2026-07-23 18:54:56.652,0.2194,0.1971,0.1687,0.1574,0.3932,0.2849,0.3034,0.4213,0.2498,0.3092,0.2757,0.2657,0.1229,0.171,0.2159,0.1401,0.0147,0.0378,0.0363,0.0155,3339.8901,3308.0586,3316.9231,3310.8791,-0.9713,-0.0632,-0.1302,-0.9795,0.0374,0.2467,1,1,1,1,1,11.0,54.2,
2026-07-23 18:54:57.668,0.2341,0.1889,0.2173,0.2323,0.3572,0.271,0.2989,0.3992,0.2611,0.3225,0.2553,0.2255,0.134,0.1784,0.1943,0.1295,0.0136,0.0392,0.0343,0.0135,3300.0,3327.8022,3280.6593,3287.9121,-0.9735,-0.0629,-0.1301,-1.0019,-0.0523,0.1495,1,1,1,1,1,11.0,55.1,
2026-07-23 18:54:58.677,0.2428,0.2256,0.2322,0.2618,0.3704,0.3328,0.3168,0.3927,0.2188,0.1887,0.2181,0.1947,0.1538,0.2078,0.1942,0.1366,0.0141,0.045,0.0387,0.0142,3343.5165,3329.4139,3276.63,3296.7766,-0.9759,-0.0659,-0.1331,-1.1514,0.2617,0.2991,1,1,1,1,1,11.0,57.0,
2026-07-23 18:54:59.720,0.2648,0.2373,0.2385,0.278,0.3724,0.3332,0.3275,0.3817,0.2014,0.1627,0.1974,0.1807,0.1471,0.2203,0.1929,0.145,0.0144,0.0464,0.0436,0.0145,3327.3993,3313.6996,3324.5788,3329.8168,-0.9744,-0.0663,-0.136,-1.0991,0.2991,0.1944,1,1,1,1,1,11.0,59.0,
2026-07-23 18:55:00.692,0.2559,0.2455,0.2246,0.2633,0.3741,0.3241,0.3213,0.3633,0.1996,0.1657,0.2018,0.1883,0.1557,0.2176,0.206,0.1685,0.0147,0.047,0.0463,0.0166,3284.6886,3300.8059,3323.37,3295.9707,-0.9732,-0.0626,-0.1357,-0.972,-0.2766,0.1944,1,1,1,1,1,11.0,59.6,
2026-07-23 18:55:01.706,0.2589,0.2478,0.2226,0.2807,0.3518,0.2985,0.32,0.3487,0.2162,0.1786,0.206,0.1785,0.1586,0.2265,0.2035,0.1741,0.0145,0.0486,0.0479,0.018,3307.6557,3305.641,3293.1502,3297.9853,-0.9753,-0.0659,-0.1317,-0.9271,0.1047,0.2019,1,1,1,1,1,11.0,59.7,
2026-07-23 18:55:02.713,0.2511,0.2478,0.2471,0.2944,0.3685,0.2767,0.3421,0.3503,0.214,0.1843,0.1759,0.1635,0.1531,0.2407,0.1925,0.1738,0.0133,0.0505,0.0424,0.0179,3278.2418,3303.6264,3325.7875,3294.359,-0.9759,-0.0625,-0.1345,-0.957,-0.2692,0.1047,1,1,1,1,1,11.0,59.6,
2026-07-23 18:55:03.727,0.2268,0.2445,0.2556,0.3024,0.3974,0.2755,0.3315,0.3304,0.2054,0.1864,0.1862,0.1623,0.1564,0.2428,0.1866,0.1873,0.014,0.0507,0.0402,0.0175,3329.011,3291.1355,3314.1026,3341.0989,-0.9766,-0.0638,-0.1356,-1.0243,-0.2617,0.1196,1,1,1,1,1,11.0,59.3,
2026-07-23 18:55:04.738,0.199,0.2333,0.257,0.2926,0.3866,0.2964,0.3021,0.2753,0.2104,0.1853,0.197,0.191,0.1886,0.2335,0.2021,0.2246,0.0154,0.0516,0.0418,0.0165,3324.1758,3282.674,3297.5824,3326.5934,-0.9734,-0.0651,-0.132,-1.0168,-0.1122,0.1047,1,1,1,1,1,11.0,58.8,
2026-07-23 18:55:05.783,0.1739,0.2218,0.2091,0.2159,0.3872,0.2822,0.2797,0.2563,0.24,0.2283,0.2292,0.2442,0.1824,0.2186,0.2385,0.265,0.0166,0.0491,0.0435,0.0187,3261.7216,3280.6593,3299.1941,3278.2418,-0.9729,-0.0641,-0.1367,-0.957,-0.3738,0.2243,1,1,1,1,1,10.9,57.9,
2026-07-23 18:55:06.818,0.1401,0.1741,0.1719,0.1714,0.352,0.2349,0.2073,0.2153,0.3146,0.317,0.3581,0.3561,0.1782,0.2237,0.2291,0.2407,0.0151,0.0503,0.0335,0.0165,3345.5311,3329.4139,3339.4872,3365.6777,-0.9772,-0.0665,-0.1348,-1.0468,0.1346,0.1122,1,1,1,1,1,10.9,57.8,
2026-07-23 18:55:07.834,0.1237,0.1635,0.1748,0.1643,0.344,0.2208,0.1941,0.2177,0.3433,0.3508,0.3804,0.3755,0.1742,0.2148,0.2177,0.2254,0.0149,0.0501,0.033,0.0171,3265.348,3310.4762,3279.8535,3243.1868,-0.9705,-0.0665,-0.1318,-0.9645,-0.1047,0.1421,1,1,1,1,1,10.9,58.1,
2026-07-23 18:55:08.858,0.1343,0.1587,0.1829,0.1927,0.3402,0.2178,0.1942,0.226,0.3406,0.3559,0.388,0.3705,0.1705,0.2187,0.2042,0.1964,0.0144,0.0488,0.0307,0.0144,3353.5897,3269.3773,3366.0806,3423.6996,-0.9762,-0.0649,-0.1353,-0.9795,0.157,0.2542,1,1,1,1,1,10.9,58.7,
2026-07-23 18:55:09.868,0.1487,0.1486,0.1611,0.1675,0.3065,0.1892,0.1807,0.2046,0.3782,0.3937,0.4454,0.4561,0.1537,0.2261,0.1867,0.1601,0.0129,0.0424,0.026,0.0117,3264.1392,3298.3883,3306.044,3283.4799,-0.9739,-0.0634,-0.1324,-1.0617,-0.0523,0.2692,1,1,1,1,1,10.9,58.9,
2026-07-23 18:55:10.886,0.1604,0.1223,0.1109,0.1536,0.2689,0.1724,0.1272,0.1868,0.411,0.4689,0.5667,0.4938,0.1476,0.2022,0.1712,0.1545,0.0122,0.0342,0.024,0.0113,3255.2747,3306.4469,3287.9121,3258.9011,-0.9761,-0.0627,-0.1333,-1.0168,-0.1421,0.3664,1,1,1,1,1,10.9,58.9,
2026-07-23 18:55:11.899,0.1887,0.112,0.1067,0.156,0.2503,0.1755,0.1284,0.2309,0.4176,0.4809,0.5652,0.4743,0.1318,0.1991,0.1752,0.1276,0.0116,0.0325,0.0245,0.0112,3300.8059,3303.2234,3329.011,3320.5495,-0.9736,-0.062,-0.1335,-1.0468,-0.1346,0.2916,1,1,1,1,1,10.9,58.9,
2026-07-23 18:55:12.915,0.2026,0.1194,0.1164,0.1547,0.2696,0.1749,0.1354,0.2634,0.4174,0.483,0.549,0.4698,0.0999,0.1913,0.1738,0.1005,0.0105,0.0315,0.0254,0.0116,3344.3223,3310.0733,3303.2234,3346.337,-0.974,-0.0648,-0.1382,-0.9122,0.0972,0.1421,1,1,1,1,1,10.9,59.0,
2026-07-23 18:55:13.922,0.2687,0.1495,0.1262,0.2108,0.2772,0.1735,0.1501,0.2756,0.3579,0.4627,0.5327,0.407,0.0863,0.1826,0.1651,0.0952,0.0098,0.0317,0.0259,0.0114,3329.011,3306.8498,3322.5641,3345.9341,-0.9751,-0.0612,-0.1313,-0.9122,-0.1047,0.2094,1,1,1,1,1,10.9,59.3,
2026-07-23 18:55:14.942,0.3176,0.173,0.1585,0.2374,0.2859,0.1946,0.1745,0.3027,0.3068,0.4276,0.4856,0.3519,0.0789,0.1739,0.1544,0.095,0.0108,0.0309,0.027,0.0129,3334.2491,3315.3114,3310.4762,3333.0403,-0.9743,-0.065,-0.1285,-0.9346,0.1794,0.2019,1,1,1,1,1,10.9,59.5,
2026-07-23 18:55:15.957,0.3234,0.1772,0.1556,0.2495,0.2848,0.218,0.1788,0.2984,0.2983,0.4116,0.473,0.3441,0.0821,0.1642,0.1644,0.0947,0.0114,0.029,0.0283,0.0133,3374.5421,3309.2674,3305.641,3266.1538,-0.9747,-0.0654,-0.1339,-0.9346,-0.1271,0.1944,1,1,1,1,1,10.9,59.2,
2026-07-23 18:55:16.957,0.2858,0.1924,0.161,0.2059,0.2926,0.2376,0.1735,0.2744,0.3168,0.4044,0.4846,0.4163,0.0957,0.1396,0.1554,0.0916,0.009,0.0259,0.0255,0.0119,3314.5055,3336.2637,3324.5788,3334.2491,-0.9738,-0.0634,-0.1348,-0.972,0.0822,0.1645,1,1,1,1,1,10.9,58.6,
2026-07-23 18:55:18.010,0.2825,0.208,0.1834,0.2234,0.3495,0.2717,0.1901,0.3021,0.2631,0.3775,0.4459,0.3612,0.0957,0.1172,0.1537,0.1,0.0091,0.0257,0.0269,0.0133,3266.1538,3321.7582,3311.685,3278.2418,-0.9737,-0.0624,-0.1313,-0.9944,-0.4935,0.1495,1,1,1,1,1,10.9,58.3,
2026-07-23 18:55:19.020,0.2834,0.2216,0.233,0.2604,0.3475,0.2988,0.2265,0.2966,0.2636,0.338,0.3556,0.3335,0.0965,0.115,0.1556,0.097,0.009,0.0266,0.0292,0.0126,3253.663,3243.9927,3401.1355,3531.2821,-0.9737,-0.0635,-0.1282,-1.0692,-0.0299,0.3589,1,1,1,1,1,10.9,58.3,
2026-07-23 18:55:20.040,0.3866,0.2661,0.2838,0.3927,0.2892,0.2749,0.2359,0.2642,0.2336,0.3318,0.3217,0.2561,0.0837,0.1031,0.1341,0.0778,0.007,0.0241,0.0246,0.0092,3160.5861,3281.8681,3321.3553,3159.7802,-0.9754,-0.0627,-0.1279,-1.1066,-0.2318,0.2841,1,1,1,1,1,10.9,58.6,
2026-07-23 18:55:21.068,0.4219,0.3369,0.3372,0.4691,0.3288,0.3286,0.2656,0.3119,0.1842,0.2419,0.2634,0.1641,0.061,0.0757,0.1163,0.0501,0.004,0.017,0.0175,0.0048,3341.9048,3310.8791,3306.044,3353.9927,-0.9756,-0.0601,-0.1341,-0.9271,-0.4262,0.1421,1,1,1,1,1,10.9,58.7,
2026-07-23 18:55:22.083,0.3683,0.3267,0.3506,0.4426,0.3449,0.338,0.2799,0.3163,0.2101,0.2421,0.2472,0.1778,0.0731,0.0792,0.1074,0.0594,0.0036,0.0141,0.0149,0.004,3202.4908,3287.5092,3274.6154,3204.5055,-0.9755,-0.0643,-0.1317,-0.9869,-0.2243,0.1271,1,1,1,1,1,10.9,58.4,
2026-07-23 18:55:23.105,0.3437,0.315,0.3124,0.4103,0.3512,0.3335,0.3097,0.3283,0.2118,0.2452,0.2566,0.1907,0.0898,0.0937,0.1076,0.0674,0.0034,0.0126,0.0137,0.0033,3220.6227,3289.5238,3333.8462,3219.011,-0.9725,-0.0662,-0.1302,-1.0468,-0.0972,0.1346,1,1,1,1,1,10.9,57.9,
2026-07-23 18:55:24.125,0.311,0.2978,0.3167,0.3908,0.3379,0.3268,0.3084,0.2941,0.2553,0.2536,0.264,0.2392,0.0929,0.1101,0.1001,0.073,0.003,0.0117,0.0109,0.0029,3264.5421,3329.8168,3326.5934,3292.7473,-0.9771,-0.0662,-0.1335,-0.9944,-0.2019,0.3065,1,1,1,1,1,10.9,57.1,
2026-07-23 18:55:25.141,0.2959,0.2648,0.3086,0.3964,0.3325,0.3198,0.3106,0.2888,0.2664,0.2667,0.2472,0.2295,0.1021,0.1387,0.1236,0.0824,0.0031,0.01,0.0101,0.003,3333.8462,3335.8608,3321.3553,3332.6374,-0.9721,-0.0605,-0.1357,-1.0094,-0.0972,0.314,1,1,1,1,1,10.9,57.1,
2026-07-23 18:55:26.158,0.2682,0.2522,0.292,0.3563,0.3268,0.3148,0.3163,0.2843,0.3015,0.2745,0.256,0.2771,0.1008,0.1503,0.1258,0.0798,0.0027,0.0083,0.0099,0.0026,3311.2821,3333.0403,3311.2821,3273.4066,-0.9762,-0.0647,-0.1381,-0.8972,-0.1346,0.1495,1,1,1,1,1,10.9,57.7,
2026-07-23 18:55:27.167,0.2606,0.2511,0.2816,0.3375,0.339,0.3298,0.3229,0.2937,0.2913,0.2524,0.257,0.2842,0.1062,0.1583,0.1288,0.0819,0.0028,0.0084,0.0097,0.0027,3261.3187,3293.5531,3285.4945,3293.956,-0.975,-0.065,-0.14,-1.0617,0.1421,0.2692,1,1,1,1,1,10.9,58.2,
2026-07-23 18:55:28.186,0.1825,0.2149,0.2436,0.2709,0.3713,0.3413,0.3283,0.2977,0.3162,0.2504,0.2724,0.3173,0.1269,0.184,0.1449,0.1111,0.0032,0.0095,0.0108,0.0031,3330.2198,3339.0842,3289.1209,3307.6557,-0.9779,-0.0633,-0.1392,-1.0617,-0.0523,0.3065,1,1,1,1,1,10.9,57.9,
2026-07-23 18:55:29.194,0.0833,0.1379,0.1885,0.1674,0.3468,0.3047,0.323,0.2623,0.3924,0.3036,0.3079,0.407,0.1729,0.2416,0.1671,0.1585,0.0047,0.0122,0.0135,0.0048,3329.4139,3339.8901,3323.37,3345.9341,-0.978,-0.0687,-0.1373,-1.129,0.3215,0.2916,1,1,1,1,1,10.9,56.4,
2026-07-23 18:55:30.221,0.0741,0.1086,0.1498,0.1463,0.342,0.3005,0.3174,0.2517,0.3983,0.3023,0.3198,0.4265,0.18,0.2735,0.196,0.1696,0.0056,0.0151,0.0171,0.0059,3297.9853,3294.7619,3309.2674,3301.6117,-0.9744,-0.0669,-0.1342,-0.9496,-0.0523,0.1794,1,1,1,1,1,10.9,54.8,
2026-07-23 18:55:31.237,0.071,0.1083,0.1722,0.155,0.3438,0.3026,0.2794,0.2241,0.4107,0.2979,0.3125,0.4407,0.1683,0.2736,0.2151,0.1733,0.0063,0.0175,0.0207,0.0068,3304.8352,3325.7875,3306.8498,3287.5092,-0.9738,-0.0615,-0.1348,-0.957,-0.0299,0.1944,1,1,1,1,1,10.9,53.6,
2026-07-23 18:55:32.255,0.0632,0.1232,0.1365,0.0847,0.3778,0.3005,0.2853,0.2748,0.3634,0.2795,0.3044,0.426,0.1874,0.276,0.2469,0.2053,0.0083,0.0208,0.027,0.0092,3297.9853,3319.3407,3327.3993,3297.9853,-0.9718,-0.0624,-0.1306,-1.0393,0.0598,0.1944,1,1,1,1,1,10.9,53.1,
2026-07-23 18:55:33.282,0.0584,0.1222,0.1419,0.0534,0.4073,0.3176,0.3155,0.3108,0.3409,0.2263,0.2692,0.4054,0.1828,0.3013,0.2378,0.2192,0.0106,0.0327,0.0355,0.0112,3289.9267,3329.8168,3303.2234,3306.4469,-0.9772,-0.0645,-0.1311,-1.0318,0.0449,0.1346,1,1,1,1,1,10.9,53.3,
2026-07-23 18:55:34.287,0.0918,0.1259,0.1687,0.0776,0.4339,0.3125,0.3104,0.3519,0.1996,0.155,0.1778,0.2168,0.2577,0.3569,0.2946,0.3359,0.0171,0.0497,0.0485,0.0178,3286.7033,3320.1465,3290.7326,3298.7912,-0.975,-0.0632,-0.1351,-0.9944,-0.0897,0.2094,1,1,1,1,1,10.9,53.4,
2026-07-23 18:55:35.311,0.1041,0.1436,0.1824,0.0924,0.4095,0.2665,0.2802,0.3481,0.2155,0.1649,0.157,0.1512,0.2495,0.3681,0.329,0.3855,0.0214,0.0568,0.0514,0.0228,3314.9084,3307.6557,3280.2564,3291.9414,-0.9723,-0.0635,-0.1319,-1.0243,0.2841,0.172,1,1,1,1,1,10.9,53.2,
2026-07-23 18:55:36.350,0.1354,0.1489,0.2053,0.1196,0.422,0.2641,0.28,0.3586,0.2076,0.1912,0.1549,0.1789,0.2088,0.331,0.3056,0.3137,0.0261,0.0649,0.0543,0.0293,3295.1648,3285.8974,3276.2271,3266.9597,-0.9746,-0.0624,-0.1314,-0.9795,-0.0673,0.3813,1,1,1,1,1,10.9,52.3,
2026-07-23 18:55:37.367,0.1699,0.1747,0.2303,0.1712,0.3986,0.2829,0.2591,0.3212,0.1992,0.1733,0.1686,0.2094,0.2041,0.308,0.289,0.2662,0.0282,0.0612,0.0531,0.032,3311.2821,3289.9267,3286.7033,3308.0586,-0.9752,-0.0554,-0.1263,-1.0542,-0.2542,0.2243,1,1,1,1,1,10.9,51.7,
2026-07-23 18:55:38.394,0.1937,0.1712,0.2419,0.2408,0.406,0.3071,0.2638,0.3299,0.1943,0.1727,0.1668,0.206,0.1783,0.2914,0.2786,0.1955,0.0277,0.0576,0.0489,0.0279,3279.0476,3312.4908,3331.4286,3270.989,-0.9733,-0.0599,-0.1271,-1.0318,-0.3738,0.1869,1,1,1,1,1,10.9,51.3,
2026-07-23 18:55:39.408,0.1965,0.1651,0.2227,0.2392,0.3674,0.3074,0.2685,0.3377,0.2482,0.1778,0.1761,0.2139,0.1618,0.2932,0.2903,0.1856,0.0261,0.0565,0.0424,0.0237,3336.6667,3318.1319,3292.3443,3315.7143,-0.9727,-0.0685,-0.1328,-0.972,-0.0075,0.1122,1,1,1,1,1,10.9,50.9,
2026-07-23 18:55:40.436,0.2001,0.1693,0.1941,0.2181,0.3608,0.3186,0.2548,0.3411,0.2563,0.1849,0.1969,0.23,0.1575,0.2771,0.303,0.1882,0.0253,0.0502,0.0512,0.0226,3275.0183,3306.8498,3285.4945,3252.8571,-0.97,-0.056,-0.1313,-0.9645,-0.2841,-0.015,1,1,1,1,1,10.9,50.6,
2026-07-23 18:55:41.453,0.2016,0.174,0.1786,0.218,0.3363,0.3142,0.2396,0.3328,0.2697,0.1982,0.2192,0.2326,0.1645,0.2678,0.3073,0.1935,0.028,0.0458,0.0553,0.0231,3304.8352,3332.2344,3327.8022,3313.2967,-0.9769,-0.0664,-0.1324,-0.9795,0.1645,0.1346,1,1,1,1,1,10.9,50.8,
2026-07-23 18:55:42.463,0.1833,0.1621,0.1665,0.2032,0.3352,0.3179,0.2528,0.3268,0.2653,0.2003,0.2248,0.2261,0.1863,0.2736,0.3027,0.2181,0.0299,0.0462,0.0533,0.0258,3315.3114,3288.315,3302.0147,3278.2418,-0.9739,-0.0701,-0.1342,-1.0019,0.0075,0.2243,1,1,1,1,1,10.9,52.8,
2026-07-23 18:55:43.478,0.1522,0.1587,0.1596,0.1877,0.3212,0.3138,0.2614,0.3038,0.2632,0.195,0.2065,0.2346,0.2352,0.2862,0.3203,0.2483,0.0282,0.0463,0.0521,0.0254,3291.9414,3331.4286,3316.9231,3294.359,-0.9748,-0.0643,-0.134,-1.0991,0.0449,-0.0075,1,1,1,1,1,10.9,54.9,
2026-07-23 18:55:44.494,0.1294,0.1534,0.1458,0.1704,0.3211,0.3256,0.2578,0.3021,0.2546,0.1853,0.1988,0.2245,0.2696,0.2933,0.3466,0.2791,0.0253,0.0424,0.051,0.0238,3375.348,3350.7692,3335.4579,3360.8425,-0.9753,-0.0669,-0.1294,-1.1066,-0.3215,0.2094,1,1,1,1,1,10.8,55.9,
2026-07-23 18:55:45.509,0.1254,0.1606,0.1393,0.1528,0.324,0.3138,0.2659,0.3179,0.2488,0.1914,0.1963,0.2211,0.276,0.2897,0.3456,0.284,0.0257,0.0446,0.0529,0.0242,3322.5641,3322.1612,3321.7582,3335.8608,-0.9749,-0.066,-0.1325,-0.972,0.0972,0.0673,1,1,1,1,1,10.8,55.9,
2026-07-23 18:55:46.524,0.1318,0.1859,0.1325,0.1207,0.3154,0.3033,0.2787,0.3145,0.2498,0.183,0.1958,0.234,0.2783,0.2851,0.3385,0.3055,0.0247,0.0427,0.0546,0.0254,3287.9121,3334.2491,3258.9011,3253.2601,-0.9725,-0.0638,-0.13,-0.9944,-0.172,0.2916,1,1,1,1,1,10.8,55.3,
2026-07-23 18:55:47.546,0.1369,0.1677,0.1451,0.1359,0.3026,0.3311,0.2854,0.2945,0.2243,0.1803,0.1911,0.2338,0.3094,0.279,0.3209,0.3093,0.0269,0.0418,0.0574,0.0266,3281.0623,3311.685,3298.7912,3288.315,-0.9735,-0.0593,-0.1281,-0.9645,-0.3888,0.2243,1,1,1,1,1,10.8,54.6,
2026-07-23 18:55:48.562,0.1252,0.1745,0.1518,0.1644,0.3013,0.3379,0.3016,0.2925,0.2259,0.1645,0.1807,0.2201,0.3193,0.2809,0.3144,0.2979,0.0283,0.0422,0.0515,0.0252,3316.9231,3327.3993,3302.8205,3308.8645,-0.9755,-0.0656,-0.1358,-0.8673,0.0449,-0.1047,1,1,1,1,1,10.8,54.1,
2026-07-23 18:55:49.569,0.1517,0.1838,0.1544,0.1703,0.3105,0.3347,0.3166,0.3053,0.2072,0.1588,0.1727,0.2102,0.3053,0.2818,0.3044,0.2891,0.0254,0.0408,0.052,0.0252,3291.1355,3318.1319,3287.1062,3250.8425,-0.97,-0.0627,-0.1255,-1.0542,-0.2766,0.1869,1,1,1,1,1,10.8,53.4,
2026-07-23 18:55:50.592,0.1849,0.1904,0.1699,0.1934,0.3157,0.3434,0.2972,0.302,0.1994,0.1631,0.186,0.2225,0.2758,0.2641,0.2937,0.2585,0.0242,0.039,0.0533,0.0235,3310.0733,3314.5055,3322.5641,3295.5678,-0.9717,-0.0622,-0.1307,-0.8823,-0.329,-0.0224,1,1,1,1,1,10.8,51.8,
2026-07-23 18:55:51.612,0.2329,0.2093,0.2013,0.2298,0.3473,0.3535,0.3031,0.3406,0.1887,0.1568,0.1938,0.2111,0.2073,0.2414,0.2484,0.197,0.0239,0.0389,0.0534,0.0216,3311.685,3310.0733,3341.0989,3328.2051,-0.9741,-0.0676,-0.1344,-0.9496,0.1944,0.5757,1,1,1,1,1,10.8,50.8,
2026-07-23 18:55:52.621,0.2882,0.2129,0.2031,0.2667,0.3205,0.3439,0.3108,0.35,0.1963,0.1682,0.2006,0.2148,0.1697,0.2305,0.2323,0.1461,0.0253,0.0446,0.0532,0.0224,3319.3407,3324.1758,3333.8462,3322.967,-0.976,-0.0656,-0.1287,-1.0542,-0.1196,0.2766,1,1,1,1,1,10.8,50.7,
2026-07-23 18:55:53.640,0.3415,0.1989,0.1828,0.2928,0.2926,0.3547,0.3095,0.3407,0.1872,0.1704,0.235,0.2102,0.1553,0.231,0.2228,0.136,0.0234,0.0451,0.0499,0.0202,3277.8388,3300.4029,3331.0256,3309.6703,-0.9753,-0.0637,-0.1322,-0.9944,-0.1196,0.3215,1,1,1,1,1,10.8,51.8,
2026-07-23 18:55:54.657,0.3332,0.1891,0.182,0.3076,0.2973,0.3714,0.3253,0.3372,0.2016,0.1769,0.2465,0.2149,0.1463,0.2156,0.203,0.1208,0.0216,0.047,0.0432,0.0195,3359.6337,3358.8278,3334.2491,3362.8571,-0.9775,-0.0654,-0.1328,-1.0393,0.1794,0.3215,1,1,1,1,1,10.8,54.1,
2026-07-23 18:55:55.695,0.3501,0.2483,0.1989,0.3364,0.3109,0.3262,0.3488,0.3457,0.2023,0.175,0.2215,0.1905,0.1193,0.2056,0.1922,0.1113,0.0174,0.0449,0.0387,0.0162,3320.5495,3312.8938,3289.5238,3299.5971,-0.9704,-0.0627,-0.131,-1.0991,0.157,0.2467,1,1,1,1,1,10.8,55.1,
2026-07-23 18:55:56.714,0.3969,0.3056,0.1852,0.3559,0.317,0.2863,0.3858,0.3083,0.1771,0.2,0.2142,0.2241,0.0977,0.1731,0.1852,0.1013,0.0113,0.0351,0.0295,0.0105,3324.1758,3336.6667,3295.1648,3304.0293,-0.9764,-0.0657,-0.1336,-1.0393,-0.015,0.2692,1,1,1,1,1,10.8,55.4,
2026-07-23 18:55:57.742,0.3552,0.2792,0.1803,0.3392,0.2981,0.2652,0.3697,0.2961,0.2389,0.2568,0.2354,0.2638,0.0978,0.1631,0.1893,0.0923,0.01,0.0356,0.0254,0.0086,3318.9377,3324.1758,3288.315,3315.3114,-0.9738,-0.0623,-0.1308,-0.9869,0.0374,0.4187,1,1,1,1,1,10.8,55.3,
2026-07-23 18:55:58.757,0.3436,0.2825,0.1781,0.3326,0.3031,0.24,0.3738,0.3031,0.2417,0.2636,0.23,0.2652,0.1023,0.178,0.1938,0.0909,0.0093,0.0359,0.0242,0.0082,3301.6117,3285.4945,3308.0586,3298.7912,-0.9743,-0.0668,-0.1309,-0.957,-0.1047,0.1047,1,1,1,1,1,10.8,55.2,
2026-07-23 18:55:59.783,0.327,0.2786,0.1936,0.3288,0.3221,0.2368,0.3579,0.3029,0.2348,0.2598,0.2333,0.2648,0.1067,0.1886,0.1905,0.0944,0.0095,0.0361,0.0247,0.0092,3334.2491,3320.1465,3323.7729,3318.9377,-0.9777,-0.0614,-0.132,-1.0617,-0.0972,0.329,1,1,1,1,1,10.8,54.9,
2026-07-23 18:56:00.795,0.3192,0.2745,0.2015,0.3293,0.3347,0.255,0.3725,0.3055,0.2341,0.2564,0.2203,0.2605,0.1026,0.181,0.1827,0.0955,0.0095,0.0331,0.0229,0.0092,3328.2051,3299.1941,3324.9817,3323.37,-0.9761,-0.0662,-0.1307,-1.0767,-0.1421,0.2168,1,1,1,1,1,10.8,54.8,
2026-07-23 18:56:01.828,0.2924,0.2831,0.2147,0.3219,0.3554,0.244,0.3812,0.3088,0.2399,0.257,0.1938,0.2639,0.1021,0.18,0.186,0.096,0.0102,0.0359,0.0243,0.0093,3256.0806,3308.4615,3283.8828,3257.6923,-0.9711,-0.0601,-0.1357,-1.0393,-0.1944,0.3963,1,1,1,1,1,10.8,54.5,
2026-07-23 18:56:02.840,0.2903,0.282,0.202,0.2991,0.3662,0.2341,0.3685,0.3281,0.2259,0.2639,0.2005,0.2627,0.1071,0.1848,0.1986,0.1001,0.0105,0.0352,0.0304,0.01,3305.641,3292.3443,3297.1795,3322.1612,-0.9722,-0.0604,-0.1257,-0.9047,-0.3664,-0.1122,1,1,1,1,1,10.8,54.1,
2026-07-23 18:56:03.852,0.2727,0.2288,0.162,0.2632,0.3636,0.2137,0.307,0.318,0.2385,0.3408,0.3132,0.2991,0.114,0.1831,0.1891,0.1085,0.0112,0.0335,0.0287,0.0112,3380.1832,3333.0403,3372.9304,3409.1941,-0.9733,-0.0552,-0.1284,-1.0841,-0.3365,0.1869,1,1,1,1,1,10.8,53.8,
2026-07-23 18:56:04.882,0.2189,0.1795,0.1927,0.2308,0.3741,0.2266,0.2563,0.3405,0.255,0.3471,0.3243,0.2934,0.1357,0.2065,0.1934,0.1204,0.0163,0.0403,0.0333,0.015,3362.4542,3343.5165,3296.3736,3314.9084,-0.9788,-0.067,-0.1349,-0.9196,0.2766,0.4411,1,1,1,1,1,10.8,53.6,
2026-07-23 18:56:05.908,0.3577,0.1617,0.2851,0.3956,0.3452,0.2498,0.2198,0.2908,0.1782,0.3787,0.2885,0.1966,0.1066,0.1831,0.1845,0.1057,0.0122,0.0268,0.0221,0.0114,3320.1465,3317.326,3308.4615,3319.3407,-0.9767,-0.0624,-0.1357,-1.0692,0.0224,0.314,1,1,1,1,1,10.8,53.5,
2026-07-23 18:56:06.911,0.3482,0.1416,0.2793,0.4046,0.3119,0.2185,0.2046,0.2786,0.231,0.4588,0.3151,0.1978,0.0984,0.1591,0.1817,0.1087,0.0104,0.0219,0.0193,0.0104,3308.4615,3313.6996,3339.8901,3305.2381,-0.9726,-0.0676,-0.1318,-1.0318,-0.3589,0.1944,1,1,1,1,1,10.8,53.6,
2026-07-23 18:56:07.925,0.345,0.141,0.2637,0.4009,0.292,0.2146,0.2116,0.2673,0.2412,0.4625,0.3239,0.2082,0.1118,0.1602,0.1817,0.1142,0.01,0.0217,0.0191,0.0094,3281.8681,3288.315,3323.37,3323.7729,-0.9729,-0.0628,-0.1317,-0.9645,-0.1271,0.2393,1,1,1,1,1,10.8,53.9,
2026-07-23 18:56:08.936,0.3382,0.1502,0.2637,0.3946,0.2959,0.2098,0.1989,0.2676,0.2423,0.4568,0.3306,0.2114,0.1135,0.1616,0.1859,0.1173,0.01,0.0217,0.0208,0.009,3277.8388,3325.3846,3284.2857,3263.3333,-0.9788,-0.0581,-0.1321,-1.0019,0.1794,0.172,1,1,1,1,1,10.8,54.5,
2026-07-23 18:56:09.952,0.3456,0.1589,0.2654,0.3994,0.294,0.2124,0.204,0.2645,0.2363,0.4474,0.3268,0.2108,0.1144,0.1605,0.1832,0.1166,0.0097,0.0208,0.0206,0.0087,3283.8828,3305.641,3283.4799,3293.956,-0.9802,-0.0631,-0.1346,-0.8224,0.1869,0.2393,1,1,1,1,1,10.8,55.0,
2026-07-23 18:56:10.978,0.344,0.1784,0.2669,0.4033,0.2847,0.2144,0.2084,0.2601,0.2476,0.4294,0.3154,0.2119,0.1138,0.1573,0.1889,0.1161,0.01,0.0204,0.0203,0.0087,3330.6227,3314.5055,3335.8608,3342.3077,-0.9753,-0.061,-0.1309,-0.9645,0.1794,0.2692,1,1,1,1,1,10.8,55.2,
2026-07-23 18:56:11.996,0.3438,0.1816,0.2976,0.4229,0.2924,0.2375,0.2213,0.2706,0.2463,0.4002,0.2525,0.186,0.1074,0.159,0.2033,0.1111,0.01,0.0217,0.0253,0.0094,3327.3993,3324.1758,3308.0586,3310.8791,-0.9744,-0.0669,-0.1316,-1.0243,0.0075,0.1944,1,1,1,1,1,10.8,55.1,
2026-07-23 18:56:13.007,0.3226,0.1797,0.2864,0.4075,0.2949,0.2302,0.2109,0.2742,0.2577,0.4055,0.2573,0.1872,0.1104,0.1623,0.2179,0.1157,0.0144,0.0223,0.0275,0.0154,3296.7766,3339.8901,3270.989,3268.9744,-0.9763,-0.0649,-0.13,-0.9196,0.0374,0.1047,1,1,1,1,1,10.8,55.0,
2026-07-23 18:56:14.012,0.1863,0.2251,0.2153,0.2066,0.3509,0.2438,0.261,0.349,0.2967,0.3143,0.2351,0.2567,0.1446,0.1826,0.2419,0.162,0.0216,0.0343,0.0467,0.0257,3280.6593,3295.5678,3338.6813,3297.5824,-0.9777,-0.0655,-0.1318,-0.957,-0.0224,0.314,1,1,1,1,1,10.8,55.5,
2026-07-23 18:56:15.034,0.1728,0.2727,0.2063,0.1732,0.3941,0.3006,0.3022,0.3784,0.2364,0.1585,0.1803,0.2534,0.17,0.2204,0.2537,0.1662,0.0266,0.0478,0.0574,0.0288,3306.8498,3287.9121,3310.8791,3312.8938,-0.9732,-0.0626,-0.1295,-1.0617,-0.0374,0.2766,1,1,1,1,1,10.8,56.0,
2026-07-23 18:56:16.032,0.1843,0.2642,0.2324,0.1785,0.3942,0.3013,0.3069,0.4079,0.2406,0.1732,0.1549,0.2281,0.155,0.2146,0.2492,0.1569,0.0259,0.0467,0.0566,0.0285,3313.6996,3321.7582,3301.6117,3278.6447,-0.9762,-0.0646,-0.1339,-1.0692,-0.0374,0.2766,1,1,1,1,1,10.8,56.1,
2026-07-23 18:56:17.066,0.1713,0.2383,0.2287,0.1747,0.388,0.297,0.3007,0.3865,0.2486,0.1863,0.1497,0.2301,0.1661,0.2303,0.2599,0.1764,0.0261,0.0481,0.061,0.0323,3310.4762,3318.1319,3327.3993,3297.1795,-0.9742,-0.0707,-0.1298,-0.9944,-0.0822,0.1122,1,1,1,1,1,10.8,55.6,
2026-07-23 18:56:18.090,0.1887,0.1908,0.232,0.1971,0.4024,0.3412,0.2877,0.3733,0.2273,0.1908,0.1481,0.2201,0.1559,0.2325,0.2691,0.1764,0.0257,0.0448,0.063,0.0331,3350.3663,3278.2418,3322.5641,3380.1832,-0.9774,-0.0663,-0.1306,-1.0019,0.0374,-0.0075,1,1,1,1,1,10.8,55.3,
2026-07-23 18:56:19.122,0.229,0.1386,0.2349,0.2741,0.3506,0.399,0.2534,0.2757,0.2664,0.2071,0.1973,0.2791,0.1353,0.2181,0.26,0.1473,0.0186,0.0372,0.0545,0.0237,3348.3516,3319.7436,3297.1795,3330.2198,-0.973,-0.0647,-0.1292,-0.9421,-0.2766,0.2467,1,1,1,1,1,10.8,55.5,
2026-07-23 18:56:20.170,0.2635,0.1734,0.2294,0.3075,0.3158,0.377,0.2321,0.2125,0.2963,0.222,0.2849,0.3404,0.1115,0.1957,0.2147,0.1226,0.0129,0.0318,0.0389,0.017,3260.1099,3335.0549,3345.5311,3261.3187,-0.9753,-0.0687,-0.1316,-0.9421,0.0224,0.0673,1,1,1,1,1,10.8,56.3,
2026-07-23 18:56:21.230,0.3495,0.1592,0.266,0.3914,0.2926,0.4096,0.3137,0.2939,0.2618,0.2563,0.2426,0.2328,0.0898,0.1504,0.1529,0.0758,0.0063,0.0245,0.0248,0.006,3322.967,3330.6227,3305.2381,3302.4176,-0.9761,-0.0611,-0.1333,-0.9645,-0.0374,0.1944,1,1,1,1,1,10.8,56.7,
2026-07-23 18:56:22.271,0.3405,0.1623,0.2626,0.366,0.3001,0.4012,0.317,0.3164,0.2607,0.2608,0.2486,0.2415,0.0927,0.1529,0.1484,0.0707,0.0059,0.0229,0.0234,0.0055,3296.7766,3316.5201,3314.9084,3268.9744,-0.9755,-0.0638,-0.134,-0.9346,-0.0374,0.2841,1,1,1,1,1,10.8,56.0,
2026-07-23 18:56:23.321,0.3426,0.1803,0.2559,0.3665,0.294,0.3975,0.3154,0.3076,0.2607,0.2463,0.2516,0.2431,0.0969,0.1544,0.1521,0.0773,0.0059,0.0216,0.025,0.0056,3270.989,3312.0879,3302.4176,3269.7802,-0.9766,-0.0641,-0.1337,-1.0393,-0.172,0.2542,1,1,1,1,1,10.8,55.4,
2026-07-23 18:56:24.390,0.3488,0.199,0.2429,0.3645,0.293,0.3936,0.3225,0.3139,0.2549,0.2312,0.2556,0.2405,0.0968,0.1539,0.1538,0.0754,0.0064,0.0223,0.0252,0.0057,3307.6557,3312.4908,3320.1465,3312.8938,-0.9756,-0.0624,-0.1346,-1.0767,-0.1122,0.2841,1,1,1,1,1,10.8,55.7,
2026-07-23 18:56:25.410,0.352,0.2118,0.2439,0.3642,0.2876,0.3856,0.3241,0.3175,0.2591,0.2339,0.2588,0.24,0.0949,0.1463,0.1509,0.073,0.0064,0.0224,0.0223,0.0052,3343.5165,3322.1612,3323.7729,3320.5495,-0.9761,-0.0629,-0.1312,-1.0094,0.1794,0.2019,1,1,1,1,1,10.7,56.3,
2026-07-23 18:56:26.437,0.3539,0.2133,0.2414,0.3639,0.2815,0.3656,0.3256,0.322,0.2648,0.2487,0.2636,0.2393,0.0937,0.1474,0.1466,0.07,0.006,0.025,0.0229,0.0049,3321.7582,3324.9817,3304.8352,3304.4322,-0.973,-0.0627,-0.1321,-1.0468,-0.0075,0.2692,1,1,1,1,1,10.7,56.3,
2026-07-23 18:56:27.486,0.3587,0.2117,0.2486,0.3611,0.2895,0.321,0.3578,0.3474,0.2508,0.2869,0.2199,0.2148,0.0942,0.1519,0.1488,0.0717,0.0068,0.0286,0.0249,0.005,3276.63,3294.7619,3339.4872,3319.3407,-0.9741,-0.065,-0.128,-1.0094,-0.1794,0.2542,1,1,1,1,1,10.7,45.0,
2026-07-23 18:56:28.516,0.321,0.1878,0.2459,0.317,0.2991,0.3071,0.3531,0.3729,0.2659,0.3085,0.2082,0.2296,0.1055,0.1636,0.1616,0.0748,0.0084,0.033,0.0311,0.0057,3269.3773,3295.9707,3281.0623,3270.989,-0.976,-0.0645,-0.1366,-0.9122,-0.1271,0.015,1,1,1,1,1,10.7,49.0,
2026-07-23 18:56:29.541,0.2568,0.2187,0.1572,0.2458,0.317,0.2283,0.3011,0.3239,0.2714,0.2781,0.2201,0.2708,0.1409,0.2268,0.2626,0.1434,0.0139,0.0481,0.0589,0.0162,3331.0256,3281.0623,3300.4029,3310.8791,-0.9769,-0.0645,-0.1314,-1.0019,-0.0,0.1645,1,1,1,1,1,10.7,49.5,
2026-07-23 18:56:30.548,0.2486,0.2078,0.1728,0.2558,0.3156,0.2361,0.3288,0.3191,0.2726,0.2851,0.1923,0.256,0.1382,0.2177,0.2411,0.1392,0.025,0.0533,0.0651,0.0299,3306.4469,3310.4762,3321.3553,3310.0733,-0.9733,-0.0637,-0.1308,-0.9944,-0.0075,0.3215,1,1,1,1,1,10.7,49.8,
2026-07-23 18:56:31.619,0.2383,0.161,0.172,0.2534,0.3184,0.2678,0.3267,0.3144,0.2768,0.3097,0.1932,0.2664,0.128,0.2024,0.2329,0.1201,0.0385,0.059,0.0752,0.0458,3295.9707,3297.5824,3297.9853,3285.4945,-0.9745,-0.0658,-0.1257,-1.0094,0.2243,0.015,1,1,1,1,1,10.7,50.0,
2026-07-23 18:56:32.643,0.2414,0.1396,0.1779,0.271,0.326,0.2819,0.3076,0.2935,0.2821,0.3252,0.225,0.277,0.1153,0.1954,0.2153,0.1135,0.0353,0.058,0.0742,0.045,3291.5385,3299.5971,3328.6081,3293.956,-0.9757,-0.0658,-0.1323,-0.9346,0.0598,0.2168,1,1,1,1,1,10.7,50.1,
2026-07-23 18:56:33.653,0.2307,0.1193,0.1654,0.2595,0.3349,0.2877,0.3081,0.3101,0.285,0.3352,0.2372,0.2818,0.1155,0.2011,0.2193,0.1064,0.0339,0.0567,0.07,0.0421,3254.8718,3288.7179,3309.2674,3291.9414,-0.9738,-0.0678,-0.1311,-0.8897,0.4561,0.1271,1,1,1,1,1,10.7,50.2,
2026-07-23 18:56:34.671,0.1969,0.1448,0.1588,0.2196,0.3487,0.2661,0.3135,0.311,0.293,0.3255,0.2423,0.2975,0.1245,0.2073,0.2183,0.1243,0.037,0.0563,0.0671,0.0476,3300.0,3295.5678,3297.1795,3304.0293,-0.9727,-0.0569,-0.1291,-0.9421,-0.2991,0.0523,1,1,1,1,1,10.7,50.8,
2026-07-23 18:56:35.690,0.1995,0.1594,0.1828,0.2472,0.3953,0.2944,0.3173,0.3497,0.2198,0.2735,0.2193,0.2108,0.144,0.2129,0.2154,0.1419,0.0414,0.0599,0.0651,0.0504,3278.6447,3317.326,3317.7289,3291.5385,-0.9743,-0.0612,-0.1333,-0.9795,-0.1495,0.3664,1,1,1,1,1,10.7,53.6,
2026-07-23 18:56:36.705,0.1801,0.1782,0.1771,0.2368,0.3846,0.2941,0.33,0.3506,0.2268,0.2598,0.2195,0.2164,0.1631,0.2088,0.2095,0.1462,0.0455,0.0591,0.064,0.05,3291.9414,3310.8791,3292.7473,3291.9414,-0.9752,-0.0651,-0.1313,-0.9196,-0.3888,0.2841,1,1,1,1,1,10.7,55.5,
2026-07-23 18:56:37.717,0.1634,0.1879,0.1781,0.228,0.3689,0.2922,0.3012,0.3324,0.2533,0.2567,0.2396,0.23,0.1681,0.2018,0.2154,0.1595,0.0464,0.0614,0.0657,0.0501,3317.7289,3310.0733,3322.5641,3328.2051,-0.9768,-0.0585,-0.1309,-1.0318,-0.0299,0.2766,1,1,1,1,1,10.7,56.6,
2026-07-23 18:56:38.723,0.1674,0.1916,0.1959,0.2461,0.3631,0.2797,0.2752,0.3209,0.2647,0.2563,0.2495,0.2288,0.1738,0.2086,0.2199,0.1712,0.031,0.0639,0.0595,0.033,3334.2491,3315.7143,3311.685,3334.2491,-0.9705,-0.063,-0.1344,-1.0019,-0.1869,0.1944,1,1,1,1,1,10.7,57.2,
2026-07-23 18:56:39.743,0.1702,0.2034,0.2016,0.2552,0.3683,0.2548,0.2768,0.3224,0.2523,0.2422,0.2313,0.2208,0.1879,0.2333,0.227,0.1786,0.0213,0.0663,0.0633,0.023,3346.7399,3317.7289,3306.044,3341.5018,-0.9744,-0.0587,-0.1308,-1.0542,-0.2692,0.4486,1,1,1,1,1,10.7,57.7,
2026-07-23 18:56:40.753,0.1537,0.1961,0.1993,0.2235,0.3455,0.2421,0.2888,0.3233,0.2623,0.243,0.2078,0.2567,0.2147,0.2487,0.2357,0.1742,0.0239,0.0701,0.0684,0.0223,3252.8571,3323.37,3320.5495,3264.1392,-0.9754,-0.0663,-0.1326,-1.0318,-0.0523,0.0822,1,1,1,1,1,10.7,57.9,
2026-07-23 18:56:41.764,0.1615,0.1886,0.1982,0.2201,0.3261,0.2361,0.2854,0.2853,0.2547,0.2424,0.1972,0.262,0.2344,0.2616,0.2472,0.2113,0.0234,0.0713,0.072,0.0214,3276.2271,3306.4469,3281.4652,3201.2821,-0.9745,-0.0619,-0.1338,-1.0019,0.0673,0.0897,1,1,1,1,1,10.7,58.3,
2026-07-23 18:56:42.777,0.2065,0.2864,0.1853,0.1829,0.4276,0.2787,0.2997,0.4194,0.1781,0.1651,0.194,0.1941,0.1741,0.2196,0.2614,0.1908,0.0136,0.0502,0.0596,0.0128,3291.9414,3321.3553,3347.5458,3294.359,-0.9722,-0.0659,-0.1294,-1.0767,-0.2318,0.0449,1,1,1,1,1,10.7,58.7,
2026-07-23 18:56:43.806,0.2251,0.3043,0.161,0.1624,0.4201,0.2763,0.3057,0.4264,0.1597,0.148,0.2187,0.1922,0.1824,0.2247,0.2559,0.2073,0.0127,0.0467,0.0587,0.0117,3328.2051,3325.3846,3269.3773,3315.7143,-0.9709,-0.061,-0.1295,-1.0243,-0.3065,0.2318,1,1,1,1,1,10.7,58.9,
2026-07-23 18:56:44.820,0.2106,0.2712,0.1603,0.1521,0.3952,0.2589,0.325,0.3918,0.1846,0.1836,0.2192,0.225,0.1973,0.2421,0.2416,0.2197,0.0122,0.0442,0.0538,0.0114,3337.4725,3320.1465,3333.4432,3354.3956,-0.9756,-0.0623,-0.1332,-0.957,0.2019,0.5009,1,1,1,1,1,10.7,58.8,
2026-07-23 18:56:45.829,0.2181,0.2671,0.1549,0.15,0.3976,0.2631,0.3339,0.3864,0.1771,0.1836,0.2199,0.2314,0.1949,0.243,0.2378,0.2214,0.0123,0.0431,0.0535,0.0109,3262.9304,3315.3114,3339.8901,3326.1905,-0.9738,-0.0628,-0.1313,-0.957,-0.157,0.2318,1,1,1,1,1,10.7,58.9,
2026-07-23 18:56:46.845,0.2203,0.2611,0.1292,0.1338,0.4149,0.2788,0.3424,0.4023,0.1644,0.1854,0.2332,0.2335,0.1887,0.2357,0.2453,0.2211,0.0118,0.039,0.05,0.0093,3318.1319,3311.2821,3303.2234,3319.7436,-0.9743,-0.0645,-0.129,-1.0019,-0.015,0.2168,1,1,1,1,1,10.7,59.0,
2026-07-23 18:56:47.859,0.2298,0.2618,0.1324,0.1315,0.4152,0.2689,0.3316,0.3934,0.1615,0.2009,0.2498,0.2338,0.183,0.2331,0.2453,0.2331,0.0103,0.0353,0.0409,0.0082,3337.0696,3301.2088,3296.3736,3325.7875,-0.9733,-0.0648,-0.1308,-1.0318,-0.1495,0.0748,1,1,1,1,1,10.7,58.8,
2026-07-23 18:56:48.886,0.2297,0.2747,0.1371,0.1392,0.4252,0.2642,0.3241,0.3945,0.1574,0.1976,0.2562,0.2186,0.1768,0.2288,0.2411,0.2392,0.0108,0.0347,0.0416,0.0086,3265.7509,3295.5678,3296.3736,3250.8425,-0.9739,-0.0632,-0.1287,-0.9346,-0.2094,0.2467,1,1,1,1,1,10.7,45.0,
2026-07-23 18:56:49.893,0.2404,0.3104,0.1511,0.1457,0.4187,0.2606,0.3204,0.3937,0.1674,0.192,0.2627,0.2328,0.1631,0.2042,0.226,0.2184,0.0105,0.0328,0.0398,0.0094,3329.011,3312.0879,3323.7729,3329.4139,-0.9705,-0.0619,-0.131,-1.0243,-0.0075,0.2916,1,1,1,1,1,10.7,45.0,
2026-07-23 18:56:50.909,0.2031,0.1955,0.157,0.1335,0.265,0.1793,0.2667,0.2294,0.3313,0.3987,0.3376,0.4062,0.1874,0.1944,0.1987,0.219,0.0132,0.0321,0.0399,0.0118,3283.8828,3296.7766,3295.9707,3257.6923,-0.9753,-0.0701,-0.1305,-0.8823,-0.0972,-0.015,1,1,1,1,1,10.7,48.8,
2026-07-23 18:56:51.933,0.2105,0.185,0.1631,0.1498,0.2548,0.1876,0.2698,0.2099,0.3649,0.4201,0.3268,0.4407,0.1552,0.1748,0.1997,0.1853,0.0147,0.0324,0.0407,0.0144,3399.1209,3338.2784,3384.6154,3442.6374,-0.9745,-0.0591,-0.1334,-0.9645,0.0822,-0.1047,1,1,1,1,1,10.7,49.5,
2026-07-23 18:56:52.947,0.2383,0.2211,0.1879,0.1842,0.315,0.2058,0.235,0.247,0.3142,0.3772,0.3215,0.3936,0.1191,0.1625,0.2119,0.16,0.0135,0.0334,0.0436,0.0152,3283.4799,3318.9377,3287.5092,3256.0806,-0.9741,-0.0634,-0.1326,-0.972,-0.2841,0.3589,1,1,1,1,1,10.7,50.2,
2026-07-23 18:56:53.963,0.2284,0.205,0.2107,0.1857,0.3231,0.2504,0.28,0.2633,0.3157,0.3532,0.2763,0.3769,0.121,0.1628,0.2001,0.1611,0.0118,0.0285,0.0329,0.013,3235.1282,3278.2418,3297.5824,3309.6703,-0.9742,-0.0645,-0.1333,-1.0393,-0.015,0.2916,1,1,1,1,1,10.7,50.9,
2026-07-23 18:56:54.985,0.1642,0.1953,0.2058,0.1649,0.3464,0.2397,0.344,0.3021,0.3558,0.3672,0.2615,0.324,0.1258,0.1749,0.165,0.1995,0.0079,0.0228,0.0237,0.0095,3335.0549,3311.685,3318.1319,3354.7985,-0.9747,-0.0675,-0.1312,-1.0168,-0.0523,-0.1047,1,1,1,1,1,10.7,51.9,
2026-07-23 18:56:56.001,0.144,0.1953,0.2051,0.1463,0.3263,0.2518,0.3183,0.2876,0.3914,0.3564,0.2675,0.3615,0.1304,0.1765,0.1874,0.1953,0.0079,0.02,0.0217,0.0093,3268.9744,3306.8498,3301.6117,3249.2308,-0.9738,-0.0584,-0.134,-1.0468,-0.2019,0.3365,1,1,1,1,1,10.7,53.8,
2026-07-23 18:56:57.010,0.1378,0.182,0.1972,0.1333,0.321,0.2545,0.3198,0.3011,0.394,0.3637,0.2651,0.3564,0.1396,0.1801,0.1983,0.2002,0.0077,0.0197,0.0196,0.009,3251.6484,3331.4286,3304.8352,3280.6593,-0.9736,-0.0666,-0.1249,-0.9047,0.0449,0.172,1,1,1,1,1,10.7,55.6,
2026-07-23 18:56:58.024,0.1342,0.1622,0.1936,0.1288,0.3283,0.2571,0.3337,0.3161,0.3874,0.3709,0.254,0.3397,0.1418,0.1894,0.1984,0.2065,0.0082,0.0204,0.0203,0.0089,3276.2271,3318.5348,3282.674,3268.1685,-0.9766,-0.0656,-0.1297,-1.0168,0.1196,0.2019,1,1,1,1,1,10.7,56.9,
2026-07-23 18:56:59.036,0.1352,0.1761,0.1939,0.1319,0.3518,0.3005,0.359,0.3417,0.357,0.2834,0.2147,0.2935,0.1468,0.2154,0.2109,0.2226,0.0093,0.0245,0.0215,0.0103,3295.9707,3306.8498,3316.1172,3285.4945,-0.9744,-0.0648,-0.1323,-1.0692,-0.2916,0.1421,1,1,1,1,1,10.7,56.9,
2026-07-23 18:57:00.045,0.1342,0.1847,0.2018,0.1328,0.3569,0.3057,0.3587,0.3418,0.3515,0.2717,0.2082,0.2895,0.1479,0.2142,0.21,0.2256,0.0094,0.0238,0.0213,0.0104,3313.6996,3331.0256,3324.1758,3302.4176,-0.9774,-0.0645,-0.1386,-1.0692,-0.1794,0.2916,1,1,1,1,1,10.7,55.1,
2026-07-23 18:57:01.062,0.1276,0.1939,0.1851,0.114,0.3417,0.2975,0.3702,0.3459,0.368,0.2759,0.2106,0.2948,0.1525,0.2099,0.2124,0.2343,0.0102,0.0228,0.0217,0.011,3305.2381,3324.9817,3296.3736,3298.3883,-0.9752,-0.0594,-0.1282,-1.0841,0.0598,0.2617,1,1,1,1,1,10.7,50.7,
2026-07-23 18:57:02.079,0.122,0.2219,0.1758,0.1082,0.3473,0.2702,0.3611,0.3541,0.3657,0.2742,0.2203,0.2837,0.1546,0.2093,0.2168,0.241,0.0104,0.0244,0.026,0.0131,3314.1026,3297.5824,3307.2527,3278.2418,-0.9764,-0.0628,-0.1325,-0.9944,0.157,0.2916,1,1,1,1,1,10.7,49.4,
2026-07-23 18:57:03.083,0.1692,0.2366,0.1832,0.1006,0.2942,0.3025,0.2973,0.3237,0.3614,0.2406,0.2072,0.3309,0.1591,0.1894,0.2763,0.2255,0.0161,0.0309,0.0361,0.0193,3335.4579,3328.6081,3317.7289,3294.359,-0.9744,-0.0648,-0.131,-1.0468,0.0374,0.2318,1,1,1,1,1,10.7,48.5,
2026-07-23 18:57:04.099,0.2124,0.2409,0.192,0.138,0.3443,0.2985,0.3446,0.3993,0.2685,0.2442,0.1961,0.2293,0.1553,0.1782,0.2275,0.2126,0.0194,0.0381,0.0397,0.0208,3295.9707,3325.3846,3295.9707,3279.0476,-0.9752,-0.0618,-0.1296,-1.0243,0.1122,0.3514,1,1,1,1,1,10.6,45.0,
2026-07-23 18:57:05.107,0.2305,0.2511,0.1925,0.1714,0.3679,0.3115,0.353,0.4029,0.2556,0.226,0.2107,0.2154,0.1267,0.1719,0.2016,0.1882,0.0193,0.0395,0.0422,0.0222,3258.4982,3299.5971,3324.9817,3281.8681,-0.9747,-0.0616,-0.1311,-0.9421,-0.157,0.2019,1,1,1,1,1,10.6,45.0,
2026-07-23 18:57:06.120,0.2415,0.2478,0.1678,0.1867,0.3585,0.2819,0.3467,0.4279,0.2637,0.2804,0.2719,0.2112,0.1184,0.1565,0.1764,0.1544,0.0179,0.0335,0.0372,0.0198,3316.1172,3313.6996,3304.8352,3296.7766,-0.9702,-0.0585,-0.1276,-1.0243,-0.2991,0.314,1,1,1,1,1,10.6,45.0,
2026-07-23 18:57:07.139,0.2433,0.1979,0.1406,0.2028,0.3316,0.217,0.2945,0.399,0.288,0.4416,0.3906,0.2359,0.1218,0.1213,0.143,0.1461,0.0154,0.0222,0.0313,0.0163,3331.8315,3335.8608,3285.8974,3279.4505,-0.9787,-0.0658,-0.1366,-1.1514,-0.0449,0.1794,1,1,1,1,1,10.6,48.3,
2026-07-23 18:57:08.150,0.2339,0.196,0.1497,0.1871,0.3319,0.192,0.2835,0.3898,0.2881,0.4648,0.3906,0.2605,0.1329,0.1256,0.1466,0.1489,0.0132,0.0216,0.0296,0.0137,3267.3626,3322.1612,3278.2418,3243.1868,-0.9763,-0.0645,-0.1322,-0.9196,0.157,0.1645,1,1,1,1,1,10.6,49.5,
2026-07-23 18:57:09.166,0.251,0.1809,0.2077,0.205,0.3464,0.1905,0.2892,0.3943,0.2545,0.4731,0.3493,0.2353,0.1361,0.1334,0.1297,0.1537,0.012,0.022,0.0241,0.0117,3354.7985,3332.2344,3322.5641,3337.4725,-0.9756,-0.0623,-0.1378,-0.9645,0.0822,0.3215,1,1,1,1,1,10.6,50.4,
2026-07-23 18:57:10.171,0.2253,0.1573,0.2036,0.1903,0.3226,0.1709,0.2857,0.3723,0.3121,0.5055,0.3593,0.2852,0.1282,0.1414,0.1284,0.1418,0.0117,0.0249,0.0229,0.0106,3317.7289,3318.9377,3310.4762,3278.2418,-0.9762,-0.0642,-0.1404,-1.0468,-0.1495,0.4337,1,1,1,1,1,10.6,51.4,
2026-07-23 18:57:11.199,0.2351,0.1652,0.1866,0.1946,0.3185,0.1577,0.28,0.3635,0.3011,0.5054,0.3777,0.2998,0.1331,0.1449,0.1328,0.1315,0.0122,0.0268,0.0228,0.0106,3274.2125,3303.2234,3290.3297,3325.3846,-0.9742,-0.0594,-0.1406,-1.1514,0.2841,0.3365,1,1,1,1,1,10.6,53.0,
2026-07-23 18:57:12.222,0.2334,0.165,0.1734,0.198,0.312,0.152,0.2788,0.3447,0.3082,0.5044,0.3893,0.3025,0.1348,0.1513,0.1349,0.144,0.0116,0.0274,0.0236,0.0109,3340.696,3285.4945,3333.0403,3347.9487,-0.9722,-0.0635,-0.1301,-0.8598,-0.0449,-0.1196,1,1,1,1,1,10.6,54.5,
2026-07-23 18:57:13.232,0.2425,0.1716,0.1764,0.1998,0.3051,0.1471,0.2826,0.3284,0.3104,0.5061,0.382,0.3137,0.1315,0.1494,0.1344,0.1478,0.0106,0.0258,0.0246,0.0103,3347.1429,3314.1026,3318.5348,3344.7253,-0.9728,-0.0627,-0.1324,-0.7851,0.3065,0.5608,1,1,1,1,1,10.6,56.0,
2026-07-23 18:57:14.255,0.2228,0.1778,0.1974,0.1841,0.3036,0.1638,0.2649,0.273,0.3454,0.4802,0.372,0.384,0.1193,0.1527,0.1399,0.1495,0.0088,0.0255,0.0257,0.0093,3270.989,3289.9267,3311.685,3277.8388,-0.9749,-0.0628,-0.1319,-0.8748,0.1869,0.5159,1,1,1,1,1,10.6,57.1,
2026-07-23 18:57:15.277,0.2969,0.2491,0.2266,0.2628,0.3091,0.312,0.2761,0.2548,0.2771,0.2706,0.316,0.3453,0.1104,0.1438,0.1555,0.1299,0.0065,0.0245,0.0257,0.0072,3252.8571,3272.1978,3314.1026,3260.1099,-0.9755,-0.0669,-0.1265,-1.0468,0.5084,0.4262,1,1,1,1,1,10.6,57.6,
2026-07-23 18:57:16.298,0.2884,0.2286,0.2174,0.2734,0.3106,0.3188,0.2941,0.2693,0.2905,0.2828,0.3087,0.3287,0.1046,0.1461,0.1543,0.1216,0.0059,0.0237,0.0255,0.0069,3277.4359,3284.6886,3323.37,3303.2234,-0.9726,-0.0591,-0.126,-0.9496,-0.2692,0.2916,1,1,1,1,1,10.6,57.3,
2026-07-23 18:57:17.310,0.2885,0.2309,0.1624,0.2543,0.3029,0.3273,0.2853,0.273,0.2986,0.2769,0.3489,0.3483,0.1042,0.1421,0.1745,0.1177,0.0058,0.0228,0.029,0.0067,3329.011,3326.5934,3338.6813,3337.0696,-0.9738,-0.0641,-0.1288,-0.972,0.1346,0.2692,1,1,1,1,1,10.6,56.7,
2026-07-23 18:57:18.337,0.3085,0.2483,0.1844,0.2732,0.3141,0.3461,0.2832,0.2811,0.2633,0.246,0.322,0.3154,0.108,0.1376,0.179,0.1232,0.0061,0.0219,0.0312,0.0071,3323.37,3298.7912,3286.7033,3299.1941,-0.9738,-0.0631,-0.1261,-0.9645,-0.0,0.1196,1,1,1,1,1,10.6,56.2,
2026-07-23 18:57:19.356,0.3043,0.2494,0.2152,0.274,0.3268,0.347,0.2883,0.2917,0.2546,0.2385,0.2909,0.3031,0.1077,0.1415,0.1718,0.1238,0.0066,0.0236,0.0338,0.0074,3319.7436,3314.9084,3312.8938,3341.0989,-0.9757,-0.0668,-0.1328,-1.0019,-0.0897,0.157,1,1,1,1,1,10.6,56.0,
2026-07-23 18:57:20.378,0.3022,0.2395,0.223,0.2723,0.3321,0.3422,0.2708,0.2931,0.2542,0.2577,0.2952,0.3109,0.1046,0.1373,0.176,0.1157,0.0069,0.0233,0.0351,0.008,3358.8278,3312.4908,3328.2051,3326.9963,-0.9768,-0.0663,-0.1331,-0.9944,-0.1645,0.157,1,1,1,1,1,10.6,55.9,
2026-07-23 18:57:21.395,0.3011,0.2261,0.2234,0.2776,0.3326,0.341,0.2529,0.2978,0.2489,0.2698,0.3074,0.3017,0.1104,0.1386,0.1823,0.1143,0.007,0.0245,0.034,0.0087,3271.7949,3292.3443,3289.5238,3280.6593,-0.9725,-0.0609,-0.1279,-1.0094,-0.2991,0.2692,1,1,1,1,1,10.6,55.9,
2026-07-23 18:57:22.402,0.3132,0.2401,0.216,0.2994,0.3435,0.348,0.2694,0.331,0.2136,0.2441,0.2904,0.2462,0.1219,0.1418,0.1869,0.1138,0.0078,0.0259,0.0373,0.0096,3277.8388,3347.1429,3304.8352,3287.5092,-0.9741,-0.0598,-0.1317,-1.0019,0.1346,0.2766,1,1,1,1,1,10.6,56.4,
2026-07-23 18:57:23.418,0.2311,0.1904,0.1946,0.1868,0.3834,0.2313,0.2606,0.402,0.2486,0.3771,0.3373,0.2735,0.1249,0.1693,0.1688,0.1245,0.012,0.032,0.0386,0.0132,3273.4066,3293.956,3322.5641,3281.4652,-0.9744,-0.0622,-0.1309,-0.9645,0.0748,0.1869,1,1,1,1,1,10.6,56.7,
2026-07-23 18:57:24.428,0.2108,0.1721,0.1731,0.155,0.3745,0.2391,0.2394,0.3676,0.261,0.3999,0.3961,0.3346,0.1367,0.156,0.1534,0.1275,0.017,0.033,0.0378,0.0153,3279.8535,3324.1758,3312.8938,3293.956,-0.9776,-0.063,-0.1308,-0.9944,-0.2243,0.3664,1,1,1,1,1,10.6,56.5,
2026-07-23 18:57:25.448,0.169,0.1469,0.1787,0.1765,0.3696,0.2294,0.2214,0.3557,0.2949,0.4199,0.4167,0.3289,0.1502,0.1694,0.1455,0.1238,0.0163,0.0345,0.0376,0.015,3278.6447,3319.3407,3303.6264,3292.3443,-0.9772,-0.0668,-0.1301,-0.9645,-0.157,0.1421,1,1,1,1,1,10.6,55.7,
2026-07-23 18:57:26.464,0.156,0.1527,0.1681,0.1762,0.3858,0.2232,0.2244,0.3736,0.2848,0.4209,0.4206,0.3167,0.1592,0.1709,0.1499,0.1206,0.0142,0.0324,0.037,0.0129,3322.5641,3322.5641,3331.4286,3316.1172,-0.9728,-0.06,-0.1288,-1.0318,0.1495,0.1495,1,1,1,1,1,10.6,54.6,
2026-07-23 18:57:27.484,0.1656,0.1577,0.1573,0.1765,0.365,0.2168,0.2374,0.373,0.2914,0.4249,0.4178,0.3229,0.165,0.1705,0.1528,0.1156,0.013,0.0301,0.0347,0.012,3313.2967,3317.326,3320.1465,3352.7839,-0.9752,-0.0641,-0.1349,-0.9346,0.329,0.0224,1,1,1,1,1,10.6,53.9,
2026-07-23 18:57:28.504,0.1827,0.1765,0.1554,0.1886,0.362,0.2342,0.2626,0.3929,0.2706,0.3849,0.3915,0.2945,0.1716,0.1744,0.1554,0.1129,0.0131,0.03,0.035,0.0111,3295.1648,3309.2674,3285.4945,3273.4066,-0.9709,-0.0555,-0.1307,-0.9869,-0.4411,0.0449,1,1,1,1,1,10.6,54.3,
2026-07-23 18:57:29.516,0.1824,0.178,0.164,0.2068,0.3599,0.2272,0.241,0.3821,0.2869,0.3937,0.4221,0.2889,0.1564,0.1727,0.1389,0.1108,0.0144,0.0284,0.0339,0.0114,3270.989,3331.4286,3312.0879,3277.8388,-0.9758,-0.0611,-0.128,-1.0393,0.1944,0.2916,1,1,1,1,1,10.6,55.3,
2026-07-23 18:57:30.534,0.1643,0.1516,0.1783,0.1974,0.373,0.2332,0.237,0.3648,0.306,0.4149,0.4102,0.3128,0.142,0.1709,0.1424,0.1123,0.0147,0.0294,0.0321,0.0127,3323.37,3330.2198,3324.5788,3350.3663,-0.976,-0.0629,-0.1271,-1.0916,0.2318,0.2692,1,1,1,1,1,10.6,56.0,
2026-07-23 18:57:31.546,0.1522,0.1414,0.1689,0.1996,0.3638,0.249,0.2175,0.2903,0.3318,0.407,0.4378,0.399,0.139,0.1731,0.1457,0.1006,0.0131,0.0295,0.0301,0.0105,3268.1685,3312.4908,3307.2527,3254.0659,-0.9732,-0.0623,-0.1301,-0.9795,-0.2094,0.2841,1,1,1,1,1,10.6,55.4,
2026-07-23 18:57:32.561,0.1589,0.1697,0.1724,0.2077,0.3896,0.2419,0.1984,0.3063,0.3044,0.3773,0.4276,0.3667,0.1354,0.1785,0.1666,0.1086,0.0117,0.0326,0.035,0.0107,3289.9267,3329.8168,3270.989,3241.978,-0.9725,-0.057,-0.1326,-0.9795,-0.2542,0.1645,1,1,1,1,1,10.6,52.7,
2026-07-23 18:57:33.571,0.1678,0.1861,0.1826,0.2088,0.3968,0.2534,0.2241,0.3112,0.2962,0.3588,0.396,0.3624,0.1257,0.1668,0.1606,0.1054,0.0135,0.035,0.0366,0.0122,3397.9121,3367.2894,3325.3846,3376.1538,-0.9736,-0.0591,-0.1337,-1.0243,-0.0822,0.4785,1,1,1,1,1,10.6,49.7,
2026-07-23 18:57:34.596,0.2151,0.1727,0.1751,0.244,0.36,0.2679,0.2086,0.2836,0.302,0.3614,0.415,0.353,0.1097,0.163,0.1673,0.1078,0.0132,0.0349,0.0341,0.0117,3287.9121,3335.8608,3327.8022,3309.6703,-0.976,-0.0621,-0.1316,-1.0168,0.0224,0.2991,1,1,1,1,1,10.6,50.3,
2026-07-23 18:57:35.610,0.3405,0.2065,0.1688,0.3468,0.2923,0.2411,0.1908,0.255,0.267,0.35,0.4221,0.2963,0.0909,0.1746,0.1871,0.0931,0.0094,0.0278,0.0312,0.0089,3242.7839,3285.0916,3291.1355,3235.9341,-0.9735,-0.0613,-0.1332,-0.9421,-0.0598,0.0822,1,1,1,1,1,10.6,51.2,
2026-07-23 18:57:36.626,0.3149,0.1888,0.1696,0.3182,0.3043,0.2407,0.2026,0.2604,0.2752,0.356,0.3961,0.3026,0.0965,0.1884,0.2012,0.1101,0.0091,0.0261,0.0304,0.0087,3244.3956,3306.8498,3290.3297,3230.293,-0.9767,-0.0663,-0.1356,-1.0168,0.3065,0.329,1,1,1,1,1,10.6,52.2,
2026-07-23 18:57:37.638,0.31,0.1804,0.1616,0.3034,0.3017,0.2444,0.2271,0.2621,0.2693,0.3456,0.355,0.3019,0.11,0.2027,0.2253,0.1242,0.0089,0.0268,0.031,0.0085,3300.8059,3307.2527,3311.2821,3298.3883,-0.9746,-0.0603,-0.1365,-1.0019,0.3963,0.2766,1,1,1,1,1,10.6,52.8,
2026-07-23 18:57:38.648,0.3274,0.1854,0.1575,0.3049,0.2769,0.2342,0.2345,0.2664,0.2614,0.3346,0.3449,0.2865,0.1251,0.2177,0.2304,0.1338,0.0092,0.0281,0.0327,0.0084,3318.5348,3301.6117,3327.3993,3324.9817,-0.9696,-0.0629,-0.1288,-0.8748,-0.0224,-0.0374,1,1,1,1,1,10.6,52.9,
2026-07-23 18:57:39.665,0.3469,0.21,0.1851,0.3201,0.2636,0.2433,0.2733,0.2938,0.2445,0.2875,0.2541,0.2223,0.1354,0.2289,0.2503,0.1538,0.0095,0.0303,0.0372,0.01,3282.2711,3317.7289,3293.956,3309.6703,-0.9764,-0.0575,-0.1291,-0.9421,0.0224,0.329,1,1,1,1,1,10.6,53.2,
2026-07-23 18:57:40.689,0.3529,0.2029,0.1916,0.3263,0.2592,0.2401,0.2889,0.2901,0.2379,0.2878,0.2416,0.2209,0.1406,0.239,0.2413,0.1526,0.0093,0.0301,0.0366,0.01,3276.2271,3318.1319,3318.5348,3292.3443,-0.9756,-0.0601,-0.1294,-0.9496,-0.2841,0.2094,1,1,1,1,1,10.6,53.9,
2026-07-23 18:57:41.699,0.3658,0.2033,0.1841,0.3326,0.2499,0.2358,0.2788,0.2758,0.2316,0.2846,0.2396,0.2224,0.143,0.2461,0.261,0.1595,0.0096,0.0302,0.0365,0.0097,3270.5861,3311.2821,3321.3553,3304.0293,-0.9756,-0.0625,-0.1292,-0.9869,-0.015,0.157,1,1,1,1,1,10.6,54.3,
2026-07-23 18:57:42.711,0.332,0.2016,0.1802,0.288,0.2594,0.2251,0.302,0.2995,0.232,0.2683,0.2119,0.2259,0.1652,0.2733,0.2668,0.1756,0.0113,0.0318,0.0392,0.011,3247.2161,3293.956,3314.9084,3264.1392,-0.9719,-0.0596,-0.1304,-0.972,-0.0075,0.2766,1,1,1,1,1,10.5,53.4,
2026-07-23 18:57:43.721,0.1632,0.1599,0.1707,0.1061,0.3416,0.2589,0.3253,0.3459,0.2497,0.2548,0.191,0.2826,0.2252,0.2828,0.2661,0.2459,0.0204,0.0437,0.0468,0.0195,3331.8315,3326.9963,3293.5531,3269.7802,-0.9769,-0.0569,-0.1331,-0.9869,-0.1495,0.2019,1,1,1,1,1,10.5,49.6,
2026-07-23 18:57:44.737,0.1677,0.1708,0.1789,0.113,0.2943,0.2499,0.3062,0.3051,0.3056,0.2618,0.2118,0.3438,0.2109,0.2653,0.2524,0.216,0.0215,0.0523,0.0507,0.0222,3341.9048,3316.1172,3333.0403,3335.0549,-0.9724,-0.0607,-0.1314,-1.0841,-0.314,0.2467,1,1,1,1,1,10.5,48.3,
2026-07-23 18:57:45.762,0.1937,0.1824,0.1811,0.1328,0.2933,0.2598,0.2997,0.3092,0.3189,0.2636,0.2161,0.3483,0.1735,0.2382,0.25,0.1861,0.0206,0.056,0.0531,0.0237,3289.9267,3330.6227,3301.2088,3324.5788,-0.9771,-0.0574,-0.1266,-1.0318,-0.4411,0.2841,1,1,1,1,1,10.5,48.2,
2026-07-23 18:57:46.777,0.2303,0.168,0.1878,0.1667,0.3051,0.2797,0.2978,0.2963,0.2993,0.2542,0.2057,0.3436,0.1448,0.2389,0.2529,0.1693,0.0205,0.0592,0.0558,0.0242,3292.3443,3282.674,3279.8535,3287.1062,-0.9739,-0.0595,-0.1267,-1.0243,-0.5383,0.4037,1,1,1,1,1,10.5,49.3,
2026-07-23 18:57:47.789,0.2568,0.1532,0.1727,0.2173,0.327,0.2927,0.296,0.3043,0.2762,0.2527,0.2244,0.317,0.1207,0.2373,0.253,0.1398,0.0194,0.0641,0.0539,0.0216,3304.8352,3353.9927,3323.37,3297.5824,-0.9687,-0.059,-0.1303,-1.0767,0.0748,0.1122,1,1,1,1,1,10.5,53.1,
2026-07-23 18:57:48.799,0.3348,0.2294,0.1714,0.2957,0.2904,0.2655,0.2572,0.244,0.259,0.2507,0.2698,0.3272,0.0995,0.2,0.2492,0.1152,0.0162,0.0544,0.0523,0.0178,3291.1355,3306.8498,3321.3553,3327.8022,-0.9746,-0.0656,-0.1274,-0.9271,0.1421,0.0972,1,1,1,1,1,10.5,54.8,
2026-07-23 18:57:49.812,0.3394,0.2054,0.155,0.2807,0.2767,0.2455,0.2446,0.2187,0.2737,0.3048,0.3071,0.3693,0.0946,0.1942,0.2444,0.1131,0.0155,0.0501,0.0489,0.0182,3315.3114,3304.0293,3290.7326,3317.7289,-0.9753,-0.062,-0.1374,-0.8748,0.5682,0.6729,1,1,1,1,1,10.5,55.5,
2026-07-23 18:57:50.823,0.3454,0.206,0.1562,0.2788,0.2539,0.2446,0.2734,0.218,0.285,0.3132,0.3026,0.3703,0.1004,0.1853,0.2199,0.1136,0.0153,0.0509,0.0478,0.0192,3318.9377,3307.6557,3324.1758,3339.4872,-0.9702,-0.0591,-0.1309,-1.0168,0.1122,0.2019,1,1,1,1,1,10.5,56.1,
2026-07-23 18:57:51.852,0.346,0.2057,0.1651,0.3043,0.2459,0.2303,0.2868,0.2467,0.2866,0.3265,0.2878,0.3234,0.1077,0.1878,0.2169,0.1094,0.0138,0.0497,0.0433,0.0162,3348.7546,3328.2051,3333.8462,3343.9194,-0.976,-0.0579,-0.1296,-1.0468,-0.1421,0.1869,1,1,1,1,1,10.5,56.4,
2026-07-23 18:57:52.878,0.3972,0.2218,0.1933,0.3594,0.2564,0.2265,0.2782,0.2858,0.2243,0.3042,0.2762,0.2372,0.1082,0.1964,0.2105,0.1031,0.014,0.0511,0.0418,0.0145,3266.9597,3329.011,3303.6264,3267.7656,-0.9776,-0.0615,-0.1273,-0.9496,-0.2168,0.0374,1,1,1,1,1,10.5,56.1,
2026-07-23 18:57:53.886,0.3862,0.2119,0.1889,0.3461,0.2586,0.223,0.2595,0.2791,0.234,0.3298,0.2997,0.2559,0.1076,0.1891,0.2124,0.1062,0.0135,0.0463,0.0395,0.0127,3295.1648,3304.4322,3289.9267,3300.8059,-0.9736,-0.0624,-0.1284,-1.0094,-0.0822,0.2766,1,1,1,1,1,10.5,55.2,
2026-07-23 18:57:54.906,0.3318,0.206,0.1721,0.3042,0.2357,0.1925,0.2325,0.268,0.3083,0.3825,0.334,0.3028,0.1111,0.1763,0.2263,0.1132,0.0131,0.0427,0.0352,0.0118,3291.5385,3314.1026,3298.7912,3276.2271,-0.9767,-0.0602,-0.1292,-0.9645,0.015,0.1421,1,1,1,1,1,10.5,53.5,
2026-07-23 18:57:55.920,0.3297,0.1986,0.1736,0.3008,0.2091,0.1759,0.2305,0.2594,0.3276,0.4076,0.3372,0.3107,0.1194,0.1776,0.2228,0.1172,0.0143,0.0403,0.0359,0.012,3344.3223,3308.0586,3340.696,3348.3516,-0.9731,-0.0609,-0.1315,-0.9496,-0.1794,0.2916,1,1,1,1,1,10.5,51.3,
2026-07-23 18:57:56.942,0.2749,0.1505,0.1807,0.2872,0.2182,0.1923,0.2292,0.2765,0.3663,0.4336,0.3224,0.303,0.1259,0.1836,0.231,0.1202,0.0148,0.04,0.0368,0.013,3348.7546,3334.2491,3273.8095,3353.9927,-0.9762,-0.0646,-0.1292,-0.957,-0.1645,0.4636,1,1,1,1,1,10.5,51.3,
2026-07-23 18:57:57.959,0.305,0.1762,0.1941,0.3086,0.2138,0.1963,0.2219,0.2896,0.3433,0.4197,0.3184,0.2786,0.1246,0.1704,0.2278,0.1123,0.0132,0.0374,0.0377,0.011,3339.0842,3310.0733,3289.9267,3294.359,-0.9753,-0.0606,-0.1288,-0.8299,0.1495,0.0075,1,1,1,1,1,10.5,53.3,
2026-07-23 18:57:58.973,0.3364,0.1939,0.2062,0.3231,0.2175,0.1961,0.2135,0.2858,0.321,0.4153,0.3186,0.2769,0.1129,0.1611,0.2252,0.1049,0.0121,0.0337,0.0366,0.0094,3316.5201,3329.011,3346.7399,3344.3223,-0.9758,-0.059,-0.1364,-1.0393,-0.2318,0.3664,1,1,1,1,1,10.5,54.8,
2026-07-23 18:57:59.986,0.327,0.1825,0.2082,0.3133,0.2283,0.2053,0.216,0.2774,0.3178,0.4155,0.3256,0.2901,0.1145,0.1628,0.2095,0.1093,0.0124,0.0339,0.0408,0.01,3312.0879,3295.9707,3302.0147,3311.685,-0.9725,-0.0605,-0.1285,-0.957,-0.2542,-0.0598,1,1,1,1,1,10.5,55.3,
2026-07-23 18:58:01.021,0.3196,0.1812,0.2044,0.2911,0.2108,0.2045,0.2229,0.2541,0.3231,0.4104,0.3185,0.3235,0.1344,0.1714,0.2128,0.1207,0.0122,0.0325,0.0415,0.0105,3335.4579,3350.7692,3317.7289,3320.5495,-0.9762,-0.0642,-0.1305,-1.0617,-0.1122,0.0299,1,1,1,1,1,10.5,54.7,
2026-07-23 18:58:02.046,0.4686,0.2916,0.287,0.4457,0.1805,0.1964,0.2445,0.2313,0.2324,0.3303,0.2703,0.2272,0.1104,0.1565,0.1654,0.0882,0.0082,0.0253,0.0327,0.0076,3255.6777,3288.7179,3322.5641,3279.4505,-0.9731,-0.0578,-0.1337,-1.0243,-0.2542,0.4486,1,1,1,1,1,10.5,53.5,
2026-07-23 18:58:03.068,0.4745,0.3022,0.2838,0.4425,0.1912,0.1941,0.2642,0.2389,0.2154,0.3044,0.2607,0.2262,0.1111,0.1763,0.158,0.0838,0.0079,0.023,0.0334,0.0086,3277.4359,3308.4615,3294.7619,3278.6447,-0.9771,-0.0656,-0.1367,-1.0617,0.2617,0.1047,1,1,1,1,1,10.5,52.1,
2026-07-23 18:58:04.086,0.4709,0.3235,0.2881,0.4213,0.1948,0.1946,0.2625,0.2573,0.2131,0.2805,0.2496,0.226,0.1131,0.1786,0.1644,0.0855,0.008,0.0227,0.0354,0.0098,3303.6264,3328.6081,3274.2125,3227.4725,-0.9776,-0.0628,-0.1321,-1.1739,0.3963,0.314,1,1,1,1,1,10.5,51.9,
2026-07-23 18:58:05.101,0.4716,0.3223,0.2785,0.4075,0.2055,0.203,0.2781,0.2704,0.2026,0.2653,0.2405,0.2191,0.1115,0.1854,0.168,0.0933,0.0087,0.024,0.0349,0.0098,3339.4872,3344.7253,3321.3553,3303.6264,-0.9774,-0.0624,-0.1287,-1.0243,-0.157,0.1869,1,1,1,1,1,10.5,53.0,
2026-07-23 18:58:06.119,0.4488,0.325,0.2759,0.385,0.2278,0.2094,0.2789,0.2808,0.2024,0.2433,0.2214,0.2249,0.1125,0.1975,0.1873,0.099,0.0085,0.0248,0.0366,0.0102,3298.7912,3341.9048,3328.6081,3307.2527,-0.9753,-0.0648,-0.1294,-0.9196,0.0897,0.0822,1,1,1,1,1,10.5,54.9,
2026-07-23 18:58:07.140,0.4384,0.3221,0.2587,0.3865,0.2311,0.2134,0.2863,0.28,0.2051,0.2339,0.2197,0.2197,0.1168,0.2055,0.1985,0.1033,0.0086,0.0251,0.0368,0.0106,3325.3846,3318.1319,3291.5385,3306.044,-0.9777,-0.0588,-0.1301,-1.0318,-0.0374,0.3065,1,1,1,1,1,10.5,56.0,
2026-07-23 18:58:08.149,0.4445,0.3387,0.2577,0.3864,0.2252,0.2072,0.2828,0.281,0.207,0.231,0.2162,0.2192,0.1148,0.198,0.2068,0.1029,0.0086,0.0251,0.0364,0.0105,3310.4762,3299.5971,3317.7289,3319.3407,-0.978,-0.0583,-0.1315,-1.0617,-0.1645,0.2393,1,1,1,1,1,10.5,56.3,
2026-07-23 18:58:09.168,0.4347,0.3452,0.2545,0.3735,0.236,0.2086,0.2876,0.2931,0.2126,0.2199,0.2087,0.2185,0.107,0.1993,0.2095,0.1033,0.0096,0.0269,0.0398,0.0117,3273.8095,3310.4762,3324.1758,3300.4029,-0.9761,-0.0591,-0.1301,-1.0243,-0.2318,0.1794,1,1,1,1,1,10.5,55.1,
2026-07-23 18:58:10.185,0.2718,0.2601,0.156,0.1857,0.3118,0.2278,0.2995,0.3713,0.2549,0.2153,0.2291,0.2808,0.1456,0.2576,0.2623,0.1435,0.016,0.0392,0.0531,0.0187,3264.1392,3314.5055,3285.8974,3252.8571,-0.9734,-0.0589,-0.1276,-1.0318,-0.1346,-0.0075,1,1,1,1,1,10.5,53.1,
2026-07-23 18:58:11.196,0.2543,0.2831,0.1562,0.1699,0.3174,0.229,0.2888,0.3777,0.247,0.2042,0.2339,0.2783,0.1633,0.2382,0.2647,0.1551,0.018,0.0455,0.0563,0.019,3306.8498,3294.359,3310.0733,3335.4579,-0.9719,-0.0647,-0.1277,-0.7701,-0.1346,-0.1645,1,1,1,1,1,10.5,51.8,
2026-07-23 18:58:12.210,0.1853,0.2206,0.1707,0.1893,0.3175,0.2072,0.2864,0.3077,0.2972,0.2608,0.2263,0.3005,0.1874,0.272,0.2701,0.1888,0.0125,0.0395,0.0465,0.0137,3359.2308,3329.8168,3351.1722,3372.9304,-0.974,-0.0644,-0.1279,-1.0094,-0.1196,0.1346,1,1,1,1,1,10.5,52.6,
2026-07-23 18:58:13.218,0.1532,0.2046,0.2766,0.1667,0.3753,0.2462,0.2469,0.2788,0.2753,0.2715,0.1993,0.316,0.1863,0.2485,0.2437,0.2269,0.01,0.0292,0.0335,0.0116,3275.0183,3322.967,3300.0,3227.4725,-0.9733,-0.0627,-0.1339,-1.0243,0.0523,0.2393,1,1,1,1,1,10.5,53.2,
2026-07-23 18:58:14.235,0.1251,0.1938,0.2762,0.1465,0.3234,0.2455,0.2436,0.2597,0.3589,0.2878,0.2286,0.3367,0.1831,0.2432,0.224,0.2463,0.0095,0.0298,0.0276,0.0107,3248.022,3318.9377,3278.6447,3253.2601,-0.973,-0.0632,-0.1318,-1.0168,0.0972,0.2617,1,1,1,1,1,10.5,52.9,
2026-07-23 18:58:15.244,0.1205,0.1844,0.2928,0.1382,0.321,0.2578,0.2167,0.2529,0.3692,0.2869,0.2351,0.3422,0.1804,0.2433,0.2296,0.2564,0.0089,0.0276,0.0259,0.0104,3377.3626,3330.6227,3308.4615,3362.0513,-0.9767,-0.0626,-0.1308,-1.0542,-0.0897,0.2168,1,1,1,1,1,10.5,51.4,
2026-07-23 18:58:16.255,0.1111,0.1743,0.285,0.1323,0.3111,0.2664,0.2047,0.243,0.3699,0.2802,0.2431,0.3442,0.1979,0.2521,0.2418,0.2696,0.0099,0.027,0.0255,0.011,3327.8022,3328.6081,3295.5678,3306.044,-0.9752,-0.0632,-0.1351,-1.0617,-0.0748,0.1047,1,1,1,1,1,10.5,50.3,
2026-07-23 18:58:17.272,0.1013,0.1588,0.2701,0.1231,0.3064,0.2799,0.2006,0.2291,0.3632,0.2752,0.2531,0.3482,0.2196,0.2603,0.2515,0.2899,0.0096,0.0258,0.0246,0.0097,3356.0073,3325.3846,3341.5018,3367.6923,-0.9709,-0.0583,-0.1255,-0.9346,-0.329,0.0972,1,1,1,1,1,10.5,50.3,
2026-07-23 18:58:18.290,0.088,0.1577,0.2737,0.1107,0.3023,0.281,0.195,0.2222,0.371,0.275,0.2488,0.3536,0.2289,0.2595,0.2593,0.3037,0.0099,0.0268,0.0231,0.0098,3332.2344,3309.2674,3302.8205,3332.2344,-0.9732,-0.0579,-0.1279,-0.9421,-0.3738,-0.0075,1,1,1,1,1,10.5,51.2,
2026-07-23 18:58:19.305,0.0865,0.1339,0.2769,0.115,0.3103,0.291,0.1996,0.235,0.3637,0.2767,0.2371,0.3384,0.2293,0.2704,0.2621,0.3016,0.0102,0.028,0.0244,0.0099,3344.7253,3339.4872,3298.7912,3313.6996,-0.9786,-0.0633,-0.1281,-1.0318,0.1122,0.2094,1,1,1,1,1,10.5,51.7,
2026-07-23 18:58:20.310,0.0922,0.1405,0.2745,0.0972,0.3129,0.3203,0.1961,0.2574,0.3462,0.2444,0.235,0.3157,0.2359,0.2633,0.2659,0.3175,0.0128,0.0315,0.0284,0.0123,3277.8388,3333.8462,3304.8352,3280.2564,-0.9769,-0.0599,-0.1317,-1.0767,0.0449,0.172,1,1,1,1,1,10.5,50.9,
2026-07-23 18:58:21.334,0.1106,0.1329,0.1834,0.1231,0.243,0.2883,0.2145,0.2731,0.3834,0.2473,0.2785,0.3005,0.248,0.2909,0.2884,0.2893,0.015,0.0406,0.0352,0.014,3271.3919,3286.3004,3308.0586,3309.6703,-0.975,-0.0606,-0.1292,-0.9346,-0.329,0.1346,1,1,1,1,1,10.5,49.6,
2026-07-23 18:58:22.364,0.1277,0.1181,0.1418,0.1404,0.2812,0.2857,0.2126,0.2707,0.2821,0.2734,0.3059,0.3,0.2898,0.284,0.2973,0.273,0.0191,0.0388,0.0424,0.0159,3318.9377,3327.8022,3301.2088,3324.9817,-0.9731,-0.0588,-0.1328,-0.9271,0.1122,0.157,1,1,1,1,1,10.5,49.2,
2026-07-23 18:58:23.381,0.1463,0.1253,0.111,0.149,0.3221,0.2925,0.2271,0.2979,0.2398,0.2612,0.312,0.2865,0.272,0.278,0.3025,0.2515,0.0198,0.043,0.0473,0.0151,3322.967,3337.8755,3338.2784,3340.293,-0.9743,-0.0607,-0.1292,-0.957,-0.2991,0.1346,1,1,1,1,1,10.5,49.9,
2026-07-23 18:58:24.402,0.1861,0.1279,0.1381,0.1964,0.3641,0.2987,0.2243,0.3307,0.2175,0.277,0.3067,0.256,0.2151,0.252,0.2856,0.2036,0.0172,0.0445,0.0452,0.0134,3284.6886,3316.1172,3285.8974,3268.5714,-0.975,-0.0614,-0.1312,-0.9122,-0.2168,0.3514,1,1,1,1,1,10.5,50.9,
2026-07-23 18:58:25.418,0.2242,0.1607,0.148,0.2247,0.3945,0.275,0.2289,0.3571,0.1989,0.285,0.3045,0.2369,0.1647,0.2295,0.2701,0.1663,0.0178,0.0497,0.0486,0.0151,3347.9487,3297.1795,3305.2381,3343.1136,-0.975,-0.0609,-0.1326,-1.0542,-0.1869,0.2393,1,1,1,1,1,10.5,51.4,
2026-07-23 18:58:26.436,0.2708,0.1555,0.1344,0.233,0.3908,0.2695,0.2222,0.403,0.1793,0.3035,0.3328,0.2103,0.1425,0.2268,0.2585,0.1407,0.0165,0.0447,0.0522,0.013,3281.0623,3307.2527,3339.0842,3278.2418,-0.973,-0.0664,-0.1288,-0.9795,0.2617,0.2542,1,1,1,1,1,10.5,51.5,
2026-07-23 18:58:27.445,0.264,0.1415,0.1122,0.2531,0.3601,0.2648,0.191,0.3706,0.231,0.3472,0.421,0.2303,0.1242,0.2035,0.2231,0.1255,0.0208,0.0429,0.0527,0.0205,3299.1941,3315.7143,3322.1612,3337.8755,-0.979,-0.0612,-0.1347,-1.0542,-0.2168,0.2991,1,1,1,1,1,10.4,51.5,
2026-07-23 18:58:28.461,0.2787,0.1529,0.1256,0.2803,0.3369,0.2459,0.2068,0.3813,0.261,0.3642,0.4409,0.2326,0.1041,0.1921,0.1799,0.0875,0.0193,0.0449,0.0468,0.0184,3301.6117,3286.3004,3318.1319,3292.7473,-0.9716,-0.06,-0.1293,-0.9271,-0.0822,0.0075,1,1,1,1,1,10.4,52.2,
2026-07-23 18:58:29.475,0.2692,0.1482,0.1336,0.2771,0.354,0.2557,0.2047,0.3647,0.2532,0.3665,0.4629,0.2557,0.106,0.1869,0.1571,0.0854,0.0176,0.0427,0.0417,0.017,3323.37,3321.3553,3318.9377,3333.8462,-0.977,-0.0606,-0.1351,-1.2337,0.4486,0.0897,1,1,1,1,1,10.4,53.4,
2026-07-23 18:58:30.482,0.2544,0.1426,0.1277,0.2687,0.3367,0.2505,0.2063,0.3572,0.3015,0.4139,0.5022,0.277,0.0933,0.1593,0.1315,0.0815,0.0141,0.0337,0.0323,0.0156,3275.8242,3280.2564,3322.5641,3280.6593,-0.9789,-0.0613,-0.1308,-0.9944,-0.0673,0.2542,1,1,1,1,1,10.4,54.0,
2026-07-23 18:58:31.492,0.2771,0.161,0.1415,0.2791,0.3025,0.2423,0.213,0.3346,0.3109,0.4142,0.492,0.2904,0.0957,0.151,0.1212,0.0793,0.0138,0.0315,0.0322,0.0166,3285.8974,3300.8059,3297.1795,3246.0073,-0.9723,-0.0569,-0.1298,-1.0019,-0.2766,0.172,1,1,1,1,1,10.4,54.3,
2026-07-23 18:58:32.502,0.2733,0.152,0.1333,0.2598,0.295,0.238,0.2269,0.3355,0.3152,0.4276,0.4843,0.3057,0.1027,0.1521,0.1231,0.082,0.0137,0.0302,0.0324,0.0169,3303.2234,3317.326,3279.4505,3268.1685,-0.9761,-0.0639,-0.1262,-0.9346,0.0897,-0.0673,1,1,1,1,1,10.4,54.4,
2026-07-23 18:58:33.511,0.2626,0.1474,0.135,0.2485,0.2826,0.2369,0.2291,0.3396,0.3346,0.4323,0.4839,0.3102,0.1061,0.1536,0.1214,0.0849,0.0141,0.0299,0.0306,0.0167,3310.0733,3354.3956,3285.4945,3285.0916,-0.9758,-0.0534,-0.1285,-0.9421,0.0598,0.4337,1,1,1,1,1,10.4,54.9,
2026-07-23 18:58:34.514,0.3495,0.2306,0.1338,0.3319,0.2401,0.2168,0.2371,0.2786,0.3067,0.3841,0.4708,0.2848,0.0934,0.1455,0.131,0.0914,0.0102,0.023,0.0273,0.0133,3352.381,3309.6703,3346.7399,3347.5458,-0.9745,-0.0638,-0.1347,-0.9196,-0.1495,0.4262,1,1,1,1,1,10.4,57.3,
2026-07-23 18:58:35.524,0.3738,0.244,0.1339,0.3206,0.2477,0.2055,0.2603,0.2701,0.2814,0.391,0.4426,0.2962,0.0905,0.1416,0.1423,0.1057,0.0067,0.0179,0.0209,0.0075,3346.337,3307.2527,3296.3736,3221.0256,-0.972,-0.0623,-0.1315,-0.9869,-0.0673,0.1421,1,1,1,1,1,10.4,59.3,
2026-07-23 18:58:36.536,0.3473,0.252,0.1134,0.2763,0.2647,0.2143,0.2604,0.2725,0.2834,0.3725,0.4371,0.3118,0.0984,0.1451,0.1698,0.1324,0.0062,0.016,0.0193,0.007,3248.4249,3326.9963,3274.6154,3252.8571,-0.973,-0.0594,-0.1294,-0.9944,0.0897,0.1346,1,1,1,1,1,10.4,59.6,
2026-07-23 18:58:37.550,0.3041,0.2481,0.0995,0.2404,0.2319,0.2098,0.2338,0.2517,0.3009,0.3566,0.4437,0.3158,0.1577,0.1692,0.2027,0.1858,0.0054,0.0164,0.0204,0.0062,3320.5495,3300.0,3306.044,3309.6703,-0.9758,-0.0602,-0.1312,-0.9421,0.1196,0.172,1,1,1,1,1,10.4,58.9,
2026-07-23 18:58:38.564,0.2808,0.2624,0.093,0.2261,0.2071,0.2059,0.2559,0.2578,0.2959,0.3106,0.3735,0.2979,0.2108,0.2011,0.2532,0.2123,0.0055,0.02,0.0244,0.006,3258.9011,3320.5495,3295.5678,3303.6264,-0.9769,-0.0629,-0.135,-0.9645,-0.1944,0.1122,1,1,1,1,1,10.4,56.8,
2026-07-23 18:58:39.582,0.2411,0.2435,0.0734,0.1982,0.2087,0.1966,0.2779,0.2672,0.3113,0.3037,0.3673,0.2953,0.2329,0.2362,0.2599,0.2337,0.0059,0.02,0.0215,0.0056,3344.3223,3316.9231,3311.685,3377.7656,-0.9726,-0.064,-0.1308,-0.8823,0.0374,0.2542,1,1,1,1,1,10.4,55.5,
2026-07-23 18:58:40.595,0.2165,0.2424,0.0695,0.1758,0.217,0.2034,0.2777,0.2685,0.2899,0.2801,0.361,0.2693,0.2704,0.2526,0.2701,0.2808,0.0062,0.0214,0.0215,0.0056,3238.3516,3329.4139,3267.3626,3189.5971,-0.9758,-0.0604,-0.1285,-1.0318,0.2168,0.2467,1,1,1,1,1,10.4,54.4,
2026-07-23 18:58:41.634,0.2123,0.2329,0.0678,0.1694,0.2239,0.2173,0.2831,0.2783,0.2806,0.2733,0.3442,0.2601,0.277,0.2538,0.2831,0.2868,0.0061,0.0227,0.0219,0.0054,3283.4799,3314.1026,3318.5348,3277.033,-0.9773,-0.059,-0.1335,-1.0243,-0.015,0.2467,1,1,1,1,1,10.4,52.3,
2026-07-23 18:58:42.653,0.0866,0.1401,0.0653,0.062,0.25,0.2532,0.2822,0.3195,0.3064,0.2665,0.3344,0.2777,0.3497,0.3106,0.2947,0.3344,0.0074,0.0296,0.0234,0.0064,3289.9267,3316.1172,3300.8059,3326.1905,-0.9752,-0.0624,-0.1262,-0.8823,-0.2094,0.0075,1,1,1,1,1,10.4,51.0,
2026-07-23 18:58:43.668,0.0488,0.1047,0.0682,0.0351,0.2467,0.3142,0.2899,0.3464,0.3088,0.2084,0.3096,0.2457,0.3877,0.3418,0.3064,0.3659,0.0081,0.0309,0.0258,0.0069,3350.3663,3319.7436,3306.4469,3335.0549,-0.9748,-0.0651,-0.1359,-1.129,-0.1794,0.2692,1,1,1,1,1,10.4,51.8,
2026-07-23 18:58:44.695,0.0415,0.0823,0.0741,0.033,0.2391,0.3223,0.2937,0.3448,0.2997,0.2068,0.2916,0.2311,0.4111,0.356,0.3108,0.3833,0.0087,0.0327,0.0299,0.0079,3318.1319,3316.1172,3325.7875,3337.8755,-0.9762,-0.0639,-0.1364,-1.0243,0.1645,0.3589,1,1,1,1,1,10.4,54.3,
2026-07-23 18:58:45.711,0.0553,0.0815,0.0865,0.0481,0.2625,0.3372,0.3502,0.3812,0.2813,0.1953,0.2209,0.1991,0.3905,0.3508,0.3097,0.3625,0.0103,0.0352,0.0327,0.009,3306.8498,3317.326,3331.8315,3325.7875,-0.9758,-0.0659,-0.1385,-1.1365,0.2542,0.1944,1,1,1,1,1,10.4,55.4,
2026-07-23 18:58:46.727,0.0637,0.0746,0.0992,0.0526,0.3055,0.36,0.3451,0.3865,0.236,0.1801,0.2123,0.1793,0.3823,0.3487,0.308,0.3713,0.0124,0.0366,0.0354,0.0103,3270.5861,3302.0147,3286.7033,3249.6337,-0.9777,-0.0529,-0.1322,-0.9795,0.1047,0.6131,1,1,1,1,1,10.4,55.5,
2026-07-23 18:58:47.747,0.0766,0.0709,0.1139,0.0577,0.3238,0.3837,0.3289,0.4114,0.2114,0.1806,0.2029,0.1711,0.3751,0.3245,0.3142,0.3482,0.0131,0.0403,0.0401,0.0116,3304.8352,3310.0733,3295.9707,3291.9414,-0.9725,-0.0602,-0.1313,-0.9122,-0.0972,0.2168,1,1,1,1,1,10.4,55.3,
2026-07-23 18:58:48.757,0.1023,0.0847,0.1105,0.0715,0.3387,0.3684,0.3268,0.4238,0.2425,0.1951,0.2249,0.2048,0.3026,0.3125,0.2943,0.2867,0.0139,0.0393,0.0435,0.0132,3330.2198,3317.7289,3328.6081,3316.5201,-0.9732,-0.0628,-0.1317,-0.9346,-0.1869,0.3439,1,1,1,1,1,10.4,54.9,
2026-07-23 18:58:49.767,0.1035,0.1021,0.1169,0.0747,0.3287,0.3631,0.313,0.4123,0.2532,0.1955,0.2335,0.21,0.2996,0.3005,0.2911,0.287,0.0151,0.0388,0.0455,0.0161,3318.9377,3343.9194,3317.326,3345.1282,-0.9734,-0.0571,-0.1273,-1.0168,-0.1794,0.3215,1,1,1,1,1,10.4,54.7,
2026-07-23 18:58:50.820,0.1227,0.1357,0.1379,0.0932,0.3521,0.3621,0.2984,0.3841,0.2512,0.1809,0.225,0.2257,0.2557,0.2769,0.2827,0.2767,0.0184,0.0444,0.056,0.0203,3344.7253,3317.326,3312.8938,3316.9231,-0.9788,-0.0623,-0.1295,-1.0168,-0.2467,0.1346,1,1,1,1,1,10.4,54.4,
2026-07-23 18:58:51.832,0.1402,0.1539,0.1569,0.1247,0.3585,0.3069,0.2909,0.368,0.2421,0.1957,0.2167,0.2395,0.2385,0.2841,0.2817,0.244,0.0207,0.0594,0.0538,0.0238,3326.5934,3322.967,3343.1136,3341.9048,-0.9742,-0.0646,-0.1304,-0.9944,0.1421,0.2692,1,1,1,1,1,10.4,53.6,
2026-07-23 18:58:52.837,0.1641,0.1476,0.1748,0.1576,0.3817,0.315,0.3104,0.3915,0.2293,0.2014,0.1905,0.2289,0.1997,0.2725,0.2729,0.1966,0.0252,0.0636,0.0514,0.0254,3272.1978,3301.6117,3310.8791,3282.674,-0.9769,-0.0574,-0.1309,-1.0617,-0.0897,0.2841,1,1,1,1,1,10.4,52.8,
2026-07-23 18:58:53.843,0.1551,0.1548,0.1854,0.1786,0.4232,0.323,0.2982,0.4058,0.2274,0.1971,0.194,0.2092,0.1707,0.2619,0.2671,0.1761,0.0235,0.0632,0.0554,0.0303,3276.2271,3309.6703,3287.1062,3272.6007,-0.9756,-0.0609,-0.1334,-0.957,-0.172,0.157,1,1,1,1,1,10.4,52.1,
2026-07-23 18:58:54.858,0.2327,0.1739,0.2016,0.2855,0.452,0.3587,0.2837,0.382,0.1695,0.1748,0.1915,0.1729,0.1282,0.2345,0.2696,0.1346,0.0177,0.0582,0.0536,0.025,3319.3407,3330.6227,3322.1612,3333.0403,-0.9719,-0.0605,-0.1318,-1.0767,-0.3738,0.3664,1,1,1,1,1,10.4,52.9,
2026-07-23 18:58:55.878,0.2388,0.1767,0.2009,0.3086,0.4338,0.3567,0.2487,0.3433,0.1903,0.1805,0.2289,0.1877,0.1191,0.2281,0.2678,0.1364,0.0179,0.058,0.0537,0.0239,3315.7143,3306.8498,3321.3553,3281.8681,-0.9785,-0.0623,-0.1315,-1.0094,-0.4262,0.4337,1,1,1,1,1,10.3,53.8,
2026-07-23 18:58:56.890,0.2388,0.169,0.2025,0.3052,0.4249,0.3497,0.249,0.3503,0.2018,0.1991,0.2352,0.1894,0.1156,0.2228,0.2614,0.1308,0.0189,0.0593,0.052,0.0243,3277.033,3289.1209,3266.5568,3265.7509,-0.9717,-0.0606,-0.1281,-1.0617,0.1122,0.2393,1,1,1,1,1,10.3,54.3,
2026-07-23 18:58:57.905,0.2485,0.1955,0.1942,0.2958,0.4227,0.3281,0.252,0.3662,0.2059,0.1967,0.2697,0.2053,0.1059,0.2244,0.2376,0.1119,0.017,0.0554,0.0465,0.0208,3313.2967,3282.674,3310.0733,3329.8168,-0.9753,-0.0624,-0.131,-0.972,0.1271,0.2318,1,1,1,1,1,10.3,54.4,
2026-07-23 18:58:58.919,0.2555,0.2118,0.1757,0.2704,0.4068,0.3062,0.2276,0.3455,0.2083,0.2002,0.347,0.2603,0.1122,0.2283,0.2107,0.1035,0.0171,0.0536,0.039,0.0203,3234.3223,3305.641,3311.685,3237.9487,-0.9715,-0.0559,-0.1321,-1.0318,-0.0598,0.3065,1,1,1,1,1,10.3,54.8,
2026-07-23 18:58:59.925,0.257,0.2406,0.1815,0.2405,0.4155,0.3422,0.2274,0.3614,0.1994,0.1667,0.362,0.2765,0.1119,0.2035,0.1881,0.1035,0.0162,0.047,0.041,0.018,3340.696,3337.8755,3321.3553,3311.2821,-0.9751,-0.0621,-0.1324,-0.8972,-0.1645,0.0224,1,1,1,1,1,10.3,55.4,
2026-07-23 18:59:00.933,0.2547,0.2542,0.1946,0.235,0.4243,0.3383,0.2269,0.3455,0.202,0.1775,0.3619,0.3068,0.1056,0.1868,0.1779,0.0976,0.0134,0.0433,0.0387,0.0151,3243.1868,3292.3443,3318.1319,3279.4505,-0.9744,-0.05,-0.1346,-1.0916,-0.0748,0.4486,1,1,1,1,1,10.3,56.7,
2026-07-23 18:59:01.947,0.2589,0.247,0.1894,0.2174,0.3972,0.3071,0.2451,0.3465,0.2212,0.2213,0.3574,0.3278,0.1097,0.1842,0.1725,0.0961,0.013,0.0404,0.0355,0.0122,3252.0513,3300.8059,3256.8864,3250.8425,-0.9777,-0.0649,-0.1278,-0.9122,0.2617,0.1421,1,1,1,1,1,10.3,58.0,
2026-07-23 18:59:02.962,0.2972,0.3014,0.1832,0.19,0.3436,0.2657,0.2465,0.3504,0.2328,0.2206,0.3668,0.3443,0.1134,0.1739,0.1697,0.1031,0.013,0.0384,0.0338,0.0122,3324.1758,3318.5348,3326.5934,3334.2491,-0.9749,-0.064,-0.1301,-0.957,0.2766,0.1645,1,1,1,1,1,10.3,58.0,
2026-07-23 18:59:03.972,0.3537,0.3459,0.2632,0.2701,0.3277,0.2462,0.2434,0.3313,0.2048,0.2097,0.3144,0.2948,0.1039,0.1633,0.1497,0.0939,0.0099,0.0349,0.0294,0.0099,3297.5824,3299.5971,3304.8352,3309.2674,-0.9703,-0.0638,-0.1266,-0.9869,0.0299,-0.0,1,1,1,1,1,10.3,56.7,
2026-07-23 18:59:04.980,0.3041,0.3078,0.2629,0.2422,0.2795,0.2094,0.2511,0.3018,0.3159,0.3095,0.3084,0.3612,0.0922,0.1441,0.1508,0.0864,0.0084,0.0291,0.0268,0.0084,3282.2711,3314.1026,3316.5201,3292.7473,-0.9796,-0.0656,-0.1287,-0.9196,-0.0374,-0.0224,1,1,1,1,1,10.3,55.5,
2026-07-23 18:59:05.992,0.3019,0.2951,0.2631,0.2482,0.2836,0.21,0.2586,0.2996,0.3147,0.3232,0.2937,0.3575,0.0912,0.1428,0.1564,0.0866,0.0087,0.029,0.0281,0.0081,3459.5604,3353.9927,3311.685,3472.8571,-0.9744,-0.0581,-0.1279,-0.8972,-0.2991,-0.0897,1,1,1,1,1,10.3,55.1,
2026-07-23 18:59:07.001,0.3574,0.3814,0.3953,0.315,0.3,0.2327,0.2532,0.3301,0.2708,0.2573,0.1972,0.2823,0.0668,0.1089,0.1334,0.0681,0.005,0.0196,0.0209,0.0045,3369.707,3324.9817,3351.5751,3361.2454,-0.9736,-0.0536,-0.1282,-1.129,-0.3439,0.4187,1,1,1,1,1,10.3,55.6,
2026-07-23 18:59:08.008,0.2908,0.3399,0.304,0.2979,0.3249,0.2737,0.3385,0.3703,0.3156,0.2702,0.2094,0.2671,0.0654,0.1013,0.1332,0.0615,0.0033,0.0149,0.0149,0.0031,3286.3004,3308.8645,3311.2821,3295.1648,-0.975,-0.0669,-0.1346,-0.8673,0.2168,-0.015,1,1,1,1,1,10.3,57.8,
2026-07-23 18:59:09.012,0.2738,0.3094,0.2972,0.2921,0.3256,0.2964,0.3564,0.3674,0.3243,0.2731,0.2005,0.2644,0.0728,0.1068,0.1304,0.0727,0.0034,0.0143,0.0154,0.0033,3306.044,3290.7326,3282.674,3285.4945,-0.9777,-0.0585,-0.1342,-1.0318,0.1346,0.0523,1,1,1,1,1,10.3,59.4,
2026-07-23 18:59:10.023,0.2701,0.3069,0.3033,0.2916,0.3312,0.3071,0.3509,0.3687,0.3193,0.2629,0.2003,0.2584,0.0753,0.108,0.13,0.0776,0.004,0.0151,0.0156,0.0037,3320.1465,3318.9377,3322.967,3290.3297,-0.9717,-0.0608,-0.1285,-0.9944,-0.0748,0.2094,1,1,1,1,1,10.3,59.9,
2026-07-23 18:59:11.033,0.2544,0.2949,0.3036,0.2881,0.3316,0.3094,0.3522,0.3663,0.3288,0.2665,0.1984,0.2619,0.0807,0.1136,0.1287,0.0794,0.0045,0.0156,0.0171,0.0042,3300.0,3322.1612,3317.326,3299.5971,-0.9744,-0.0615,-0.1312,-1.0991,-0.015,0.3065,1,1,1,1,1,10.3,59.8,
2026-07-23 18:59:12.040,0.2315,0.2766,0.2676,0.2627,0.3425,0.3254,0.3648,0.3774,0.3381,0.2672,0.2069,0.2734,0.0831,0.1147,0.1417,0.0817,0.0049,0.016,0.019,0.0048,3312.0879,3300.4029,3315.3114,3283.4799,-0.9759,-0.0598,-0.1299,-0.9047,-0.2019,0.0673,1,1,1,1,1,10.3,59.4,
2026-07-23 18:59:13.049,0.2467,0.2947,0.2733,0.2808,0.3619,0.3585,0.3602,0.3928,0.2993,0.2077,0.2012,0.2367,0.087,0.1223,0.145,0.0847,0.0052,0.0169,0.0202,0.005,3331.0256,3318.1319,3321.3553,3321.7582,-0.9743,-0.061,-0.1307,-0.9869,-0.1421,0.2393,1,1,1,1,1,10.3,58.3,
2026-07-23 18:59:14.061,0.2482,0.2953,0.2716,0.2793,0.3604,0.36,0.3624,0.3927,0.2983,0.2061,0.1993,0.2359,0.0879,0.1201,0.1452,0.0866,0.0053,0.0184,0.0214,0.0054,3346.337,3345.9341,3308.8645,3311.685,-0.976,-0.0596,-0.1342,-1.0767,0.3065,0.4037,1,1,1,1,1,10.3,56.1,
2026-07-23 18:59:15.068,0.1713,0.1874,0.1498,0.2283,0.3761,0.3965,0.4177,0.3983,0.3356,0.2395,0.2302,0.2539,0.1091,0.1496,0.1715,0.1114,0.0079,0.027,0.0309,0.008,3333.8462,3311.2821,3284.6886,3327.8022,-0.9763,-0.0591,-0.1302,-0.9944,-0.1346,0.1421,1,1,1,1,1,10.3,53.6,
2026-07-23 18:59:16.080,0.1721,0.1923,0.21,0.2179,0.3611,0.3397,0.3232,0.3258,0.2783,0.2258,0.2006,0.2326,0.1688,0.199,0.2147,0.2032,0.0197,0.0432,0.0515,0.0206,3288.7179,3302.8205,3283.8828,3270.989,-0.9753,-0.0585,-0.1313,-0.9795,-0.3439,0.0523,1,1,1,1,1,10.3,49.2,
2026-07-23 18:59:17.094,0.2281,0.2472,0.1826,0.2694,0.3076,0.275,0.2521,0.3161,0.264,0.2207,0.2453,0.2079,0.1728,0.2049,0.2595,0.1809,0.0274,0.0523,0.0605,0.0258,3280.6593,3293.1502,3327.3993,3333.0403,-0.9721,-0.0646,-0.1289,-0.9869,-0.0374,0.2393,1,1,1,1,1,10.3,50.0,
2026-07-23 18:59:18.104,0.2478,0.2836,0.2144,0.3075,0.2791,0.2548,0.2765,0.2841,0.2783,0.2246,0.2173,0.2198,0.1715,0.1921,0.2373,0.1652,0.0232,0.045,0.0546,0.0234,3334.2491,3341.9048,3295.5678,3345.5311,-0.9782,-0.064,-0.1293,-0.972,0.1196,0.1944,1,1,1,1,1,10.3,51.1,
2026-07-23 18:59:19.120,0.2121,0.2561,0.2161,0.267,0.2887,0.2471,0.2852,0.3074,0.3119,0.2543,0.2072,0.2436,0.1661,0.1976,0.2417,0.1596,0.0212,0.0449,0.0498,0.0224,3321.3553,3304.8352,3289.5238,3301.6117,-0.971,-0.0568,-0.1201,-0.9795,-0.1047,0.0299,1,1,1,1,1,10.3,52.5,
2026-07-23 18:59:20.135,0.2208,0.2651,0.2329,0.2578,0.2906,0.2395,0.3068,0.345,0.3029,0.2533,0.1915,0.2274,0.1649,0.1978,0.2204,0.1467,0.0209,0.0443,0.0484,0.0231,3347.1429,3320.9524,3312.0879,3327.8022,-0.9781,-0.0652,-0.131,-1.0468,0.0822,0.1196,1,1,1,1,1,10.3,53.7,
2026-07-23 18:59:21.149,0.2171,0.2639,0.2302,0.245,0.3209,0.2466,0.3107,0.3493,0.2982,0.2453,0.1961,0.2394,0.146,0.2005,0.2149,0.1457,0.0179,0.0437,0.0482,0.0207,3330.6227,3345.9341,3329.4139,3319.7436,-0.9789,-0.0602,-0.1266,-1.0243,-0.0972,0.2617,1,1,1,1,1,10.3,54.3,
2026-07-23 18:59:22.169,0.2426,0.2704,0.2398,0.2431,0.3077,0.2423,0.3165,0.3698,0.2913,0.2387,0.1957,0.2294,0.1415,0.2069,0.2052,0.1392,0.0169,0.0417,0.0428,0.0185,3361.2454,3337.4725,3332.6374,3356.4103,-0.973,-0.0573,-0.1306,-1.0617,-0.0748,0.1645,1,1,1,1,1,10.3,54.9,
2026-07-23 18:59:23.180,0.3886,0.3462,0.3158,0.4429,0.2874,0.2421,0.3078,0.2932,0.2117,0.2055,0.1746,0.1569,0.1017,0.1734,0.1691,0.0961,0.0105,0.0329,0.0326,0.0109,3237.5458,3321.3553,3296.3736,3281.4652,-0.973,-0.061,-0.1298,-1.0318,-0.0673,0.2318,1,1,1,1,1,10.3,56.2,
2026-07-23 18:59:24.200,0.3916,0.3236,0.2781,0.4384,0.2797,0.2474,0.3208,0.2625,0.209,0.2287,0.2101,0.1898,0.1113,0.1726,0.1667,0.1008,0.0084,0.0278,0.0242,0.0086,3214.5788,3278.2418,3334.652,3276.2271,-0.9744,-0.0664,-0.1317,-1.0841,0.0449,0.329,1,1,1,1,1,10.3,57.0,
2026-07-23 18:59:25.214,0.3527,0.3009,0.2375,0.3918,0.2824,0.2499,0.2944,0.2542,0.2195,0.2325,0.2702,0.2226,0.1379,0.1909,0.1755,0.1235,0.0075,0.0258,0.0224,0.0079,3357.619,3345.1282,3341.0989,3381.3919,-0.9758,-0.058,-0.1352,-1.0991,0.0523,0.1794,1,1,1,1,1,10.3,56.4,
2026-07-23 18:59:26.225,0.3107,0.2607,0.2149,0.3509,0.28,0.2567,0.2964,0.2676,0.2384,0.2514,0.2835,0.239,0.1637,0.2055,0.1831,0.1351,0.0072,0.0258,0.022,0.0073,3223.0403,3272.1978,3300.0,3276.2271,-0.9789,-0.0617,-0.1331,-1.0094,0.1495,0.314,1,1,1,1,1,10.3,54.7,
2026-07-23 18:59:27.231,0.3039,0.255,0.2097,0.2852,0.2893,0.3004,0.3454,0.3947,0.2411,0.2203,0.2645,0.2047,0.16,0.2032,0.1637,0.1112,0.0058,0.0211,0.0167,0.0042,3324.1758,3319.3407,3290.3297,3304.4322,-0.9737,-0.0574,-0.1248,-0.9645,-0.0748,0.2168,1,1,1,1,1,10.3,53.4,
2026-07-23 18:59:28.250,0.2896,0.2469,0.2216,0.281,0.2915,0.2943,0.341,0.3866,0.2539,0.2289,0.2568,0.2141,0.1599,0.2099,0.1658,0.1149,0.0051,0.02,0.0148,0.0034,3258.9011,3273.0037,3330.2198,3272.6007,-0.9784,-0.0681,-0.1368,-0.9645,0.1047,0.1944,1,1,1,1,1,10.3,53.0,
2026-07-23 18:59:29.261,0.2723,0.2377,0.214,0.2636,0.2957,0.2956,0.3363,0.3875,0.2526,0.237,0.2631,0.2238,0.174,0.2104,0.1719,0.1217,0.0053,0.0192,0.0147,0.0034,3305.2381,3325.7875,3308.4615,3331.4286,-0.9768,-0.0624,-0.131,-0.8823,-0.1196,0.0972,1,1,1,1,1,10.2,53.0,
2026-07-23 18:59:30.289,0.2521,0.2351,0.2074,0.2521,0.2996,0.2892,0.3325,0.3827,0.2552,0.241,0.2696,0.2374,0.1881,0.2169,0.1757,0.1245,0.005,0.0178,0.0148,0.0033,3291.9414,3304.0293,3264.5421,3257.6923,-0.971,-0.0571,-0.1274,-1.0841,-0.1944,0.314,1,1,1,1,1,10.2,53.1,
2026-07-23 18:59:31.305,0.1582,0.1721,0.164,0.1513,0.3159,0.2989,0.3382,0.4238,0.2916,0.2649,0.2895,0.2759,0.2284,0.2433,0.1927,0.1451,0.0059,0.0208,0.0157,0.0039,3338.2784,3328.2051,3313.2967,3329.4139,-0.9735,-0.0626,-0.1267,-0.9795,-0.2393,0.2019,1,1,1,1,1,10.2,52.9,
2026-07-23 18:59:32.320,0.1384,0.173,0.1742,0.1272,0.3237,0.3071,0.3342,0.4583,0.2917,0.2414,0.2767,0.2616,0.2394,0.2533,0.1956,0.1485,0.0068,0.0251,0.0193,0.0044,3309.6703,3293.956,3312.4908,3318.9377,-0.9746,-0.0602,-0.1319,-0.972,-0.1645,0.1869,1,1,1,1,1,10.2,52.8,
2026-07-23 18:59:33.331,0.1515,0.1886,0.1968,0.1363,0.3299,0.3148,0.367,0.4835,0.2777,0.2181,0.2171,0.2372,0.2321,0.2519,0.1977,0.1378,0.0088,0.0267,0.0214,0.0052,3304.0293,3307.2527,3312.4908,3281.8681,-0.9772,-0.0638,-0.1243,-0.9271,-0.0523,0.1047,1,1,1,1,1,10.2,52.9,
2026-07-23 18:59:34.362,0.1764,0.2098,0.2087,0.1591,0.347,0.3145,0.3686,0.4928,0.2529,0.1801,0.2087,0.217,0.2137,0.2661,0.1923,0.1257,0.01,0.0294,0.0217,0.0054,3298.7912,3302.0147,3291.1355,3272.6007,-0.9769,-0.0626,-0.1293,-1.0019,-0.2243,0.2841,1,1,1,1,1,10.2,53.2,
2026-07-23 18:59:35.382,0.1151,0.1847,0.1835,0.1489,0.3403,0.2528,0.3042,0.3685,0.2794,0.2302,0.24,0.2893,0.2502,0.2871,0.2391,0.1827,0.015,0.0452,0.0332,0.0106,3351.5751,3329.4139,3331.8315,3356.8132,-0.9736,-0.067,-0.1271,-0.9869,0.2692,0.2393,1,1,1,1,1,10.2,53.4,
2026-07-23 18:59:36.399,0.1289,0.1829,0.1564,0.1728,0.3321,0.2487,0.2929,0.3602,0.2438,0.2179,0.2714,0.2774,0.2765,0.2986,0.2429,0.1769,0.0187,0.0519,0.0365,0.0127,3320.9524,3279.8535,3292.3443,3302.8205,-0.9752,-0.0623,-0.133,-1.0841,-0.0523,0.3365,1,1,1,1,1,10.2,53.2,
2026-07-23 18:59:37.415,0.1617,0.195,0.176,0.2528,0.2954,0.2417,0.2942,0.3347,0.2477,0.2194,0.2368,0.2234,0.2717,0.2886,0.253,0.1732,0.0235,0.0553,0.04,0.016,3270.5861,3279.8535,3300.0,3289.9267,-0.9768,-0.0602,-0.1354,-0.8972,-0.0972,0.1122,1,1,1,1,1,10.2,53.2,
2026-07-23 18:59:38.435,0.1932,0.1768,0.2001,0.3036,0.3122,0.2582,0.289,0.3344,0.2409,0.2262,0.2185,0.1827,0.226,0.2759,0.2501,0.1608,0.0277,0.0629,0.0423,0.0185,3272.6007,3324.5788,3294.7619,3313.6996,-0.9736,-0.0619,-0.1296,-1.0692,-0.471,0.3365,1,1,1,1,1,10.2,53.3,
2026-07-23 18:59:39.452,0.1962,0.1751,0.2078,0.3033,0.3087,0.2666,0.2741,0.3258,0.2472,0.2208,0.204,0.183,0.2167,0.2777,0.2667,0.1656,0.0311,0.0598,0.0475,0.0224,3258.9011,3284.6886,3299.5971,3298.7912,-0.9725,-0.061,-0.1294,-1.0168,-0.4262,0.3215,1,1,1,1,1,10.2,53.7,
2026-07-23 18:59:40.465,0.1864,0.1744,0.2179,0.3133,0.3185,0.2446,0.2736,0.3096,0.2512,0.2294,0.2041,0.1963,0.2162,0.2902,0.2584,0.1598,0.0276,0.0613,0.046,0.021,3309.2674,3318.5348,3294.359,3286.3004,-0.9722,-0.0611,-0.1336,-0.9944,-0.0449,0.1944,1,1,1,1,1,10.2,53.9,
2026-07-23 18:59:41.481,0.1837,0.2015,0.2333,0.2931,0.3216,0.2445,0.2636,0.3132,0.2676,0.2251,0.2105,0.2275,0.2047,0.269,0.2482,0.1483,0.0224,0.0598,0.0444,0.0179,3327.3993,3296.7766,3330.6227,3357.619,-0.9767,-0.0623,-0.1335,-0.9795,-0.3065,0.2019,1,1,1,1,1,10.2,54.0,
2026-07-23 18:59:42.514,0.186,0.21,0.2368,0.2798,0.3247,0.2553,0.2355,0.2865,0.2682,0.2257,0.2219,0.2496,0.2,0.2491,0.2595,0.164,0.0212,0.0599,0.0462,0.0201,3333.8462,3323.37,3299.1941,3318.5348,-0.9738,-0.0667,-0.1342,-1.0916,0.0598,0.486,1,1,1,1,1,10.2,54.1,
2026-07-23 18:59:43.519,0.1854,0.2286,0.2738,0.2897,0.3274,0.2473,0.2066,0.284,0.2751,0.2096,0.2078,0.2287,0.1927,0.2596,0.2646,0.1777,0.0195,0.055,0.0472,0.0198,3287.1062,3305.641,3284.6886,3285.0916,-0.976,-0.0588,-0.1302,-1.114,0.1794,0.2393,1,1,1,1,1,10.2,54.8,
2026-07-23 18:59:44.534,0.1828,0.2388,0.2567,0.2436,0.3382,0.2508,0.2362,0.3064,0.2738,0.2126,0.2061,0.2332,0.1851,0.2421,0.256,0.194,0.0202,0.0557,0.045,0.0229,3282.674,3337.8755,3329.011,3304.8352,-0.9751,-0.063,-0.1299,-1.0094,-0.1645,0.1944,1,1,1,1,1,10.2,56.2,
2026-07-23 18:59:45.549,0.1925,0.2452,0.2259,0.2282,0.3417,0.2349,0.2237,0.2961,0.2707,0.2019,0.2688,0.2531,0.1706,0.2641,0.2364,0.1892,0.0244,0.0539,0.0452,0.0334,3264.5421,3277.033,3289.5238,3227.0696,-0.9764,-0.0605,-0.1329,-0.9944,0.2019,0.2467,1,1,1,1,1,10.2,57.0,
2026-07-23 18:59:46.564,0.1942,0.2411,0.2132,0.2202,0.331,0.227,0.2223,0.2816,0.2786,0.2142,0.2778,0.2788,0.1736,0.2704,0.2419,0.1895,0.0226,0.0472,0.0448,0.0299,3282.674,3292.3443,3289.1209,3289.9267,-0.9763,-0.0663,-0.1329,-0.9869,-0.0075,0.2542,1,1,1,1,1,10.2,56.6,
2026-07-23 18:59:47.572,0.201,0.2764,0.2129,0.2175,0.307,0.2087,0.247,0.3175,0.3048,0.2311,0.2744,0.2521,0.1692,0.2436,0.2275,0.1882,0.018,0.0402,0.0382,0.0247,3328.2051,3326.5934,3274.2125,3347.1429,-0.9749,-0.0633,-0.13,-1.0617,0.1196,0.2841,1,1,1,1,1,10.2,45.0,
2026-07-23 18:59:48.584,0.1797,0.2367,0.1868,0.1756,0.317,0.2253,0.2619,0.3481,0.2996,0.2576,0.2715,0.252,0.1864,0.2462,0.2456,0.2009,0.0172,0.0342,0.0342,0.0235,3247.2161,3288.7179,3328.6081,3313.6996,-0.9725,-0.0638,-0.138,-0.8972,-0.0673,0.2841,1,1,1,1,1,10.2,49.3,
2026-07-23 18:59:49.606,0.1667,0.2035,0.178,0.1608,0.3198,0.2221,0.2585,0.3502,0.2938,0.2746,0.2825,0.2572,0.2029,0.2627,0.2476,0.207,0.0167,0.0371,0.0333,0.0248,3276.2271,3332.2344,3283.0769,3241.5751,-0.9738,-0.0555,-0.127,-0.8524,-0.0897,0.1495,1,1,1,1,1,10.2,49.7,
2026-07-23 18:59:50.618,0.1443,0.184,0.1858,0.1475,0.2981,0.2234,0.2617,0.3326,0.3188,0.2777,0.2567,0.2726,0.2227,0.2789,0.2643,0.2241,0.0161,0.0361,0.0315,0.0232,3296.3736,3310.0733,3278.2418,3282.674,-0.978,-0.0637,-0.135,-1.0094,0.0897,0.1421,1,1,1,1,1,10.2,50.5,
2026-07-23 18:59:51.636,0.1385,0.168,0.1723,0.127,0.2629,0.2088,0.2414,0.3246,0.3313,0.3094,0.2801,0.3029,0.2518,0.281,0.2778,0.2245,0.0155,0.0329,0.0285,0.0211,3350.7692,3312.8938,3341.0989,3355.6044,-0.9798,-0.0623,-0.1401,-0.972,-0.157,0.3215,1,1,1,1,1,10.2,51.5,
2026-07-23 18:59:52.644,0.1169,0.162,0.1719,0.1082,0.2381,0.196,0.2214,0.2979,0.3452,0.3078,0.2791,0.3145,0.2855,0.3031,0.3008,0.2621,0.0143,0.0311,0.0268,0.0173,3279.4505,3318.9377,3322.5641,3290.3297,-0.9711,-0.0604,-0.1261,-1.0243,-0.2393,0.2467,1,1,1,1,1,10.2,52.6,
2026-07-23 18:59:53.653,0.1058,0.148,0.1821,0.0955,0.2272,0.1945,0.221,0.2914,0.3442,0.3031,0.2401,0.3114,0.3109,0.3228,0.3307,0.2891,0.0118,0.0316,0.0262,0.0126,3276.63,3293.1502,3289.9267,3268.1685,-0.9761,-0.066,-0.1289,-1.0393,0.1944,0.1196,1,1,1,1,1,10.2,53.3,
2026-07-23 18:59:54.684,0.0908,0.1421,0.1878,0.0777,0.2182,0.1929,0.2192,0.2943,0.3447,0.2995,0.233,0.3047,0.3334,0.3321,0.3317,0.3083,0.0129,0.0334,0.0282,0.0149,3297.9853,3327.8022,3282.674,3278.2418,-0.974,-0.0645,-0.137,-1.0841,0.1122,0.172,1,1,1,1,1,10.2,53.9,
2026-07-23 18:59:55.714,0.0802,0.0893,0.1731,0.0618,0.2147,0.1971,0.2173,0.2768,0.3309,0.303,0.2327,0.3267,0.3595,0.3725,0.3456,0.3189,0.0147,0.0381,0.0313,0.0159,3297.1795,3324.5788,3337.4725,3292.7473,-0.9731,-0.0611,-0.1305,-1.0094,-0.015,0.2617,1,1,1,1,1,10.2,54.7,
2026-07-23 18:59:56.734,0.0881,0.0993,0.1747,0.0776,0.176,0.1797,0.2128,0.2515,0.3547,0.2859,0.232,0.3312,0.3652,0.3894,0.344,0.3226,0.016,0.0458,0.0365,0.0171,3283.8828,3288.315,3298.3883,3283.8828,-0.9725,-0.0599,-0.1302,-0.957,-0.172,0.1944,1,1,1,1,1,10.2,55.6,
2026-07-23 18:59:57.743,0.0978,0.1016,0.1717,0.0813,0.1865,0.1812,0.2032,0.2379,0.3489,0.2877,0.2297,0.3275,0.3499,0.3863,0.3555,0.3351,0.0171,0.0432,0.0399,0.0182,3323.7729,3329.4139,3316.1172,3330.6227,-0.9771,-0.0634,-0.1349,-1.0542,-0.2243,0.3365,1,1,1,1,1,10.2,55.7,
2026-07-23 18:59:58.751,0.11,0.1111,0.1558,0.0799,0.2073,0.1968,0.1977,0.25,0.3509,0.2954,0.2665,0.3587,0.3145,0.3555,0.3375,0.2933,0.0173,0.0411,0.0425,0.0182,3287.1062,3323.7729,3320.9524,3315.3114,-0.9724,-0.0634,-0.1304,-0.9869,-0.2094,0.2243,1,1,1,1,1,10.2,54.7,
2026-07-23 18:59:59.774,0.1172,0.116,0.1765,0.0959,0.2545,0.2243,0.2473,0.2566,0.3068,0.2348,0.2018,0.3346,0.2993,0.3761,0.3265,0.2924,0.0222,0.0488,0.0479,0.0205,3326.9963,3293.956,3288.7179,3311.685,-0.9726,-0.0571,-0.1331,-0.8748,0.3813,0.1495,1,1,1,1,1,10.2,52.9,
2026-07-23 19:00:00.800,0.1492,0.1315,0.2111,0.1432,0.2923,0.2586,0.2802,0.3067,0.3007,0.2246,0.175,0.3189,0.2315,0.3319,0.2807,0.2045,0.0262,0.0533,0.0531,0.0267,3306.8498,3315.7143,3314.5055,3281.4652,-0.9762,-0.0631,-0.1364,-1.1066,0.0673,0.2542,1,1,1,1,1,10.2,51.1,
2026-07-23 19:00:01.815,0.1891,0.1595,0.2271,0.1663,0.3194,0.284,0.3067,0.343,0.2943,0.2256,0.1838,0.3241,0.171,0.2742,0.2244,0.1374,0.0262,0.0567,0.058,0.0293,3387.033,3336.6667,3333.4432,3380.1832,-0.9792,-0.06,-0.1335,-1.1066,0.2692,0.2766,1,1,1,1,1,10.2,50.9,
2026-07-23 19:00:02.827,0.1917,0.1544,0.1896,0.181,0.3002,0.2561,0.2773,0.3181,0.3466,0.2969,0.2758,0.3533,0.1386,0.2418,0.2027,0.1241,0.0229,0.0508,0.0546,0.0234,3254.4689,3288.7179,3307.2527,3311.685,-0.9718,-0.063,-0.1291,-0.8224,-0.314,-0.1421,1,1,1,1,1,10.2,51.1,
2026-07-23 19:00:03.843,0.1912,0.1743,0.1944,0.1666,0.3061,0.2678,0.2488,0.3248,0.3489,0.292,0.3199,0.3599,0.1327,0.2184,0.184,0.1266,0.0211,0.0475,0.053,0.0222,3329.4139,3333.8462,3276.63,3309.2674,-0.9748,-0.0516,-0.1251,-1.1215,-0.3813,0.3963,1,1,1,1,1,10.1,51.3,
2026-07-23 19:00:04.860,0.1833,0.1755,0.1985,0.1559,0.3335,0.2927,0.2387,0.3249,0.3406,0.2834,0.3365,0.3716,0.1231,0.2066,0.1762,0.1274,0.0195,0.0418,0.05,0.0203,3293.5531,3335.4579,3326.5934,3308.0586,-0.9717,-0.0583,-0.1297,-1.0019,0.1421,0.1944,1,1,1,1,1,10.1,51.6,
2026-07-23 19:00:05.908,0.1595,0.1875,0.2181,0.1217,0.2862,0.2752,0.2316,0.2857,0.4474,0.3577,0.3339,0.4732,0.0941,0.1512,0.1736,0.1064,0.0128,0.0284,0.0428,0.013,3322.5641,3304.4322,3273.4066,3278.6447,-0.9739,-0.0628,-0.127,-0.957,-0.0374,0.1122,1,1,1,1,1,10.1,52.8,
2026-07-23 19:00:06.924,0.1606,0.1759,0.2087,0.1161,0.2522,0.2505,0.254,0.2463,0.4948,0.4038,0.3369,0.5416,0.0826,0.1442,0.1616,0.0864,0.0097,0.0256,0.0388,0.0096,3341.5018,3317.7289,3282.2711,3283.4799,-0.9783,-0.0599,-0.1301,-0.957,-0.0075,0.2393,1,1,1,1,1,10.1,54.1,
2026-07-23 19:00:07.963,0.1683,0.1788,0.2076,0.1273,0.2843,0.2727,0.2392,0.2569,0.4595,0.3847,0.3575,0.5255,0.0796,0.1387,0.157,0.081,0.0084,0.0251,0.0387,0.0093,3295.1648,3304.4322,3346.7399,3312.4908,-0.9768,-0.0627,-0.134,-1.0468,0.2393,0.2318,1,1,1,1,1,10.1,55.1,
2026-07-23 19:00:08.979,0.2038,0.2116,0.277,0.1578,0.2927,0.2507,0.234,0.2717,0.409,0.3766,0.309,0.4711,0.0875,0.1403,0.1491,0.0915,0.007,0.0209,0.0308,0.0078,3268.5714,3311.685,3289.1209,3268.1685,-0.9744,-0.0658,-0.1248,-0.7701,-0.3664,-0.0449,1,1,1,1,1,10.1,55.8,
2026-07-23 19:00:09.988,0.175,0.203,0.2578,0.1437,0.2997,0.2178,0.2382,0.2784,0.4275,0.4235,0.3478,0.4759,0.0917,0.1382,0.1333,0.0961,0.0061,0.0176,0.0229,0.006,3320.1465,3324.5788,3311.2821,3291.9414,-0.9761,-0.0606,-0.1314,-1.0767,0.1346,0.172,1,1,1,1,1,10.1,56.5,
2026-07-23 19:00:11.007,0.1478,0.1986,0.2585,0.1343,0.3154,0.2336,0.2606,0.3026,0.4356,0.4078,0.3284,0.4613,0.0959,0.1429,0.1324,0.0965,0.0053,0.017,0.0201,0.0053,3299.1941,3304.8352,3321.3553,3295.5678,-0.9766,-0.0581,-0.1317,-0.8449,0.1196,-0.0523,1,1,1,1,1,10.1,58.1,
2026-07-23 19:00:12.017,0.1543,0.1938,0.26,0.1412,0.3141,0.2417,0.2649,0.3042,0.4226,0.4039,0.3195,0.4514,0.1041,0.1445,0.1363,0.0984,0.0049,0.0161,0.0194,0.0047,3297.9853,3295.1648,3304.8352,3291.1355,-0.972,-0.0607,-0.1285,-0.8374,0.1271,-0.0972,1,1,1,1,1,10.1,59.1,
2026-07-23 19:00:13.035,0.1611,0.1933,0.2556,0.1438,0.3095,0.2297,0.2713,0.312,0.4191,0.4119,0.3159,0.4446,0.105,0.1479,0.1379,0.0943,0.0052,0.0172,0.0193,0.0053,3313.6996,3341.5018,3268.9744,3270.989,-0.9783,-0.062,-0.1317,-1.0468,0.4037,0.5533,1,1,1,1,1,10.1,59.8,
2026-07-23 19:00:14.056,0.1766,0.2045,0.2507,0.1802,0.3335,0.2214,0.2686,0.348,0.3633,0.3852,0.3277,0.3621,0.1202,0.1676,0.1331,0.1031,0.0064,0.0214,0.0199,0.0065,3344.7253,3320.1465,3355.2015,3327.8022,-0.9734,-0.0629,-0.1329,-1.0094,0.1047,0.2019,1,1,1,1,1,10.1,59.8,
2026-07-23 19:00:15.084,0.1692,0.185,0.2064,0.2046,0.3642,0.1994,0.1986,0.3685,0.3266,0.4397,0.466,0.2996,0.1322,0.1557,0.112,0.1193,0.0077,0.0202,0.017,0.008,3312.4908,3304.0293,3307.6557,3280.2564,-0.9761,-0.062,-0.1278,-0.9196,0.0748,0.2019,1,1,1,1,1,10.1,59.3,
2026-07-23 19:00:16.093,0.1695,0.1803,0.1952,0.1978,0.3349,0.1746,0.1924,0.3623,0.3476,0.4697,0.4815,0.3051,0.1393,0.1547,0.114,0.1257,0.0087,0.0206,0.0169,0.0091,3290.7326,3305.2381,3291.9414,3285.4945,-0.9759,-0.0584,-0.1296,-0.9271,-0.0972,0.0972,1,1,1,1,1,10.1,57.3,
2026-07-23 19:00:17.111,0.1413,0.1508,0.1333,0.183,0.3501,0.188,0.184,0.3647,0.362,0.4814,0.5412,0.3207,0.1368,0.1541,0.1204,0.1207,0.0098,0.0256,0.021,0.0109,3310.0733,3317.7289,3351.978,3335.4579,-0.9776,-0.0641,-0.1312,-1.0168,-0.0598,0.3514,1,1,1,1,1,10.1,55.6,
2026-07-23 19:00:18.123,0.1739,0.1564,0.1348,0.2197,0.3468,0.218,0.162,0.3713,0.3151,0.4198,0.5427,0.2712,0.1518,0.1716,0.1331,0.1241,0.0123,0.0342,0.0275,0.0136,3347.1429,3304.4322,3369.304,3393.0769,-0.9767,-0.0571,-0.1283,-0.9869,-0.0374,0.2542,1,1,1,1,1,10.1,53.8,
2026-07-23 19:00:19.136,0.2661,0.1848,0.1469,0.2435,0.3414,0.2037,0.1421,0.3595,0.2264,0.4105,0.5427,0.2612,0.1512,0.1649,0.1382,0.1195,0.0149,0.0361,0.0299,0.0162,3215.7875,3277.4359,3302.8205,3232.3077,-0.9758,-0.0644,-0.1302,-0.9944,-0.2243,0.0822,1,1,1,1,1,10.1,51.3,
2026-07-23 19:00:20.158,0.369,0.279,0.2039,0.3475,0.286,0.2017,0.1449,0.3279,0.2281,0.3564,0.4844,0.2257,0.1049,0.1372,0.1418,0.0859,0.0121,0.0256,0.0251,0.013,3351.5751,3365.2747,3314.1026,3354.7985,-0.9724,-0.0622,-0.1315,-1.0542,-0.2617,0.0897,1,1,1,1,1,10.1,50.5,
2026-07-23 19:00:21.182,0.3291,0.2732,0.2144,0.3431,0.2888,0.2152,0.1457,0.328,0.2388,0.3575,0.4789,0.2227,0.1334,0.132,0.1383,0.0957,0.0099,0.0222,0.0227,0.0105,3302.0147,3290.3297,3295.5678,3311.685,-0.9769,-0.0583,-0.1309,-0.9271,-0.4785,0.2393,1,1,1,1,1,10.1,51.0,
2026-07-23 19:00:22.197,0.3347,0.3051,0.2285,0.3306,0.2929,0.2409,0.1487,0.3313,0.2275,0.308,0.4549,0.225,0.1355,0.1256,0.1451,0.1028,0.0093,0.0203,0.0229,0.0104,3335.8608,3302.8205,3333.0403,3320.1465,-0.9754,-0.0598,-0.1262,-0.9944,-0.3514,0.2393,1,1,1,1,1,10.1,54.8,
2026-07-23 19:00:23.219,0.315,0.3147,0.3215,0.2961,0.3182,0.3092,0.1934,0.369,0.2162,0.2257,0.2361,0.2136,0.1427,0.1312,0.2201,0.1125,0.0079,0.0192,0.0289,0.0087,3321.3553,3328.6081,3351.5751,3403.1502,-0.9756,-0.0635,-0.1264,-1.0991,-0.0224,0.0598,1,1,1,1,1,10.1,56.9,
2026-07-23 19:00:24.234,0.28,0.2992,0.3216,0.2766,0.3213,0.3313,0.2025,0.375,0.2377,0.2125,0.2203,0.2165,0.1538,0.1384,0.2274,0.1233,0.0072,0.0185,0.0282,0.0086,3246.0073,3305.2381,3312.8938,3240.7692,-0.9792,-0.0613,-0.1358,-0.9496,-0.0897,0.329,1,1,1,1,1,10.1,57.9,
2026-07-23 19:00:25.258,0.233,0.2618,0.2701,0.226,0.2765,0.3297,0.1874,0.3166,0.2861,0.2254,0.2551,0.2637,0.1971,0.1657,0.2634,0.1863,0.0073,0.0173,0.024,0.0073,3405.9707,3290.7326,3268.5714,3293.1502,-0.9711,-0.0634,-0.1314,-1.0019,-0.2991,0.4785,1,1,1,1,1,10.1,56.9,
2026-07-23 19:00:26.271,0.1964,0.25,0.2216,0.1815,0.2835,0.3303,0.2131,0.3292,0.3144,0.2345,0.2706,0.2815,0.1995,0.1695,0.2764,0.2014,0.0061,0.0156,0.0182,0.0063,3320.9524,3318.5348,3318.9377,3304.4322,-0.9785,-0.0624,-0.1319,-1.0168,0.3888,0.1271,1,1,1,1,1,10.1,55.6,
2026-07-23 19:00:27.290,0.1561,0.2193,0.1766,0.1538,0.2718,0.3195,0.2578,0.3236,0.3469,0.2578,0.2638,0.2821,0.2194,0.1875,0.2862,0.2345,0.0059,0.0158,0.0156,0.006,3283.8828,3301.2088,3331.4286,3323.7729,-0.9728,-0.0563,-0.1273,-1.144,-0.4187,0.3065,1,1,1,1,1,10.1,55.3,
2026-07-23 19:00:28.308,0.0842,0.1624,0.1232,0.0808,0.2805,0.3367,0.2781,0.3332,0.3623,0.2589,0.2793,0.2903,0.2667,0.2224,0.3019,0.2893,0.0064,0.0196,0.0175,0.0064,3347.5458,3307.6557,3277.033,3276.2271,-0.9786,-0.0652,-0.134,-0.9944,-0.0972,0.0748,1,1,1,1,1,10.1,55.4,
2026-07-23 19:00:29.327,0.0837,0.135,0.1083,0.0676,0.2743,0.3316,0.296,0.3366,0.3618,0.26,0.2631,0.2885,0.2732,0.252,0.3147,0.3005,0.007,0.0215,0.0179,0.0068,3285.8974,3310.4762,3301.2088,3276.63,-0.9731,-0.0634,-0.1292,-1.0393,-0.2467,0.2094,1,1,1,1,1,10.1,55.6,
2026-07-23 19:00:30.349,0.061,0.1034,0.0997,0.0559,0.2969,0.333,0.3015,0.3332,0.3673,0.2854,0.2652,0.2882,0.2684,0.2567,0.3151,0.3162,0.0064,0.0214,0.0185,0.0065,3314.9084,3324.5788,3320.5495,3378.9744,-0.9749,-0.064,-0.1309,-0.957,-0.015,0.1346,1,1,1,1,1,10.1,55.4,
2026-07-23 19:00:31.361,0.0586,0.0998,0.071,0.0529,0.2663,0.2899,0.287,0.3066,0.3804,0.2727,0.2983,0.2948,0.2881,0.313,0.325,0.3389,0.0066,0.0246,0.0187,0.0068,3301.6117,3312.4908,3300.0,3295.5678,-0.9737,-0.0613,-0.1281,-1.0094,0.0897,0.1421,1,1,1,1,1,10.1,55.0,
2026-07-23 19:00:32.385,0.0559,0.0961,0.061,0.0511,0.252,0.2718,0.2834,0.3143,0.359,0.2653,0.3024,0.2835,0.3263,0.3422,0.3352,0.3449,0.0068,0.0246,0.018,0.0062,3296.3736,3315.3114,3290.3297,3285.8974,-0.9731,-0.0628,-0.1319,-1.0318,0.0374,0.1794,1,1,1,1,1,10.1,54.6,
2026-07-23 19:00:33.399,0.0583,0.1124,0.0688,0.0572,0.2698,0.2533,0.3065,0.3441,0.333,0.2591,0.2836,0.258,0.3319,0.3495,0.3213,0.3338,0.0069,0.0257,0.0199,0.0069,3322.967,3278.6447,3337.4725,3364.4689,-0.9766,-0.0605,-0.1311,-1.0468,-0.314,0.2168,1,1,1,1,1,10.1,53.9,
2026-07-23 19:00:34.423,0.0608,0.1216,0.0772,0.0661,0.2474,0.252,0.2877,0.3158,0.3185,0.2496,0.2732,0.2541,0.3658,0.3509,0.3365,0.3558,0.0074,0.0259,0.0254,0.0082,3306.4469,3304.0293,3283.0769,3308.0586,-0.9747,-0.0676,-0.1289,-0.957,-0.0523,0.2019,1,1,1,1,1,10.1,53.3,
2026-07-23 19:00:35.436,0.0753,0.1348,0.0955,0.085,0.2507,0.2595,0.2402,0.2966,0.2933,0.2321,0.2924,0.27,0.3726,0.3478,0.341,0.3397,0.0081,0.0258,0.0309,0.0087,3318.5348,3324.5788,3291.9414,3305.2381,-0.975,-0.0612,-0.1341,-0.972,-0.1645,0.2542,1,1,1,1,1,10.1,53.3,
2026-07-23 19:00:36.448,0.0714,0.1386,0.097,0.0838,0.2625,0.264,0.221,0.2834,0.2988,0.2262,0.2885,0.2912,0.3584,0.3452,0.3569,0.331,0.0089,0.026,0.0365,0.0105,3342.7106,3343.5165,3280.2564,3281.0623,-0.9752,-0.0568,-0.1252,-0.9795,-0.2393,0.172,1,1,1,1,1,10.1,54.2,
2026-07-23 19:00:37.464,0.0616,0.1438,0.1001,0.0795,0.2625,0.267,0.2118,0.2694,0.3097,0.2257,0.2823,0.3017,0.3569,0.3352,0.3678,0.3385,0.0092,0.0283,0.0379,0.0109,3322.1612,3313.2967,3324.5788,3318.1319,-0.9766,-0.0584,-0.1316,-1.0841,0.0972,0.4785,1,1,1,1,1,10.1,55.3,
2026-07-23 19:00:38.472,0.1041,0.1425,0.0994,0.1044,0.1944,0.2477,0.1995,0.2447,0.2981,0.209,0.2773,0.3071,0.3928,0.3677,0.3823,0.3311,0.0107,0.033,0.0415,0.0128,3296.7766,3315.7143,3314.9084,3331.0256,-0.976,-0.0572,-0.1344,-0.9496,-0.2766,0.5234,1,1,1,1,1,10.1,55.5,
2026-07-23 19:00:39.484,0.122,0.1557,0.1236,0.1247,0.2153,0.2185,0.2379,0.2641,0.2735,0.2314,0.1976,0.2712,0.3776,0.3563,0.3867,0.3257,0.0116,0.0382,0.0541,0.0143,3265.7509,3295.9707,3302.0147,3279.4505,-0.9743,-0.0627,-0.1343,-1.0617,0.2318,0.2019,1,1,1,1,1,10.1,55.0,
2026-07-23 19:00:40.504,0.1412,0.1878,0.1339,0.1365,0.2421,0.2269,0.2433,0.2338,0.2857,0.243,0.1864,0.2934,0.3195,0.3021,0.3779,0.3201,0.0116,0.0402,0.0585,0.0162,3308.8645,3328.2051,3328.6081,3268.5714,-0.9758,-0.0624,-0.1276,-0.9795,-0.0449,0.1495,1,1,1,1,1,10.1,53.9,
2026-07-23 19:00:41.513,0.1464,0.186,0.1276,0.1325,0.2558,0.2498,0.2388,0.2444,0.2939,0.2322,0.1848,0.2936,0.2901,0.2865,0.392,0.3141,0.0138,0.0455,0.0569,0.0155,3330.2198,3312.8938,3297.9853,3306.8498,-0.9742,-0.0588,-0.1348,-1.0991,0.2841,0.2692,1,1,1,1,1,10.1,52.9,
2026-07-23 19:00:42.540,0.1675,0.1962,0.127,0.1479,0.2876,0.24,0.2611,0.2734,0.2441,0.2131,0.1723,0.2438,0.2827,0.3002,0.3847,0.3187,0.018,0.0505,0.0549,0.0162,3358.4249,3323.7729,3288.7179,3323.7729,-0.9758,-0.0566,-0.128,-0.9645,-0.0822,0.2467,1,1,1,1,1,10.1,52.6,
2026-07-23 19:00:43.562,0.1484,0.1861,0.1461,0.138,0.3022,0.24,0.2531,0.3034,0.2322,0.1986,0.1569,0.2051,0.2983,0.3221,0.3879,0.3355,0.019,0.0532,0.056,0.018,3370.1099,3334.2491,3328.6081,3381.7949,-0.976,-0.0611,-0.131,-1.0767,-0.0374,0.2692,1,1,1,1,1,10.1,53.0,
2026-07-23 19:00:44.584,0.1479,0.1825,0.1667,0.1451,0.3006,0.2418,0.2692,0.3064,0.2363,0.1893,0.1499,0.2121,0.2985,0.3346,0.368,0.3211,0.0167,0.0518,0.0463,0.0152,3298.7912,3311.685,3332.6374,3323.7729,-0.9735,-0.0602,-0.1322,-1.0692,-0.1346,0.2617,1,1,1,1,1,10.1,54.0,
2026-07-23 19:00:45.595,0.153,0.1861,0.1838,0.1579,0.3103,0.2411,0.2829,0.3233,0.2284,0.1872,0.155,0.2043,0.2911,0.3353,0.3323,0.2995,0.0171,0.0502,0.0461,0.015,3297.9853,3289.9267,3305.641,3293.1502,-0.9742,-0.0631,-0.1282,-0.9122,-0.1944,0.0598,1,1,1,1,1,10.1,55.0,
2026-07-23 19:00:46.605,0.1154,0.1556,0.1859,0.1392,0.3323,0.2556,0.3013,0.3451,0.2224,0.1877,0.1442,0.1881,0.3114,0.3518,0.3229,0.3108,0.0186,0.0493,0.0457,0.0167,3294.7619,3310.0733,3295.9707,3291.5385,-0.9746,-0.0579,-0.132,-0.8972,-0.1495,0.2542,1,1,1,1,1,10.1,55.7,
2026-07-23 19:00:47.623,0.1086,0.1492,0.1988,0.1371,0.3205,0.2701,0.2906,0.3174,0.2276,0.1902,0.1462,0.1971,0.3236,0.3404,0.3209,0.3302,0.0197,0.0501,0.0435,0.0181,3360.0366,3334.2491,3319.7436,3336.2637,-0.9742,-0.0633,-0.131,-0.8823,-0.0972,0.2243,1,1,1,1,1,10.1,55.7,
2026-07-23 19:00:48.652,0.1232,0.1287,0.2005,0.1509,0.3298,0.2918,0.2879,0.3182,0.2154,0.19,0.1576,0.1796,0.3111,0.3394,0.3095,0.3326,0.0205,0.05,0.0444,0.0187,3270.989,3289.5238,3312.4908,3290.3297,-0.9739,-0.0605,-0.1324,-1.0393,0.2766,0.3514,1,1,1,1,1,10.1,54.9,
2026-07-23 19:00:49.665,0.1557,0.1331,0.2215,0.1668,0.3422,0.2969,0.2913,0.3342,0.2051,0.197,0.169,0.1758,0.2772,0.3206,0.2709,0.3022,0.0197,0.0524,0.0473,0.021,3316.1172,3308.4615,3301.6117,3297.9853,-0.9788,-0.0605,-0.1284,-1.0617,-0.3365,0.3065,1,1,1,1,1,10.1,53.9,
2026-07-23 19:00:50.683,0.1763,0.1423,0.2304,0.1571,0.3211,0.296,0.2971,0.3254,0.2052,0.1881,0.1668,0.196,0.2765,0.3168,0.2579,0.3002,0.0209,0.0568,0.0479,0.0213,3296.3736,3331.4286,3327.3993,3284.6886,-0.9761,-0.0546,-0.1395,-1.0019,-0.0523,0.5981,1,1,1,1,1,10.1,53.5,
2026-07-23 19:00:51.702,0.1879,0.1378,0.218,0.1559,0.3176,0.3114,0.3239,0.3135,0.209,0.1889,0.1624,0.2092,0.2639,0.3075,0.2465,0.3,0.0216,0.0545,0.0492,0.0213,3274.2125,3297.1795,3293.5531,3272.1978,-0.9764,-0.062,-0.1295,-0.972,0.0224,0.2467,1,1,1,1,1,10.1,53.8,
2026-07-23 19:00:52.719,0.2175,0.1384,0.2167,0.1812,0.3152,0.3289,0.3083,0.3106,0.1946,0.1891,0.169,0.1954,0.2502,0.2883,0.2522,0.2904,0.0224,0.0553,0.0537,0.0225,3329.011,3290.3297,3314.1026,3334.652,-0.9761,-0.065,-0.1317,-1.0094,0.0224,0.2019,1,1,1,1,1,10.1,54.3,
2026-07-23 19:00:53.740,0.1943,0.1218,0.1997,0.1731,0.316,0.349,0.2976,0.2895,0.262,0.2271,0.1961,0.258,0.2089,0.2533,0.2521,0.2587,0.0189,0.0488,0.0545,0.0208,3278.2418,3310.0733,3324.5788,3280.2564,-0.9713,-0.064,-0.1323,-1.114,0.0449,0.172,1,1,1,1,1,10.1,54.0,
2026-07-23 19:00:54.751,0.1881,0.1303,0.2007,0.1797,0.3369,0.3564,0.2876,0.302,0.2646,0.2267,0.22,0.2707,0.1904,0.2371,0.2396,0.2271,0.0201,0.0495,0.0522,0.0205,3262.5275,3311.2821,3329.8168,3278.6447,-0.9716,-0.0602,-0.1299,-1.0168,-0.2467,-0.0224,1,1,1,1,1,10.1,51.8,
2026-07-23 19:00:55.770,0.1849,0.1322,0.1898,0.178,0.3407,0.3661,0.2906,0.3242,0.2596,0.2258,0.2309,0.2751,0.1959,0.2305,0.2346,0.2036,0.0189,0.0454,0.054,0.0192,3323.7729,3321.3553,3306.4469,3310.8791,-0.9736,-0.0622,-0.1289,-0.957,-0.0822,0.1794,1,1,1,1,1,10.0,49.4,
2026-07-23 19:00:56.808,0.181,0.1484,0.1903,0.1752,0.3132,0.3459,0.3131,0.3213,0.2766,0.2335,0.2139,0.2892,0.2083,0.2288,0.229,0.1934,0.0209,0.0434,0.0537,0.0209,3317.326,3308.0586,3313.2967,3267.3626,-0.973,-0.057,-0.1306,-1.0019,-0.3365,0.4411,1,1,1,1,1,10.0,48.6,
2026-07-23 19:00:57.822,0.1592,0.1427,0.1732,0.1643,0.3158,0.3609,0.3303,0.3055,0.2743,0.2255,0.2136,0.2863,0.2292,0.234,0.2328,0.2244,0.0215,0.0369,0.0501,0.0195,3279.4505,3286.3004,3335.8608,3305.2381,-0.9733,-0.0616,-0.1248,-0.7776,0.0673,-0.157,1,1,1,1,1,10.0,48.3,
2026-07-23 19:00:58.851,0.1242,0.1319,0.1535,0.1361,0.2855,0.3714,0.3199,0.2657,0.2867,0.2301,0.2335,0.3347,0.2861,0.2369,0.2485,0.2474,0.0174,0.0296,0.0445,0.016,3326.9963,3327.8022,3309.2674,3338.6813,-0.9776,-0.0642,-0.1379,-1.0019,-0.1047,0.0897,1,1,1,1,1,10.0,48.4,
2026-07-23 19:00:59.876,0.1013,0.1383,0.1648,0.1292,0.2681,0.3516,0.3041,0.258,0.304,0.2407,0.2584,0.3309,0.3116,0.2416,0.238,0.268,0.015,0.0278,0.0347,0.0139,3353.1868,3316.9231,3336.2637,3360.4396,-0.9743,-0.0647,-0.1292,-0.8,-0.3888,-0.0374,1,1,1,1,1,10.0,48.9,
2026-07-23 19:01:00.902,0.0784,0.1295,0.1457,0.096,0.2706,0.3479,0.2853,0.2803,0.3316,0.2435,0.2896,0.36,0.3061,0.255,0.2494,0.2527,0.0132,0.0241,0.0301,0.0111,3253.2601,3280.6593,3298.7912,3296.3736,-0.9743,-0.0587,-0.1336,-0.9271,-0.1645,0.172,1,1,1,1,1,10.0,49.7,
2026-07-23 19:01:01.921,0.0818,0.1316,0.148,0.089,0.256,0.3439,0.2915,0.2942,0.3051,0.2244,0.2725,0.3374,0.342,0.2763,0.2598,0.2675,0.015,0.0238,0.0282,0.012,3306.8498,3345.5311,3291.9414,3276.2271,-0.9754,-0.0639,-0.1315,-1.0916,0.3215,0.314,1,1,1,1,1,10.0,53.2,
2026-07-23 19:01:02.930,0.0834,0.1276,0.1628,0.0948,0.2516,0.3496,0.3002,0.2871,0.3041,0.2175,0.2494,0.3382,0.3468,0.2811,0.259,0.2692,0.0141,0.0241,0.0287,0.0108,3349.5604,3322.967,3300.4029,3343.1136,-0.9745,-0.0676,-0.1344,-1.0318,-0.2168,0.2467,1,1,1,1,1,10.0,55.4,
2026-07-23 19:01:03.945,0.0894,0.1343,0.1658,0.0961,0.2487,0.3359,0.3002,0.279,0.3108,0.216,0.2411,0.343,0.3355,0.2883,0.2646,0.2708,0.0155,0.0254,0.0284,0.0111,3296.7766,3306.044,3271.3919,3347.9487,-0.9755,-0.0608,-0.1303,-1.0243,-0.1196,0.1944,1,1,1,1,1,10.0,56.3,
2026-07-23 19:01:04.956,0.0734,0.1271,0.164,0.0907,0.2547,0.3336,0.2918,0.2861,0.3172,0.2049,0.2468,0.3404,0.341,0.3079,0.2699,0.2728,0.0136,0.0265,0.0274,0.0101,3310.4762,3300.8059,3303.6264,3300.8059,-0.9718,-0.0606,-0.1296,-0.9196,-0.1122,0.1047,1,1,1,1,1,10.0,56.3,
2026-07-23 19:01:05.970,0.0619,0.1293,0.1735,0.0808,0.2717,0.3098,0.2623,0.3318,0.3017,0.2096,0.2429,0.3095,0.3515,0.3219,0.2912,0.2683,0.0132,0.0294,0.0301,0.0096,3319.7436,3304.8352,3298.7912,3311.2821,-0.976,-0.0627,-0.1353,-0.9869,0.0972,0.2467,1,1,1,1,1,10.0,55.7,
2026-07-23 19:01:06.990,0.078,0.1352,0.175,0.0785,0.2935,0.3035,0.2413,0.3213,0.305,0.2042,0.2815,0.3546,0.31,0.3234,0.2736,0.2374,0.0135,0.0337,0.0286,0.0083,3326.9963,3323.7729,3315.3114,3320.5495,-0.9761,-0.0612,-0.127,-0.8673,-0.2094,0.2393,1,1,1,1,1,10.0,54.9,
2026-07-23 19:01:08.004,0.0837,0.1341,0.1662,0.0706,0.2954,0.316,0.2459,0.3285,0.2951,0.1799,0.2733,0.3648,0.3118,0.333,0.2828,0.227,0.0139,0.0371,0.0318,0.009,3299.1941,3280.6593,3296.7766,3312.8938,-0.9736,-0.0589,-0.1288,-0.9496,-0.0449,0.1122,1,1,1,1,1,10.0,54.3,
2026-07-23 19:01:09.024,0.0951,0.1474,0.172,0.0703,0.2597,0.2958,0.2446,0.3065,0.2985,0.1612,0.2463,0.3527,0.3319,0.3521,0.3034,0.2605,0.0147,0.0435,0.0337,0.01,3275.0183,3324.9817,3338.2784,3331.8315,-0.9715,-0.061,-0.1326,-1.0617,0.015,0.4561,1,1,1,1,1,10.0,53.9,
2026-07-23 19:01:10.043,0.0987,0.1764,0.1758,0.0651,0.2667,0.2774,0.2376,0.2931,0.2848,0.1514,0.2433,0.3624,0.3358,0.3498,0.3078,0.2701,0.014,0.0451,0.0355,0.0092,3331.0256,3324.9817,3324.5788,3328.6081,-0.9749,-0.0625,-0.1348,-0.9346,0.0673,0.2991,1,1,1,1,1,10.0,53.9,
2026-07-23 19:01:11.056,0.0915,0.1891,0.1618,0.0522,0.2746,0.2485,0.234,0.2977,0.2865,0.1565,0.2498,0.3582,0.3326,0.3617,0.3189,0.2826,0.0148,0.0443,0.0355,0.0093,3315.3114,3329.4139,3298.3883,3302.0147,-0.9808,-0.0632,-0.1367,-1.0243,0.0523,0.3065,1,1,1,1,1,10.0,54.5,
2026-07-23 19:01:12.067,0.0897,0.1674,0.1534,0.0425,0.2735,0.2493,0.2319,0.3121,0.2862,0.1891,0.2541,0.3515,0.3358,0.3543,0.3242,0.2848,0.0148,0.0398,0.0364,0.0091,3312.8938,3295.5678,3314.5055,3322.5641,-0.9731,-0.0616,-0.1333,-0.8224,0.172,0.4187,1,1,1,1,1,10.0,55.3,
2026-07-23 19:01:13.080,0.1013,0.168,0.1558,0.043,0.2754,0.2519,0.2359,0.3049,0.2792,0.1935,0.2448,0.3559,0.3284,0.3464,0.3243,0.2857,0.0156,0.0401,0.0391,0.0105,3340.293,3326.9963,3345.9341,3369.304,-0.9757,-0.0627,-0.1312,-1.1514,0.0075,0.2094,1,1,1,1,1,10.0,55.8,
2026-07-23 19:01:14.086,0.1114,0.1636,0.1672,0.0636,0.261,0.2554,0.2628,0.2703,0.3033,0.2108,0.2277,0.3846,0.3086,0.3302,0.302,0.2702,0.0156,0.0401,0.0403,0.0114,3287.5092,3318.5348,3322.1612,3340.293,-0.9756,-0.0652,-0.1286,-0.972,0.0224,0.2243,1,1,1,1,1,10.0,55.3,
2026-07-23 19:01:15.106,0.114,0.1518,0.1975,0.0773,0.2661,0.2296,0.2801,0.3199,0.2966,0.2311,0.1426,0.2674,0.3049,0.344,0.3324,0.319,0.0184,0.0436,0.0474,0.0164,3315.7143,3311.2821,3300.0,3291.1355,-0.9744,-0.0616,-0.1281,-1.0318,0.0598,0.3439,1,1,1,1,1,10.0,54.1,
2026-07-23 19:01:16.119,0.1182,0.1697,0.215,0.1021,0.301,0.2244,0.2555,0.3269,0.2987,0.2472,0.1507,0.2679,0.2617,0.316,0.3269,0.2867,0.0204,0.0427,0.052,0.0163,3317.7289,3321.7582,3332.2344,3312.4908,-0.977,-0.063,-0.1304,-1.0243,-0.3589,0.2318,1,1,1,1,1,10.0,52.9,
2026-07-23 19:01:17.148,0.1264,0.1705,0.216,0.1275,0.3615,0.2332,0.2809,0.3593,0.2445,0.256,0.1383,0.2279,0.2446,0.2986,0.3072,0.2664,0.023,0.0418,0.0576,0.019,3358.022,3329.011,3346.337,3356.8132,-0.9745,-0.0595,-0.1285,-0.9047,0.1645,0.1495,1,1,1,1,1,10.0,52.2,
2026-07-23 19:01:18.185,0.1236,0.133,0.2088,0.1345,0.3865,0.2312,0.2661,0.3582,0.2547,0.3011,0.1534,0.2539,0.2131,0.2919,0.3112,0.2346,0.022,0.0428,0.0605,0.0188,3272.6007,3292.7473,3307.6557,3284.2857,-0.9781,-0.0628,-0.1295,-0.9047,-0.2467,0.0972,1,1,1,1,1,10.0,52.0,
2026-07-23 19:01:19.228,0.1268,0.1385,0.211,0.1411,0.3662,0.2406,0.2663,0.3411,0.2645,0.3033,0.1584,0.2644,0.2205,0.2742,0.3037,0.2335,0.022,0.0433,0.0605,0.0198,3341.0989,3299.1941,3335.4579,3333.0403,-0.9772,-0.0632,-0.1312,-1.0094,0.0897,0.2318,1,1,1,1,1,10.0,52.0,
2026-07-23 19:01:20.249,0.1255,0.1491,0.2243,0.1488,0.3821,0.238,0.2645,0.3406,0.2604,0.3035,0.1659,0.2675,0.2103,0.2613,0.2853,0.223,0.0217,0.0481,0.0599,0.0201,3247.2161,3297.9853,3295.1648,3249.6337,-0.9771,-0.0593,-0.1289,-0.957,0.0673,0.2318,1,1,1,1,1,10.0,52.2,
2026-07-23 19:01:21.275,0.135,0.158,0.2207,0.1449,0.368,0.2412,0.2601,0.3376,0.263,0.2954,0.2032,0.2852,0.2135,0.2564,0.2616,0.2137,0.0205,0.049,0.0544,0.0186,3347.1429,3314.5055,3317.7289,3299.5971,-0.9755,-0.0651,-0.1379,-1.0468,0.015,0.1495,1,1,1,1,1,10.0,53.2,
2026-07-23 19:01:22.309,0.1426,0.1833,0.1998,0.1453,0.3962,0.2416,0.2557,0.3571,0.2364,0.2727,0.2395,0.2731,0.2028,0.2502,0.2483,0.2033,0.022,0.0521,0.0567,0.0212,3306.8498,3307.2527,3328.2051,3314.5055,-0.9727,-0.0532,-0.123,-1.1215,-0.3589,0.2094,1,1,1,1,1,10.0,53.7,
2026-07-23 19:01:23.355,0.1476,0.2474,0.1802,0.1561,0.4059,0.2431,0.2788,0.3663,0.2259,0.245,0.2478,0.2629,0.1989,0.2181,0.2318,0.1919,0.0216,0.0464,0.0613,0.0228,3316.9231,3322.5641,3331.0256,3306.8498,-0.9713,-0.0618,-0.1279,-0.9346,0.0075,-0.0523,1,1,1,1,1,9.9,54.0,
2026-07-23 19:01:24.392,0.1839,0.2279,0.1898,0.1559,0.403,0.2531,0.2865,0.3754,0.2008,0.243,0.2371,0.2519,0.191,0.2259,0.2262,0.1928,0.0213,0.0501,0.0604,0.0239,3311.685,3336.6667,3331.0256,3310.0733,-0.9719,-0.067,-0.1329,-0.8374,0.0598,-0.0,1,1,1,1,1,9.9,53.7,
2026-07-23 19:01:25.403,0.1577,0.2146,0.2049,0.1455,0.3763,0.2728,0.2575,0.3832,0.2619,0.2572,0.2682,0.2858,0.1841,0.2086,0.2141,0.1654,0.02,0.0467,0.0553,0.0201,3304.8352,3314.5055,3343.9194,3287.9121,-0.9744,-0.0644,-0.1306,-0.8598,-0.0598,0.0075,1,1,1,1,1,9.9,53.1,
2026-07-23 19:01:26.416,0.162,0.1866,0.2075,0.1923,0.3391,0.3344,0.286,0.3789,0.2771,0.2442,0.2596,0.2619,0.2049,0.1995,0.2047,0.153,0.0169,0.0354,0.0423,0.0138,3301.2088,3324.1758,3295.9707,3293.5531,-0.9757,-0.0641,-0.1299,-1.0019,0.1122,0.2094,1,1,1,1,1,9.9,53.0,
2026-07-23 19:01:27.454,0.1524,0.1814,0.1834,0.1834,0.3287,0.3287,0.2809,0.3645,0.2751,0.2381,0.2422,0.2586,0.2298,0.2177,0.2541,0.1812,0.014,0.0341,0.0394,0.0123,3329.011,3322.967,3306.8498,3335.4579,-0.9808,-0.0624,-0.1284,-1.0243,-0.172,0.2168,1,1,1,1,1,9.9,53.9,
2026-07-23 19:01:28.454,0.1392,0.1716,0.1604,0.1703,0.3061,0.3083,0.264,0.3406,0.2671,0.225,0.2246,0.2588,0.2748,0.2608,0.3134,0.2183,0.0128,0.0343,0.0377,0.012,3295.9707,3323.7729,3333.8462,3314.5055,-0.9753,-0.0624,-0.1346,-0.8075,0.1645,0.3738,1,1,1,1,1,9.9,55.1,
2026-07-23 19:01:29.497,0.1244,0.1576,0.1633,0.1682,0.3033,0.3011,0.2654,0.3389,0.2728,0.2475,0.1995,0.2425,0.2875,0.2616,0.3375,0.2392,0.0121,0.0322,0.0343,0.0111,3268.9744,3332.2344,3317.7289,3331.8315,-0.9788,-0.0631,-0.129,-1.0542,0.0897,0.3439,1,1,1,1,1,9.9,56.1,
2026-07-23 19:01:30.522,0.12,0.1455,0.1611,0.1563,0.2953,0.2919,0.2654,0.3491,0.2813,0.262,0.1918,0.2415,0.292,0.271,0.3478,0.2427,0.0115,0.0295,0.034,0.0104,3269.7802,3301.2088,3278.2418,3241.1722,-0.9745,-0.0616,-0.1302,-1.0542,-0.2168,0.329,1,1,1,1,1,9.9,56.6,
2026-07-23 19:01:31.510,0.1069,0.1118,0.1534,0.1437,0.2876,0.2861,0.2683,0.3402,0.2746,0.2682,0.1932,0.2506,0.321,0.3062,0.3546,0.2559,0.01,0.0277,0.0305,0.0096,3305.641,3312.0879,3307.6557,3318.9377,-0.9752,-0.0615,-0.1345,-1.0168,-0.0822,0.314,1,1,1,1,1,9.9,56.5,
2026-07-23 19:01:32.536,0.1321,0.1263,0.1325,0.1396,0.2862,0.2823,0.2759,0.3571,0.2654,0.2655,0.2228,0.2561,0.3072,0.3031,0.3422,0.2384,0.0091,0.0228,0.0266,0.0088,3300.8059,3314.9084,3319.7436,3304.0293,-0.9724,-0.0572,-0.132,-1.0168,-0.1122,0.2692,1,1,1,1,1,9.9,56.0,
2026-07-23 19:01:33.549,0.1408,0.1413,0.1216,0.1436,0.2855,0.2728,0.2887,0.3535,0.2562,0.2547,0.2009,0.2251,0.3089,0.308,0.3597,0.2689,0.0087,0.0233,0.0291,0.009,3315.7143,3309.6703,3311.685,3290.3297,-0.9766,-0.0671,-0.1324,-0.8972,-0.3439,-0.015,1,1,1,1,1,9.9,54.5,
2026-07-23 19:01:34.554,0.1433,0.1591,0.1051,0.1135,0.2715,0.2222,0.2605,0.3277,0.2534,0.2604,0.2032,0.2305,0.3227,0.3323,0.3964,0.3167,0.0091,0.0259,0.0348,0.0115,3314.5055,3313.2967,3312.0879,3278.2418,-0.9741,-0.067,-0.1315,-0.9944,0.0822,0.2841,1,1,1,1,1,9.9,50.0,
2026-07-23 19:01:35.571,0.1599,0.1539,0.1287,0.1229,0.279,0.2431,0.2606,0.3445,0.247,0.2584,0.2137,0.2331,0.3045,0.3179,0.3601,0.2877,0.0097,0.0267,0.0369,0.0117,3333.4432,3332.6374,3326.1905,3328.2051,-0.9793,-0.0573,-0.127,-1.0318,-0.0523,0.2916,1,1,1,1,1,9.9,48.9,
2026-07-23 19:01:36.616,0.1734,0.1711,0.1452,0.1387,0.288,0.2595,0.2685,0.3662,0.2544,0.2544,0.2273,0.2286,0.2744,0.2892,0.3191,0.2549,0.0098,0.0259,0.0399,0.0116,3355.2015,3330.6227,3338.6813,3331.8315,-0.9748,-0.0596,-0.1342,-0.9421,-0.0972,0.2094,1,1,1,1,1,9.9,49.0,
2026-07-23 19:01:37.630,0.1886,0.1879,0.1387,0.1435,0.2959,0.2597,0.2718,0.3709,0.2454,0.2394,0.2403,0.2456,0.259,0.285,0.3058,0.2263,0.0111,0.0279,0.0434,0.0137,3333.0403,3313.6996,3298.3883,3308.4615,-0.9773,-0.0632,-0.1318,-1.0094,-0.1122,0.2393,1,1,1,1,1,9.9,49.6,
2026-07-23 19:01:38.642,0.1941,0.191,0.1407,0.1521,0.2874,0.2714,0.2624,0.3445,0.2415,0.2355,0.2501,0.2451,0.2496,0.2663,0.2969,0.2197,0.0273,0.0358,0.05,0.0385,3346.7399,3313.6996,3329.011,3377.7656,-0.9767,-0.059,-0.1306,-0.9869,-0.1794,0.3888,1,1,1,1,1,9.9,50.0,
2026-07-23 19:01:39.668,0.2239,0.2153,0.1687,0.1754,0.2893,0.2704,0.2404,0.3529,0.2525,0.235,0.2528,0.2342,0.1978,0.2323,0.2809,0.1905,0.0364,0.0469,0.0572,0.047,3312.0879,3299.1941,3299.5971,3322.967,-0.9729,-0.0605,-0.1318,-1.0767,0.0748,0.3813,1,1,1,1,1,9.9,50.2,
2026-07-23 19:01:40.674,0.2435,0.2265,0.2184,0.2056,0.2696,0.2601,0.2336,0.3017,0.2671,0.2342,0.203,0.2313,0.1765,0.2203,0.2829,0.2027,0.0434,0.059,0.0621,0.0587,3277.033,3302.4176,3284.2857,3277.8388,-0.9718,-0.059,-0.1307,-0.9346,0.1794,0.3215,1,1,1,1,1,9.9,50.5,
2026-07-23 19:01:41.685,0.261,0.2169,0.2492,0.2208,0.2652,0.2464,0.245,0.3132,0.2594,0.2562,0.1954,0.2324,0.1672,0.217,0.2531,0.1726,0.0472,0.0635,0.0573,0.061,3289.5238,3322.967,3284.2857,3290.7326,-0.9745,-0.0617,-0.1318,-0.972,-0.2393,0.2916,1,1,1,1,1,9.9,51.6,
2026-07-23 19:01:42.696,0.2244,0.2147,0.2539,0.1915,0.2829,0.2524,0.2606,0.3473,0.3038,0.2621,0.1917,0.2291,0.1407,0.2057,0.2333,0.1589,0.0482,0.0652,0.0605,0.0732,3246.4103,3299.1941,3314.1026,3246.8132,-0.9756,-0.0634,-0.1313,-0.9496,0.2692,0.3065,1,1,1,1,1,9.9,54.5,
2026-07-23 19:01:43.707,0.2018,0.2024,0.2183,0.202,0.2838,0.225,0.233,0.3183,0.3323,0.3255,0.2779,0.2394,0.1314,0.1882,0.2104,0.1586,0.0508,0.059,0.0605,0.0817,3289.5238,3307.2527,3332.2344,3309.2674,-0.9758,-0.0632,-0.1271,-1.1215,0.1271,0.157,1,1,1,1,1,9.9,55.8,
2026-07-23 19:01:44.719,0.203,0.1905,0.1991,0.1952,0.287,0.1974,0.2364,0.3831,0.3544,0.3727,0.3019,0.2283,0.1084,0.1831,0.2049,0.1286,0.0472,0.0562,0.0577,0.0648,3365.6777,3317.7289,3350.3663,3385.0183,-0.9799,-0.0613,-0.1324,-0.9271,0.0374,0.2542,1,1,1,1,1,9.9,56.3,
2026-07-23 19:01:45.734,0.2036,0.1738,0.1954,0.2096,0.2982,0.2123,0.2722,0.3639,0.3707,0.3757,0.2824,0.2743,0.1007,0.195,0.2064,0.1157,0.0269,0.0432,0.0436,0.0365,3326.9963,3323.7729,3305.2381,3276.63,-0.979,-0.0615,-0.1303,-0.9496,0.0897,0.2318,1,1,1,1,1,9.9,56.2,
2026-07-23 19:01:46.740,0.1833,0.156,0.1776,0.1835,0.2751,0.2085,0.2599,0.335,0.4258,0.3872,0.3347,0.3562,0.1034,0.2134,0.1979,0.1087,0.0124,0.0349,0.0299,0.0164,3283.0769,3331.4286,3306.044,3302.4176,-0.9727,-0.0638,-0.1366,-0.9496,-0.2243,0.1869,1,1,1,1,1,9.9,56.1,
2026-07-23 19:01:47.756,0.2064,0.1689,0.163,0.182,0.2849,0.2147,0.272,0.3526,0.3962,0.3749,0.3362,0.3394,0.1032,0.2147,0.2013,0.1136,0.0093,0.0268,0.0275,0.0125,3279.4505,3341.0989,3275.8242,3294.359,-0.9752,-0.0579,-0.1319,-0.972,0.4262,0.2991,1,1,1,1,1,9.9,56.6,
2026-07-23 19:01:48.766,0.1992,0.1653,0.1442,0.1771,0.2888,0.2129,0.2737,0.3476,0.3909,0.373,0.3485,0.3316,0.1116,0.225,0.2041,0.1315,0.0095,0.0237,0.0295,0.0122,3289.9267,3313.2967,3300.4029,3286.7033,-0.9767,-0.0617,-0.1276,-0.972,0.486,0.0523,1,1,1,1,1,9.9,58.0,
2026-07-23 19:01:49.762,0.1905,0.1591,0.1245,0.1638,0.2973,0.2426,0.2785,0.3468,0.381,0.3485,0.3594,0.329,0.121,0.2267,0.2083,0.1482,0.0101,0.0231,0.0293,0.0121,3303.6264,3311.685,3315.7143,3313.2967,-0.9751,-0.0609,-0.1321,-1.0468,-0.0449,0.2467,1,1,1,1,1,9.9,58.8,
2026-07-23 19:01:50.820,0.197,0.1575,0.1152,0.1675,0.2971,0.2462,0.2778,0.3425,0.3723,0.3404,0.3641,0.3299,0.1241,0.2313,0.2144,0.1496,0.0095,0.0246,0.0285,0.0105,3306.044,3309.6703,3307.2527,3291.5385,-0.9769,-0.0654,-0.1348,-1.1589,0.1196,0.1495,1,1,1,1,1,9.9,59.2,
2026-07-23 19:01:51.831,0.2009,0.1692,0.1233,0.166,0.3101,0.2548,0.2959,0.3477,0.3573,0.3054,0.3303,0.3285,0.1249,0.2456,0.2245,0.1504,0.0067,0.025,0.026,0.0075,3414.0293,3340.293,3304.8352,3373.3333,-0.975,-0.0581,-0.1302,-1.0019,-0.2243,0.1944,1,1,1,1,1,9.9,58.9,
2026-07-23 19:01:52.841,0.1949,0.158,0.1327,0.1649,0.3095,0.2863,0.2933,0.3062,0.3575,0.284,0.3303,0.3606,0.1318,0.2454,0.2177,0.1607,0.0063,0.0262,0.026,0.0076,3306.4469,3298.3883,3303.2234,3322.5641,-0.9751,-0.0611,-0.1302,-0.8449,-0.015,0.1271,1,1,1,1,1,9.9,58.2,
2026-07-23 19:01:53.856,0.1828,0.156,0.125,0.1408,0.3327,0.3019,0.2765,0.3203,0.3116,0.2603,0.3416,0.3371,0.1628,0.2506,0.224,0.1908,0.0101,0.0312,0.033,0.011,3404.7619,3329.011,3345.5311,3385.4212,-0.9727,-0.0535,-0.1299,-0.9944,-0.2243,0.1944,1,1,1,1,1,9.9,56.8,
2026-07-23 19:01:54.866,0.1848,0.1538,0.1218,0.1439,0.3816,0.3163,0.2978,0.3462,0.2195,0.2346,0.2753,0.2485,0.2027,0.2646,0.2649,0.2484,0.0115,0.0306,0.0403,0.0131,3273.8095,3279.4505,3359.2308,3340.696,-0.9754,-0.0613,-0.1335,-1.0094,0.1495,0.1794,1,1,1,1,1,9.9,55.3,
2026-07-23 19:01:55.883,0.0976,0.1113,0.0985,0.1015,0.3439,0.3429,0.256,0.2677,0.289,0.2247,0.3177,0.3413,0.2578,0.2885,0.29,0.2763,0.0117,0.0326,0.0378,0.0132,3362.8571,3326.9963,3265.348,3297.9853,-0.9758,-0.061,-0.13,-1.0094,0.172,0.2094,1,1,1,1,1,9.9,45.0,
2026-07-23 19:01:56.890,0.0734,0.1146,0.092,0.0919,0.3091,0.3195,0.2571,0.2652,0.3849,0.2559,0.3391,0.3882,0.2233,0.279,0.2802,0.2432,0.0093,0.0309,0.0317,0.0116,3338.2784,3308.8645,3288.7179,3303.6264,-0.9768,-0.0566,-0.1344,-1.0168,0.0374,0.1122,1,1,1,1,1,9.9,48.6,
2026-07-23 19:01:57.902,0.0806,0.145,0.1351,0.0908,0.288,0.2993,0.2189,0.2381,0.3822,0.2387,0.3273,0.3975,0.2427,0.2888,0.2875,0.2645,0.0066,0.0281,0.0312,0.0091,3327.3993,3329.4139,3312.8938,3302.8205,-0.9772,-0.059,-0.1228,-0.9122,0.0822,0.0673,1,1,1,1,1,9.9,49.3,
2026-07-23 19:01:58.909,0.0722,0.139,0.1286,0.0734,0.2729,0.2846,0.2076,0.2343,0.3933,0.2508,0.339,0.4149,0.2554,0.3003,0.2945,0.2699,0.0062,0.0254,0.0303,0.0075,3289.9267,3303.6264,3312.8938,3302.8205,-0.975,-0.058,-0.1263,-0.9944,-0.3514,0.329,1,1,1,1,1,9.9,50.6,
2026-07-23 19:01:59.924,0.072,0.1325,0.1246,0.0714,0.2585,0.2756,0.2084,0.2343,0.3974,0.2544,0.3337,0.414,0.2658,0.3116,0.3031,0.2728,0.0064,0.0259,0.0302,0.0075,3275.4212,3289.5238,3286.7033,3295.1648,-0.9755,-0.0608,-0.1385,-0.9421,-0.2991,0.2766,1,1,1,1,1,9.9,53.1,
2026-07-23 19:02:00.932,0.0695,0.131,0.1158,0.0663,0.2502,0.2624,0.2032,0.2363,0.3939,0.2471,0.3175,0.3905,0.2792,0.3327,0.3328,0.2988,0.0072,0.0268,0.0306,0.0081,3347.1429,3326.1905,3306.4469,3329.011,-0.974,-0.0617,-0.1358,-1.1664,0.2318,0.2916,1,1,1,1,1,9.9,54.2,
2026-07-23 19:02:01.967,0.0714,0.1419,0.1112,0.0672,0.2305,0.2495,0.1932,0.2198,0.4004,0.2475,0.3239,0.394,0.2887,0.3328,0.3348,0.3084,0.0089,0.0283,0.0369,0.0105,3299.5971,3307.2527,3312.0879,3296.7766,-0.9741,-0.0582,-0.1332,-1.1589,0.015,0.1421,1,1,1,1,1,9.9,54.6,
2026-07-23 19:02:02.988,0.0819,0.168,0.145,0.0809,0.2191,0.2384,0.196,0.2104,0.4136,0.2494,0.3159,0.4005,0.2744,0.3133,0.303,0.2963,0.011,0.031,0.04,0.0119,3301.2088,3275.4212,3303.2234,3252.4542,-0.972,-0.062,-0.1328,-0.972,-0.0748,0.2393,1,1,1,1,1,9.9,54.6,
2026-07-23 19:02:04.002,0.1015,0.2085,0.1817,0.1099,0.2296,0.221,0.23,0.2425,0.3977,0.2452,0.2709,0.3491,0.2591,0.2932,0.2711,0.285,0.0121,0.0322,0.0463,0.0136,3307.6557,3331.0256,3286.7033,3319.7436,-0.9783,-0.058,-0.1324,-0.9795,-0.015,0.0449,1,1,1,1,1,9.9,54.6,
2026-07-23 19:02:05.013,0.1235,0.2168,0.2188,0.1173,0.2154,0.2276,0.2348,0.2349,0.3503,0.2174,0.2135,0.3216,0.2952,0.3001,0.2784,0.3089,0.0156,0.0381,0.0545,0.0173,3344.7253,3326.5934,3324.9817,3339.0842,-0.9785,-0.0613,-0.1268,-0.972,-0.1495,0.157,1,1,1,1,1,9.9,54.4,
2026-07-23 19:02:06.067,0.1903,0.2507,0.1938,0.1836,0.2065,0.2131,0.305,0.2775,0.3323,0.2177,0.21,0.2731,0.2461,0.2734,0.2367,0.2448,0.0247,0.0452,0.0545,0.021,3302.8205,3308.8645,3301.6117,3302.0147,-0.9756,-0.0579,-0.1306,-1.0318,0.0299,0.3888,1,1,1,1,1,9.9,53.7,
2026-07-23 19:02:07.080,0.2313,0.3025,0.2076,0.2204,0.2203,0.2167,0.3274,0.3039,0.2997,0.2002,0.2104,0.2236,0.2203,0.2312,0.2048,0.2281,0.0284,0.0494,0.0498,0.0239,3326.5934,3330.6227,3295.1648,3310.0733,-0.976,-0.0566,-0.128,-0.9795,-0.3365,0.1271,1,1,1,1,1,9.9,52.1,
2026-07-23 19:02:08.090,0.2425,0.3159,0.2121,0.254,0.2744,0.2105,0.3305,0.3144,0.2754,0.1969,0.2121,0.2136,0.1825,0.2233,0.1931,0.1959,0.0251,0.0534,0.0522,0.0221,3281.4652,3315.7143,3324.5788,3323.37,-0.9748,-0.0613,-0.1342,-0.957,0.0822,0.1271,1,1,1,1,1,9.8,51.2,
2026-07-23 19:02:09.090,0.256,0.3344,0.2338,0.2706,0.2972,0.2154,0.3339,0.333,0.2693,0.2001,0.2172,0.226,0.1536,0.1974,0.1633,0.149,0.024,0.0527,0.0519,0.0213,3353.1868,3333.0403,3324.9817,3335.8608,-0.9724,-0.0612,-0.1279,-0.7552,-0.0897,-0.1495,1,1,1,1,1,9.8,51.3,
2026-07-23 19:02:10.097,0.2603,0.3432,0.2374,0.2717,0.3091,0.2279,0.3193,0.3218,0.2745,0.1835,0.2366,0.2491,0.1352,0.1903,0.1617,0.1394,0.0208,0.0551,0.045,0.018,3283.4799,3311.2821,3316.1172,3325.7875,-0.9742,-0.0562,-0.1322,-1.114,0.0075,0.329,1,1,1,1,1,9.8,51.9,
2026-07-23 19:02:11.099,0.2531,0.3263,0.22,0.2653,0.3168,0.2405,0.3192,0.3278,0.2806,0.1797,0.2414,0.2519,0.1294,0.1946,0.1731,0.1367,0.0201,0.0589,0.0463,0.0182,3316.5201,3314.5055,3283.4799,3268.5714,-0.9741,-0.0612,-0.1298,-1.0393,-0.2617,0.1495,1,1,1,1,1,9.8,52.2,
2026-07-23 19:02:12.108,0.2643,0.2928,0.2257,0.266,0.3377,0.252,0.3013,0.3336,0.2568,0.1955,0.2416,0.2349,0.1195,0.1969,0.1799,0.1432,0.0218,0.0628,0.0515,0.0222,3342.7106,3326.1905,3334.2491,3338.2784,-0.9744,-0.0567,-0.1313,-1.0468,0.2542,0.329,1,1,1,1,1,9.8,52.0,
2026-07-23 19:02:13.106,0.2791,0.2956,0.2411,0.2738,0.3675,0.2565,0.2817,0.3596,0.2136,0.1956,0.251,0.2206,0.1185,0.1931,0.1758,0.1258,0.0214,0.0592,0.0503,0.0202,3259.707,3330.2198,3324.1758,3283.4799,-0.9755,-0.0541,-0.132,-0.9944,-0.0224,0.3589,1,1,1,1,1,9.8,51.4,
2026-07-23 19:02:14.108,0.2428,0.2387,0.2571,0.2379,0.3753,0.2811,0.2357,0.342,0.2492,0.2312,0.263,0.2686,0.1153,0.1919,0.1903,0.1312,0.0174,0.0572,0.054,0.0204,3305.641,3291.9414,3316.1172,3305.641,-0.9739,-0.0588,-0.1302,-0.9421,-0.172,-0.0374,1,1,1,1,1,9.8,51.1,
2026-07-23 19:02:15.172,0.228,0.189,0.2534,0.2094,0.4001,0.3027,0.2265,0.3791,0.2478,0.2392,0.2399,0.2612,0.1074,0.2106,0.2244,0.13,0.0167,0.0585,0.0559,0.0203,3335.0549,3298.3883,3297.5824,3323.7729,-0.9718,-0.0593,-0.1313,-1.0168,-0.015,0.314,1,1,1,1,1,9.8,51.7,
2026-07-23 19:02:16.169,0.2284,0.172,0.2692,0.2024,0.3757,0.3217,0.2155,0.3794,0.2629,0.2576,0.2581,0.2639,0.1161,0.1961,0.2074,0.1334,0.0168,0.0527,0.0498,0.0209,3297.1795,3307.2527,3337.0696,3310.0733,-0.9744,-0.0587,-0.1328,-1.0243,-0.2393,0.1346,1,1,1,1,1,9.8,53.1,
2026-07-23 19:02:17.228,0.2376,0.1517,0.2658,0.2083,0.3477,0.3179,0.212,0.3643,0.2813,0.2858,0.2766,0.2818,0.1189,0.1981,0.2015,0.126,0.0145,0.0464,0.0442,0.0195,3305.2381,3320.5495,3315.7143,3276.63,-0.9782,-0.0611,-0.1335,-1.0468,-0.0449,0.4262,1,1,1,1,1,9.8,54.1,
2026-07-23 19:02:18.245,0.2272,0.1425,0.2456,0.1958,0.3362,0.2755,0.2088,0.3573,0.3101,0.3399,0.3101,0.302,0.1139,0.2037,0.1959,0.1274,0.0126,0.0385,0.0395,0.0175,3335.4579,3332.6374,3286.7033,3320.1465,-0.9758,-0.0587,-0.13,-0.9869,0.0449,0.2692,1,1,1,1,1,9.8,54.7,
2026-07-23 19:02:19.248,0.2369,0.2039,0.2333,0.1862,0.3339,0.2443,0.2257,0.3622,0.3097,0.3426,0.3278,0.313,0.109,0.1753,0.179,0.1238,0.0104,0.0339,0.0343,0.0148,3259.304,3285.8974,3291.1355,3258.0952,-0.9754,-0.063,-0.1316,-0.9795,0.314,0.2393,1,1,1,1,1,9.8,55.1,
2026-07-23 19:02:20.265,0.2384,0.2014,0.2258,0.1981,0.3475,0.2473,0.2341,0.3604,0.3011,0.3418,0.3375,0.3089,0.1046,0.1767,0.1729,0.1206,0.0084,0.0328,0.0297,0.0121,3256.0806,3306.8498,3321.7582,3300.0,-0.9756,-0.0619,-0.1368,-0.9196,-0.0299,0.157,1,1,1,1,1,9.8,55.8,
2026-07-23 19:02:21.288,0.241,0.1918,0.2105,0.208,0.3623,0.2482,0.2354,0.3445,0.2873,0.339,0.3506,0.3153,0.1005,0.1857,0.1728,0.1207,0.0089,0.0354,0.0307,0.0115,3292.3443,3306.4469,3294.359,3289.1209,-0.9726,-0.0552,-0.1258,-0.9795,-0.2841,0.157,1,1,1,1,1,9.8,56.4,
2026-07-23 19:02:22.306,0.2612,0.2121,0.2032,0.2245,0.3712,0.2295,0.2451,0.3505,0.2572,0.3238,0.3438,0.2915,0.1004,0.1949,0.1746,0.1209,0.01,0.0397,0.0333,0.0126,3257.6923,3336.2637,3308.8645,3242.7839,-0.9794,-0.062,-0.1361,-0.972,0.0449,0.172,1,1,1,1,1,9.8,56.6,
2026-07-23 19:02:23.326,0.3536,0.2654,0.2125,0.312,0.3046,0.2355,0.2298,0.314,0.2311,0.278,0.3564,0.2582,0.1009,0.1854,0.1663,0.1043,0.0099,0.0357,0.035,0.0116,3298.7912,3323.7729,3335.8608,3295.9707,-0.978,-0.0645,-0.1344,-1.0168,-0.0972,0.2019,1,1,1,1,1,9.8,55.6,
2026-07-23 19:02:24.340,0.3245,0.2595,0.1776,0.292,0.2985,0.2141,0.2032,0.3147,0.2628,0.3072,0.4066,0.2659,0.1041,0.186,0.1792,0.1156,0.01,0.0332,0.0334,0.0119,3259.707,3281.4652,3278.2418,3280.6593,-0.9764,-0.0634,-0.1295,-0.9421,0.2318,0.1794,1,1,1,1,1,9.8,54.1,
2026-07-23 19:02:25.349,0.331,0.2595,0.1742,0.296,0.3076,0.2261,0.2008,0.3254,0.2474,0.2953,0.4026,0.2465,0.1023,0.1823,0.1855,0.1187,0.0117,0.0369,0.0369,0.0134,3353.9927,3294.7619,3322.1612,3352.7839,-0.9787,-0.0648,-0.1358,-1.129,0.471,0.2766,1,1,1,1,1,9.8,53.0,
2026-07-23 19:02:26.360,0.3426,0.2552,0.1791,0.3022,0.3114,0.2449,0.2151,0.3358,0.2226,0.2771,0.3738,0.2314,0.1099,0.1838,0.1913,0.116,0.0134,0.0391,0.0407,0.0145,3292.7473,3304.0293,3336.6667,3285.8974,-0.9781,-0.0576,-0.1323,-1.0617,-0.0822,0.2019,1,1,1,1,1,9.8,53.2,
2026-07-23 19:02:27.368,0.3246,0.2175,0.1727,0.3079,0.3114,0.2539,0.2057,0.3343,0.2315,0.2955,0.3702,0.2223,0.1182,0.1941,0.208,0.1204,0.0143,0.039,0.0434,0.0152,3329.8168,3328.2051,3331.4286,3320.9524,-0.9739,-0.0624,-0.1326,-0.9869,-0.2168,0.2318,1,1,1,1,1,9.8,54.7,
2026-07-23 19:02:28.373,0.3034,0.1861,0.1089,0.2823,0.2777,0.1928,0.1357,0.3195,0.2759,0.4361,0.5723,0.2656,0.1275,0.1545,0.1528,0.1179,0.0155,0.0304,0.0304,0.0148,3264.5421,3308.4615,3290.3297,3284.2857,-0.9746,-0.0649,-0.1286,-0.9869,-0.1869,0.1271,1,1,1,1,1,9.8,55.9,
2026-07-23 19:02:29.383,0.2945,0.1983,0.0938,0.2759,0.2618,0.1899,0.1311,0.3029,0.3008,0.4398,0.6094,0.2926,0.1286,0.1452,0.139,0.1142,0.0143,0.0268,0.0266,0.0145,3236.337,3280.6593,3284.2857,3277.8388,-0.9736,-0.0618,-0.1295,-1.0168,-0.2168,0.3215,1,1,1,1,1,9.8,56.1,
2026-07-23 19:02:30.396,0.423,0.227,0.0941,0.3685,0.2336,0.2212,0.149,0.2869,0.2296,0.3953,0.5962,0.2416,0.1043,0.1346,0.137,0.0941,0.0095,0.0219,0.0237,0.0089,3290.7326,3295.5678,3291.9414,3293.956,-0.9732,-0.059,-0.1318,-1.0318,-0.4486,0.3065,1,1,1,1,1,9.8,55.0,
2026-07-23 19:02:31.409,0.4253,0.215,0.1052,0.3472,0.2264,0.2376,0.1848,0.3066,0.2491,0.4037,0.5509,0.2454,0.0914,0.1236,0.1412,0.0941,0.0078,0.0202,0.018,0.0067,3305.641,3314.1026,3341.5018,3294.7619,-0.9705,-0.0577,-0.1287,-1.0243,-0.2393,0.2168,1,1,1,1,1,9.8,45.0,
2026-07-23 19:02:32.422,0.4281,0.2121,0.1123,0.3507,0.2239,0.2519,0.2039,0.3021,0.2471,0.3843,0.529,0.2457,0.0934,0.1311,0.1367,0.0947,0.0074,0.0206,0.0181,0.0068,3327.3993,3303.6264,3285.4945,3332.6374,-0.9745,-0.0557,-0.132,-0.8897,-0.1869,0.3439,1,1,1,1,1,9.8,48.9,
2026-07-23 19:02:33.435,0.4048,0.2139,0.1096,0.3293,0.2323,0.2408,0.2117,0.3084,0.2503,0.3807,0.5257,0.254,0.1054,0.1454,0.136,0.1026,0.0072,0.0192,0.017,0.0057,3360.0366,3335.4579,3287.5092,3291.1355,-0.9775,-0.0662,-0.1321,-0.9047,0.1794,0.2243,1,1,1,1,1,9.8,49.4,
2026-07-23 19:02:34.450,0.3854,0.1977,0.1123,0.3037,0.2356,0.2346,0.2137,0.2962,0.2554,0.3899,0.5236,0.2779,0.1165,0.1596,0.1353,0.1171,0.0071,0.0183,0.0151,0.0051,3295.1648,3312.8938,3309.6703,3295.1648,-0.9718,-0.0583,-0.1281,-1.0393,-0.172,0.2318,1,1,1,1,1,9.8,50.3,
2026-07-23 19:02:35.456,0.3634,0.2112,0.1038,0.2855,0.2426,0.2408,0.2123,0.2898,0.2536,0.3646,0.5334,0.2933,0.1332,0.166,0.1369,0.1262,0.0072,0.0173,0.0136,0.0052,3319.3407,3319.3407,3346.337,3313.6996,-0.9733,-0.06,-0.1329,-1.1215,-0.0299,0.0449,1,1,1,1,1,9.8,51.2,
2026-07-23 19:02:36.466,0.3519,0.2317,0.1305,0.2758,0.2359,0.2781,0.2554,0.2783,0.2412,0.2528,0.3992,0.2724,0.1626,0.2174,0.1972,0.1677,0.0084,0.0199,0.0178,0.0058,3326.5934,3310.4762,3326.9963,3321.3553,-0.9726,-0.069,-0.1447,-1.3608,-0.7402,-0.0822,1,1,1,1,1,9.8,52.3,
2026-07-23 19:02:37.474,0.32,0.2083,0.1314,0.2625,0.2681,0.2763,0.2639,0.2903,0.2284,0.2424,0.3328,0.257,0.1743,0.2511,0.2512,0.1843,0.0091,0.0218,0.0207,0.0059,3530.0733,3293.956,3336.2637,3370.5128,-0.9748,-0.0624,-0.1342,-0.3813,-1.0542,0.471,1,1,1,1,1,9.8,53.1,
2026-07-23 19:02:38.473,0.1737,0.1478,0.1182,0.1265,0.2652,0.2252,0.2294,0.2683,0.2386,0.2545,0.3009,0.2888,0.2877,0.3121,0.2996,0.2886,0.0348,0.0604,0.0519,0.0277,4041.3919,3264.9451,3257.2894,3459.9634,-0.9794,-0.0526,-0.1163,0.8972,-5.1291,3.8879,1,2,1,1,1,9.8,53.2,
2026-07-23 19:02:39.484,0.3873,0.0878,0.0717,0.0718,0.2287,0.1481,0.1616,0.1913,0.1056,0.2101,0.2126,0.2493,0.2175,0.4001,0.3739,0.3719,0.0609,0.1538,0.1803,0.1156,3403.5531,3302.8205,3308.4615,3279.0476,-0.9977,-0.0101,-0.0862,-0.9047,-19.6565,3.1776,1,2,1,1,1,9.8,52.8,
2026-07-23 19:02:40.488,0.378,0.0757,0.0607,0.0848,0.2442,0.1195,0.1391,0.1766,0.1013,0.1634,0.1835,0.2074,0.2028,0.3921,0.3948,0.3468,0.0737,0.2492,0.2218,0.1844,3246.8132,3304.8352,3319.3407,4345.2015,-0.9734,0.0281,0.1668,2.6917,-3.9478,-3.0057,1,4,1,1,4,9.8,53.2,
2026-07-23 19:02:41.498,0.3305,0.0708,0.062,0.4002,0.3772,0.092,0.112,0.3053,0.1062,0.1351,0.1467,0.0972,0.1241,0.4323,0.4178,0.1283,0.062,0.2698,0.2615,0.069,1.6117,24.5788,1.2088,0.0,-0.9252,-0.3043,0.1889,20.8678,-38.2812,-29.2343,0,4,4,4,4,9.8,54.4,
2026-07-23 19:02:42.514,0.533,0.5462,0.546,0.4668,0.2964,0.2906,0.3251,0.3255,0.0723,0.0666,0.0563,0.0617,0.0629,0.0567,0.0413,0.0842,0.0354,0.0399,0.0313,0.0617,4510.4029,2799.1575,3882.6374,4198.5348,-0.2553,-0.5607,0.7877,3.7534,-14.6172,-28.4567,0,4,4,4,4,9.8,55.0,
2026-07-23 19:02:43.536,0.6457,0.6699,0.6952,0.6246,0.2504,0.2357,0.2438,0.2534,0.0472,0.0496,0.0311,0.0371,0.0351,0.0285,0.0183,0.048,0.0216,0.0163,0.0116,0.0369,3513.5531,3545.7875,3672.7106,3518.3883,-0.1975,-0.5287,0.8287,-1.2935,4.2319,1.3683,0,4,4,4,4,9.8,55.5,
2026-07-23 19:02:44.559,0.6437,0.6626,0.6944,0.626,0.2501,0.2341,0.2433,0.2515,0.0482,0.0536,0.0306,0.0366,0.0357,0.0324,0.0193,0.048,0.0223,0.0174,0.0124,0.038,3718.6447,3569.1575,3613.0769,3569.9634,-0.1945,-0.5846,0.8111,-0.5458,-0.0598,-0.9196,1,1,2,1,1,9.8,56.4,
2026-07-23 19:02:45.567,0.6437,0.6623,0.6936,0.6254,0.2498,0.2341,0.2433,0.2513,0.0484,0.0535,0.0307,0.0363,0.0357,0.0326,0.0197,0.0481,0.0224,0.0175,0.0127,0.0388,3614.2857,3485.348,3537.326,3424.1026,-0.2131,-0.5872,0.7919,-0.2393,0.9869,0.8897,1,1,1,1,1,9.8,56.3,
2026-07-23 19:02:46.572,0.6448,0.6623,0.6945,0.626,0.2515,0.2343,0.2434,0.2541,0.0489,0.0536,0.0307,0.0362,0.0331,0.0325,0.0191,0.0455,0.0217,0.0173,0.0123,0.0382,3419.2674,3421.2821,3444.2491,3379.7802,-0.2853,-0.5636,0.7814,-2.6842,4.1272,-1.3683,1,1,1,1,1,9.8,,
2026-07-23 19:02:47.626,0.6448,0.6631,0.6963,0.6286,0.2545,0.2346,0.2441,0.257,0.0497,0.0537,0.0307,0.0361,0.0307,0.0319,0.0179,0.0427,0.0202,0.0167,0.0111,0.0356,3727.5092,3400.7326,3388.6447,3326.9963,-0.3271,-0.5831,0.7484,-3.3571,3.2449,0.5084,1,2,1,1,1,9.8,,
